:10000000C05A01202D8D020035620400018D0200CE
:10001000018D0200018D0200018D02000000000030
:100020000000000000000000000000001D8502002C
:10003000018D020000000000C9840200018D020051
:10004000CD850200F7920400CD850200CD85020027
:10005000CD850200CD850200CD850200CD85020050
:10006000A5920400CD850200CD850200DD9204003A
:10007000CD850200CD850200CD850200CD85020030
:10008000CD850200CD850200CD850200CD85020020
:10009000CD850200CD850200CD850200CD85020010
:1000A000CD850200CD850200CD850200CD85020000
:1000B000CD850200CD850200CD850200CD850200F0
:1000C000CD850200CD850200CD850200CD850200E0
:1000D000CD850200CD850200CD850200CD850200D0
:1000E000CD850200CD850200CD850200CD850200C0
:1000F000CD850200CD850200CD850200CD850200B0
:1001000001F0FF01102A2BDB10F0070F08D010F8C8
:10011000013B013A8B422DD010F0070F42B3F6D1CC
:10012000F0B441EA012141EA014122F007047FF0E5
:1001300000070023F0E80256083C85EA010586EA3C
:10014000010685FA47F5A3FA87F586FA47F6A5FA78
:1001500087F68EB9EED1F0BC01F0FF0102F0070284
:1001600032B110F8013B013A83EA010313B1F8D12F
:100170000020704701387047002D06BF3546033810
:10018000073815F0010F07D1013015F4807F02BF49
:10019000013015F4C03F0130F0BC0138704700BF9A
:1001A00081F0004102E000BF83F0004330B54FEA28
:1001B00041044FEA430594EA050F08BF90EA020F95
:1001C0001FBF54EA000C55EA020C7FEA645C7FEA28
:1001D000655C00F0E2804FEA5454D4EB5555B8BF4B
:1001E0006D420CDD2C4480EA020281EA030382EABC
:1001F000000083EA010180EA020281EA0303362D4E
:1002000088BF30BD11F0004F4FEA01314FF4801C20
:100210004CEA113102D0404261EB410113F0004F32
:100220004FEA03334CEA133302D0524263EB4303E9
:1002300094EA050F00F0A780A4F10104D5F1200E87
:100240000DDB02FA0EFC22FA05F2801841F10001E2
:1002500003FA0EF2801843FA05F359410EE0A5F1B6
:1002600020050EF1200E012A03FA0EFC28BF4CF0E7
:10027000020C43FA05F3C01851EBE37101F000459D
:1002800007D54FF0000EDCF1000C7EEB00006EEBAA
:100290000101B1F5801F1BD3B1F5001F0CD3490834
:1002A0005FEA30004FEA3C0C04F101044FEA44528B
:1002B00012F5800F80F09A80BCF1004F08BF5FEA12
:1002C000500C50F1000041EB045141EA050130BDF2
:1002D0005FEA4C0C404141EB0101013C28BFB1F504
:1002E000801FE9D291F0000F04BF01460020B1FA4F
:1002F00081F308BF2033A3F10B03B3F120020CDA22
:100300000C3208DD02F1140CC2F10C0201FA0CF0FF
:1003100021FA02F10CE002F11402D8BFC2F1200C64
:1003200001FA02F120FA0CFCDCBF41EA0C0190401A
:10033000E41AA2BF01EB0451294330BD6FEA040463
:100340001F3C1CDA0C340EDC04F11404C4F120024E
:1003500020FA04F001FA02F340EA030021FA04F360
:1003600045EA030130BDC4F10C04C4F1200220FAB7
:1003700002F001FA04F340EA0300294630BD21FAF5
:1003800004F0294630BD94F0000F83F4801306BFBB
:1003900081F480110134013D4EE77FEA645C18BFAF
:1003A0007FEA655C29D094EA050F08BF90EA020F46
:1003B00005D054EA000C04BF1946104630BD91EA3E
:1003C000030F1EBF0021002030BD5FEA545C05D141
:1003D0004000494128BF41F0004130BD14F5800480
:1003E0003CBF01F5801130BD01F0004545F0FE41F4
:1003F00041F470014FF0000030BD7FEA645C1ABF29
:10040000194610467FEA655C1CBF0B46024650EA5F
:10041000013406BF52EA033591EA030F41F400218B
:1004200030BD00BF90F0000F04BF0021704730B511
:100430004FF4806404F132044FF000054FF00001E6
:1004400050E700BF90F0000F04BF0021704730B5A7
:100450004FF4806404F1320410F0004548BF40427C
:100460004FF000013EE700BF42004FEAE2014FEAD1
:1004700031014FEA02701FBF12F07F4393F07F4FAC
:1004800081F06051704732F07F4208BF704793F0AF
:100490007F4F04BF41F40021704730B54FF46074C2
:1004A00001F0004521F000411CE700BF50EA0102C5
:1004B00008BF704730B54FF000050AE050EA01026E
:1004C00008BF704730B511F0004502D5404261EBDE
:1004D00041014FF4806404F132045FEA915C3FF41F
:1004E000D8AE4FF003025FEADC0C18BF03325FEABC
:1004F000DC0C18BF033202EBDC02C2F1200300FA6D
:1005000003FC20FA02F001FA03FE40EA0E0021FA91
:1005100002F11444BDE600BF70B54FF0FF0C4CF47F
:10052000E06C1CEA11541DBF1CEA135594EA0C0F31
:1005300095EA0C0F00F0DEF82C4481EA030621EA6C
:100540004C5123EA4C5350EA013518BF52EA0335A7
:1005500041F4801143F4801338D0A0FB02CE4FF059
:100560000005E1FB02E506F00042E0FB03E54FF089
:100570000006E1FB03569CF0000F18BF4EF0010E81
:10058000A4F1FF04B6F5007F64F5407404D25FEA7D
:100590004E0E6D4146EB060642EAC62141EA555130
:1005A0004FEAC52040EA5E504FEACE2EB4F1FD0C72
:1005B00088BFBCF5E06F1ED8BEF1004F08BF5FEAF0
:1005C000500E50F1000041EB045170BD06F00046A2
:1005D00046EA010140EA020081EA0301B4EB5C044F
:1005E000C2BFD4EB0C0541EA045170BD41F4801147
:1005F0004FF0000E013C00F3AB8014F1360FDEBF6C
:10060000002001F0004170BDC4F10004203C35DA47
:100610000C341BDC04F11404C4F1200500FA05F3CA
:1006200020FA04F001FA05F240EA020001F000426B
:1006300021F0004110EBD37021FA04F642EB0601E1
:100640005EEA430E08BF20EAD37070BDC4F10C040B
:10065000C4F1200500FA04F320FA05F001FA04F2CF
:1006600040EA020001F0004110EBD37041F10001BB
:100670005EEA430E08BF20EAD37070BDC4F12005C6
:1006800000FA05F24EEA020E20FA04F301FA05F22E
:1006900043EA020321FA04F001F0004121FA04F2D6
:1006A00020EA020000EBD3705EEA430E08BF20EAA6
:1006B000D37070BD94F0000F0FD101F000464000E0
:1006C00041EB010111F4801F08BF013CF7D041EA62
:1006D000060195F0000F18BF704703F00046520066
:1006E00043EB030313F4801F08BF013DF7D043EA37
:1006F0000603704794EA0C0F0CEA135518BF95EAED
:100700000C0F0CD050EA410618BF52EA4306D1D173
:1007100081EA030101F000414FF0000070BD50EA92
:10072000410606BF1046194652EA430619D094EA1C
:100730000C0F02D150EA013613D195EA0C0F05D106
:1007400052EA03361CBF104619460AD181EA03015A
:1007500001F0004141F0FE4141F470014FF0000012
:1007600070BD41F0FE4141F4780170BD70B54FF0AD
:10077000FF0C4CF4E06C1CEA11541DBF1CEA13552D
:1007800094EA0C0F95EA0C0F00F0A7F8A4EB05040F
:1007900081EA030E52EA03354FEA013100F0888006
:1007A0004FEA03334FF0805545EA131343EA1263CF
:1007B0004FEA022245EA111545EA10654FEA002684
:1007C0000EF000419D4208BF964244F1FD0404F53D
:1007D000407402D25B084FEA3202B61A65EB030599
:1007E0005B084FEA32024FF480104FF4002CB6EB56
:1007F000020E75EB030E22BFB61A754640EA0C00D6
:100800005B084FEA3202B6EB020E75EB030E22BF15
:10081000B61A754640EA5C005B084FEA3202B6EB56
:10082000020E75EB030E22BFB61A754640EA9C0015
:100830005B084FEA3202B6EB020E75EB030E22BFE5
:10084000B61A754640EADC0055EA060E18D04FEAA3
:10085000051545EA16754FEA06164FEAC30343EA43
:1008600052734FEAC2025FEA1C1CC0D111F4801F10
:100870000BD141EA00014FF000004FF0004CB6E709
:1008800011F4801F04BF01430020B4F1FD0C88BFA8
:10089000BCF5E06F3FF6AFAEB5EB030C04BFB6EBB3
:1008A000020C5FEA500C50F1000041EB045170BDA6
:1008B0000EF0004E4EEA113114EB5C04C2BFD4EBD3
:1008C0000C0541EA045170BD41F480114FF0000E57
:1008D000013C90E645EA060E8DE60CEA135594EAD3
:1008E0000C0F08BF95EA0C0F3FF43BAF94EA0C0FD6
:1008F0000AD150EA01347FF434AF95EA0C0F7FF44B
:1009000025AF104619462CE795EA0C0F06D152EA9E
:1009100003353FF4FDAE1046194622E750EA410682
:1009200018BF52EA43067FF4C5AE50EA41047FF493
:100930000DAF52EA43057FF4EBAE12E74FEA4102F6
:1009400012F5001215D211D56FF47873B3EB625221
:1009500012D94FEAC12343F0004343EA505311F048
:10096000004F23FA02F018BF404270474FF00000DA
:10097000704750EA013005D111F0004008BF6FF018
:10098000004070474FF00000704700BF80F000400B
:1009900002E000BF81F0004142001FBF5FEA410357
:1009A00092EA030F7FEA226C7FEA236C6AD04FEA57
:1009B0001262D2EB1363C1BFD2184140484041409C
:1009C000B8BF5B42192B88BF704710F0004F40F44E
:1009D000000020F07F4018BF404211F0004F41F46A
:1009E000000121F07F4118BF494292EA030F3FD036
:1009F000A2F1010241FA03FC10EB0C00C3F1200349
:100A000001FA03F100F0004302D5494260EB4000D7
:100A1000B0F5000F13D3B0F1807F06D340084FEA42
:100A2000310102F10102FE2A51D2B1F1004F40EB37
:100A3000C25008BF20F0010040EA0300704749009F
:100A400040EB0000013A28BFB0F5000FEDD2B0FA3C
:100A500080FCACF1080CB2EB0C0200FA0CF0AABF5F
:100A600000EBC25052421843BCBFD04018437047FD
:100A700092F0000F81F4000106BF80F40000013203
:100A8000013BB5E74FEA41037FEA226C18BF7FEADA
:100A9000236C21D092EA030F04D092F0000F08BF1C
:100AA0000846704790EA010F1CBF0020704712F003
:100AB0007F4F04D1400028BF40F00040704712F142
:100AC00000723CBF00F50000704700F0004343F0A7
:100AD000FE4040F4000070477FEA226216BF0846DD
:100AE0007FEA23630146420206BF5FEA412390EAA0
:100AF000010F40F4800070474FF0000304E000BF96
:100B000010F0004348BF40425FEA000C08BF704746
:100B100043F0964301464FF000001CE050EA01020A
:100B200008BF70474FF000030AE000BF50EA01021F
:100B300008BF704711F0004302D5404261EB41010C
:100B40005FEA010C02BF84460146002043F0B64331
:100B500008BFA3F18053A3F50003BCFA8CF2083A56
:100B6000A3EBC25310DB01FA02FC634400FA02FC5F
:100B7000C2F12002BCF1004F20FA02F243EB020066
:100B800008BF20F00100704702F1200201FA02FCC8
:100B9000C2F1200250EA4C0021FA02F243EB0200BB
:100BA00008BF20EADC7070474FF0FF0C1CEAD052FF
:100BB0001EBF1CEAD15392EA0C0F93EA0C0F6FD0C0
:100BC0001A4480EA010C400218BF5FEA41211ED09E
:100BD0004FF0006343EA501043EA5111A0FB01318A
:100BE0000CF00040B1F5000F3EBF490041EAD3715F
:100BF0005B0040EA010062F17F02FD2A1DD8B3F1DB
:100C0000004F40EBC25008BF20F00100704790F049
:100C1000000F0CF0004C08BF49024CEA502040EA9B
:100C200051207F3AC2BFD2F1FF0340EAC250704761
:100C300040F400004FF00003013A5DDC12F1190F9F
:100C4000DCBF00F000407047C2F10002410021FA11
:100C500002F1C2F1200200FA02FC5FEA310040F129
:100C6000000053EA4C0308BF20EADC70704792F0A2
:100C7000000F00F0004C02BF400010F4000F013ADA
:100C8000F9D040EA0C0093F0000F01F0004C02BFD5
:100C9000490011F4000F013BF9D041EA0C018FE744
:100CA0000CEAD15392EA0C0F18BF93EA0C0F0AD04A
:100CB00030F0004C18BF31F0004CD8D180EA010070
:100CC00000F00040704790F0000F17BF90F0004F09
:100CD000084691F0000F91F0004F14D092EA0C0FEB
:100CE00001D142020FD193EA0C0F03D14B0218BF7E
:100CF000084608D180EA010000F0004040F0FE40C4
:100D000040F40000704740F0FE4040F4400070475F
:100D10004FF0FF0C1CEAD0521EBF1CEAD15392EADE
:100D20000C0F93EA0C0F69D0A2EB030280EA010CCE
:100D300049024FEA402037D04FF0805343EA111167
:100D400043EA10130CF000408B4238BF5B0042F1C5
:100D50007D024FF4000C8B4224BF5B1A40EA0C006A
:100D6000B3EB510F24BFA3EB510340EA5C00B3EB9C
:100D7000910F24BFA3EB910340EA9C00B3EBD10F8A
:100D800024BFA3EBD10340EADC001B0118BF5FEADC
:100D90001C1CE0D1FD2A3FF650AF8B4240EBC25005
:100DA00008BF20F0010070470CF0004C4CEA5020C6
:100DB0007F32C2BFD2F1FF0340EAC250704740F415
:100DC00000004FF00003013A37E792F0000F00F007
:100DD000004C02BF400010F4000F013AF9D040EA85
:100DE0000C0093F0000F01F0004C02BF490011F419
:100DF000000F013BF9D041EA0C0195E70CEAD15311
:100E000092EA0C0F08D142027FF47DAF93EA0C0FF7
:100E10007FF470AF084676E793EA0C0F04D14B02DB
:100E20003FF44CAF08466EE730F0004C18BF31F08D
:100E3000004CCAD130F000427FF45CAF31F0004387
:100E40007FF43CAF5FE700BF4FF0FF3C06E000BF20
:100E50004FF0010C02E000BF4FF0010C4DF804CD43
:100E60004FEA40024FEA41037FEA226C18BF7FEA53
:100E7000236C11D001B052EA530C18BF90EA010F55
:100E800058BFB2EB030088BFC81738BF6FEAE170E4
:100E900018BF40F0010070477FEA226C02D15FEA80
:100EA000402C05D17FEA236CE4D15FEA412CE1D0EC
:100EB0005DF8040B704700BF844608466146FFE7B3
:100EC0000FB5FFF7C9FF002848BF10F1000F0FBD95
:100ED0004DF808EDFFF7F4FF0CBF012000205DF88E
:100EE00008FB00BF4DF808EDFFF7EAFF34BF012013
:100EF00000205DF808FB00BF4DF808EDFFF7E0FFAC
:100F000094BF012000205DF808FB00BF4DF808EDFC
:100F1000FFF7D2FF94BF012000205DF808FB00BF5F
:100F20004DF808EDFFF7C8FF34BF012000205DF841
:100F300008FB00BF4FEA4002B2F1FE4F0FD34FF063
:100F40009E03B3EB12620DD94FEA002343F0004336
:100F500010F0004F23FA02F018BF404270474FF0E4
:100F60000000704712F1610F01D1420205D110F06B
:100F7000004008BF6FF0004070474FF0000070471E
:100F800042000ED2B2F1FE4F0BD34FF09E03B3EBF3
:100F9000126209D44FEA002343F0004323FA02F01F
:100FA00070474FF00000704712F1610F01D142020B
:100FB00002D14FF0FF3070474FF00000704700BF84
:100FC0007BB972B90029BEBF00204FF0004106E096
:100FD00008BF00281CBF6FF000414FF0FF3000F049
:100FE00057B8ADF1080C6DE904CE002909DB002BE0
:100FF0001ADB0CF081FADDF804E0DDE9022304B02D
:101000007047404261EB4101002B1BDB0CF074FA8E
:10101000DDF804E0DDE9022304B0404261EB410168
:10102000524263EB43037047524263EB43030CF0BD
:1010300063FADDF804E0DDE9022304B0404261EB2D
:1010400041017047524263EB43030CF055FADDF85F
:1010500004E0DDE9022304B0524263EB430370472E
:1010600053B94AB9002908BF00281CBF4FF0FF310F
:101070004FF0FF3000F00CB8ADF1080C6DE904CE74
:101080000CF03AFADDF804E0DDE9022304B0704721
:10109000704700BF4FF0FF3C06E000BF4FF0010C6F
:1010A00002E000BF4FF0010C4DF804CD4FEA410CB7
:1010B0007FEA6C5C4FEA430C18BF7FEA6C5C1BD084
:1010C00001B050EA410C0CBF52EA430C91EA030F05
:1010D00002BF90EA020F0020704710F1000F91EA62
:1010E000030F58BF994208BF90422CBFD8176FEA30
:1010F000E37040F0010070474FEA410C7FEA6C5CFE
:1011000002D150EA013C07D14FEA430C7FEA6C5C04
:10111000D6D152EA033CD3D05DF8040B704700BF30
:101120008446104662468C461946634600E000BF7E
:1011300001B5FFF7B7FF002848BF10F1000F01BD50
:101140004DF808EDFFF7F4FF0CBF012000205DF81B
:1011500008FB00BF4DF808EDFFF7EAFF34BF0120A0
:1011600000205DF808FB00BF4DF808EDFFF7E0FF39
:1011700094BF012000205DF808FB00BF4DF808ED8A
:10118000FFF7CEFF94BF012000205DF808FB00BFF1
:101190004DF808EDFFF7C4FF34BF012000205DF8D3
:1011A00008FB00BF4A0011D212F5001211D20DD572
:1011B0006FF47873B3EB62520ED44FEAC12343F05D
:1011C000004343EA505323FA02F070474FF0000007
:1011D000704750EA013002D14FF0FF3070474FF0B6
:1011E000000070472DE9F00791E8F807B2E8021017
:1011F0005B1854EB0C04B2E802104D4156EB0C06A0
:10120000B2E802104F4158EB0C08B2E8021059EB5B
:1012100001095AEB0C0A80E8F80780410130BDE86B
:10122000F00770472DE9F00791E8F807B2E80210DF
:101230005B1A74EB0C04B2E802108D4176EB0C06DD
:10124000B2E802108F4178EB0C08B2E8021079EB9B
:1012500001097AEB0C0A80E8F80780414042BDE8BA
:10126000F00770472DE9F007524290E87800B1E8A6
:1012700080071740DB1918EA020854EB080419EA42
:10128000020955EB09051AEA020A56EB0A0678C06C
:1012900090E87800B1E8800717407B4118EA02081F
:1012A00054EB080419EA020955EB09051AEA020A87
:1012B00056EB0A0678C080410130BDE8F007704760
:1012C0002DE9F007524290E87800B1E88007174016
:1012D000DB1B18EA020874EB080419EA020975EB33
:1012E00009051AEA020A76EB0A0678C090E8780047
:1012F000B1E880071740BB4118EA020874EB080404
:1013000019EA020975EB09051AEA020A76EB0A06E0
:1013100078C080414042BDE8F00770472DE9F001F8
:1013200052424FF0040890E8300091E8C000A31B3F
:101330001340E41AF618EB1B1340ED1AFF1830C0E7
:10134000C0C1B8F10108EED1BDE8F001704700BF9F
:1013500000B592E8DC072DE9DC07B1E8805702B45C
:10136000A7FB02510A95A8FB020BE7FB6310E9FB00
:1013700062B00B91A8FB0351EAFB6201E7FB64B585
:10138000E7FB6605E8FB6615CDF830B0A9FB03B6B0
:10139000EAFB6316ECFB6356E8FB640BE9FB641B9A
:1013A000EAFB645BECFB646B0D90ACFB0230059CCC
:1013B000EEFB6250E9FB6460EAFB64B0E7FB64317A
:1013C000E8FB6451069CE8FB6461E9FB64B1EAFB5D
:1013D00064010E93A7FB0432079CE7FB6462E8FB01
:1013E00064B2E9FB6402EAFB6412049CE9FB645307
:1013F000EAFB6463089CE7FB64B3E8FB6403E9FB76
:101400006413EAFB64230F955DF8049B99E80006DA
:10141000DDF80080A9FB0854EAFB68B4DDF8108011
:10142000ECFB6804EEFB6814E9FB6824EAFB683413
:10143000DDF80480EEFB6865E9FB68B5EAFB68054A
:10144000DDF81480ECFB6815EEFB6825E9FB6835D8
:10145000EAFB68450F96DDF80880AEFB0876E9FBED
:101460006806EAFB6816DDF81880ECFB6826EEFBE0
:101470006836E9FB6846EAFB6856DDF80C80ECFB51
:1014800068B7EEFB6807E9FB6817EAFB6827DDF839
:101490001C80ECFB6837EEFB6847E9FB6857EAFB0A
:1014A000686708B000BD00BF2DE9F14F87B0FFF7B6
:1014B0004FFFDDF81C8008F1200888E8FF00FFBC22
:1014C00087E87F08BDE8F08F00B591E89857A3FB47
:1014D00003520195A3FB0401E3FB6420E3FB6710C7
:1014E0000292A3FB0752E3FB6802E4FB6415E3FBF3
:1014F0006805E3FB69250391A4FB07B6E3FB6926B6
:10150000E3FB6A56E4FB670BE4FB682BE3FB6A5BD7
:10151000E3FB6C6B0490A4FB0810E4FB6950E3FB55
:101520006C60E3FB6EB0E7FB6721E4FB6951E4FB11
:101530006A61E3FB6EB1E4FB6E010592A7FB083222
:10154000E4FB6A62E4FB6CB2E4FB6E02E7FB6E1242
:10155000E7FB6853E7FB6963E4FB6CB3E7FB6C03F1
:10156000E7FB6E13E8FB6E230695A7FB0954E7FB28
:101570006AB4E7FB6C04E8FB6C14E8FB6E24E9FB3F
:101580006E34E8FB6865E7FB6AB5E8FB6A05E8FBD3
:101590006C15E9FB6C25E9FB6E35EAFB6E45079699
:1015A000A8FB0976E8FB6A06E9FB6A16E9FB6C26EC
:1015B000EAFB6C36EAFB6E46ECFB6E56E8FB69B75D
:1015C000E9FB6907E9FB6A17EAFB6A27EAFB6C3764
:1015D000ECFB6C47ECFB6E57EEFB6E6700BD00BF8B
:1015E0002DE9F14F87B0FFF76FFFDDF81C8008F1A0
:1015F000200888E8FF00FFBC87E87F08BDE8F08F7F
:1016000030B44FF0000310F8014B11F8015B013AC0
:1016100084EA050443EA0403F5D1A3F101034FEA88
:10162000D37030BC704700BF4FF0000310F8012B9F
:10163000013943EA0203F9D1A3F101034FEAD37060
:10164000704700BF30B411F8014B12F8015B6C40D9
:1016500000F8014B013BF6D130BC70472DE9F00793
:1016600091E8F807B2E802105B1854EB0C04B2E8FA
:1016700002104D4156EB0C06B2E802104F4158EBF8
:101680000C08B2E8021059EB01095AEB0C0A894127
:10169000B3F1FF3374F1FF3475F1FF3576F10006D5
:1016A00077F1000778F1000879F101097AF1FF3A42
:1016B00051F100015B184C414D4156F1000657F1C4
:1016C000000758F1000859EBD1795AEB010A80E87C
:1016D000F807BDE8F00770472DE9F00791E8F80733
:1016E000B2E802105B1A74EB0C04B2E802108D41F0
:1016F00076EB0C06B2E802108F4178EB0C08B2E8EA
:10170000021079EB01097AEB0C0A89415B184C4114
:101710004D4156F1000657F1000758F1000859EB0A
:10172000D1795AEB010A80E8F807BDE8F007704765
:1017300018EB040859EB05095AEB060A5BEB070B9B
:101740005FF0000C4CF1000C18EB050859EB060992
:101750005AEB070A5BEB070B50EB0C005FF0000C39
:1017600051EB0C0152EB0C0263414CF1000CB8EB55
:10177000070879F100097AF1000A7BEB040BA84114
:10178000B141A241B3416CF1000CBBEB050BB04180
:10179000B941AA41BB416CF1000C6FEAEC74B8EBA3
:1017A000040879EB04097AEB040A7BF1000B70F171
:1017B000000071F1000172EBD472A3416CF1000CD6
:1017C00018EBEC7859EBEC795AEBEC7A5BF1000B07
:1017D00050F1000451F1000552EBDC7653EBEC774D
:1017E0004CF1000C18EBEC7059EBEC715AEBEC720D
:1017F0005BF1000354F1000455F1000556EBDC7673
:1018000057EBEC77704700BF2DE9F14F87B0FFF73A
:101810009FFDDDF81080DDF81490DDF818A0FFF7CB
:1018200087FFBDE8000FFFF783FF03B05DF8048B6F
:1018300088E8FF00BDE8F08F2DE9F14F87B0FFF792
:1018400043FEDDF81080DDF81490DDF818A0FFF7F6
:101850006FFFBDE8000FFFF76BFF03B05DF8048B6F
:1018600088E8FF00BDE8F08F4FEA410C7FEA6C5C2E
:1018700002D150EA013C0AD14FEA430C7FEA6C5C8A
:1018800002D152EA033C02D14FF0000070474FF002
:10189000010070474FEA40024FEA41037FEA226CA1
:1018A00002D15FEA402C08D17FEA236C02D15FEAC3
:1018B000412C02D14FF0000070474FF001007047FB
:1018C00001480078704700002800002070B5174CD0
:1018D0006078002823D1012060700CF0EFFA6FF0DF
:1018E000270528B90CF020FB10B90CF027FB20B11C
:1018F0000F486060A570082010E00CF0B4FA40B901
:101900000CF0BBFA28B90CF0CFFA10B90CF0E0FAE1
:1019100030B1074831306060A5700420E07070BDC0
:101920004FF48F71742003F0CBFB000028000020DF
:101930005A1A0100084991F90320904203DA91F9FB
:101940000220904201DC104670474968801A085C0A
:101950000249085670470000280000204C1A010078
:101960002DE9F0411C4690460D4606466FF01507DE
:10197000042804D81CB10BF021FFA84202D8384635
:10198000BDE8F0810548424650F8260018B140579E
:10199000824200DD024622700020F1E77024002020
:1019A000002819D003781349134A13B1012B0ED024
:1019B00011E00379012B00D06BB943790BB1012BF6
:1019C00009D18368643B8B4205D2C0680EE003797D
:1019D000012B02D00BB10020704743790BB1012BD2
:1019E000F9D1C368643B8B42F5D280689042F2D84B
:1019F000012070473D860100FF3F420F10B5054CA6
:101A0000206810B1804700202060BDE8104002F03F
:101A10009FB80000300000202DE9F0410E4605007F
:101A200004D000F047F8074600240BE06FF01500E3
:101A3000BDE8F081204600F043F890F8260030B170
:101A4000641CE4B2BC42F5D36FF00B00F0E727460C
:101A5000FF2CF9D0204600F033F804460CF07AF859
:101A600084F828702146084802F04AF884F82700D4
:101A7000202806D00120256284F826003770002037
:101A8000D6E76FF02200D3E77FD8000010B58207B9
:101A900002D06FF00D0010BD054A1170506028B1E2
:101AA00001EB41010A0100210CF0DEFA002010BD1B
:101AB0003400002001480078704700003400002006
:101AC00005490A78904201D300207047496800EB2D
:101AD000400001EB00107047340000200E4910B5A3
:101AE00091F82D00202812D091F82D00A1F58062E8
:101AF000C0EBC00002EB800091F82D104068C1EBF4
:101B0000C10152F82120BDE810400421104740F6E1
:101B1000BC01702003F0D4FA8428002070B505467B
:101B2000202A28D019481A4C00EB831C03EB4303EE
:101B30000CEB42002344202922D00CEB41014078D9
:101B40004C784870204601460CEB410091420570EC
:101B50004078F8D193F82220202A1ABF0CEB4202D9
:101B6000547083F8214020220CEB410C8CF80120AA
:101B700083F8221070BD4FF42671702003F0A0FA94
:101B800093F82040407883F82000DBE70428002009
:101B9000842800202DE9FF4F8DB015460C4602F039
:101BA000EFF9284420F07F4008902168081A0002CD
:101BB000C11700EB11600012002800F3F080DDF87F
:101BC0004080CD4808EB48010844099090F8205027
:101BD0002020CA4E0DF1180A0DF11C098DF81800CD
:101BE000202D1CBFC64800EB881B38D0C5EBC500B4
:101BF00006EB800000F10801C0682768381A00026F
:101C0000C21700EB1260001229D4E08900B3C88922
:101C1000F0B90868039003F0C7F8B0F5C67F08BFB5
:101C20000D200BD0A0F54070563808BF1C2005D001
:101C3000A0F500709F3814BF00203220411C03988B
:101C4000381A0002C21700EB12600012884206DB4D
:101C50000BEB45008AF800504578202DC6D19AF844
:101C6000000089F80000202D1CBFA54800EB881B50
:101C700000F03E81C5EBC50006EB80076168D7F830
:101C8000088007F10800A8EB01010902CA1701EB5F
:101C90001261091227D4C089002800F02981E08947
:101CA000002840F02581D4F800A003F07DF8B0F5BD
:101CB000C67F08BF0D200BD0A0F54070563808BF76
:101CC0001C2005D0A0F500709F3814BF00203220E2
:101CD000411CA8EB0A000002C21700EB12600012C0
:101CE000884280F2058189F80050387E217C884244
:101CF00006D90BEB45004578202DBBD100F0F8B894
:101D00009DF81C00C0EBC00006EB8000C18AC568CE
:101D1000E1BBE189D1B3876803F046F8B0F5C67F2F
:101D200008BF0D200BD0A0F54070563808BF1C200E
:101D300005D0A0F500709F3814BF00203220411C50
:101D4000E81B0002C21700EB1260001288421DDA85
:101D500003F02AF8B0F5C67F08BF0D200BD0A0F520
:101D60004070563808BF1C2005D0A0F500709F3881
:101D700014BF002032209DF81C10401CC1EBC10193
:101D800006EB81018968084420F07F450898281AED
:101D90000002C11700EB11600012002803DD11B032
:101DA0000020BDE8F08F2068A84202D9A168491C34
:101DB000A16061680DF1180A081A284425F07F41D6
:101DC00020F07F40C4E9001010980B9009980DF1A5
:101DD0001C0890F8205020208DF81800202D3CD0B1
:101DE00047490B9801EB801BC5EBC50006EB800053
:101DF00000F10801C0682768381A0002C21700EB1A
:101E00001260001229D4E08900B3C889F0B9D1F872
:101E1000009002F0C9FFB0F5C67F08BF0D200BD0BF
:101E2000A0F54070563808BF1C2005D0A0F5007002
:101E30009F3814BF00203220411CA7EB090000028C
:101E4000C21700EB12600012884206DB0BEB450064
:101E50008AF800504578202DC6D19AF8000088F8FD
:101E600000000B98202D1CBF254901EB801B3FD0A3
:101E7000C5EBC50006EB80076068D7F8089007F14E
:101E80000801A9EB00000002C21700EB126000126B
:101E900022D4C88960B3E08950BBD4F800A002F016
:101EA00083FFB0F5C67F08BF0D200BD0A0F54070B2
:101EB000563808BF1C2005D0A0F500709F3814BF0D
:101EC00000203220411CA9EB0A000002C21700EBDF
:101ED0001260001288420BDA88F80050387E217CAC
:101EE00088427FF60DAF0BEB45004578202DBFD122
:101EF00011B00120BDE8F08F842800208424002048
:101F0000042800202DE9F84F0F46064601EB470054
:101F10004B4999460844924690F820402020107082
:101F2000A1F58068202C1CBF464800EB871B38D0E9
:101F3000C4EBC40008EB800000F10801C0683568FC
:101F4000281A0002C21700EB1260001229D4F0898F
:101F500000B3C889F0B90868009002F025FFB0F519
:101F6000C67F08BF0D200BD0A0F54070563808BFC3
:101F70001C2005D0A0F500709F3814BF002032202F
:101F8000411C0098281A0002C21700EB12600012D0
:101F9000884206DB0BEB44008AF800404478202C92
:101FA000C6D19AF8000089F80000202C1CBF2548F3
:101FB00000EB871A40D000BFC4EBC40008EB8007D9
:101FC0007068BD6807F10801281A0002C21700EB0B
:101FD0001260001222D4C88970B3F08960BBD6F8B1
:101FE00000B002F0E1FEB0F5C67F08BF0D200BD0B7
:101FF000A0F54070563808BF1C2005D0A0F5007031
:102000009F3814BF00203220411CA5EB0B000002BA
:10201000C21700EB1260001288420DDA89F8004006
:10202000387E317C884202D80020BDE8F88F0AEB68
:1020300044004478202CBFD10120BDE8F88F000077
:1020400084280020042800202DE9F74F98B0154679
:102050008B4602F043FA044602F0D8FC0646BBF178
:10206000010F18BFBBF1020F05D040F692114FF0DF
:10207000700003F025F8FF4901200860FE498968D7
:10208000086000208DF856000E90401E0F90FB490E
:10209000C5EBC50001EB8001D1E9020CD1E90423B5
:1020A000CDE9100CCDE91223896914910BF0F6FDEE
:1020B0000146BDF84E809DF84C00F14B4044421C57
:1020C000881899424FD8EF4DAA4253DC69428A42A0
:1020D00058DB591C8142DCBF00F5F700A0F1F85035
:1020E00005DD0028BCBFA0F5F70000F1F8500C900A
:1020F000E548B8F1000F808BADF8540004BF002014
:102100000B900BD001200B90DF4890F82A0028B9E3
:1021100002F05EFF002808BF012700D0002702F070
:1021200043FEB0F5C67F08BF0D200BD0A0F5407070
:10213000563808BF1C2005D0A0F500709F3814BF8A
:10214000002032204FF00009CA460990464537D991
:102150000C99DFF82C936FEA060C6B4616AA01EB7C
:102160000C00494504D940F29E51702002F0A8FFAE
:10217000AC4504DD40F29F51702002F0A1FFC3493D
:102180008C4504DA4FF4B461702002F099FFC04925
:102190008142DCBF00F5F700A0F1F85005DD002812
:1021A000BCBFA0F5F70000F1F850194601F004FF9C
:1021B0000098109920F07F400090081A20F07F4985
:1021C000002F18BFDDF824A005D19DF85400002889
:1021D00018BF4FF0020AB4F1807F08D01098001B9E
:1021E0000002C11700EB11600012012802DA03207F
:1021F000189D0DE057B1A44890F82B0030B19DF820
:10220000540010F1000A18BF4FF0020A25460020C2
:1022100082441098A0EB090020F07F42501E20F06D
:102220007F40411B0902CB1701EB13610912514595
:1022300004DBB9F1000F18BF10922DE0B9F1000FC7
:1022400005D09DF8550020B902F0D6FB08B1AFB912
:102250000CE02FB99DF85400002818BFAAF1020A1B
:102260004FF000098DF854904E4607E09DF8540059
:1022700020B100208DF85400AAF1020A1098A0EBBA
:102280000900401E20F07F40411B0902CA1701EBE4
:102290001261091251457CDB0A9705464FF000098F
:1022A0000B9F01F0F3FF281A0002C11700EB116029
:1022B0004FEA202A02F078FDB0F5C67F08BF0D2056
:1022C0000BD0A0F54070563808BF1C2005D0A0F5F3
:1022D00000709F3814BF002032200B30824520DA76
:1022E000BBF1010F02D00A9840B112E0B4F1807F37
:1022F0001CD140F61311702002F0E2FEB4F1807F91
:1023000007D0601B0002C11700EB11600012042807
:1023100004DD2C46204601F0DFFF07E0002864DCE6
:1023200004E02C46204601F0D7FFB946B4F1807F87
:1023300056D01098119A001B121B20F07F4022F0FB
:102340007F42012851D3B0F5000F98BFB2F5000FBE
:102350004BD820460BF0A2FC0C994A4A0D1A4FF0BC
:10236000000AAA1A7AF1000218D3464B421AD31A6D
:102370007AF1000312D3424BAB423EBFC0F590202E
:1023800000F1F450451809D3934232D2C1F590219F
:1023900000E02AE001F1F451084445423A4FB87F89
:1023A00060B300BFBBF1010F05D0022002F0D0F9ED
:1023B000012002F0CDF9B0452CD2A5EB06014FF07B
:1023C000020002F00FF990B3B8F1000F1CBFA5EBAB
:1023D0000801012034D000BF02F004F938B32FE027
:1023E00040F62621702002F06BFE1BB00020BDE8F5
:1023F000F08F40F6FA21702002F062FEB04534BF43
:10240000304640461E30A842CCDB40F63A217020D0
:1024100002F056FE0CD9A5EB0801012002F0E2F80B
:1024200028B1002E1CBFA91B022009D0D4E741E02F
:1024300056EA080004D040F67611702002F040FE03
:102440002946002002F0CEF8A0B30B980126002800
:1024500004BF97F82B00002802D0B9F1000F34D048
:1024600097F82A0018B102F0A5FC87F82AA0B9F164
:10247000000F0FE0080500403C00002084240020ED
:10248000FF7F841E0040420F8428002000C0BDF062
:102490000080841E1CD00998201A20F07F4105205E
:1024A00002F0A0F860B397F82B00002808BF87F867
:1024B0002B6015E0FFE7022002F04AF9012002F04C
:1024C00047F91BB00020BDE8F08F97F82A0090B1C3
:1024D00097F82B0020B1052002F03AF987F82BA0DD
:1024E000A5EB0800A0F1190100290EDC40F66321DC
:1024F000702002F0E5FD02F079FC87F82A60B6E76B
:102500004FF43E71702002F0DBFD032002F06AF808
:10251000C0B10F488068C0F800A00E48C0F800A005
:102520000EAC94E80F0038607960BA60FB6012ACC2
:1025300094E80F0038617961BA61FB611BB001203A
:10254000BDE8F08F40F66B21702002F0B9FD00006D
:102550003C000020080500402DE9FF4F14460D46C1
:102560004FF0000A0A89514662F31F41AA7AD14608
:1025700062F30709EA7A064662F30F292A7883B0E4
:102580004068C4F800A062F31749C4F804A0C4F876
:102590001090C4E902019D4F7068A0FB0789306864
:1025A0000BF07CFB10EB08014AEB090228784FEA9C
:1025B0006709C9F1000B70B1E08994F81180C0433C
:1025C000D5F804A004F10C0248457CDD40F29F518F
:1025D000702002F075FDDFF838C2D5E9040311EB75
:1025E0000C0A42F1000CB0EB0A0A73EB0C0C72D22D
:1025F000411A73EB02016ED3B0EB0806B7422BD839
:10260000E089A6F1F458A8F59028C143814A08EB67
:10261000010042452BD34945D8DC594566DB87424A
:10262000DCBF00F5F700A0F1F85005DD0028BCBFC5
:10263000A0F5F70000F1F8506A4601A901F0BCFCD2
:10264000E0899DF80010301A401A401EB84202D3AB
:10265000A068401CA0604646E0896E4BC1436D688F
:1026600094F81180701804F10C029E4204D940F2D3
:102670009E51702002F024FD4945A7DC594535DB09
:102680008742DCBF00F5F700A0F1F85005DD002817
:10269000BCBFA0F5F70000F1F850214601F08CFC1A
:1026A000206820F07F417019401C2160B8F1000FB4
:1026B00008BF7A3004D0B8F1010F08BF48303AD1D2
:1026C00001F05EFC01E00EE005E020F07F4060607C
:1026D00007B0BDE8F08F3068401E20F07F402060DA
:1026E00000F57A70F3E70146584504DA4FF4B46117
:1026F000702002F0E5FC8742DCBFA1F1F450A0F5A8
:10270000902005DD0028BCBF01F1F45000F59020B9
:10271000214601F051FC2068B8F1000F20F07F4104
:102720000AF10100216008BF7A3009D0B8F1010F29
:1027300008BF483004D040F23961702002F0C0FC7C
:1027400001F01EFC20F07F416160B4F80E9001AAF8
:1027500069464846376801F02FFC02F057F901F04E
:102760000FFC80462C4890F82D1020292AD0C068F4
:10277000401D20F07F4000BFD4E90021891A0144A8
:1027800021F07F41C4E900013168814202D9A0688B
:10279000401CA060326828692146069BFFF7FAF9C1
:1027A00000281CBF07B0BDE8F08FD4E90010401A24
:1027B000316821603168084420F07F40606007B0D4
:1027C000BDE8F08F0937B9F1000F16D002F000FC18
:1027D00098B902F0E9FAB0F5C67F08BF0D200BD01A
:1027E000A0F54070563808BF1C2005D0A0F5007039
:1027F0009F3814BF0020322007440098804584BFD2
:10280000A8EB0000074427F07F40B5E70080841E56
:102810000040420FFF7F841E8428002070B51E4DAB
:1028200095F82D00202818BF70BD95F82C2002EBDC
:102830004200284490F82040202C27D0174B03EB6F
:10284000821101EB4401497880F82010FF2085F8BF
:10285000290085F82D402146022000F091F8002043
:1028600085F82800A8770E49C4EBC40001EB80006E
:10287000007E002808BF02F08DFD0020094949684C
:10288000002908BF70BDBDE87040084740F23231F2
:10289000702002F015FC000084280020042800208D
:1028A000842400203C0000202DE9F05FDFF8C08088
:1028B00098F82C5005EB4500404490F82140202C1E
:1028C00008BFBDE8F09FDFF8ACB0DFF8ACA0AAF518
:1028D00060790AEB8517072617F8140001280ED037
:1028E000042808BF02260AD005280CBF03260628A4
:1028F00005D040F6DD014FF0700002F0E1FBBBF1C6
:10290000000F18BFAFF30080EFF3108072B607EB33
:1029100044014A7805EB4501414481F8212091F8B2
:102920002220A24204BF202281F82220C0B12A46E0
:102930002146012000F024F8C4EBC40109EB81001A
:1029400059F8212040683146904798F82C5005EB03
:102950004500404490F82140202CBAD1BDE8F09FBA
:102960000648002818BFAFF3008062B6DFE700001A
:10297000842800200000000004280020000000003F
:10298000DFF858C010B500230CEB821C07281FD2BB
:10299000DFE800F0050505050404040001230CF838
:1029A0001100002B08BF10BD02EB42020C4802448C
:1029B00092F8220020280EBF82F821100CEB400074
:1029C000417020200CEB4103587082F8221010BD9A
:1029D00040F26E21702002F073FB000004280020FA
:1029E000842800202DE9F05F0F468046DFF858A1CB
:1029F00001EB47005044B8F1010F90F82040254604
:102A000018BFB8F1020F05D040F6A1214FF07000B9
:102A100002F056FB4FF0000B202D42D09AF81E001A
:102A20000026002808BF022601F030FCDFF81CC198
:102A3000C4EBC4010CEB81018A68C968121A091A37
:102A400022F07F4221F07F41964299BFB2F5000FFC
:102A5000B1F5000F3E4A02EB871920D9224609EB57
:102A600042014C78202C12D0C4EBC4010CEB810144
:102A70008B68C9681B1A091A23F07F4321F07F4134
:102A80009E429CBFB3F5000FB1F5000FE6D8202A97
:102A900005D03B4620210420FFF740F80446AC4215
:102AA00016D12C48002818BFAFF3008001F0EEFBD0
:102AB00003469AF82E0020280DD0DAF80800991C59
:102AC000081A0002C11700EB11600012002802DD95
:102AD0000020BDE8F09F202D14D02A46414618461C
:102AE000FFF7B2FA00281EBF8AF82E500220BDE878
:102AF000F09F3B462A4620210420FFF70FF80020D4
:102B0000BDE8F09F9AF82A0018B102F053F98AF84C
:102B10002AB09AF82B0020B1052001F019FE8AF89E
:102B20002BB0042001F014FE01F082FE20208AF870
:102B30002E0009488068C0F800B00848C0F800B00E
:102B40000120BDE8F09F000084280020842400209C
:102B500004280020000000003C0000200805004080
:102B6000064910B591F82D20202A1CBF887710BD8A
:102B700040F29A31702002F0A3FA0000842800206D
:102B80002DE9F04F694E07468DB096F82D00884626
:102B9000202855D096F82D0006F10804C0EBC0009F
:102BA000A6F5806909EB800A20208DF8200096F8B0
:102BB0002C000AAA00EB4000304409A990F82050EC
:102BC000F06802903068384401F0F6F9DAF80C0049
:102BD0000999652F084438D3554A0021D21B71EB5F
:102BE000010232D32268821A22F07F42B2F5000F2E
:102BF0002BD820F07F406060304684F8108090F839
:102C00002C000DF1200A202D1CBF4A4901EB801B2E
:102C100050D000BFC5EBC50009EB80086168D8F84B
:102C2000086008F10800711A0902CA1701EB126165
:102C300009122DD4C08900283CD0E08948B139E080
:102C400040F66831702002F03BFA0DB00120BDE87B
:102C5000F08F20680C9002F0A7F8B0F5C67F08BF8F
:102C60000D200BD0A0F54070563808BF1C2005D0B1
:102C7000A0F500709F3814BF00203220411C0C9832
:102C8000301A0002C21700EB12600012884211DAFB
:102C90008AF8005098F81810207C814205D80298D4
:102CA00060600DB00220BDE8F08F0BEB4500457869
:102CB000202DAFD1052001F04BFD1C4C4FF0FF3013
:102CC000606094F82C309DF820202021202A03D029
:102CD0000520FEF723FF04E003EB4300204490F8B7
:102CE000200094F82C20134901EB821194F82D2038
:102CF00001EB42014870206838442060FF2084F8CE
:102D00002900607E012805D1E068401E20F07F4048
:102D100001F082FB9DF82000202803D0064840786F
:102D200002F0A2FA0DB00020BDE8F08F8428002048
:102D30000040420F042800203C00002070B5244AC7
:102D400092F82D1020293AD092F82D10A2F5806328
:102D5000C1EBC10103EB810C92F82C1092F82C40CE
:102D600001EB4101114491F82010A2F1800505EB1F
:102D70008414202928D0C1EBC10503EB85052D7EE5
:102D8000854284BF04EB41014978F2D8C1EBC1010F
:102D900003EB8101DCF80C0089681468081A000252
:102DA000C11700EB1160001207D40AF077FF04F19D
:102DB0006501884224BF001B70BD002070BD40F635
:102DC0003A31702002F07CF94FF0FF3070BD000006
:102DD00084280020064810B590F82D1020291CBF2B
:102DE000007E10BD40F66231702002F069F90000EB
:102DF0008428002070B5C0EBC001094800EB8104B5
:102E000008492069A0FB0156A0680AF047FFE18A43
:102E1000227D401C11440844401946F1000170BD58
:102E2000842400200080841EF8B56B4D6B4A05F5A4
:102E30008064012694F82A1008287CD2DFE800F08C
:102E4000047097A9C741AEB319B901F0CFFF84F858
:102E50002A60E08A10B102F0BBF880B1FFF7DEFC17
:102E6000FF2084F827006168B1F1FF3F03D00520FF
:102E700001F0B8FB40B1607E012810D109E040F6B6
:102E80006901702002F01CF940F66E01702002F01A
:102E900017F9E068401E20F07F4001F0BDFA94F879
:102EA0002D0094F82D10C0EBC00005EB80004068A9
:102EB000C1EBC10155F8212001B00121BDE8F0406E
:102EC000104794F82B0040B119B901F08FFF84F836
:102ED0002A60002084F82B00F8BDFFF79FFC4FF01C
:102EE000FF30606094F827008DF800009DF8000026
:102EF00088B194F82D0094F82D10C0EBC00005EBBC
:102F000080004068C1EBC10155F8212001B00621C5
:102F1000BDE8F040104740F68501702002F0D0F87F
:102F2000FFF77CFC84F8266002F052F820B194F898
:102F30002A0030B109E04AE040F69301702002F027
:102F4000BFF801F053FF84F82A6094F82D0094F83C
:102F50002D10C0EBC00005EB80004068C1EBC10143
:102F600055F8212001B00021BDE8F040104701F0E4
:102F70002FFDE08A10B102F02BF828B101F03CFDE2
:102F8000002818BF6677F8BD40F69D01702002F05A
:102F900097F81348066090680660F8BD1078BDE8A1
:102FA000F84002F061B9FFF739FC94F82D0094F86D
:102FB0002D10C0EBC00005EB80004068C1EBC101E3
:102FC00055F8212001B00521BDE8F04010474FF42D
:102FD0000B61702002F074F8842400203C00002073
:102FE000080500402DE9F34F8246EF4895B0006890
:102FF000EE4DC005C00D0ED0103840B20028B8BF4D
:1030000000F00F0000F1E020ACBF90F8000490F851
:10301000140D40090DD016984FF0000B00780028D1
:1030200018BF012818D040F23B714FF0700002F039
:1030300047F895F82D004FF0010B202807D016987F
:10304000007848B140F23771702002F039F840F250
:103050003471702002F034F8D54C24B1002140F2D4
:103060003E70AFF300800020CDE91000D149CAEBDB
:10307000CA0001EB80004FF00109009024B100214B
:1030800040F24970AFF30080B9F1000F0AD000BFE1
:1030900095F82C604FF0000885F82980BBF1000FEF
:1030A00007D038E0C448002818BFAFF3008062B6EC
:1030B000EEE73746012020EA0706C048402200EB31
:1030C000871100EB86100AF055FF24B1002140F271
:1030D0005E50AFF3008007EB470106EB4600294442
:1030E00028440A8C028491F8221080F8221024B11E
:1030F000002140F26250AFF3008024B1002140F281
:103100005370AFF3008095F829008DF808009DF802
:1031100008000028B2D124B1002140F25D70AFF365
:10312000008002A801F0B8F8DDE90201CDE90E0146
:10313000334609AA0EA81699FFF70EFA24B100210A
:1031400040F26470AFF300809C4A0E9902EB861740
:1031500009A817F81A20012A18BF022A38D1099A9B
:103160000A9BA2EB010222F07F42A3EB0101CDF802
:10317000448021F07F41022A64D3B2F5000F98BF4A
:10318000B1F5000F5ED84FF0010814AB13AA314619
:10319000FEF7B8FE00285DD09DF84C109DF8502039
:1031A00033468A425AD00520FEF7B8FC07EB4A01A5
:1031B00048709DF84C0020281CBF07EB400080F8A9
:1031C00001A057D0324651465FF00300FFF7D8FB0D
:1031D00024B1002140F26970AFF3008078480028E4
:1031E00018BFAFF30080EFF3108972B624B100214D
:1031F00040F26F70AFF3008095F829008DF8080059
:103200009DF8080000287FF439AF24B1002140F276
:103210007770AFF3008009AF009897E80E1000F1C7
:103220000807B8F1000F87E80E100D99816151D0A1
:1032300024B1002140F28470AFF30080BBF1000F95
:1032400039D11FE0324651460420FFF799FB4FF079
:103250000108BDE7324651460420B7E7202919BFCF
:1032600007EB4100407806EB4600284408BF90F881
:1032700020009BE706EB4601294481F820A0CDF809
:1032800044809FE7119810F0FF0F14D095F82D009F
:10329000202810D124B1002140F28970AFF30080C2
:1032A00031460220FFF79EFB109020B91698007857
:1032B000E8B101282AD024B1002140F2A670AFF372
:1032C0000080FF20BBF1000F18BF85F8290026D031
:1032D0004FF0010824B1002140F2B770AFF3008035
:1032E0001098384E022823D0012829D02DE024B18F
:1032F000002140F29170AFF3008095F82C205146E8
:103300000420FFF73DFB4FF00108E3E7002C3FF4FA
:10331000B5AE002140F29C70AFF30080AEE695F8A8
:103320002C200121914385F82C1085F82900CFE746
:10333000A8680E99401A0AF0B1FC716821B904E03E
:1033400071684FF0FF3001B18847B9F1000F24D008
:1033500024B1002140F2C770AFF30080B8F1000F34
:1033600011D095F82C0000EB4000284490F8210083
:10337000202808D024B1002140F2CE70AFF30080A5
:10338000707801F071FF24B1002140F2D370AFF3E7
:10339000008017B04046BDE8F08F0748002818BFEE
:1033A000AFF3008062B6D3E704ED00E0842800208C
:1033B00000000000842400200000000004280020F9
:1033C000000000003C0000202DE9F04F0646007888
:1033D0008DB018B10DB00020BDE8F08F8C480068AA
:1033E000C005C00D0ED0103840B20028B8BF00F0A4
:1033F0000F0000F1E020ACBF90F8000490F8140D2D
:103400004009E7D0834D844C4FF0010B002725B1D4
:10341000002140F2E550AFF3008094F82CA084F82E
:1034200029704FF0000925B1002140F2EA50AFF3B6
:1034300000807A482BEA0A0800EB8A1100EB88101A
:1034400040220AF097FD25B1002140F25E50AFF313
:1034500000800AEB4A0108EB4800214420440A8C12
:10346000028491F8221080F8221025B1002140F248
:103470006250AFF3008025B1002140F2EF50AFF36E
:10348000008008A800F008FFDDE90801CDE90A0185
:1034900043466A4631460AA8FFF75EF825B1002187
:1034A00040F2F550AFF3008094F82D0020281AD098
:1034B000E0680099091A0902CA1701EB12610912A2
:1034C00011D50099814202D90299491C0291DDE986
:1034D0000021891A20F07F42084420F07F40CDE986
:1034E00000204FF0010925B1002140F2FF50AFF359
:1034F000008000990A98019A091A101A21F07F4158
:1035000020F07F40B1F5000F98BFB0F5000F09D84B
:103510004346694642480A9AFEF73CFB59EA0000D6
:1035200029D142E00B98BDF80EA0029009AA07A984
:103530005046DDF8288000F03FFD01F067FA00F00A
:103540001FFD814694F82D0020283BD0E068401DE7
:1035500020F07F400099814202D90299491C0291D2
:10356000DDE90021891A0090084420F07F40019095
:103570001F208DF80C0000980AF090FB411CBDF84C
:103580000E009DF80C2010440844C6E9040725B13C
:10359000002140F21A60AFF30080D6E90410214AFE
:1035A000029BE3FB0210C6E9041094F829008DF891
:1035B00014009DF8140000287FF429AF0DB00120FD
:1035C000BDE8F08F08F10908BAF1000F16D001F03C
:1035D000FFFC98B901F0E8FBB0F5C67F08BF0D20ED
:1035E0000BD0A0F54070563808BF1C2005D0A0F5C0
:1035F00000709F3814BF38463220804407988145B8
:1036000084BFA9EB0000804428F07F40A2E70000BF
:1036100004ED00E0000000008428002004280020C1
:103620000040420F0080841E2DE9F14F924D8CB076
:1036300095F82C0000200890069001208F4CA5F1F1
:1036400080094FF000080746079024B1002140F29E
:10365000E470AFF30080079800283CD085F82980FB
:1036600024B1002140F2E970AFF3008095F82CA05E
:10367000402227EA0A0609EB861009EB8A118346E5
:103680000AF078FC24B1002140F25E50AFF30080D4
:1036900006EB46000AEB4A012844294400900A8CB4
:1036A000028491F8221080F8221024B1002140F207
:1036B0006250AFF3008095F829008DF808009DF85E
:1036C000080078B1002C1CBF002140F2EF70BCD084
:1036D000AFF30080B9E76A48002818BFAFF3008055
:1036E00062B6BBE724B1002140F2F370AFF3008073
:1036F0000C981BF8100003287ED1009A0C9992F8C0
:103700002000884214BF4FF0000A4FF0010A02F176
:10371000200C8346202209EB861303E0024603EBCC
:1037200042004078884202D020280AD0F6E72028BC
:1037300007D0834507D103EB4B0040788CF800009D
:1037400007E040460CE003EB400003EB4201407809
:10375000487024B1002140F2C940AFF300803846E0
:10376000C34610EA0A0F18BFBB4600284ED024B14A
:1037700000214FF4FF60AFF30080324601200C9926
:10378000FFF7FEF824B1002140F60100AFF30080FE
:103790003C48002818BFAFF30080EFF3108072B6EA
:1037A000079024B1002140F60600AFF3008095F8A1
:1037B00029008DF808009DF8080038B1002C1CBFC6
:1037C000002140F60A003FF440AF81E7BBF1000F53
:1037D00009D095F82D00202805D131460220FFF7A9
:1037E00001F90690F8B124B1002140F61E00AFF3B4
:1037F000008095F82C0000E008E027EA000085F83A
:103800002C00FF2085F829000120089024B1002118
:1038100040F62700AFF3008006981B4E022809D01F
:10382000012810D014E09CB1002140F61900AFF33C
:103830000080ECE700F02AFDA968081A0AF02EFAC9
:10384000716821B904E071684FF0FF3001B1884719
:10385000079848B124B1002140F63C00AFF3008046
:1038600008980DB0BDE8F08F0548002818BFAFF3E9
:10387000008062B6EEE7000084280020000000000F
:1038800000000000000000003C00002010B52028CF
:1038900011D20E4991F82C30A1F1800202EB831C69
:1038A0001CF810303BB191F82C3002EB831212F867
:1038B0001020012A01D0002010BD91F82C200146D3
:1038C0000020FFF75DF8012010BD000084280020D3
:1038D0002DE9F84F864E804696F82C00A6F1800719
:1038E00007EB801010F81800002871D096F82C9083
:1038F000804D25B1002140F6AE30AFF3008007EBDC
:10390000891414F81800012818D0C0B204281CBF6C
:103910000528062861D02DB14FF0000140F6BA30DD
:10392000AFF3008001F006FD25B1002140F6BE3066
:10393000AFF3008014F818000128E6D1012425B166
:10394000002140F6C530AFF30080002C4BD00020A2
:1039500086F8290025B1002140F6CA30AFF3008077
:1039600096F82CB0012020EA0B0907EB8B1107EB2E
:10397000891040220AF0FEFA25B1002140F25E5083
:10398000AFF3008009EB490000EB060A0BEB4B009C
:103990003044018CAAF8201090F822008AF8220006
:1039A00025B1002140F26250AFF3008096F8290063
:1039B0008DF800009DF80000E0B1002D1CBF002133
:1039C0004FF43D60BBD000BFAFF30080B7E7FFE727
:1039D00040F6A531702001F073FB4A4641460120B4
:1039E000FEF7CEFFA0E74448002818BFAFF30080E1
:1039F00062B6ACE725B1002140F6D430AFF30080C9
:103A00009AF821300AF1210140461C464FF0200B64
:103A100007EB89120AF1220A04E0A34602EB4B0CE1
:103A20009CF80140844202D0202C2BD0F5E7202CBA
:103A300028D0A34204D102EB43004078087005E08F
:103A400002EB440002EB4B0140784870BAF1000FE2
:103A500011D025B1002140F2C140AFF300809AF8A7
:103A60000000A04207D125B1002140F2C440AFF3CD
:103A700000808AF800B05DB1002140F2C940AFF388
:103A8000008000E025B1002140F6D830AFF300807F
:103A90001A48002818BFAFF30080EFF3108472B605
:103AA00096F829008DF800009DF8000038B1002D2F
:103AB0001CBF002140F6DE303FF441AF84E786F8BA
:103AC0002C90FF2086F8290054B1002D08BFBDE8D6
:103AD000F88F002140F6EB30AFF30080BDE8F88F9F
:103AE0000548002818BFAFF3008062B6EDE700007C
:103AF00084280020000000000000000000000000FA
:103B000070B50D46064601F051FA0F4890F82C208A
:103B10000024803800EB821010F8141029B1611CC9
:103B2000CCB2202CF8D3202070BD0848C4EBC401CF
:103B300040F8216000EB8100214645600120FEF73E
:103B40001FFF204670BD0000842800208424002030
:103B50002DE9F04F83B000F099FB054600F068FEB8
:103B6000844C6068B0F1FF3F1CBF4FF0FF306060D5
:103B7000A07FDFF8049290B9D4E90210401A20F037
:103B80007F404FF40C710AF0B4F8E1680844281A39
:103B90000002C11700EB11600012C00F12D0607E4E
:103BA00020B394F827008DF800009DF80000E8B1DC
:103BB00000F09AFC94F82800F0B140F2F531702042
:103BC00001F07EFA94F82D0094F82D10C0EBC0009F
:103BD00009EB80004068C1EBC10159F821200821A0
:103BE000904740F2DD31702001F06AFAE81C20F0C5
:103BF0007F4000F071FBDDE7012084F8280094F895
:103C00002D00202821D094F82D80202084F82D002C
:103C100084F82E00002084F8260084F82700206015
:103C200000F0FAFE207794F82C6006EB46000719A6
:103C300097F82000202858D0C0EBC00009EB80097D
:103C400099F81A00012805D04FE04FF47E717020DA
:103C500001F036FAB9F816B001AA6946584600F0E4
:103C6000ABF900F0D3FE00F08BF994F82D0020287A
:103C700004D0E068401D20F07F401DE005F1090AF6
:103C8000BBF1000F16D001F0A3F998B901F08CF840
:103C9000B0F5C67F08BF0D200BD0A0F54070563898
:103CA00008BF1C2005D0A0F500709F3814BF00206D
:103CB000322082442AF07F40D9F80820811A090274
:103CC000CB1701EB1361091200290EDC09F108037F
:103CD000824202D29968491E9960D3E90021891A6B
:103CE0001860084420F07F40586031460120FEF7FC
:103CF00079FE5FEA0009F8D0204800EB861010F842
:103D00001800022804D1324641460620FEF738FE4C
:103D1000FF2084F8290097F82100194E20281CBFA5
:103D2000707801F0A1FA207F20B100F051FE002050
:103D300020776077B9F1020F11D0B9F1010F1CBFE4
:103D400003B0BDE8F08F4FF0FF307168002904BF69
:103D500003B0BDE8F08F03B0BDE8F04F0847A0689E
:103D6000401B09F09BFF71680029F4D103B0BDE846
:103D7000F08F0000842800208424002004280020E4
:103D80003C00002070B5424C054682B094F82D00EE
:103D9000202808D06068B0F1FF3F09D040F6D92153
:103DA000702001F08DF940F6D821702001F088F9DB
:103DB00094F82D003749C0EBC00001EB8006B068D5
:103DC00009F06CFF0246F08A317D334B0844401CF9
:103DD00011189A4217D8314A90421BDCC2F1000CEC
:103DE00060451EDB56008E42DCBF01F5F701A1F1F4
:103DF000F85105DD0029BCBFA1F5F70101F1F8512B
:103E00004819994204D940F29E51702001F058F9A6
:103E1000954204DD40F29F51702001F051F9654553
:103E200004DA4FF4B461702001F04AF98642DCBF35
:103E300000F5F700A0F1F85005DD0028BCBFA0F5A3
:103E4000F70000F1F85001AA694600F0B5F89DF8B6
:103E500004000F288CBF012000200099084420F0A6
:103E60007F41616094F827008DF800009DF8000004
:103E7000002804BF02B070BD052000F0B3FB00288D
:103E80001CBF02B070BD4FF42E61702001F018F914
:103E90008428002084240020FF7F841E0040420FDD
:103EA00070B51C4C202184F8201084F8211084F86F
:103EB0002210002084F82C0084F82D10421EC4E942
:103EC0000002A07784F8260084F827002077607726
:103ED00084F82E1084F82A0084F82B00A4F18201C3
:103EE0001022887001F8040F521EFAD100F09EFDD6
:103EF000094D012684F82860FF202870074801F04A
:103F000095F9687001F000FAA86000F019FD84F8D6
:103F10002F6070BD842800203C000020A9280000EC
:103F200070B50546012000FA05F40E46002A08BFC8
:103F300008480CD0002000F0E9FCE90001F18041C4
:103F400001F5F831C1F81005C1F8146502480460A4
:103F500070BD000008F5014004F5014000B583B0D4
:103F6000684600F099F9009809F098FE019A034B11
:103F70000021E2FB030103B000BD00000080841EAD
:103F8000410B48F2376251430A0C094B510202FBC4
:103F900003020848504300F586306E30400D5B4206
:103FA00010FB03F3B2EB532F88BF491C0844704742
:103FB000F7C2FFFF6F0C0100430B48F2376C03FBA5
:103FC0000CF330B41B0CDFF844C05C0203FB0C03A1
:103FD0000F4858434FEA505C04EB0C0043F6095479
:103FE0001CFB04F404F5807C43F60855A3EB5C2C21
:103FF0002C440CF0FF0CB3EB542F84BF4FF0000C9B
:10400000401C086082F800C030BC7047F7C2FFFF58
:104010006F0C01002DE9F0413B4DD5F80403DFF8AA
:10402000EC8010F4803F4FF400664FF0E0274FF033
:10403000000419D036480068B0B1C5F84041C7F84F
:104040008062D5F84005D8F80010401A20F07F4073
:10405000022802D3B0F5000F06D94FF48030C5F81E
:1040600008030420FEF7E0FED5F8040310F4003F37
:104070001AD028480068B8B1C5F84441C7F8806232
:104080002548D0F84005D8F80010401A20F07F40AD
:10409000022802D3B0F5000F06D94FF40030C5F85E
:1040A00008030520FEF7C0FED5F8040310F4802FA6
:1040B0001AD01A480068B8B1C5F84841C7F88062FC
:1040C0001748D0F84005D8F80010401A20F07F407B
:1040D000022802D3B0F5000F06D94FF48020C5F8AE
:1040E00008030620FEF7A0FED5F80401002808BF4B
:1040F000BDE8F081C5F80441C7F880620948C1688D
:10410000491CC160BDE8F08100B0004004B500402A
:1041100040B1004044B1004004B0004048B100400C
:1041200008B00040480000202DE9F041384D2878C3
:10413000042868D0A81C0122017859B1012908BFC0
:104140006A7002D06978002958D002210170407845
:1041500000F0FEFA2F4CD4F804034FF0000810F4DE
:10416000002F4FF480774FF0E0260AD02A480068ED
:1041700038B1032000F0ECFAC6F880720320FEF795
:1041800053FED4F8040310F4802F0AD023480068AB
:1041900038B1022000F0DCFAC6F880720220FEF787
:1041A00043FED4F8040310F4003F0AD01C48006812
:1041B00038B1012000F0CCFAC6F880720120FEF779
:1041C00033FED4F8040310F4803F08BFBDE8F0814B
:1041D00014480068002808BFBDE8F081002000F006
:1041E000B7FAC6F8807204202870C5F80480C4F8B5
:1041F0000082BDE8F0410020FEF716BE40F2A34168
:104200006C2000F05DFFBDE8F0410720FEF70CBE1A
:1042100048000020008000404C8100404881004060
:104220004481004040810040012211024FF0E02310
:104230000020C3F8801103F5C073BFF34F8FBFF3A5
:104240006F8FC3F800110E4941F8042F431EC1F8C7
:104250000433C1F83C05C1F83C010A4BC3F84005E2
:10426000C1F840011B1DC3F84005C1F844011B1DE6
:10427000C3F84005C1F84801CA6003494870704757
:104280000080004004800040480000200148006891
:104290007047000004B5004030B4EFF3108C72B6E4
:1042A00000250B4B0B4A00BFD3F80415D3F804418B
:1042B0002CB1D168491CD160C3F80451F4E7D2682D
:1042C000BCF1000F00D162B6C0E9001230BC7047EB
:1042D00000B00040480000202DE9F047464E05465A
:1042E000B71E3378B968012B04BFA942BDE8F08737
:1042F0004FF04040414A1060424A4148C2F808032A
:1043000002F1040C4FF00004002B62D03E48C2F8CA
:104310004803CCF84045C2F8444100BFD2F84801F8
:104320004FF0E0294FF00108002801BFD2F8040146
:1043300000284FF40060C9F880024FF48030C2F8C2
:104340000803C2F84803C2F840413048D0F800C022
:10435000A5EB0C0C2CF07F4CBCF1020F44D3BCF548
:10436000000F41D8C2F840554FF4803CC2F844C316
:104370002BB102688A1A22F07F42022AF9D3C7F8C9
:1043800004803C70FFF750FF2148D0F8041564F317
:104390000101C0F80415D0F80825022161F30102DB
:1043A000C0F808250421C0F81015C0F80C80796801
:1043B000C0F800128015C9F88002C9F8000115493B
:1043C000C00508600420BD60707086F80080BDE8FC
:1043D000F087C2F84803C2F84045C2F84041CCF823
:1043E0004045C2F8444199E70020C2F8400540F238
:1043F00097216C2000F064FE4A00002008F501407F
:10440000FDFFFBFF00B00040FDFFFAFF04B50040D8
:104410000080004004F5014070B52A4CA16881423B
:1044200014BF01220022DFF8A0C09CF80050022D2A
:1044300002D0002A34D002E0002A08BF70BD6278A2
:104440009AB3224B4FF080421A60214B9213C3F86B
:104450000823C3F848230022C3F840211D4A1668E8
:10446000861B26F07F46022E24D3B6F5000F21D8F6
:10447000C3F840054FF48036C3F844632DB1136888
:10448000CB1A23F07F43022BF9D3134B02214A07A7
:104490001A60A06004208CF801008CF8001070BD38
:1044A00040F2A5216C2000F00BFE40F2A9216C2007
:1044B00000F006FE0020C3F8400540F2B5216C2054
:1044C00000F0FEFD480000204A00002008F50140F1
:1044D00000B0004004B5004004F501400148806888
:1044E00070470000480000202DE9F0413648354A69
:1044F000C0F80823DFF8D4C0031D00219CF8004059
:1045000084B1334AC0F84823C3F84015C0F84411B9
:10451000D0F848210123002A04BFD0F80401002864
:1045200011D10AE0C0F84823C0F84015C0F8401186
:10453000C3F84015C0F84411EAE74FF0E0224FF409
:104540000060C2F88002022C04D040F2C1216C202D
:1045500000F0B6FD1F4E30681F4CC01C20F07F409D
:10456000A2681E4D90420BD03768D71B27F07F47BB
:10457000042F05D3B7F5000F02D8FFF7ADFE1BE0FF
:104580003068101A20F07F40022813D3B0F5000FD6
:1045900010D8134A4FF080401060636021706B6048
:1045A000EB604000111F086004208CF801008CF8BB
:1045B000003001E0636021706068C5F80002BDE86A
:1045C000F0810000FDFFFBFF00B000404A0000202A
:1045D000FDFFFAFF04B500404800002000800040C5
:1045E00008F501402DE9F041544A0025012492F8D4
:1045F00000C053784FF4A07607287DD2DFE800F0A2
:1046000004040404585858004D4A9768B7F1807F55
:1046100004BF5278002A03D0BCF1020F05D026E077
:1046200040F251316C2000F04BFD1A1FD2B206EB64
:10463000820202F1804606F530460022BCF1010FED
:1046400003D0BCF1020F08D00EE0042B24BF376862
:10465000002F08BF4FF0004206E0042B24BF37684C
:10466000002F08BF42F0804212F0804FE5D1DFF802
:10467000D4C000F1100204FA02F2CCF808234FF083
:10468000400303EB8003DBB263441C600CEB80004F
:10469000D0F84035A1EB030323F07F43032B26BF63
:1046A000C0F84015CCF80423C0F8405537D23CE0A0
:1046B000BCF1000F06D0834204D140F271316C206E
:1046C00000F0FEFC021FD3B2032B04D34FF4E671BB
:1046D0006C2000F0F5FCDFF870C003F1100204FA62
:1046E00002F2CCF80823CCF8482306EB83034CF8FD
:1046F0000350164B1B6800E01AE0001FCB1A23F092
:104700007F43C0B20CEB8000022B0BD3B3F5000F3C
:1047100008D8C0F84015CCF80423CCF84423012075
:10472000BDE8F0810021C0F840150020BDE8F0810F
:1047300040F275316C2000F0C3FC00004A000020FC
:10474000480000200080004000B0004004B5004058
:104750002DE9F843012600274FF4A078072851D20D
:10476000DFE800F0040404041919190000F1100135
:1047700006FA01F22649C1F8082301EB8003002262
:10478000C3F8402508EB80028F50224951F82000E1
:104790000090BDE8F883204D011FCCB2297879B193
:1047A0006A7882420CD11D4A4FF0404010600129C6
:1047B00008BFFFF739FD2F7019494FF080708860EE
:1047C000184904F1100006FA00F0C1F80803C1F816
:1047D0004803A0000844D0F84005134A1268801A24
:1047E00020F07F40022807D301EB84020020C2F8AA
:1047F000400508EB84000F500C4850F8240000904E
:10480000BDE8F88340F2F9316C2000F059FC00005B
:1048100000800040408100404A00002008F501402F
:104820004800002000B0004004B5004040B1004006
:104830002548244AC0F808232449031D91F800C0E4
:104840000021BCF1000F10D0214AC0F84823C3F862
:104850004015C0F8441100BFD0F84821002A04BF19
:10486000D0F80401002811D10AE0C0F84823C0F8AC
:104870004015C0F84011C3F84015C0F84411EBE7EB
:104880004FF0E0224FF40060C2F8800211484FF070
:10489000FF32C0F80823C0F84015C0F8401100F1FD
:1048A0000402C2F84015C0F8441102F10402C2F833
:1048B0004015C0F8481102F10402C2F84015C0F8D2
:1048C0004C117047FDFFFBFF00B000404A00002084
:1048D000FDFFFAFF0080004010B507280DD2DFE889
:1048E00000F00404040406060600064902E0001F66
:1048F0000549C0B201EB800010BD40F299316C2037
:1049000000F0DEFB4081004040B1004010B50728B8
:104910000DD2DFE800F00404040406060600064990
:1049200002E0001F0549C0B201EB800010BD40F25B
:1049300099316C2000F0C4FB4081004040B1004040
:1049400070B51F48002404210470801E0170890581
:10495000C4608160FFF768FC01254FF0E02CEB029A
:10496000CCF88031BFF34F8FBFF36F8FCCF880321C
:1049700014484560856014490A68002AFCD1511E1C
:10498000C0F80813C0F84813C0F84045C0F84041CB
:104990000E49C1F84045C0F84441091DC1F84045E1
:1049A000C0F84841C0F80441CCF8003105604FF42C
:1049B0008271C0F844130221C0F8041370BD0000D6
:1049C0004A00002000B0004004B5004004B00040A0
:1049D000084890F900000028B8BF704700F01F0198
:1049E000012202FA01F14009800000F1E020C0F844
:1049F00000127047340300200348007803280CBFDE
:104A0000012000207047000020030020014840885A
:104A1000704700002003002003480078022816BFDA
:104A200003280120002070472003002002480021B5
:104A30000170418070470000200300202DE9F04103
:104A4000164C607A002827D04FF480718D052846D7
:104A500009F073F980464FF48271284609F06DF928
:104A600000260746B8F1000F09D00120C5F8080359
:104A7000207920B12671E06908B18047E66137B13D
:104A8000C5F804610220C5F8080300F04DFA40465D
:104A9000BDE8F04100F058B8BDE8F08158000020B2
:104AA00010B509F0F4F930B909F012FA18B909F0A3
:104AB00045FA002802D002490220086010BD00001B
:104AC000340C004070B500F091F900F081FA094C07
:104AD0004FF0804530B1FFF7E3FF0120286104204B
:104AE000A07204E00320A0720120C5F80403002096
:104AF000E07170BD5800002070B5124CA079E0B193
:104B0000E179401E814218DA00F062FA054600F0B1
:104B10004BFBA179012902D9E179491CE1710DB161
:104B2000616900E02169411A022902DA11F1020FDC
:104B300007DC0DB1606100E02061BDE87040FFF767
:104B4000C1BF70BD580000202DE9F04706464FF068
:104B500080454FF48671284609F0EFF880464FF4FF
:104B60008871284609F0E9F8274C8246277804F135
:104B7000080009F056F910B140F2B91116E04FF0F3
:104B8000010946B1A07A032805D10420A072FFF7DD
:104B900087FFC5F810900026B8F1000F18D0C5F8AF
:104BA0000C61A07A042804D040F2CB116D2000F0F3
:104BB00087FA09F06CF928B909F08AF910B909F0F7
:104BC000BDF908B1114806600220A07200F0F2F8A9
:104BD000BAF1000F08D0C5F81061A07A022801D1FF
:104BE000FFF78AFFC5F814903FB12670A07A02281B
:104BF00001D1FFF767FF00F0DDF8BDE8F04702489C
:104C0000083009F025B9000058000020340C00409D
:104C10002DE9F0475F4C00270646A761427881786E
:104C20000078E0726271A171E7714FF001084FF0F6
:104C30008045052825D2DFE800F010030620220079
:104C4000C4F8188009E000F0D1F80121284609F0E5
:104C500079F80028F9D00220A06109F09FF8B0B1DE
:104C600000F0D0F9217E01F0030188420FD1B07924
:104C700050B10220C5F8040370E04748ECE747480C
:104C8000EAE740F23A314DE000F090F966E0C5F80D
:104C90000C804FF4827AC5F80471A069C5F8180534
:104CA00009F0E1F840B909F0E8F828B909F0FCF892
:104CB00010B909F00DF938B14FF08050D0F8440226
:104CC0003749C0F34230086009F0CDF840B909F027
:104CD000D4F828B909F0E8F810B909F0F9F818B1D2
:104CE0002F491031C1F80080C5F808800220C5F8AE
:104CF0000403B07990BBD5F8040310F0020F0FD075
:104D0000DFF8A090D9F80010C94341F3001101F178
:104D10000108D9F8001041F01001C9F8001007E0AF
:104D200040F2FB216D2000F0CBF900BF00F002FB48
:104D30005146284609F001F80028F7D000F036F96E
:104D4000B8F1000F05D1D9F8001021F01001C9F811
:104D500000100220C5F80803C5F80471A07970B1ED
:104D6000307860B900F034F9064600F01DFA6FF0B3
:104D7000004116B1C4E9041001E0C4E904010121B5
:104D8000284608F0DFFF08B100F01CF9A772BDE863
:104D9000F08700005800002001000200010003001D
:104DA0003C05004010ED00E00148C089704700005C
:104DB0005800002010B5EFF3108472B60A4841780D
:104DC00029B14178491E4170417829B108E04FF47A
:104DD0008E716D2000F074F9807808B900F006F942
:104DE000002C00D162B610BD5800002010B5EFF3C2
:104DF000108472B606484178491C417040780128F9
:104E000001D108F0B6FF002C00D162B610BD000041
:104E100058000020054810B5C17821B1002101716A
:104E2000C170FFF7C7FF002010BD00005800002030
:104E300070B50C4CE17861B90125E570E061FFF7D0
:104E4000D5FF00F0C5F830B1E06910B1804700200F
:104E5000E061002070BD4FF080402571C0F8045320
:104E6000F7E70000580000202DE9F04105006FF041
:104E700015003FD0297804293CD8002969783BD017
:104E8000002937D1A978002934D1002008F020FF6B
:104E9000002008F010FF4FF080484FF0FF31C8F8B5
:104EA00008130026C8F80061C8F80461C8F80C614E
:104EB000C8F81061144C6670A888A08108F050FFF3
:104EC000012708B1E77067700121404608F03AFFFA
:104ED00008B100F077F840F2F550E0812846FFF77E
:104EE00097FE6772002008F0E6FE4FF0E0213046A2
:104EF000C1F80071BDE8F0810029FBD02029F9D864
:104F0000A9782129C1D9F5E75800002001488089F6
:104F100070470000580000200248807A002800D026
:104F20000120704758000020F8B51F4DE87A00288E
:104F30000FD1287E00F0030008F020FF002808D0E1
:104F4000EFF3108172B6FFF7E7FF18B1002900D127
:104F500062B6F8BD0126AE7201B962B618204FF0F4
:104F60008044C4F80803A6614FF42070ADF8000037
:104F7000BDF80000411EADF80010F9D20027C4F8BA
:104F80000C71C4F810710848083008F05DFF2F70EC
:104F9000FFF798FD6661687900F07F00C4F8380576
:104FA0001820C4F80403F8BD5800002010B5044CC4
:104FB000207E00F0030008F0E1FE0028F8D010BDCC
:104FC0005800002001490120087070473503002077
:104FD0004FF08040D0F8000118B90348007800284D
:104FE00000D0012070470000350300204FF08040C2
:104FF000012141600021C0F8001101480170704793
:10500000350300200248006800F0030070470000EC
:105010001C04004010B531B1012907D040F2023123
:1050200005A000F021F8D0F8140401E0D0F808043D
:1050300000F0010010BD00006E72665F636C6F636C
:105040006B2E6800BFF34F8F05480168054A01F4D5
:10505000E06111430160BFF34F8F00BFFDE7000027
:105060000CED00E00400FA0572B6034A526802B182
:105070009047FFF7E7FF000078000020064810B5D2
:105080000021016001210160084608F09EFEBDE894
:105090001040012008F08CBEFC1F0040074810B5EE
:1050A00001214160891EC0F808130C2008F08DFE14
:1050B000BDE810400C2008F07BBE000000C000409E
:1050C0000EB572B60F4A5568D5B1002203466E463A
:1050D0000A2403E0B0FBF4F0521CD2B20028F9D14C
:1050E000B05409E0B3FBF4F004FB1030B3FBF4F36D
:1050F000521ED2B23030B054002AF3D13046A84705
:10510000FFF7A0FF780000202DE9F041184C06467B
:10511000174660780D4618B14FF0FF30BDE8F081BA
:10512000FCF7D4FB06B9134E67602570FFF7A6FFA6
:10513000FFF7B4FF3046FFF797FE0600EED1FEF70B
:10514000AFFEFFF7F1FE08F00CFD284608F030FE38
:105150000120002D09DB05F01F0100FA01F16A09A9
:10516000920002F1E022C2F8001160703046D5E7EB
:1051700078000020ECDD0000014840787047000016
:1051800078000020074890F90000002809DB00F0B3
:105190001F02012191404009800000F1E020C0F889
:1051A00000127047780000202DE9F04101264FF0F1
:1051B000E02231034FF000084046C2F88011BFF3EF
:1051C0004F8FBFF36F8F164CC4F800010C2008F00E
:1051D0001BFE144D2868C04340F30017286840F0B8
:1051E00010002860C4F8046326607F1C02E000BF42
:1051F00000F0A0F8D4F800010028F9D01FB9286801
:1052000020F010002860084805686660C4F808634C
:10521000C4F800810C2008F0F7FD2846BDE8F081B5
:1052200000C0004010ED00E008C5004010B5024687
:1052300005200C4904E000BF01EBC0031B7933B12A
:10524000401EC0B2F8D248216920FFF739FF41F86B
:10525000302001EBC00100224A718A7101220A71DB
:1052600010BD0000B428002010B5052801D3582136
:1052700006E00A4901EBC0000179012903D0592158
:105280006920FFF71DFF41798279491CC9B28A4222
:1052900000D04171BDE81040FFF774BFB428002072
:1052A00010B5052803D34F216920FFF709FF034AF2
:1052B000002102EBC000017110BD0000B4280020E5
:1052C00070B505250E4E0F4C16E0217806EBC10097
:1052D0000279012A08D1427983799A4204D042792D
:1052E000827156F8310080472078401CC0B220708F
:1052F000052801D3002020706D1EEDB2E5D270BDEF
:10530000B42800203603002000B508F0ACFD40B9F9
:1053100008F0B3FD28B908F0C7FD10B908F0D8FDB2
:1053200008B1024800BD024800BD00000C05004065
:1053300000E7014010B508F0CBFD30B3EFF310806B
:10534000C8B1002172B6124802680368C2F30012A5
:1053500043F0100303604FF0E023D3F80042D3F88A
:1053600004321C4300D040BF20BF00BF00BF00BFBD
:1053700000BF12B105E00121E4E7026822F010024B
:105380000260002900D062B610BD20BF10BD000031
:1053900010ED00E001490120887070478000002076
:1053A00041E1000079E1000063E1000051E100000B
:1053B0005DE100004BE100003FE100003DE1000045
:1053C00075E1000069E1000057E1000045E10000DF
:1053D00037E100002FE1000033E1000029E1000087
:1053E00001480068006800479400002001480068F8
:1053F0004069004794000020014A1268D2681047B3
:105400009400002001490968C96A084794000020F7
:10541000014800680069004794000020014A1268B2
:10542000926810479400002001490968496A0847BA
:105430009400002001490968896A08479400002007
:10544000014B1B685B6818479400002001480078F6
:1054500070470000370300201FB5144C207A8DF8E8
:105460000100E0798DF80000A079ADF804006079C2
:10547000ADF80200684606F037FC08B1902110E054
:10548000E068029002A806F045FC08B1942108E00B
:1054900007480068039003A80BF09CFE002803D087
:1054A0009821032000F036F91FBD0000DC28002001
:1054B000005800002DE9F84F0D4681464FF00001DD
:1054C00000F10300009120F0030029781600044643
:1054D0008DF8011000D00020694600F0F5FA1A4955
:1054E00020440446C97839B1297C29B1252206B166
:1054F000002000F00FFD044428786978B2460027A8
:10550000084400F0FF083E4608E02B7AEA79A979C2
:10551000687909F05CFD761C0744F6B24645F4D381
:10552000E41C24F003000446BAF1000F00D0002070
:105530003A46414600F06EFC2044C01D20F00700B2
:10554000A0EB0900BDE8F88F9800002010B528B145
:105550001422044908F00EFD002010BD6FF0150064
:1055600010BD00002458000070B56FF02C0350BB34
:10557000244C607808B1981170BD09B36FF015051F
:1055800052B3214808291ED2DFE801F01D04070AA2
:10559000181B212B1178017025E01178417022E051
:1055A0009178C9B1D178B9B111781B2914D3517848
:1055B0001B2911D31168C0F8051014E01168C160EF
:1055C00011E0117809B1184670BD81700BE0E178E7
:1055D00021B11178022901D2284670BD11780174D9
:1055E00001E011884182012207490020FFF762FF94
:1055F000B0F5803F02DB6FF00B0070BD0121A170A0
:1056000070BD000098000020DC28002010B5074C79
:10561000607820B106F07EFD2078FFF741FE00F0B3
:10562000C5FC00F09FFD0020607010BD98000020B8
:1056300070B50C46050019D0C4B100F027F9C0B10F
:105640002846FFF7F3FD0C4D00220C492870204638
:10565000FFF730FF0CF08BF90021287806F048FDA9
:10566000FFF7FAFE01206870002070BD6FF0150092
:1056700070BD4FF0FF3070BD98000020DC28002086
:1056800030B589B005000CD0FFF776FD4FF0FF3440
:1056900020B1FFF73BFCB0F5FA7F05D9204609B0F1
:1056A00030BD6FF01500FAE7154C1648656000F044
:1056B000F5F900206070A070E07001462022684675
:1056C00008F0D2FC20221049684608F053FC202242
:1056D00069460E4808F04EFCEFF3108472B66FF086
:1056E0000C0000F071FC0A4800F048FD18B1AB2135
:1056F000032000F00FF804B962B60020CFE70000E5
:10570000980000205954000004580000DC280020B4
:10571000B95800000EB572B6154A5568DDB10022C1
:1057200003466E460A2403E0B0FBF4F0521CD2B2EA
:105730000028F9D1B0540AE0D8B2B0FBF4F7B3FBBB
:10574000F4F304FB1700521ED2B23030B054002ADA
:10575000F2D13046A847BFF34F8F06480168064A8A
:1057600001F4E06111430160BFF34F8F00BFFDE71B
:10577000980000200CED00E00400FA0510B5074C7D
:10578000A0786178084302D04FF0FF3010BD06F0DA
:10579000CFFC0120E070002010BD00009800002028
:1057A000064810B581784078014302D04FF0FF30B1
:1057B00010BD06F00BFB002010BD0000980000207B
:1057C000064810B581784078014302D04FF0FF3091
:1057D00010BD0BF00CFE002010BD00009800002052
:1057E000064810B581784078014302D04FF0FF3071
:1057F00010BD0BF020FE002010BD0000980000201E
:105800000100000001010100001B1B030200000059
:105810004C1D000003001F000000000000000000FD
:10582000000000006D90412A38E8AD1729A5033823
:105830003927D7851F85D8E1054A10B5526812B1BE
:10584000BDE81040104792210420FFF763FF0000DD
:10585000FC280020054A10B5126812B1BDE81040BE
:1058600010478C210420FFF755FF0000FC28002082
:10587000054A10B5926812B1BDE810401047982152
:105880000420FFF747FF0000FC28002005480168BE
:1058900029B1416819B1806808B101207047002022
:1058A00070470000FC28002002490DC881E80D0067
:1058B00000207047FC280020F8B5124C002625680F
:1058C00011E00098022802D003280CD106E02068DD
:1058D00010B10020266005E028210CE0206868B1A6
:1058E00001202660A847684600F00EFC0028E8D09A
:1058F000052805D035210420FFF70CFF2D21FAE7FC
:10590000F8BD0000A00000202DE9F0411E4E054624
:10591000001D06F58477B060387858B1BA783C46F7
:10592000791C2846921C08F025FB002020700420DA
:10593000BDE8F081144801F05DFE0446022802D063
:10594000042C05D018E01049284608F085FC13E027
:105950003078142804D10A213E2008F04FFC68B1A9
:105960000949284608F0A6FC0028D5D0A97828784F
:1059700008F044FC0028CFD02046D9E70249284649
:1059800008F0F2FEF2E700000829002070B50A785E
:1059900082703AB3012A25D81323037000230AE04A
:1059A00001EB430400EB4305A678EE706488240AFB
:1059B0005B1C2C71DBB29342F2D300230BE000BFDF
:1059C00001EB430500EB43042E796671AD882D0A87
:1059D0005B1CA571DBB29342F2D3012101EB820083
:1059E000C0B270BD002070BD402803D2401EC1B2BD
:1059F000054805E0FF2805D04038C1B2024808300C
:105A000008F0DCBE01207047A4000020401EC1B297
:105A1000014808F0D3BE0000B4000020024902682B
:105A20000A61406848617047A40000200549026887
:105A30000A60406842F48C220A60034A10434860BE
:105A400070470000A4000020F807400202490268E5
:105A50008A604068C8607047A400002007484FF083
:105A6000FF3100220160C90C416000F108011F20D4
:105A70000A604A600831C1E900027047A4000020B2
:105A800010B5FFF7EBFF0BF02BFC04460248006853
:105A900000B18047204610BDBC00002001490860CD
:105AA00070470000BC0000200221018041800021DD
:105AB00001716D21417144F29011C18001498160F1
:105AC000002070472A38E8ADF8B5054608784A78CE
:105AD000904202D94FF4D97107E0009545B10026F4
:105AE0004C78A80706D040F2CB111720FFF712FE22
:105AF0000126F5E7124F314668463C7000F0CAF8BF
:105B0000002003460099C91C21F0030100916EB9E1
:105B100007EB80029160002106E000BFD2F808C0C8
:105B20004CF82130491CC9B2A142F7D30099401C5E
:105B300001EB8401009110F0FF00E3D0481BF8BD99
:105B4000142B002070B50446857900F0DFF80C4A6C
:105B5000E17902EB85020EE0936853F8213043B1FE
:105B6000481CE071A180906850F82100206000205E
:105B700070BD491CC9B28142EED3E171052070BDF0
:105B8000142B0020F0B441B9104A00252B464FF6E3
:105B9000FF7402EB8106575C0DE0F0BC00207047FB
:105BA0005A19D6F808C092B25CF822C0BCF1000FB6
:105BB00004D05B1C9BB29F42F2D822460280104662
:105BC000A242EAD0F0BC00F02DB80000142B002057
:105BD00070B50646A0F57F4043F20205FF381AD0A3
:105BE00009B1072070BD304600F044F8040012D01F
:105BF0000A482146026830469047094D0020A968AE
:105C000041F8260000F078F802462146686809F05D
:105C1000A5F9002070BD284670BD00001C5D000085
:105C2000142B002070B50E46054609F0C6F958B190
:105C30000F4800EB8604A06850F8250038B140F208
:105C40008B111720FFF766FD4FF4C571F9E7606807
:105C500000280BD0304600F04FF80146606809F08C
:105C600025F9002802D0A16841F8250070BD000088
:105C7000142B002070B50C46054609F09EF900284B
:105C800005D0034800EB8400806850F8250070BD03
:105C9000142B00202DE9F843164E884605460024B3
:105CA0002868C01C20F003002860204600F024F87B
:105CB000315D4843B8F1000F01D0002200E02A68AE
:105CC0000146009232B100274FEA0D0009F01FF99A
:105CD0001FB106E001270020F8E706EB8401009AD7
:105CE0004A602968641C0844286014F0FF04D7D077
:105CF000BDE8F883142B0020034931F810004FF65B
:105D0000FC71C01C08407047185D00000148007815
:105D100070470000142B002098020000B10501001C
:105D20002DE9FF4F244C064681B020689A469346E1
:105D300058B1017AB14203D9406850F8260040B109
:105D400043F2020005B0BDE8F08FA5211820FFF74F
:105D5000E1FC1946029809F053F9804658460E991D
:105D600009F044F9054608EB0500001D87B22068DC
:105D7000A1463946006809F099F804001AD06780F6
:105D800025802946201D0E9D07465A460923009569
:105D900009F002F82088414638440A23029ACDF8D7
:105DA00000A008F0F9FFD9F80000406840F826404C
:105DB0000020C7E70420C5E7C000002070B5144CE0
:105DC00023688BB1197A814212D95A6852F820108F
:105DD00071B1002542F820504A88186809F0BEF8D1
:105DE000216800200A7A0CE0C6211820FFF792FCF7
:105DF00043F2020070BD4B6853F8203033B9401CA9
:105E0000C0B28242F7D8086809F09DF8002070BD42
:105E1000C00000202DE9F0410D46040090464FF0EF
:105E2000000606D00027A00705D086211820FFF71E
:105E300071FC0127F7E7CDB11146002009F067F8A2
:105E40000C3000EB85068FB90A4F04F10C00AA0054
:105E50003C602572606000EB850020600021606876
:105E600008F002F94146386809F051F83046BDE8BB
:105E7000F0810000C000002070B5084D286800289F
:105E80000AD0002404E02046FFF798FF641CE4B227
:105E90002868007AA042F6D870BD0000C00000203B
:105EA000094910B502460968002049B10B7A9342AE
:105EB00005D9496851F82210002900D0081D10BDED
:105EC000EC211820FFF726FCC00000200A4910B57D
:105ED00002460968002059B10B7A934207D94968F4
:105EE00051F82210002902D031F8040B084410BDEB
:105EF000FA211820FFF70EFCC0000020014840786E
:105F000070470000C400002001484068704700004E
:105F1000C40000202DE9F8430C460746164625210B
:105F200010460D46224608F07CFF804657B13846A1
:105F3000414632462B46009408F02EFF0348476046
:105F4000047046704046BDE8F8830000C40000209D
:105F50000248427801784068FFF7DCBFC4000020A7
:105F600030B50D4901204860821EC1F808230B4955
:105F700088600023C1F80032C1F80823084C236070
:105F8000251D28608860C1F8082323602860064921
:105F90000448086030BD000000E0004000F0004010
:105FA00000F500400000F63F08F5014010B5FFF78E
:105FB000D7FF09F04DF803490148086010BD000003
:105FC0000000F63F08F5014010B50446FFF7C8FF92
:105FD00009F03EF800F088F80549044808602046BA
:105FE00000F0B8F8BDE8104000F0DCB80000F63F63
:105FF00008F501402DE9F84F8246384807F011FFB7
:10600000DFF8D8B028B101260BF10100FF210170A3
:1060100000E000264FF48075314C4FF000082F1D32
:1060200001216160C4F80081C4F80481C4F804A5AA
:106030002160DFF8B0901CE0D9F80000C00618D548
:106040000E2009F014F8EFF31080009072B60321CF
:106050002046C4F80413294609F016F830B9394629
:10606000204609F011F808B9FFF764F9009800B963
:1060700062B62946204609F007F828B93946204675
:1060800009F002F80028D7D03946204608F0FCFF76
:106090000028C5D106BB9BF801108DF800100099AF
:1060A00000919DF8001009B1012500E000250BF1D9
:1060B000010080F800800320C4F80803C4F80481BC
:1060C000C4F800810E2008F0D2FF044807F0C0FE9B
:1060D00015B11120BDE8F88F0020FBE73803002040
:1060E00000E0004010ED00E010B5064807F0ACFEFF
:1060F00018B127211D20FFF70DFB02480021417038
:1061000010BD00003803002070B511490A68EAB1DB
:1061100000231D4601244A68521C4A600C2A00D301
:106120004D600E7904FA06F20E6816420BD0EFF3BA
:10613000108372B60C6894430C6003B962B6496868
:106140000160002070BD5B1C0C2BE4D3052070BDEA
:10615000CC0000200248002101604160704700002F
:10616000CC00002010B5044C2078FF2803D0FFF7A6
:1061700097F8FF20207010BD0000002010B5084CDB
:10618000617809B10F2010BDFFF750F82070FF288B
:1061900001D0002010BD78211F20FFF7BBFA0000BE
:1061A00000000020014900204870704700000020D6
:1061B0000648074A818C5288914204D190F8220007
:1061C00008B100207047012070470000E02B00203C
:1061D0002403002001494880704700002403002068
:1061E0000848094A818C5288914209D14FF6FF71C3
:1061F000818410F8221F19B100210170012070471D
:1062000000207047E02B002024030020074810F8EE
:10621000221F012907D00121017005480349008888
:10622000888401207047002070470000E02B002088
:10623000240300200649074B8A8C5B889A4205D1CB
:1062400091F8222012B101600120704700207047B0
:10625000E02B00202403002009498A8CA2F57F430B
:10626000FF3B02D00021016007E091F822200449A1
:10627000012A02D001600120704700207047000011
:10628000E02B002001490880704700002403002013
:106290000549002081F822004FF6FF7088840349E9
:1062A0000880488070470000E02B00202403002075
:1062B00005498A8C824205D1002081F822004FF6E0
:1062C000FF70888470470000E02B00200A4A10B15C
:1062D000012807D00EE0507860B1D2F802000860C3
:1062E000D08804E0107828B1906808609089888090
:1062F00001207047002070473A030020084A01231C
:1063000038B1012804D113700868906088889081A2
:10631000704753700868C2F802008888D0807047C0
:106320003A030020064910B1012802D005E0487860
:1063300000E0087808B10120704700207047000095
:106340003A03002001490877704700003A230020F3
:1063500010B5044600F050F918B1C5212720FFF709
:10636000D9F90348012109F0BAFA0248C46210BD04
:1063700018230020D40000200149012088717047B3
:10638000D40000202DE9F84F674D0A9C2E78EEBB13
:10639000E2B3DBB3D4B305F11406C5E90E0186E818
:1063A0001C000027AF716F71EF70AF702F71AF815C
:1063B000EF8100F071F9064600F068F9044606F036
:1063C000D5FA06F075F894F96E0006F053FBE06913
:1063D00006F026FC606906F019FC96F82B0006F022
:1063E0004FFC4FF0010A94F86A10002006F0C4F93F
:1063F00000287DD04D4806F023FA2088FFF766FD7F
:1064000028632088FFF74CFD686300E009E094F8FA
:1064100077008DF80000009800909DF80000A8B962
:1064200002E040F21D117CE0206F78B1B6F8420026
:10643000B18988420AD1B4F8741001220844A6F840
:10644000420094F87600216FFDF76AFD06F18000A6
:10645000374990E80C1101F1080989E80C11D6F8C8
:106460009020C1F82120D6F89400C1F8250000F052
:106470006BF90146208FB94608F0D9FFA18E814201
:1064800000D208462872A84694F86B10E08FF77E79
:10649000A58F082900D1042108F0C9FF0FB9001DFC
:1064A00080B2854200D22846C0B288F80900F27E48
:1064B00002B10422104488F80700B07E98B11C484D
:1064C0004D46083080F818A0D6E91C12C0E9041225
:1064D00094F86A0008F088FE15490346FB2208314B
:1064E000284605F051FF012000F0A8FB114800E00C
:1064F00013E00068032812D00B2810D00C480E229D
:106500000021523007F0B0FD0948B1895230418076
:106510002188018096F82B100171BDE8F88F4FF4A7
:10652000EC712720FFF7F6F8D4000020C06D0000C2
:10653000E8220020501500402DE9FC478A46064617
:1065400000F0AAF82B4D04464FF00008686A47781F
:106550000EB1012E01D185F8018068784FF0010954
:1065600050B1012821D002282BD003283AD040F284
:106570001D412720FFF7CEF8012E28D000F0D0F8DB
:10658000694601AA686B08F084FB009808F01EFBBE
:10659000CAF8000039460122686B0DE084F81080CB
:1065A000BDE8FC8784F81090FAE7012E0FD000F0C8
:1065B000B7F839460022686B08F0BFFA022E06D100
:1065C000EEE7012E03D0686B08F06CFCF6E7D4E927
:1065D0001E01401C41F10001C4E91E01207C01287C
:1065E000E0D1DBE7012EDBD0686BBDE8FC4708F0AB
:1065F00059BC0000D40000200448007808B10C20E9
:10660000704703490020087770470000D40000203D
:106610003A230020124808B5017839B100780128E2
:1066200006D04FF4F8712720FFF774F800F0EEF968
:1066300000F02CF890F877108DF800100099009178
:106640009DF8001000290AD1016F002907D090F8A9
:1066500076000022BDE808401146FDF761BC08BD88
:10666000D4000020084600214170212100F8041BBD
:106670000E22014907F07EBC48230020024A93897C
:106680000343938152691047D400002001484068B9
:10669000704700000C0100200148406888307047B6
:1066A0000C010020014A002152691047D40000204B
:1066B00070B5054601291CD8104CA1698847C0B1A6
:1066C0006079B0B9012D16D104F110000078C1062F
:1066D00005D4E16A0978C90601D4012100E000214E
:1066E000A26A1AB962890AB1C00602D5A08901431B
:1066F00001D0012070BD002070BD0000D40000203A
:10670000064B12B15889401C588119B1D888401CD9
:10671000D88070471889401C188170473A230020A0
:1067200010B5084CA06A38B16289616AD21C07F0C2
:1067300021FCA06A606210BD40F263412720FEF791
:10674000E9FF0000D400002010B5FFF79FFF0446CA
:10675000FFF7A2FF0146407D0B4A26280AD02728D2
:1067600008D0897D262905D094F86A00042800D134
:10677000082010BD506890F8521294F86A00BDE8E5
:10678000104008F03FBD00000C0100202DE9FE4F35
:106790008B460746FFF780FF4FF000096B4C05461C
:1067A0008DF80490CDF80890CDF8009020784E46F2
:1067B000022804D040F2EE412720FEF7ABFFA07B79
:1067C000400606D44020FFF76DFFE08940F040000E
:1067D000E081E87E4FF00108DFB380B105F0A2FE52
:1067E00005F07CFE58B9606A417841B10078297C97
:1067F000C0F3C000884202D184F80280A1E0606A40
:106800004178618121B1606B08F019FBA06200E062
:10681000A662E08940F48070E081606AE97B0078DC
:10682000C0F38000884207D002A800F085F9E08913
:1068300040F48060E08101E04FF00109606A297C4A
:106840000078C0F3C00088420ED101A800F036F9EC
:106850000AE0FFE708B105F05FFEE078401CE07059
:10686000E08940F40070E081DFF8E0A0A87E0AF142
:10687000380A90B1FFF70AFF354981F81880D5E949
:106880001C23C1E9042390F86A0008F0ADFC03461C
:10689000FB222F49304605F077FD4FF00008BBF191
:1068A000000F04D1E1780120FFF702FFB0B106F03C
:1068B00099F99DF8040018B169460020FFF73CFEE5
:1068C000A8894A463946FFF71BFF27B11F48E670E3
:1068D000383009F09EFA4FF001081BE09DF80400E3
:1068E00018B169460120FFF727FE002000F0A6F945
:1068F0009DF8040018B169460220FFF71DFEA88923
:106900004A463946FFF7FCFE27B11048E67038309A
:1069100009F07FFA029840B108F058F9DAF804104B
:10692000401C06720D2200F02DFE009830B1DAF8FE
:10693000041006722722009800F024FEB8F1000F20
:1069400001D000F063F8BDE8FE8F0000D400002005
:10695000F02200202DE9F04788468146FFF79CFE93
:10696000284D04462878012804D040F2724127209F
:10697000FEF7D0FE207A0026012720B126720021E2
:106980000420FFF77BFE296A0878C043800709D1FD
:10699000A07B78BB0220FFF771FE286A0078C04315
:1069A000800727D0286A407810B10220A07300E049
:1069B000A773E07E90B1FFF769FE13496D7A0E76FA
:1069C000D4E91E23C1E9042390F86B0008F00CFC05
:1069D00003462A460C49384605F0D6FC38EA090039
:1069E00004D000210846FFF763FE28B1BDE8F04758
:1069F00000F00CB80320D9E7BDE8F047002000F014
:106A0000E1B80000D4000020F022002010B505F00D
:106A100029FE05F04DFD0D4CE089FFF743FE0C48C3
:106A2000007F58B10A490E2201F10E0007F0A2FAC8
:106A30000748212207491D3000F0A4FDE269617971
:106A4000A07890470020207010BD0000D4000020E6
:106A50003A23002065660000084810B50078022837
:106A600004D040F21E212720FEF754FE04490120E5
:106A70000873BDE81040FFF7C9BF0000D400002034
:106A80003A2300200C4B30B4DB793AB9FF2B05D107
:106A900090F86B2090F86A40A2420AD029B190F891
:106AA0006B1030BC184606F0C1B8FF2390F86A108E
:106AB000F7E730BC70470000D400002070B50646F0
:106AC000FFF7EAFD1B4A04460125516A087800F0E9
:106AD000030001280CD002280AD0032821D12572F6
:106AE000D08940F40060D0810120FFF7C7FD18E095
:106AF0004878B0B1D18941F40061D181916A00290F
:106B000009D0FB2808D8907920B1BDE8704020203A
:106B1000FFF7C8BD357070BD507940F0100050715E
:106B200070BD207C012801D0257470BD0020207428
:106B300070BD0000D400002070B50546FFF7ACFD25
:106B40000446807B002826D002280CD1174829460D
:106B5000006B07F0CAFFF8B1D4E91C01401C41F1F9
:106B60000001C4E91C010025A573607A012670B1FB
:106B70006572FFF735FB90B100210820FFF77EFD1D
:106B8000D4E91C01401C41F10001C4E91C01E07B77
:106B9000012809D0E67370BD40F2B93101E04FF42D
:106BA00074712720FEF7B6FDE57370BDD400002098
:106BB00003480078002801D0FFF728BF7047000085
:106BC000D40000202DE9F0410746FFF75FFD804625
:106BD000FFF762FD164C05463A46E06A6062012105
:106BE0004046FFF74FFFE87E002668B1114805F0E8
:106BF00063FF11480676D5E91E12C0E904120D495B
:106C0000606A05F013FC04E0606A05F055FF05F0CA
:106C10004FFC17B9304605F01BFE002198F86A209A
:106C2000084605F0C1FF02202070BDE8F081000099
:106C3000D4000020E8210020F02200202DE9FC47AC
:106C40000446FFF729FD0546FFF720FD4FF0000839
:106C50000646DFF860918DF8008022464146FFF736
:106C600011FFA87B0127A9F1200440B101281FD002
:106C7000022830D003283CD040F2D52158E0207AB9
:106C80005021ADF8040088534846FFF7D3FA28B1E5
:106C90008020216AFFF7F2FC6F722EE06A4601A99C
:106CA000206B08F0B9FA206210B195F8551011B1B7
:106CB0004148206221E09DF8001031B9A0F8008021
:106CC00080F80280012108F00AFEBDF80410206A55
:106CD00008F09FFD11E0B6F85000ADF804006A46D8
:106CE00001A9206B08F098FA206230B940F2BF2168
:106CF0001EE04846FFF79EFAC0B1206A08230178DB
:106D000001F0F7010170EA7B03EAC202114301F0CE
:106D1000FB0101702A7C042303EA8202114301F083
:106D2000EF010170C943890705D007E04FF43271C4
:106D30002720FEF7EFFCC07802280FD0206B07F069
:106D4000EBFF08B101210AE0206A0078C043800708
:106D500004D0FFF72DFA80F0010100E00021206A45
:106D6000027842EA01110170A97E81B1417871B1C6
:106D7000124805F0A1FE104828380776D5E91C1204
:106D8000C0E904120D48216A05F050FB03E005F04C
:106D900093FE05F08DFB96F86B200121002005F095
:106DA00003FF2771206A018821828078A0742770F0
:106DB000BDE8FC87F400002018230020E821002013
:106DC000596A00008D67000055690000B16B000032
:106DD00000487047D92D002070B5002635460F4C6D
:106DE00018E0601990F83B2190F80311012A02D0B5
:106DF00090F84B0160B10A4804EBC101731C855542
:106E000091F853213046DEB201F5AA7105F0F0FF8A
:106E10006D1CEDB2A078A842E3D870BD062C00200E
:106E20002C03002004498A78824203D9084490F850
:106E30004301704700207047062C002004498A78DF
:106E4000824203D901EB0010833070470020704765
:106E5000062C0020054A01EB410102EB41010268CA
:106E6000C1F80B218088A1F80F017047062C002083
:106E70002DE9F04107460024104D19E02046FFF7A8
:106E8000DDFF030012D0281990F8430170B904EB1C
:106E9000440005EB400606F20B163A46314618460A
:106EA00008F03DF930462146FFF7D4FF641CE4B2F8
:106EB000A878A042E2D8BDE8F0810000062C0020AE
:106EC00004498A78824203D901EB0010C01C704744
:106ED00000207047062C002008498A78824203D996
:106EE0000A1892F843210AB10020704700EB4000D5
:106EF00001EB400000F20B1070470000062C002050
:106F000010B540F2D3120021084807F0ADF808226E
:106F1000FF21074807F0A8F805480021001F01706D
:106F200041704FF46171418010BD0000062C0020BB
:106F30002C0300200B4B10B59C7884420FD91844C9
:106F400090F8030103EBC00090F853310B70D0F8B8
:106F500054111160B0F858019080012010BD00203C
:106F600010BD0000062C002007498A78824209D90A
:106F7000084490F8030101EBC00090F85A0100F0BA
:106F80000100704700207047062C0020014840880F
:106F900070470000280300202DE9F0411446012528
:106FA00000221F462E46227000F0F6F8102824D04A
:106FB000DFF8548008EBC00191F85A1101F001018B
:106FC000217000F0B9F80446102816D007B13C70C3
:106FD0002046FFF775FF80B198F802104046A142A5
:106FE00003D9011991F84B6100E0002608EB040079
:106FF00090F83B01012804D0002545EA0600BDE8D1
:10700000F0810125F9E70000062C002070B50D463F
:10701000064600F0C1F8104C102807D004EBC00160
:1070200091F85A11C90701D0012070BD6178082973
:1070300010D2102808D004EBC000012180F85A11AA
:107040006078401C6070EFE701222946304600F06E
:1070500087F8F5E7002070BD062C002070B50B4DB9
:107060002878401E44B20AE005EBC40090F85A01AB
:10707000C00702D0E0B200F0EDF8641E64B2002C4C
:10708000F2DA03490020487070BD0000062C002091
:10709000280300202DE9F04100242546184E29E060
:1070A00006EBC50797F85A01C00721D0284600F023
:1070B00043F80346FFF704FF01460020102B09D0D8
:1070C000F21892F83BC1BCF1010F02D092F84B21AB
:1070D00002B10120401E01420AD10A4807F5AA71F7
:1070E00003552046641C97F85321E4B205F080FE56
:1070F0006D1CEDB23078A842D2D8BDE8F081000016
:10710000062C00202C0300200246094810B5007808
:107110000B4658B10748817841B10BB1C01C01E062
:107120000448833005F08AF8012010BD002010BD0E
:1071300028030020062C0020084910B50346002033
:107140008A7806E00C1894F803419C4204D0401C55
:10715000C0B28242F6D8102010BD0000062C0020DC
:1071600070B50C4B04461878451C1D70102803D3CD
:1071700046212820FEF7CEFA03EBC0030D68C3F8C2
:1071800054518988A3F8581183F8534183F85A2140
:1071900070BD0000062C0020F0B51A4C03460020FC
:1071A00025782AE004EBC0020F7892F854C192F8D7
:1071B000536187EA0C075E403E444F7892F855C110
:1071C00087EA0C073E448F7892F856C187EA0C078D
:1071D0003E44CF7892F857C187EA0C073E440F79B6
:1071E00092F858C192F8592187EA0C073E444F792A
:1071F0005740F74204D0401CC0B28542D2D810207C
:10720000F0BD0000062C002070B50546FFF794FF86
:1072100010281CD10E4C2078401EC0B22070A8420D
:1072200015D004EBC00204EBC50102F58070D2F862
:107230005321C1F85321D0F85700C1F857012078E5
:10724000FFF77AFF102802D0204480F8035170BD68
:10725000062C002005494A78521E4A7001EBC001F5
:10726000002281F85A21FFF7CFBF0000062C002032
:107270002DE9F041044600F1880771B104F1A6063A
:10728000751E012916D0022925D0032910D13146B7
:107290002846BDE8F04108F0ECB94FF42672002111
:1072A00006F0E2FE384600F04DF8202084F839025E
:1072B000BDE8F08121690D480A460844B0FBF1F0B1
:1072C000C4F8C40040F6B830A4F8C800638B384650
:1072D00000F00EF8DBE70169B4F86632D4F86022FA
:1072E0003846BDE8F04100F003B800007FC3C90193
:1072F00010B50024A0F8464030F84A4F4C43B4FB88
:10730000F2F420F8124940F27124634302EB0313B4
:107310005B1EB3FBF2F30382094BB3FBF2F35B1C7E
:10732000C3820389634302EB03135B1EB3FBF2F3D7
:10733000436003684B43B3FBF2F1016010BD0000F2
:10734000005A6202012141770849C0F866100721FE
:10735000C0F86A1000F166010A7822F004020A708F
:10736000FE2180F89C107F21417470472F49043022
:10737000094908B509788DF80010009900919DF829
:10738000001009B1002008BD0349D1F801200260B6
:1073900049790171012008BD480300200549FF22F9
:1073A0000A700A460368C2F8013000795071002063
:1073B000087070474803002070B581EA11418BB214
:1073C000C57A83EA02010022CCB2090A94FAA4F435
:1073D00091FAA1F1240E090E44EA012101EB0111F9
:1073E000521C1944D2B289B2032AEDD35940252246
:1073F000B1FBF2F302FB131200EBD20302F007061B
:107400005B78012404FA06F6334201D0104670BDC1
:107410004D43290C491CC9B200228518AB798B4217
:1074200012D395F80150002304FA03F6354201D037
:10743000491EC9B221B15B1CDBB2082BF4D305E0B5
:1074400003EBC200C0B270BDC91AC9B2521CD2B29D
:10745000052AE2D3F9214620FEF75CF9417841B1D3
:10746000C0782B2803D2044A105C884201D1012045
:107470007047002070470000B81A010010B50122C3
:10748000C1702B2902D2064A525C06E0FF2904D0C3
:107490004FF48F612A20FEF73DF9427010BD0000C5
:1074A000B81A01000449897C490700D408B10020BA
:1074B0007047012070470000202B00200348807C8B
:1074C000800701D40120704700207047202B002046
:1074D0000348807CC00701D000207047012070471E
:1074E000202B00202DE9FE43884699461546044688
:1074F00001A907F0F2FE98BB029E012088367DB1FB
:107500002046FEF7E3FC04000CD0294607F0D6FB2A
:1075100018B116494988A94206D20020BDE8FE8369
:1075200030771DE068211EE001466A46204607F0DC
:10753000BEFB0098002707808770317F09B14FF0AC
:107540000208414608F0CBF900982A464946C01C7B
:1075500006F010FD2046294607F067FB10B137778B
:107560000120DBE77D212B20FEF7D4F8202B002023
:1075700002220249024800F005B800003DFA00006E
:10758000732B002038B518B3037A8DF80030009BB8
:1075900000939DF80030002B26D1416000F10801D6
:1075A0000A70EFF3108272B6104B0360191F4C681B
:1075B000247A8DF80040009C00949DF80050012D25
:1075C00004D00B68186008603AB107E00B60F9E777
:1075D0004FF492611020FEF79DF862B604480078DF
:1075E000BDE83840FDF740BE38BD00008C2B0020C0
:1075F0004E0300202DE9F843514EDFF848818146C3
:1076000000257068007A8DF80000009800909DF8C1
:107610000010272906D198F8131019B1B8F81400F2
:1076200000287BD08DF80050684600F08DF99DF859
:1076300000100029F8D1002870D00446007A8DF897
:107640000000009800909DF80070B81E262872D2A5
:10765000DFE800F0133524712F35357135353535B8
:107660003571712F3535712F7171713571713571BA
:107670003535695471711E43495B626812B940F235
:107680008A3155E049462046904720E0217255E076
:107690006268002AF6D140F2933149E02A48036833
:1076A000ABB10422494600209847484600F088F8CC
:1076B00044E06268002AE5D140F2034138E03A46EE
:1076C0002146484600F068F918B10D2F36D02946FA
:1076D000DCE70D2F32D0257293E76268002AD1D102
:1076E00040F22B4124E089F80150192289F800204A
:1076F000D4F809202946C9F80420C7E76268002A9F
:10770000C0D140F2474113E008E01048026822B1BE
:10771000606828B10088494690470220BDE8F88398
:107720004FF48A6104E06268002AABD140F25D4107
:107730001020FDF7EFFF40F26B41F9E70420EDE781
:10774000882B0020202B00201C0100201401002089
:107750000149087000F0F0B94E03002024220249CC
:107760000248FFF70FBF00004BFA00007C2B0020FF
:10777000064808B5407C8DF80000009800909DF800
:107780000000002800D0012008BD0000732B00205D
:107790000449034808600549034808607047000031
:1077A00049F9000018010020A5780000140100200C
:1077B000024901480860704715FF00001C010020C5
:1077C0002DE9F04104460078052801D0BF2159E099
:1077D000A07BC00601D4C02154E01C22211D3048EA
:1077E00006F0C8FB2E48227B04F120011C3006F075
:1077F000C1FB2B4D4FF00106A87A400702D5E87C6B
:10780000FE280BD0042727700A222549201D06F0E8
:10781000B1FBA87A01071AD5A7732EE013202070B8
:107820002878207166716878A071D5F80200C4F8D4
:107830000700E888A4F80B00FE2060736869C4F8AC
:107840000E00288B6082687A2075BDE8F081C10740
:1078500003D0810701D500200EE0410701D5A673B2
:107860000BE0C10711D1810701D5022004E0C10757
:107870000BD1800709D40320A0732A7A1F2A07D9C5
:107880004FF482711020FDF745FF40F20111F9E736
:1078900004F10F00BDE8F04101491C3106F06ABB5C
:1078A000382B002038B50D0014D0288000216971D4
:1078B000FEF7F6FA044607F0DCF970B101466A46B5
:1078C000204607F0F4F9688050B1FB280BD940F24C
:1078D000C22133E040F2B12130E040F2BA212DE084
:1078E00040F2BF212AE0009807F0B7FF012804D03A
:1078F000022802D040F2D32120E02871A868A8B164
:1079000000996A88C91C06F035FB204607F079F912
:1079100078B12046002107F068FA68B10948C17CB7
:10792000002902D0818A491E818238BD4FF4377107
:1079300004E040F2E12101E040F2E6211020FDF7F1
:10794000E9FE0000202B002038B50246114B002034
:1079500010705868017A8DF80010009900919DF818
:1079600000500124012D06D0EFF3108172B6056896
:107970005D6011B102E0002038BD62B6017A8DF879
:107980000010009900919DF80030002BF4D1147084
:1079900038BD0000882B00202DE9F04786B00F008D
:1079A0000446914613D0786888B100F1880500F547
:1079B000A671068810464FF00008122A78D009DC1C
:1079C0004FF0010A03280AD00D2A70D11AE040F2C4
:1079D0000B21ACE01E284CD01F2A7FD126E0002DC1
:1079E0000FD084F8018084F800A084F80480A4F803
:1079F000056095F86100E07135F8620F20816888B4
:107A0000608175E03046FEF761FA60B184F801806C
:107A10000F222270E680A4F808A0414684F804A052
:107A200007F0E3F964E040F2531180E0FFF750FD06
:107A3000E8B387F808803046ADF8006002A907F087
:107A40004CFC10B140F2251171E0039810F8661F4C
:107A50008DF8021041788DF803104088ADF80400CD
:107A60000221684609F063FC002834D040F23B1143
:107A70005DE0FFF723FDD0B187F8088003A9304609
:107A800009F08CFB10B14FF4A17150E0ADF800602B
:107A9000BDF81200ADF80200BDF81400ADF8040006
:107AA000BDF80E00ADF80600BDF8100001E015E0CD
:107AB00009E0ADF80800684609F094FB00280AD0F8
:107AC00040F24B1133E091F82C0000F00100FFF779
:107AD000E9FC30B1002006B0BDE8F087B9F10A0F2B
:107AE00008D0144803681BB178684A462146984775
:107AF0000120F0E73046FEF7D3F906F0EEFFA0B123
:107B0000304607F0D8FA00213046FEF761F8002D24
:107B1000EED084F801800C21217084F80480A4F850
:107B2000056095F83500E071E2E74FF4137110201D
:107B3000FDF7F0FD18010020094810B5002101658E
:107B400041658165C16512223B3006F08DFA04481B
:107B50005430021F011F012350600B73106010BDD1
:107B6000382B0020F0B56FF01F02010C02EA9026BE
:107B70001F25A1F5AA4054380DD0A1F5AA405538CB
:107B800009D0A1F52850AA3805D0A1F52A40AA3875
:107B900001D0012000E00020002213464FEA020439
:107BA00082EA0107FF431F437F1C0FD006F0010745
:107BB000520842EAC73205F001075B0876086D08F3
:107BC000641C43EAC733162CEAD3F0BD0020F0BD95
:107BD00010B5044608F0A4F808B3E04308F0A0F894
:107BE000E8B1A01680EA6000411E084217D0204686
:107BF00008F0E5F8182812D8A0B2B0EB144F07D15E
:107C00004FF0FF1101EA142104F0FF10814206D069
:107C100004484440601E044201D0012010BD0020F1
:107C200010BD0000D6BE898E10B5044808F089F852
:107C30000248BDE81040083008F083B82001002059
:107C4000014800F003B800002801002010B5D0E979
:107C50000021094B094C53435443514081EAB2126D
:107C600082EA41224FEAF141C0E9002143EAD463AC
:107C700003EB8303184610BD6037EFC6BB79379E10
:107C800070B545680C1D002395F89E2088350126A7
:107C90001946284607F04AFB90B12068094A217925
:107CA0001040C5F8660001F00701C5F86A10002011
:107CB000A5F8520085F854600420A875002070BD16
:107CC000012070BD2F49043310B5041D04F07EFA65
:107CD000034A01F0070110402060616010BD000000
:107CE0002F4904332DE9F0410646037840680F1D03
:107CF00000F1880500F5A67480466A7D07212846B4
:107D000007F014FB28B33868134A39791040C5F8D6
:107D1000660001F00701C5F86A10002085F85000E0
:107D20006875B8F80010A4F86C1084F86A003A6816
:107D3000C4F86E207A68C4F87220716881F8430133
:107D4000072204F160007168FFF71CFC0020BDE809
:107D5000F0810120FBE700002F49043370B50D1DB1
:107D6000446804F033FA064A104001F0070294F820
:107D7000EE10014061F3070028606A6070BD0000EA
:107D80002F490433044A1268C2F580534B434243DF
:107D900003EB2230704700003001002001484068AA
:107DA000A03070473401002010B5214C606890F875
:107DB000480008F09EF8616881F849004A31FEF7F2
:107DC00085FA606890F8480008F09AF8616881F8D0
:107DD0007D0091F849004A3108F077F830B96168C0
:107DE00091F849004A3108F079F808B1012100E022
:107DF0000021606880F85C1019B990F87D000028B7
:107E000014D0FFF7C3F80B49A0FB01236068903042
:107E100008F0D5F8606890F87D0010B10020FFF7F9
:107E200027F8BDE81040002000F0EEBD10BD0000B6
:107E30003401002040420F00044A0328526800D158
:107E4000516582F85800002070470000340100207E
:107E5000074808B54068017A8DF800100099009134
:107E60009DF8001009B1808908BD4FF6FF7008BD6C
:107E7000340100200249496881F87E0000207047E3
:107E8000340100200A484168886E70B101F16D002C
:107E9000FF22027000228A66027091F86C100120A5
:107EA000884004490860002070470C20704700009B
:107EB0003401002008F5014002460C4810B58260EC
:107EC000C0680C4668B100F09BFF08F0ACF9204692
:107ED00000F0A6F8002807D040F684113220FDF704
:107EE00019FC40F67E11F9E710BD000034010020B6
:107EF0002DE9F0410F4C0546164660680F4690F894
:107F0000480007F0FDFF58B155B9384607F0F1FFBA
:107F1000314607F090F9082802D00120BDE8F08131
:107F2000606890F8480007F0E4FFBDE8F041FEF714
:107F3000F9B900003401002070B5134C15460E4607
:107F4000002816D04FF00002616801F8512F4872E6
:107F50004FF0080081F82A0014D1304607F0C9FF1D
:107F6000294607F068F96168082881F87B0003D08A
:107F700008E04FF00102E7E7304607F0C1FF08B123
:107F8000122070BD002070BD3401002010B5B1B1C9
:107F90000D4A526882F85F00086810668888A2F867
:107FA000640092F8490052F8541F487252F80809C8
:107FB00052F8021CC0F80A105188C18110BD40F669
:107FC0008E313220FDF7A6FB340100200249014822
:107FD000C86070473C9000003401002002494968A5
:107FE00081F84800704700003401002070B5054654
:107FF000FDF784FF0446FDF787FF214607F0DDFF0C
:10800000010006D00548C06802682846BDE87040F7
:10801000104740F692213220FDF77CFB340100200E
:1080200070B5194D0446686890F87010012904D0A5
:1080300090F8700008B10C2070BDFDF789FF08F0C2
:10804000F2F800F0AFF846220021686806F00CF85C
:1080500069680022012081F85D2081F8510081F8D3
:10806000582081F87A2081F85E4081F89820072016
:1080700081F8500001F16D00FF23037081F86C203E
:108080008A660270002070BD34010020054810B5DA
:10809000406890F8480007F02CFFBDE81040FEF75C
:1080A00041B900003401002040B1022806D000226E
:1080B0000349496801F8512F087270470122F7E718
:1080C000340100200249496881F8500070470000DF
:1080D0003401002010B503460078C00705D0587859
:1080E0000021FFF7A9FE00280CD1074C98786168A1
:1080F00081F84800D878FFF7D7FF6168187981F8D0
:108100005000002010BD0000340100200148C0686C
:10811000406800473401002010B500F02DF90C4BE9
:1081200040B15868012180F84210416D0988A0F8DB
:10813000441004E05968002001F8420F4880586854
:108140001522BDE8104003493830FFF71BBA000084
:10815000340100209D8D00000248406890F85800CE
:10816000704700003401002010B500F005F90C49FB
:1081700028B1486890F85A0001280ED00CE04968F0
:1081800091F85800012801D0022805D191F8590032
:10819000012803D0032801D0002010BD012010BD0C
:1081A0003401002010B5074C606890F87C0000286E
:1081B00007D004F035FA04F059F86168002081F81E
:1081C0007C0010BD3401002000204870072008709A
:1081D00002484068406B486070470000340100204E
:1081E0002DE9F041104D06460F4668680F4990F89A
:1081F0007A000C5C204604F043FD6868012180F899
:108200008840252004F012FD384604F055FC4FF05C
:108210000101084626B104F0AFFA18B9BDE8F081B3
:1082200004F070FA0120F9E734010020E31A01009C
:1082300070B50D4D0C466868416D026941F8032F19
:10824000828A8A80C07B07F054FE696800254A6DE7
:108250000A3190706570142020702022201D05F0D6
:1082600089FE257270BD000034010020F8B500269B
:108270000F4605468DF800606B4600F095F801004A
:10828000104803D0406880F88160F8BD40689DF8D0
:108290000010072F90F8514001D3344602E022002D
:1082A00000D10C4680F8814069680029EDD0697CD6
:1082B00080F8891069680A6840F8822F898881806F
:1082C000F8BD00003401002010B515494268496826
:1082D000137891F88240A3421FD1537891F88340DC
:1082E000A3421AD1937891F88440A34215D1D37850
:1082F00091F88540A34210D1137991F88640A342AA
:108300000BD1527991F887309A4206D1407C91F88E
:108310008910884201D1012010BD002010BD00004D
:108320003401002030B501788DB001F00F042246F1
:1083300001A900F099FE01A8FFF7C6FF054604F069
:1083400091F900F0A1FB042C11D185B10BA800F02C
:10835000A7FB9DF92C0000900648406890F88830F3
:1083600090F8982090F8791001A807F011FF0DB04F
:10837000052030BD340100200448406890F85800C2
:10838000032801D0002070470120704734010020ED
:10839000827C83680348416891F849004A3106F0BD
:1083A0008EBE00003401002070B541681E460446B0
:1083B000C1B1607C07F092FD104D696891F87C10A6
:1083C00041B138B106F02DFF696801F8780F4870A7
:1083D0000120C8716B6893F87800FF2804D0FEF77D
:1083E000C3FD3070002070BD607C32467833616818
:1083F000FEF7D2FD80F0010070BD000034010020C6
:10840000FEB5434C6F466068017A8DF808100299FA
:1084100002919DF8081011B141F296514FE00025EC
:108420008572416D0A888281086906F066FF61687D
:108430004884486D028B8A84408BC88481F8285018
:108440006946A06807F08EF9A0680078C0F380162E
:10845000606890F87D0020B13946304607F03EFD57
:1084600040B9606890F85D0060B13946304607F069
:108470002CFD38B160680099C0F81610BDF80410E2
:10848000418303E06068C0F816504583616891F845
:108490007900FF2816D001F110020F31FEF74AFDD6
:1084A00058B16068C17B41F00201C173D0F88210FD
:1084B000C161B0F8861001840FE041F2C151322051
:1084C000FDF728F991F88900C873D1F88200086196
:1084D000B1F886008882CD610D846068426D90F8A5
:1084E0005E1082F86E1011220A49FFF74BF860689F
:1084F000416D2A300A8808498A864A6D92F8A5207B
:1085000081F8362006220549FFF73CF8FEBD000041
:10851000340100203182000060230020C981000066
:108520002DE9F0414C4C06460021D4E9015070354C
:108530000180032E02D0052E04D051E0032107F064
:1085400028F94DE0052107F024F9D4E90107416D30
:108550004969C7F80F10416DC969F9740A0A3A757B
:10856000090C7975406D0169808C07F04DF8B8757C
:10857000D4E90107406D0169006A07F02EF8F8752B
:10858000000A3876D4E90107406D006906F0B5FEAF
:108590007876000AB876D4E90107416D098B07F8AF
:1085A0001B1F090A7970416D498BB970090AF9706E
:1085B000416D51F8A62F7A6009793972406D90F8B3
:1085C000B110787A01F01F0100F0E00008437872E2
:1085D00003F02CFE797A01F01F0141EA4011797213
:1085E00005F11201A06807F0EFF8697EA06807F0B6
:1085F000F1F8606800F14A0590F8497090F87D0044
:1086000088B1FFF7B9FE30B1606890F8511011B130
:1086100090F87B0002E0606890F87800FEF75CFC60
:1086200008B1012705462946A06807F0DAF839465F
:10863000A06807F0DCF8A06804F03EFA052E08D127
:1086400060682A68416DC1F80A20AA88CA81406D15
:108650004772BDE8F0810000340100202DE9FF5F82
:10866000654F0446786890F8818090F87D0080B16D
:1086700000260025A07CA16807F030FC8246FFF7A9
:108680007BFE40B1786890F8511021B190F87B00E2
:1086900004E00126EDE7786890F878008346FEF75D
:1086A000CDFB5FEA00090CD05846FEF7BBFB00B1DA
:1086B0000126BAF1000F04D04846A16806F064FD17
:1086C00005467868B94690F849700DB147F0020741
:1086D000FFF752FEA0B36068D9F80410027891F851
:1086E00060309A421FD1427891F861309A421AD193
:1086F000827891F862309A4215D1C27891F863304D
:108700009A4210D1027991F864309A420BD14079A3
:1087100091F86520904206D1607C91F85F10884204
:1087200001D1012000E00020344F824697F8780004
:10873000082806D097F87B10884202D1012001E07A
:1087400021E00020814625B92EB12046FFF720FE0A
:1087500008B1012000E00020B8F1000F09D097F81F
:108760005A10012903D021B95AEA090101D0012187
:1087700000E00021084203D00C2004B0BDE8F09FC7
:1087800003F070FF36E003F06DFFB8F1000F31D059
:108790002046FFF7FDFD00B975B103A800F080F990
:1087A000D9F804209DF90C3092F8790092F88810DD
:1087B0008DE80B003B4618E0D9F804004D4690F8D0
:1087C0005900032801D0022814D1BAF1000F11D0AA
:1087D00003A800F065F96A689DF90C3092F87900F9
:1087E00092F888108DE80B00FE23012120464A32C2
:1087F00007F056FC0520C0E734010020602300206C
:108800007FB53F4C0546606890F8811000296CD018
:1088100090F8580002282CD0012843D0FFF7ACFD77
:10882000002867D06A686168107891F860309842D3
:108830004CD1507891F86130984247D1907891F8B6
:108840006230984242D1D07891F8633098423DD15D
:10885000107991F86430984238D1507991F86520B8
:10886000904233D1687C91F85F2090422ED1012054
:108870002DE003A800F014F962689DF90C3092F81D
:10888000790092F888108DE80B00FF23002128461C
:108890004A3207F005FC6168012081F898000B203E
:1088A00004B070BD03A800F0FBF862689DF90C30BD
:1088B00092F8790092F888108DE80B00FF230021D0
:1088C00028464A3207F0ECFB0520E9E7002091F842
:1088D0005A1001290CD058B90A4991F87B00082890
:1088E00003D091F87810814202D003F0BBFEEBE791
:1088F0000C20D5E740F608713220FCF70BFF000092
:1089000034010020602300207FB51E4C05466068BE
:1089100090F8811029B190F85800022804D001285D
:108920001BD003F09FFE2AE003A800F0B9F86268AC
:108930009DF90C3092F8790092F888108DE80B00C0
:10894000FF23062128464A3207F0AAFB62680B2063
:10895000002182F8981004B070BD03A800F0A0F8C0
:1089600062689DF90C3092F8790092F888108DE8D1
:108970000B00FF23062128464A3207F091FB052011
:10898000E9E70000340100207FB589B3012934D024
:108990000525022904D0062925D003F063FE1FE037
:1089A000064603F05FFE174C606890F88110B9B17D
:1089B00090F85800012801D0022811D103A800F036
:1089C0006FF862689DF90C3092F8790092F888107F
:1089D0008DE80B00FF23022130464A3207F060FB8E
:1089E00004B0284670BD04B0BDE87040FFF78CBFEE
:1089F00004B0BDE87040FFF703BF04B0BDE87040AD
:108A0000FFF72CBE3401002070B5114C054661689B
:108A100091F85D00002819D091F85C00002815D06D
:108A200091F849004A3107F059FA40B1FEF7D0F900
:108A300061682A46BDE870404A3106F070BB606844
:108A40002946BDE870404A3006F058BB70BD0000B2
:108A50003401002002460B4882B0406890F86D1047
:108A60008DF80010009900919DF80010002907D1A1
:108A7000816E002904D090F86C0002B0FBF750BA68
:108A800002B070473401002010B5044804F0B2F879
:108A9000002802D101497F20087010BD3401002058
:108AA000074A10B592F900107F2903D001707F208A
:108AB000107010BD40F22D413220FCF72BFE00005B
:108AC000340100202DE9F0410746FDF717FA04466E
:108AD000FDF71AFA214607F070FA050012D02D4C66
:108AE000606890F85800012804D0022802D0FFF7EF
:108AF00043FC50B16FF013063FB3284606F01AFE50
:108B000050B905E041F26C513AE041F2725137E060
:108B1000284606F031FEC0B16168284691F8702001
:108B2000052A02D241F2F6412AE091F870200B2A80
:108B300002D341F2F74123E0E26891F870105269E4
:108B400006EB81015158884716E0606890F8701074
:108B5000052902D241F2625112E090F870100B29FF
:108B600002D341F263510BE0E16890F8700089692B
:108B700006EB8000085880470F2804D341F2875144
:108B80003220FCF7C7FDE168096951F82000BDE813
:108B9000F04100473401002010B518B1BDE8104085
:108BA00000F020B900291DD00F48416891F87020CD
:108BB0000B2A02D241F2346105E091F870200F2AAD
:108BC00004D341F235613220FCF7A4FDC06891F86E
:108BD000701080686FF02B0202EB81014058BDE8F5
:108BE0001040004710BD00003401002010B5FFF711
:108BF000D9FA00F005F9054881680020FFF700FC6C
:108C0000BDE81040022000F067BA000034010020E7
:108C100010B5FDF773F90446FDF776F9214607F024
:108C2000CCF950B103F048FF002003F011FE0549D4
:108C30000620496881F8700010BD4FF4C2613220EF
:108C4000FCF768FD340100200F4910B5486890F822
:108C50007020062A02D241F2626105E090F870208D
:108C60000B2A04D341F263613220FCF753FDC9683B
:108C700090F87000C9686FF0130202EB800008588A
:108C8000BDE8104000470000340100202DE9F0410C
:108C9000314C05460E46606890F8700020B10128FE
:108CA00002D00C20BDE8F08103F060FE03F0B8FCB8
:108CB00003F0DCFA04F0CCF8284803F0C1FD2848A2
:108CC00003F0AEFF274803F0A1FF304603F0F4FEA7
:108CD000687910B10120FFF7BDFE2879032801D083
:108CE00018B118E040F6282133E061680020032520
:108CF00091F8503091F87A20521CB2FBF5F705FB41
:108D0000172281F87A2023FA02F2D20703D1401CFD
:108D1000C0B20328EED3606890F95E0003F0AAFEAB
:108D200031460120FFF75CFA0028BBD000F020F9A3
:108D3000606890F8510038B1FEF74EF80A480068B4
:108D4000032804D00020ADE7FEF7A4F9F6E740F6CB
:108D50003A213220FCF7DEFC34010020589000005C
:108D600055555500D6BE898E5015004010B50020CF
:108D7000FFF770FE0848406890F8700028B101289D
:108D800003D0022804D00C2010BD00F02BF801E025
:108D900000F03EF8002010BD3401002010B5002086
:108DA0004870182008700E484068D0F842004860AB
:108DB0000879012813D1C888002106F0F5F80400CD
:108DC0000DD0208806F077F920880021FCF700FFFD
:108DD000002804D04FF47D713220FCF79BFC10BDBD
:108DE0003401002010B5FFF7DDF90449012049687E
:108DF00081F87000BDE8104000F0EEB934010020A9
:108E000002490020496881F8700070473401002051
:108E100070B5FDF773F80446FDF776F8214607F0C4
:108E2000CCF8040020D007F023F9002000F0A0F9CE
:108E3000F8B1204D686890F87000022803D02146F0
:108E40000020FFF7CDF9E01C06F0E8F9696881F829
:108E50007C0028B1402403F029FA204603F0EEFB01
:108E6000FFF78AFA70B908E040F2FE413220FCF7C1
:108E700051FCBDE87040FFF7B5BF686890F8580036
:108E8000022804D100210122084603F08DFE686803
:108E9000FF2180F8781080F87910002180F8801088
:108EA00080F87F1080F8811080F89810052180F8F4
:108EB000701070BD3401002070B5FDF71FF8044636
:108EC000FDF722F8214607F078F8050028D0194E62
:108ED00004207468703400F04BF930B30C2020701B
:108EE000002000F0F9F828787168C0F3401081F88C
:108EF0008A000520FFF714FB0F4AB1682025506D4A
:108F000090F8A530087805EA431300F0DF00184315
:108F10000870506DA27E10F8A51F1140017070BD41
:108F200040F27F613220FCF7F5FBBDE87040FFF7AF
:108F300059BF0000340100206023002010B5032039
:108F400000F016F968B10320FFF7EAFA0122114692
:108F5000002003F029FE05490B20496881F87000C4
:108F600010BDBDE81040FFF73DBF000034010020F8
:108F700070B5194D00206C6884F8980094F85C0076
:108F800010B994F87D0008B3F4E924106FF00042A2
:108F9000504070EA010119D0FAF7E0FFD4E900234C
:108FA000801A994112D3FDF7F1FF0C49A0FB012370
:108FB0006868903007F003F8686890F87D0010B199
:108FC0000120FDF755FF0120FFF71EFD6968022013
:108FD00081F8700070BD00003401002040420F0095
:108FE000018E0000E58D00009BFF00009BFF00004C
:108FF0009BFF0000118E00009BFF00009BFF000004
:109000009BFF00009BFF00009BFF00003D8F0000C6
:10901000B98E00009BFF00009BFF0000118C000038
:10902000ED8B000000000000A5FF000043FF0000E2
:1090300055FF000063FF0000258300008D8C0000B9
:109040006D8D00001C90000024900000E08F000057
:10905000349000002C900000498C0000C58A00006C
:10906000998B0000B7FF00002DE9F04116460C4631
:10907000054606F07DFB6074284606F070FBA07480
:10908000EA1C144B901D0021072E1FD2DFE806F0CA
:10909000040B111E131E04001B780DE0E060BDE8F8
:1090A000F081E160FBE75B786370C4E90120217423
:1090B000F7E79B7800E0DB786370C4E901216A7808
:1090C000921F12F0FF022274EBD0E7E7617061603B
:1090D000A160ECE7E61A010010B540B1012806D006
:1090E00002280AD0032806D040F6DB3115E0BDE89F
:1090F000104000F007BA012100E000210A480122D7
:1091000080F8242080F82510006A002180F83812A9
:1091100000F06CFA20B140F622313520FCF7FAFA63
:10912000BDE8104000F052BA1824002070B503F0DA
:10913000E3FB0E4C0646607870B1D4E9015132462B
:10914000284606F0E0F86060A84205D0E168401BC0
:109150000844E060FAF716FE6068B04201D3207858
:1091600008B1002070BD012070BD0000082400205F
:1091700070B50546FAF7F2FE164C2169461A55B14C
:10918000032D0DD0042D0ED0062D1DD040F284519C
:109190003520FCF7BFFA012007F0B5F8983004E05D
:1091A0004FF4577001E04FF4FC70216B3518F4391F
:1091B0008D4207D3002600F0F5FB40B1206BF43858
:1091C000854203D2012602E0012070BD0026304610
:1091D00070BD00001824002010B5104C86B0207B14
:1091E000B0B16078A0B900231A461946684600F06D
:1091F0007BFC58B1FEF7D2FD0078694607F0A9F86C
:1092000030B940F683213520FCF784FA0120A070A4
:1092100006B0BDE8104000F0D9B9000018240020C5
:1092200008B5582200210C4804F01EFFFEF7B6FDD9
:1092300020210170084810380021016041608160E0
:10924000C16000F00BF842F21070009001226946F4
:10925000801000F0C1FA08BD18240020044810B5A1
:10926000007808B100F0A8F800F000F9002010BD67
:1092700018240020F0B51E4C074687B020780E4613
:1092800010B10C2007B0F0BDFEF788FD054627623F
:1092900097F8380210B140F2144125E00520207003
:1092A0000020607084F8240000F0C4FB20640021DA
:1092B0001048FAF725FC287020280DD033460022EC
:1092C0000121684600F010FC48B12878694607F093
:1092D00040F838B10020D5E740F2224104E040F2E6
:1092E000254101E040F226413520FCF713FA000049
:1092F00018240020699600000249096A016000F004
:109300005BB8000018240020014948707047000035
:109310000824002070B5054609484FF47A71B0FB67
:10932000F1F407F028F90119284601F59D7106F0BE
:1093300060FC40F64801884200D3084680B270BD08
:10934000F922010070B586B0064611B1112006B0B1
:1093500070BD174C207808B10C20F8E7FEF71EFD11
:109360000546002060700420207000F063FB20643C
:1093700000211048FAF7C4FB287020280DD033468E
:1093800000220121684600F0AFFB48B12878694609
:1093900006F0DFFF38B10020D9E74FF4916104E017
:1093A00040F28A4101E040F28B413520FCF7B2F9EE
:1093B00018240020699600002DE9F0410027FEF7EF
:1093C000EDFC184C05462078042805D020780528A7
:1093D00002D00C20BDE8F08101206070207B60B1DC
:1093E000EFF3108672B6207B28B1607B18B106F0CF
:1093F0009EFD00F0EBF826B104E02878FAF714F9A6
:1094000000E062B62878FAF763FA00F0C5FC0020A5
:10941000607094F8240000B10C2700F0E9FC384695
:10942000D8E70000182400200148007870470000A9
:10943000182400200C4908B5097821B140F24241B6
:109440003520FCF767F90023009301781A46C90715
:1094500003D0D0E90130012200906946184600F09F
:10946000BBF9002008BD0000182400202DE9FC41B4
:10947000154D0120287000244FF6FF760BE00021E7
:1094800005F092FD070009D097F83902FAF720FAA3
:10949000384607F02AF8009401940DE040F2355167
:1094A0003520FCF737F9009830B190F8381219B12F
:1094B0000088B042E3D104E06846FCF743FB002893
:1094C000F1D02C70BDE8FC810824002010B50446C2
:1094D000012902D10A48007840B1042084F83802FA
:1094E00003F010FABDE81040FAF732BB0022012168
:1094F000204607F012F834F8940F401C2080EFE764
:10950000082400202DE9FC472E4C8046D4E9045362
:109510001E4603F0F1F90746206A012180F86A101F
:1095200080F86B106230FF218172206A4FF00009D1
:1095300049462C3006F044FB2A463346012140467A
:10954000009706F008FF276A06460D46D7F81080F8
:1095500002F042F904F1380188420BD0CDE90065F0
:10956000D7E98601424607F005FB404503D940F2A2
:10957000EA511DE000201449074609688842206A24
:10958000016902D20F44016204E0384606F02BF86C
:10959000216A0862206A0169052006F02CF8216A18
:1095A0008884216A0A6ABA1A904204D840F60C31BB
:1095B0003520FCF7AFF8F21945EB0905C1E986251E
:1095C000BDE8FC87182400204401002010B5064C9B
:1095D000207B002806D003F095F9FAF7B9FA0020AD
:1095E0002073607310BD00001824002010B51C4CBF
:1095F00086B02078052802D00C2006B010BD216A64
:1096000029B191F8380228B140F2EE4125E040F24C
:10961000ED4122E091F83902202802D04FF49E61FA
:109620001BE01048FAF76CFA216A202881F8390209
:109630000ED000230122684606F09FFE206A69468C
:1096400090F8390206F085FE28B100202062D4E7A8
:1096500040F2F44101E040F2F7413520FCF75AF8BE
:10966000182400202D980000F0B587B00D46FEF7B5
:1096700095FB0127404C092D7AD2DFE805F0053B28
:1096800051514C79666F74002773617800292FD18E
:109690000078F9F7AFFB05460E46C4E9040100F077
:1096A000C3FB18B100208DF8040001E08DF80470B0
:1096B00000F0D4F933462A4606F06AFF6168B0FB31
:1096C000F1F201FB120050B15FF000008DF80500CF
:1096D0006846FEF78BFC20B140F2F52145E0012001
:1096E000F4E72549206B1039E338C860FAF74AFBE4
:1096F00007B0F0BD607830B106F019FC07B0BDE8E6
:10970000F040FFF763BF6773FEF700FD0028EFD05E
:109710004FF4427129E007B0BDE8F04003F0B6BA5B
:109720000578002301221946684600F0DDF940B1B2
:109730006946284606F00DFE0028D9D140F69E2144
:1097400013E0A77000F01AF8D2E700F02BF9002818
:10975000CED107B0BDE8F04006F0DABB07B0BDE8F7
:10976000F04000F00BB840F23A313520FBF7D2FF61
:1097700040F23E31F9E700001824002010B50B4CF0
:10978000207838B100F008FBA07850B194F824009C
:1097900028B106E040F2A9213520FBF7BBFFFEF718
:1097A000BBFCBDE8104000F023BB000018240020E3
:1097B00010B50446084603F08FF9064900F29D7083
:1097C00031F8141008444FF47A71B0FBF1F000F551
:1097D0009D7010BD960501002DE9F041114D164612
:1097E0000F460024686006F0C6FEDFF83CC000218A
:1097F0001CF80120324207D057F8243005EB8402D0
:109800001B1A641CE4B29360491C11F0FF01EFD0F5
:1098100016F00E0F04D040F6D6113520FBF77AFF74
:10982000BDE8F081182400209405010070B5040003
:1098300008D0092960D2DFE801F0083840403C5FD9
:10984000474E5A004FF4167153E094F8380248B36B
:10985000204600F0F5FB06F08EFE00F23B1085B2CC
:1098600094F86B00282106F060FD2E182169E06A4B
:10987000814200D301463246204606F02AF9204DA7
:10988000324668602046216906F023F9A86004F199
:109890002C0006F07FF9A0F59570E860BDE87040F7
:1098A000FAF770BA4FF4187123E0BDE8704006F083
:1098B00083BEBDE8704003F0E9B92046BDE87040C2
:1098C0000122002106F029BE0120F9F749F9BDE87F
:1098D000704005F087BC94F83802042802D04FF499
:1098E000257106E02046BDE8704006F0FEBD4FF44D
:1098F00027713520FBF70EFF4FF42871F9E70000C0
:10990000082400202DE9F04786B092460746894694
:1099100000F096FA224D4FF000086A68861841EB75
:1099200008010C460B4632463846494606F030FEE2
:10993000074606F026FE874213DAD5E9060100F055
:109940007FFA3246234606F023FE6968B0FBF1F148
:10995000CAF800106868801948EB040106B0BDE839
:10996000F0878DF80080686B019006F0EDFDADF892
:10997000080001208DF80B00D5E9060100F060FA1F
:10998000CDE9040100F0EEF98DF80A006846696837
:1099900005F0D8FDCAF80000DDE90401DEE70000AB
:1099A000182400202DE9F041FAF7D8FA204C064699
:1099B0000D46D4E9040100F0D5F90746F9F7BEF9E0
:1099C0000246652823D3501C24D0216B636B881872
:1099D000834200D85A1A6FF03900301845F1FF3130
:1099E00000F044FA216B0844216B451A41F288309B
:1099F000854200D90546FAF7B1FA801B00F19D00B7
:109A0000854204D339462846F9F7BAF820B1002038
:109A1000BDE8F081606BE7E7206B05492844103909
:109A20002063C8682844C860FAF7ACF90120EFE762
:109A30001824002010B5002406F09DFD064A0021E0
:109A400002EB810304449B68491C1C4411F0FF0194
:109A5000F6D0204610BD0000182400200149D1E9AD
:109A60000E017047182400202DE9F04106461D48DC
:109A700088461546D0E90A106FF000420127504091
:109A800086B070EA010121D000248DF800400195D4
:109A900006F05AFDADF808008DF80B7006F071FD68
:109AA000821944EB0800CDE9042002208DF80A0059
:109AB0006846F9F789FC68B1DDE904104A190949DB
:109AC0006041D1E90A319A1A814108D4012006B0D7
:109AD000BDE8F0814FF4E7613520FBF71BFE002065
:109AE000F5E70000182400202DE9FF4F87B0144649
:109AF0000646FAF733FA994D80468946A8684FF032
:109B0000000A0290FFF796FF6968884201D10120A0
:109B100000E00020049020400390089800287FD0A7
:109B20004FF4FA6218EB020B49F1000401F05AFEFF
:109B300000908A480078894F3837052835D1874802
:109B4000006AD0F8200201F02DFE009905468842F7
:109B500009D082482946006A00F5067001F0E6FD4A
:109B60000020B8610CE07D49086A00F50670B86114
:109B7000086A0A6CD0F82002824200D310460864BA
:109B80007648006A58B16DB1D5E90113D5F800C027
:109B90001CEB030341EB0A01C0E9863105E040F20A
:109BA000B9511AE00021C0E986113846009901F048
:109BB000BDFD6A48009A456892B1D2E90113176861
:109BC000CDE900B4F81841EB0A012A4606F0D2FFAD
:109BD0000146A84205D940F2D7513520FBF79AFD3E
:109BE00000211BEB01055D49504644414A68AB1A10
:109BF00064EB0A02C1E90E320A9A283152B142F2EC
:109C000010735A43AA1844EB0A00C1E9002001204E
:109C100051E005E04FF0FF304208C1E90002F6E7ED
:109C20000398D8B1012006F06EFB0446012002F033
:109C300053FF4AF2A13101444FF47A70B1FBF0F0C6
:109C4000221840464946F432FFF70EFF08B90020BB
:109C5000029045464C46CDF814A02DE03CB105AA33
:109C600040464946FFF74EFE05460C4624E0404676
:109C7000494600F0E5F8DFF8E4B002460846DBF8B4
:109C800008100291DBF8043057469D184AEB000497
:109C9000DBE9040100F0C8F8DBF804104843009049
:109CA000FFF7DCFE009A80187941CBE90E012146CE
:109CB000284600F0B9F80590012006F024FB07467D
:109CC000012002F009FF4AF2A13101444FF47A70F9
:109CD000B1FBF0F0074428462146F437029A00F021
:109CE000C5F81E4901EB8A029268824200D81046EC
:109CF0004863089A0AB1C1E90454C1E906548B4685
:109D0000049911B1CBF8307001E0CBF8300001209C
:109D1000F07206F019FC30812846214600F022F846
:109D2000B072DBF830007060039848B101203070E9
:109D30000B4A4046494600F099F8C01B306103E0E9
:109D400086F800A0C6E90454DBF83400B84203D317
:109D500001200BB0BDE8F08F0020FAE718240020A6
:109D60000040420F70B504460A480D4601780429A8
:109D70000DD1406800EB80004600FFF76FFE2246E1
:109D80002B4606F005FCB04201D2022070BD012036
:109D900070BD00001824002070B5144D95F8240003
:109DA00005F13804002828780FD0052804D040F2A7
:109DB00083313520FBF7AEFC204606F09CFA78B1E3
:109DC0002046BDE8704001F08FBC052808D1204630
:109DD00006F091FA20B9286A00F5067001F0C6FC79
:109DE0002046BDE8704001F0C1BC000018240020EE
:109DF00010B5FEF747F80B490020887081F8240061
:109E000008620870FDF7CAFF04460078F9F73EFDC6
:109E100010B12020207010BD40F21C513520FBF7FE
:109E200079FC00001824002010B50446FFF716FE48
:109E30000249201A4968B0FBF1F010BD1824002037
:109E400070B504460D46FFF709FE22462B4606F084
:109E50009FFB05494C68B0FBF4F04443FFF7FEFD5F
:109E6000001941F1000170BD182400200A4B10B503
:109E7000D3E90A43201A63EB010300242146241A84
:109E8000994106DA0021141A71EB030400DA104636
:109E900010BD002010BD0000182400200648054910
:109EA000016506494165074805490165064941655F
:109EB0007047000089AF00005C01002061B0000025
:109EC000DB080100080200200509010070B5054605
:109ED000B0F8CE0095F8A110C9B1B5F8D0100C1AA1
:109EE000B4F1040495F8CC0040B195F89D2000230E
:109EF000092105F1880005F019FA60B1284606F03D
:109F00002AFE38B1D5E93010401A001F03E0C0F135
:109F10000204E7E72046A04200DA0446002C01DCF8
:109F2000002070BDA0B270BD1D481C4981601D4954
:109F3000C1611D49C1621D4901611D4941611D4940
:109F400041641D4981611D4901631D4941621D49EB
:109F5000C1641D4981641D4941631D4981631E48D7
:109F60001C4981601D49C1611D4901621D49416053
:109F70001D4901601D4981621D49C1621D49C160C1
:109F80001D4981611D4901631D4981641D49C164E9
:109F90001D4941641D49416270470000E9B200005B
:109FA0005C0100202DB300005B070100C9AE00007A
:109FB0007B07010089B20000BB070100C9B30000A4
:109FC00005AF00002D070100F7060100B9B200003F
:109FD000D9B00000910A010008020020C10A010066
:109FE000D708010049080100730801006709010052
:109FF000990901009D080100730A0100FB0A010094
:10A00000330901005D090100630A01002F09010005
:10A010000648054981650649C165074805498165C6
:10A020000649016670470000E5B000005C010020B1
:10A0300019B20000BF09010008020020E90901006F
:10A04000F8B5394D0026A5F10C072E7068607E80AA
:10A050007E7004463E700088FCF714F9686800883A
:10A06000FCF7B8F8B4F83A02401C82B2686800F114
:10A0700088030146184605F0DBFA20B14FF4CA7197
:10A080003620FBF747FBA4F83A6294F89E00262896
:10A090000AD1B4F89400B4F85012401A00B2002863
:10A0A00002DB84F89E6011E094F89D00262803D01E
:10A0B000272801D028280CD1B4F89400B4F8501205
:10A0C000401A00B2002804DB84F89D6000F03EFED8
:10A0D00018B300F0C1FC002825D16868883006F06C
:10A0E00079FA20B1686890F8240100F069FB0F4804
:10A0F0000090D7E903010E4B0E4AFCF743F968685C
:10A100000023052190F89D20883005F00FF90028E4
:10A1100009D0BDE8F840FCF72FB9BDE8F8400021B0
:10A12000084600F043BCF8BD54010020ADA9000072
:10A1300011A30000C5AC0000F8B50D46044600268A
:10A1400051E000BFB4F83A02401CA4F83A02B4F857
:10A15000CE00401CA4F8CE00204606F0FCFC98B1CE
:10A16000D4F8C000401CC4F8C000204606F053FAE2
:10A17000D4E93001884207D30E22214604F5AD70A0
:10A18000C4F8C060FDF7FEF994F8D80020B1B4F827
:10A19000D400401CA4F8D40094F8DC0020B1B4F83A
:10A1A000DA00401CA4F8DA0094F830018DF80000C1
:10A1B000009800909DF8000040B994F89F2000237B
:10A1C000012104F1880005F0B1F820B1B4F8D20003
:10A1D000401CA4F8D200204606F02CFAB4F89400F3
:10A1E000401CA4F894006D1EADB2ABD2F8BD0000C7
:10A1F0001144C2780C48891D89B24068012A06D0F2
:10A2000042B1182A05D190F8522232B109E0A0F8E3
:10A210004E127047A0F85612704790F8532202B9B8
:10A220000021A0F850127047540100200B49C27859
:10A230004968012A06D05AB1182A08D1B1F850123B
:10A2400005F033BBB1F84E124172090A81727047B2
:10A25000B1F856124173090A817370475401002006
:10A260007CB52A4C00231946606890F89D20883000
:10A2700005F05CF8002848D0606890F84C128DF822
:10A280000010009900919DF80010002500293CD095
:10A2900090F89E0005F0ADF8002836D16068B0F85F
:10A2A00094000A2831D96846FDF762F800282CD0BE
:10A2B000616805226846A63103F04AFE10B3606863
:10A2C000D0F84812087858B105226846491C03F0B6
:10A2D0003FFE002819D16068D0F84802007840B9E4
:10A2E00060680099D0F84802C0F801109DF8041089
:10A2F00041716068D0F848020178491C0170012062
:10A3000000F08CFD606880F84C527CBD5401002048
:10A310000C4A5178A1B902F10C010128496808D012
:10A320009078400703D591F89F00072808D00120B6
:10A330007047B1F85000898E884201D8FEF7F6BE0A
:10A34000002070474801002038B58D4C6068883087
:10A3500006F040F900285ED160680023012190F8E2
:10A360009F20883004F0E2FF002854D1606890F804
:10A3700030118DF80010009900919DF8001009B17E
:10A3800002203AE0002590F89D202B46294688308F
:10A3900004F0CCFF28B1606890F8CC0008B112201E
:10A3A0002BE0606890F89D20142A1FD004DC032A5B
:10A3B00027D0132A04D11BE01A2A1DD0252A2BD01E
:10A3C00000230421883004F0B1FF002823D1606805
:10A3D00090F89E101F2944D025DC012932D0022993
:10A3E0003DD0032928D0042938D1ACE00B2004E06B
:10A3F000BDE8384000F026BC0620BDE8384000F03B
:10A400000DBD90F8211180F82611072000F006FDFF
:10A41000606880F89D5038BD182000F0FFFC60682F
:10A42000A0F8D45038BD20291BD023295CD029297D
:10A4300071D02F2978D184E090F8201180F826116E
:10A44000072083E00C2000F0E9FC606820F8DA5F68
:10A45000417941F00101417100F83C5C64E0132056
:10A4600035E090F833218DF80020009A00929DF895
:10A4700000209ABB90F832218DF80020009A0092BB
:10A480009DF800205AB326292CD090F89D1026293B
:10A4900028D0272926D0002300F2522200F59971F6
:10A4A00005F009FB6068202180F89E1080F8325189
:10A4B000606805F01BFB00F065F8616801F12C0095
:10A4C000C28BA1F82621408CA1F82801152000F0AC
:10A4D000A5FC6068A0F8DA5080F89E5024E020299E
:10A4E000E6D021E00123D7E790F83C11012908D1FB
:10A4F00090F83D118DF80010009900919DF8001022
:10A5000021B190F83C11022906D00DE0D0F862107C
:10A51000D0F83E0103E018E050F8621F406800F0F8
:10A52000A3FC182000F07AFC6068883006F052F82E
:10A5300000287FF477AF6068883006F04BF848B1A8
:10A5400013E0112002E0092000E0242000F066FC66
:10A550006068C1E760680023194690F89D20883044
:10A5600004F0E4FE08B100F0A1FA6068883006F05B
:10A5700031F80028DDD1BDE83840FFF771BE00009A
:10A58000540100200848436893F86000012806D071
:10A5900003F5B27203F12C01188805F064BA0220A9
:10A5A00083F86000704700005401002038B5194D51
:10A5B000696891F89D20182A01D0152A02D191F8D6
:10A5C000DE200AB1022038BD002481F8DD4081F888
:10A5D000D84091F80D228DF80020009A00929DF845
:10A5E000002022B14FF45C713620FBF793F80A8803
:10A5F000A1F8102281F80E0281F8124281F8684217
:10A6000001F205200B22FCF7BDFF686880F89D4031
:10A61000002038BD54010020F8B5284D4FF0000649
:10A6200005F10C046988480710D5606890F89D20F2
:10A63000032A04D090F89F20072A07D102E040F2B5
:10A64000A16125E001222A7080F89F6088070AD561
:10A650006868C0782B2819D2194951F82010A9B17F
:10A6600016480C30884700F073F800F02BF80746C6
:10A67000687800071CD560680023052190F89D20AC
:10A68000883004F053FE30B1082711E040F2C17168
:10A690003620FBF73FF8694600200096FBF74CFF99
:10A6A000009828B10672272261680098FCF76AFFBB
:10A6B000606805F0BFFF3846F8BD00004801002083
:10A6C0000802002070B5204C0020A178C9071DD0D9
:10A6D000A06804F10C050023C6786868052190F88D
:10A6E0009D20883004F022FE88B1062E0FD006DCB3
:10A6F000022E0CD0042E0AD0052E06D107E00B2E18
:10A7000005D00D2E03D0112E01D0082070BDA068F9
:10A71000FCF7A4FE58B1A068C0782B2807D20B49DB
:10A7200051F8201019B108480C30884702E0002089
:10A7300000F0EEFB6968F1E94023521C43F100038D
:10A74000C1E9002370BD0000480100205C01002029
:10A7500070B51A4DA87800072ED505F10C0400211C
:10A76000606890F8240100F089FF6068883005F087
:10A7700031FF60B16068FE2180F8241190F89D10CF
:10A780000C2909D00E2909D026290CD108E040F265
:10A79000CD713620FAF7BEFF0D2102E00F2100E057
:10A7A000272180F89D1090F89F10082904D10221DC
:10A7B0002970002180F89F1070BD00004801002022
:10A7C00038B505466846FBF747FD48B3222200210D
:10A7D000009803F049FC0321009805F080F80098E8
:10A7E000017801F0EF0101702946FCF747FE0021D6
:10A7F0006D4C262D76D2DFE805F029211651CECEFC
:10A80000C71B767AC7C76ACECECECEBBC7C77F7FFF
:10A8100098CEA2CECECECECECECECECECEB5B5B505
:10A8200040F6AA11BCE06168009891F8311103E08C
:10A830006168009891F826110171A5E06068D0F870
:10A8400048120098491C04F0DBFF9DE06068009D01
:10A85000D0F86012B0F8580204F0D6FE2871606893
:10A86000009D00F5177003C804F0B7FE6871000A78
:10A87000A8716068009DD0F8600204F03EFDE871A8
:10A88000000A287262680098B2F864124172090ADC
:10A890008172B2F8661204F0B8FF75E06168009842
:10A8A00001F2692104F0C6FF6168009801F271218C
:10A8B00004F0B9FF6168009801F2832104F0BFFF42
:10A8C0006168009801F58C7104F0B0FF5CE00098BD
:10A8D0000C220271592242718171FA21C171112138
:10A8E000017251E057E00098FDF7EEF94CE02E4878
:10A8F0000099FDF733FA47E06068B0F84810009817
:10A9000004F0FDFF6068B0F82611009804F0FBFF2A
:10A910006068B0F84C10009804F0E9FF6068B0F887
:10A920002811009804F0E7FF2EE06168009891F884
:10A930003E110171616891F83F11417124E0606836
:10A9400090F8530204F0A7FD0146009804F0B3FF0D
:10A95000606890F8520204F09EFD0146009804F0F1
:10A96000A8FF11E0104A2846009906F026F90BE0EE
:10A97000606890F82311009804F0ABFF606890F8CD
:10A980002211009804F0A9FFFBF740FC30B10098B9
:10A99000FFF74CFC38BD40F64E2101E040F6542153
:10A9A0003620FAF7B7FE0000540100202DE9F041EF
:10A9B000284E80460D46708806F10C04C10560687B
:10A9C0004FF0000702D5A0F8CE7004E0B0F8CE102A
:10A9D000491CA0F8CE1006F0BEF8E8B1708800055A
:10A9E00006D5606890F8A31011B1C0F8C07013E0EC
:10A9F0006068D0F8C010491CC0F8C01005F00BFE0C
:10AA00006168D1E93002904206D301F5AD700E22A3
:10AA1000C1F8C070FCF7B6FD708810F4407F08D014
:10AA2000606890F8A11021B9012180F8A11005F00B
:10AA30002CFC58EA050004D1FFF7EEFD0546FFF7B0
:10AA400083FC2946404600F05FFDBDE8F041FBF77E
:10AA5000C7BB0000480100201348406890F8D81098
:10AA600029B1B0F8D410B0F8D620914215D290F8A0
:10AA7000DC1029B1B0F8DA10B0F8D62091420CD22F
:10AA8000B0F8D220B0F8D0108A4206D290F8A120B7
:10AA9000B0F8CE001AB1884203D3012070470628CF
:10AAA000FBD2002070470000540100207CB5644CAC
:10AAB000606890F854128DF80010009900919DF88C
:10AAC00000100126002529B190F89E0004F091FCA9
:10AAD00000287ED0606890F8681281B190F8A210CA
:10AAE00049B190F8A30008B10A2072E040F6540181
:10AAF0003620FAF70FFEBDE87C4000F0A3B890F8CE
:10AB0000431109B1082064E090F8421179B190F83E
:10AB1000DF0080070AD10C2000F080F9606820F87F
:10AB2000D45F0671C17A41F00101C1727CBD90F819
:10AB300032118DF80410019901919DF8041041B172
:10AB400090F833118DF80010009900919DF80010D5
:10AB500021B190F83C11012922D02FE090F89E10ED
:10AB600026291BD090F89D10262917D0272915D00B
:10AB70005FF0000300F2522200F5997104F09BFF90
:10AB8000606880F83251616801F12C00C28BA1F835
:10AB90002621408CA1F8280114201AE00123E9E7BE
:10ABA00090F83D118DF80010009900919DF800106B
:10ABB00021B990F89E0004F01CFC70B1606890F818
:10ABC00048118DF80010009900919DF8001029B3EC
:10ABD0002320BDE87C4000F021B9606890F86A004D
:10ABE00005F000FD0546606890F86B0005F0FAFC82
:10ABF0000646606890F83E11284605F0FEFC58B104
:10AC0000606890F83F11304605F0F7FC20B1BDE8D0
:10AC10007C40002000F0E0B81620DAE790F844010C
:10AC20008DF80000009800909DF8000000283FF487
:10AC30007DAF252000F0F2F8606880F844517CBDBB
:10AC40005401002010B51E4C626892F82A010828B1
:10AC50000DD2C0F1080100F28320C9B21044FAF706
:10AC6000EBFD616891F82A21104481F82A0162689D
:10AC700092F82A01083804280DD2C0F1040100F529
:10AC80008C70C9B21044FAF7D7FD616891F82A2197
:10AC9000104481F82A01606890F82A110C290ED31B
:10ACA00005D040F6B6214FF03600FAF733FD00210B
:10ACB00080F82A11BDE81040032000F0AFB810BDA5
:10ACC0005401002070B5204B02460C4658881043B2
:10ACD000588003F10C00910740684FEAC27107D514
:10ACE00021B140F6B5313620FAF714FD5C6003E07F
:10ACF00001B19C60910715D5E178062902D00B2996
:10AD000010D108E090F89D101A290BD10021C0E95C
:10AD10004011012104E090F89D10142902D1002176
:10AD200080F8A310910601D50821597011060AD5A3
:10AD3000028BB0F894102046FFF75AFA2046BDE87F
:10AD40007040FFF773BA70BD480100202DE9F04153
:10AD5000204C0125606890F8521209B990F86A10E9
:10AD600090F853220AB990F86B2000F1620319722F
:10AD70005A72FF229A7205F0D0FF002000F02CF8E2
:10AD800060682C3004F006FF06460421606805F078
:10AD90007CFA60682C3004F0FDFE0746BE420AD201
:10ADA000F8F718F80146B81B652800D26520F7F7B8
:10ADB000E7FE00B10025606804F098FE38B16368D2
:10ADC00003F5B272188803F12C0104F04CFE2846FA
:10ADD000BDE8F0815401002010B50F4C61680A886D
:10ADE000A1F8A82181F8A60191F86A0005F0FAFB04
:10ADF000616881F8AA0191F86B0005F0F3FB6168C6
:10AE0000132281F8AB0101F5CE70FCF7BBFB616842
:10AE1000002081F83C0110BD5401002011490C288C
:10AE2000496881F8240118D0132816D0182814D0A6
:10AE30000022112812D007280FD009280DD015287C
:10AE40000CD0242809D0012807D0002805D00228DA
:10AE500003D021F8D42F012008717047A1F8DA201F
:10AE6000704700005401002038B5114C6268B2F8F8
:10AE70006A20ADF8002004F035FB9DF80030C2B226
:10AE80000021934203D0636883F8522202E0626893
:10AE900082F852129DF80120C0F30720824203D0AD
:10AEA000616881F8530238BD606880F8531238BD7C
:10AEB00054010020034A526882F8220182F82311CB
:10AEC000704700005401002070B54168044691F8B5
:10AED0009D00152801D0022070BD094D01F28B2183
:10AEE000A86804F0B5FC6168A86801F58E7104F0EB
:10AEF000ACFC6168182081F89D00002070BD000046
:10AF00004801002001498968FCF7ECBE4801002097
:10AF10002DE9F0411B4E002506F10C010327D1F865
:10AF200004C00124A0B1B068C0788CF8210104FAF3
:10AF300000F0C0F3C05030B18CF89D70ACF8D45024
:10AF40008CF8D84019E040F22C613620FAF7E2FB89
:10AF5000884600239CF89E200CF18800194604F0D6
:10AF6000E5F968B1B068C178D8F8040080F820111C
:10AF700000F89E7F858780F83E400020BDE8F08184
:10AF80000120FBE7480100202DE9FC410446406810
:10AF90000023194690F89E20883004F0C7F910B3BA
:10AFA0002E4DA86804F065FC00B3A86804F05BFCB3
:10AFB0000746A86804F05BFC8046A86804F051FCD2
:10AFC0000646A86804F051FC0146009760684346B5
:10AFD00032462C3004F018FE6068012590F89D1070
:10AFE0001E2908D009E00120BDE8FC81BDE8FC4134
:10AFF0000020FFF78DBF80F860506068002690F851
:10B000006010012911D090F833118DF804100199C6
:10B0100001919DF8041041B990F832118DF800109B
:10B02000009900919DF8001051B1202180F89E10E8
:10B030006068A0F8DA60606880F8DC500020D3E730
:10B040001F2180F89E1005480C30436803F5BD723F
:10B0500003F12C01188804F0DEFDE9E74801002027
:10B060002DE9F8430446406800230A2190F89D200A
:10B07000883004F05BF950B3164DA86804F0F9FB72
:10B08000C8B1A86804F0EFFB0746A86804F0EFFB1E
:10B090008046A86804F0E5FB0646A86804F0E5FBD6
:10B0A000014600976068434632462C3004F0ACFD00
:10B0B000606804F01BFD6168002081F8D8006168B9
:10B0C00081F89D00FFF75EFA0020BDE8F8830120BB
:10B0D000FBE700004801002001498968FCF7D0BD6A
:10B0E000480100202DE9F041044640684FF0000877
:10B0F00086B090F89E2043464146883004F016F909
:10B1000090B1606890F89D00252811D026280FD0B6
:10B1100027280DD06846FBF78DF858B1009801A993
:10B12000C0788DF8040006E0012006B0BDE8F0818B
:10B130002020FAE70021606803AB162290F89D00FA
:10B1400004F0AFF90125002680B116219DF80C000E
:10B15000FFF7B0FE61682F2081F89E00606880F8DC
:10B16000DC506068A0F8DA600020DEE7294FB8689C
:10B1700004F091FBB8B1B8686268017901F0070189
:10B1800082F86210407900F00701606880F863106F
:10B19000606890F83D218DF80420019A01929DF895
:10B1A000042052BB04E00020FFF7B2FE80462EE0F0
:10B1B00090F83C21012A20D000F16A0290F8623018
:10B1C00057789F4206D112788A4203D1022180F833
:10B1D0003C1112E00F480C30416801F5CC700A8830
:10B1E00020F8022B91F8622000F8012B91F86320DF
:10B1F00000F80D291F22FCF7C5F96168232081F8AA
:10B200009E00606880F8DC506068A0F8DA60404614
:10B210008BE700004801002070B50446406890F8B4
:10B220009D00212801D0012070BD164EB06804F0A9
:10B2300044FBF0B1B06862680179407901F0070120
:10B2400061F30705294600F0070060F30F21012094
:10B2500082F8D80062680020A2F8D4006268252035
:10B2600082F89D006068D0F83E01FFF7FDFD0020E8
:10B2700070BD0120FFF74CFE04461E20FFF7ACFD19
:10B28000204670BD4801002070B54068094D10F897
:10B29000EE1F41F004010170A86804F018FB044699
:10B2A000A86804F018FB01462046BDE8704000F095
:10B2B00003B90000480100200A4880680179094864
:10B2C0000C30406890F89D00A0F111020C2A01D8C2
:10B2D000032002E0292802D0FE2000F0EDB8232050
:10B2E000FBE700004801002010B504464068002339
:10B2F000012190F89F20883004F018F808B1002050
:10B3000010BD0948806804F002FB616881F8A00064
:10B310006168072081F89F006168002081F8DC00E7
:10B32000616881F8D800EAE74801002070B504465A
:10B330002348002580680179606890F89D202048A6
:10B340000C3040688830122906D014290ED01629F6
:10B350001BD0232932D12AE00921002303F0E6FF84
:10B3600020B3204605F0E2F9054627E00A21002334
:10B3700003F0DCFFD0B100F0BBF860680521EE30CF
:10B3800005F00CF9FFF7FEF818E0212A16D100F0BD
:10B39000AFF860680821EE3005F000F960680B2115
:10B3A000EE3005F0FBF81A20FFF716FD06E0292A1B
:10B3B00004D10448016809B120468847284670BD79
:10B3C00048010020B802002070B504464068002300
:10B3D000194690F89E20883003F0A8FF40B96068B5
:10B3E0000023082190F89D20883003F09FFF18B3B8
:10B3F000606890F8DF00800716D42E4DA86804F02E
:10B4000088FA616881F8E900A868626830F8051F69
:10B41000A2F8EA1061684088A1F8EC00606810F8B2
:10B42000DF1F41F00201017060684FF0000590F8E5
:10B43000DF10C90702D018E0012070BD90F89E20EF
:10B4400000231946883003F071FFD0B161680120F4
:10B4500081F89E00616881F8DC006068A0F8DA502D
:10B46000606890F8DF00C00705D06168032201F131
:10B47000E000FCF787F8606890F89D10012905D07E
:10B4800009E040F2D5313620FAF744F980F89D50B2
:10B49000606880F8D850606890F8421139B180F83F
:10B4A0004251606890F89D1009B980F8D85000208A
:10B4B00070BD00004801002003460020242B0ED060
:10B4C00004DC032B08D0232B05D108E0252B06D064
:10B4D000FE2B00D1022070470846FFF767B8034AE9
:10B4E0001268002AF7D0184610470000B402002066
:10B4F00004490020496881F89D00A1F8D40081F832
:10B50000D8007047540100202DE9F8435A4D804679
:10B510000E46686800F1880490F830018DF800004C
:10B52000009800909DF80000002730B9E27D0023CC
:10B530000121204603F0FAFE20B1B4F84A00401C75
:10B54000A4F84A0094F8502022B1B4F84C00401CF2
:10B55000A4F84C0094F9541021B1B4F85200401CE6
:10B56000A4F852003D23B8F1000F37D142480C38FF
:10B570000078022806D0012808D096B3F0062BD513
:10B580001E203BE0162039E0696804E0696891F804
:10B59000A00084F835000A2204F12C00FBF7F2FF2A
:10B5A00094F834008DF80000009800909DF8000099
:10B5B000E8B36775A77567760221686804F065FED1
:10B5C000686890F82411012904D1D0F84802017864
:10B5D000491E0170BDE8F883300703D584F8353083
:10B5E000D2E70EE0B00701D02A2007E0B00604D46D
:10B5F00040F64C413620FAF78DF8232084F83500C8
:10B60000C2E72AB1B4F84C00B4F84E2090421CD8DE
:10B6100029B1B4F85200B4F84E10884215D8B4F8E5
:10B620004A10B4F8480081420BD36A6800E01CE07D
:10B6300092F830218DF80020009A00929DF80020A9
:10B640001AB9B4F84E20914201D32220D6E7617E88
:10B6500029B1B4F846108142A2D30820CEE7B4F84D
:10B66000460006289CD33E20C8E76868BDE8F8433A
:10B67000002104F00ABE000054010020194A0129EB
:10B68000526810D00021C8B1012822D0032809D166
:10B6900092F89D00152805D0182803D01A2801D04B
:10B6A00082F86812704792F824010128FAD000BF8E
:10B6B000D2F848020178491E01707047B2F8940030
:10B6C000B2F85632C01A00B20028F6DB82F85412E3
:10B6D0007047B2F89400B2F84E12401A00B2002837
:10B6E000E6DA70475401002010B5816919B182680B
:10B6F0008B689A4203D2BF213720FAF70BF84269D0
:10B700004A6103690B610AB1116101E0064A1160E7
:10B710000A6932B15161D0E9022010448A68801A66
:10B7200000E00020C86010BDBC02002010B500225F
:10B73000416189B10B690861036103B158614169D5
:10B74000C26000290FD0CB6863B18468A34207D2DE
:10B750002A213720F9F7DEFF034902610860EEE78E
:10B760001B1BC360CA6010BDBC020020416949B107
:10B77000D0E902231A44CB681A44CA60D0E9041203
:10B78000116102E0064A01691160D0E9041009B1B3
:10B79000486170470028FCD00021C160704700005C
:10B7A000BC02002010B504460A4900200246096880
:10B7B000431E08E0CA68A24203D39A4201D213464C
:10B7C00008460A4609690029F4D1002800D110462C
:10B7D00010BD0000BC020020014800687047000056
:10B7E000BC02002004480168002001E00846096905
:10B7F0000029FBD170470000BC0200200148002155
:10B8000001607047BC02002003490020096800293C
:10B8100000D00C2070470000BC02002000B5417928
:10B8200095B041B1012906D0022904D0032902D0E4
:10B83000122015B000BD01798DF80010017B8DF844
:10B840000110427900210123E2B3022A3BD08DF896
:10B85000023000BFD0F80620CDF803204289ADF8B1
:10B8600007208DF8093030F8012B40F271235A433C
:10B870000392B0F801205A4306928289ADF8242041
:10B88000C289ADF82A20028AADF83020428AADF88C
:10B890003620828AADF83C20C08AADF842000720ED
:10B8A0008DF848108DF84C00ADF84A10069800F05D
:10B8B00041FB58B1039800F031FB38B1684600F005
:10B8C000AFF8B6E7FFE78DF80210C3E73020B0E726
:10B8D00003494A880280097881700020704700007F
:10B8E000202B00203EB50C4605460088694603F033
:10B8F000F4FC002228B1C4F80220A27122800220A8
:10B900003EBD019911F1880181F86E20D1F81E0029
:10B91000C4F8020091F82200A0712888208091F8D4
:10B920006E008DF80800029802909DF8080000282B
:10B93000EAD13EBDFEB50D4606460088694603F0D5
:10B94000CCFC00281AD1DDF80440002784F86C7084
:10B9500014F86A0F05F093FDA870607805F08FFD6C
:10B96000E870A0788DF80800029802909DF8080011
:10B970006A3C0028EAD1308828800020FEBD000003
:10B9800003498A880280C9884180002070470000EE
:10B99000CE0200203EB5002402A98DF804408DF8A7
:10B9A0000840009182784178007801AB05F060FF93
:10B9B000002812D19DF8040005F078FD70B19DF8C3
:10B9C000080005F073FD48B105489DF80410817327
:10B9D0009DF80810C173048200203EBD11203EBDB9
:10B9E000202B00201CB5044603F061FC48B1204622
:10B9F000FBF7D4FC0949FF24D1E90201CDE900019C
:10BA000004E012201CBD009880F84C426846FAF70A
:10BA100099F80028F7D000201CBD0000E0C000000D
:10BA20002DE9F0470546ABA088B0D0E90076687AEA
:10BA3000810702D540F001006872284605F095FDA7
:10BA400000280CD105F002FF40B9FBF791FE28B9A0
:10BA5000FCF7FEF9A0F57F41FF3903D00C2008B0B8
:10BA6000BDE8F087032105F1180000F06FFA00210E
:10BA700004A8FAF787F8040018D00021FBF7F8FBB8
:10BA8000BDF8100020809548C4F8480200F09EFBE5
:10BA9000400940EAC160C007DFF8448204F12C008D
:10BAA00006D0B8F80220B8F8041003E00920D6E761
:10BAB0001B221146C284018500F088FB88074FF0E5
:10BAC000000905D58DF800906846019405F0CCF882
:10BAD00098F80110009198F80030B8F80420B8F8F0
:10BAE00002102088FAF71CF910B140F6C571EBE09E
:10BAF00004F0EAF860617B48009003216846F9F79A
:10BB0000A9FE0098E061688D03F0F3FB2061288EA8
:10BB10002083E88E6083687A05F0A7FCD8F80810C7
:10BB20002046E16204F0ECFBC4F8A6704FF0010A75
:10BB300084F8AA60FF2084F84C02684808384368FB
:10BB400023B1012204F59971204698472088ADF869
:10BB5000080098F80E108DF80A1098F80F108DF85C
:10BB60000B10B8F81000ADF80C0005A800260090E6
:10BB700001AB02AA2146304605F02FFE06000FD188
:10BB80009DF804008DF818009DF814008DF8190038
:10BB9000BDF80C00ADF81A0006A9204603F077FCAA
:10BBA0004F468DF8009001216846F9F753FE9DF845
:10BBB000000000F00701C0F3C1021144C0F34010BF
:10BBC00008448DF80000401D84F8B100092802D215
:10BBD000083084F8B10001212046FBF749FB687862
:10BBE000FCF7FCF9002E65D1A9782878EA1CFCF74F
:10BBF0007FF948B1FCF7D8F8A9782878EA1CFCF757
:10BC00009BF9060002D055E0122653E0214603209E
:10BC1000FCF712F90646A87805F0BBF8E91CFCF71A
:10BC2000B5F9E6BB287810BB95F8029005F103083A
:10BC30000097019716E0009EB44213D0484605F0E5
:10BC4000A8F8B278F31C414603F039FA50B1727A81
:10BC5000607A06F10A0304F10A0103F030FA08B130
:10BC60000B2627E06846F9F76DFF0028E3D0D046A1
:10BC70005046FCF7FFF806001CD18DF80070687A7A
:10BC8000C00705D0E8680190A86902908DF800808F
:10BC90006846FDF7CFFB064695F84C0000E009E04A
:10BCA000FCF710FA36B9B5F84A102046FDF7E2FA6B
:10BCB00006000CD0208803F0FEF920880021F9F757
:10BCC00087FF20B141F29D013920F9F723FD30466D
:10BCD000C5E60000FFFFFFFF1F000000C8020020B4
:10BCE000202B002011223300017871B1417861B11D
:10BCF00041881B2909D381881B2906D3044902687E
:10BD00000A608088888000207047122070470000F9
:10BD1000202B0020006840F2E241884203D303490F
:10BD2000886000207047122070470000202B002000
:10BD300010B586B0044605F08FFC002803D105F04D
:10BD400085FD10B10C2006B010BD022104F11000D9
:10BD500000F0FCF8A0788DF80800A0788DF80000BD
:10BD600060788DF8030020788DF80200207E8DF831
:10BD70000400A078C0070BD0E078012811D090B162
:10BD80005FF000008DF80100A06803902069049026
:10BD900002A8FDF74FFB0028D5D16846FCF79AF9B9
:10BDA000D1E70220EEE70120ECE70000014890F91E
:10BDB00000007047C0020020034AD2E9001201606F
:10BDC0004260002070470000E0C0000010B5052070
:10BDD00000F0F0F9FEF762F802490148486010BD32
:10BDE000E9BD0000C00200202DE9FE431346334A9E
:10BDF0000F46B0F854101488B0F852608C4200D24C
:10BE0000214688469188B14200D20E46518840F6BC
:10BE10004804A14200D32146D588A54200D3254637
:10BE2000A14200D20C464FF4A4721B2E01D09542C1
:10BE300004D1B8F11B0F3ED094423CD06A4619465B
:10BE400005F095FCBDF806004146404500D908467E
:10BE5000F880BDF80810A14200D80C463C81BDF81E
:10BE60000210B14200D80E467E80BDF80410A942EF
:10BE700000D80D46BD80FF2139701B38E02802D95B
:10BE800040F6A25114E01B3EE02E02D940F6A45128
:10BE90000EE04FF4E060A4F5A474844202D940F6A9
:10BEA000A65105E0A5F5A475854204D940F6A85130
:10BEB0003920F9F72FFCBDE8FE830000CE020020F8
:10BEC00010B50E4800210E4BC17481821B221A80CE
:10BED0004FF4A4745C809A80DC808173C173032367
:10BEE0000370022343704280828040F6A662826023
:10BEF000817401730248801F017010BD202B002047
:10BF0000CE0200200449A0F6C410884201D30020CC
:10BF10007047012070470000CCF370020449A0F67E
:10BF2000C410884201D300207047012070470000F0
:10BF30003D369C000449A0F6C410884201D300207D
:10BF400070470120704700003D369C0030B500224C
:10BF5000074D09E050F822402B469C4200D823466A
:10BF600040F82230521CD2B28A42F3D330BD0000D6
:10BF70000024F400094A90420BD8012902D0042978
:10BF800003D008E040F2537101E040F6C41188424A
:10BF900001D2002070470120704700008FFD700221
:10BFA0002DE9F04188B00446008806A903F095F910
:10BFB000002847D1079890F882118DF8081002994F
:10BFC00002919DF80810883001B101218DF80C1004
:10BFD000817D4FF001081F2902D19DF80C1049B155
:10BFE0005FF000018DF804100521663004F0C8FEF2
:10BFF00010B104E00121F5E79DF8040008B32189A0
:10C00000E08805F068FA00281CD1A188608805F056
:10C0100062FA002816D12189E08805F052FA00283A
:10C0200010D1A188608805F04CFA06000AD1079863
:10C0300000F59975FF276F709DF80C1029B13A260D
:10C040002EE01A2008B0BDE8F081414603AA05F0B1
:10C050008EFB6188BDF81200814200D20846E8805C
:10C06000A188BDF81400814200D208462881E288E8
:10C07000BDF80E108A4200D2114669802289BDF8AF
:10C0800010108A4200D2114640F64802A98091421F
:10C0900000D31146A980904200D202462A812F7017
:10C0A000002068703046CDE710B50446C18880880E
:10C0B00005F011FA00280FD16188208805F00BFAED
:10C0C000002809D10548A188818021880180E18864
:10C0D000C18061884180002010BD0000CE02002098
:10C0E0000CFA110C5900FA110000000000000000C9
:10C0F00010B50C46FBF72CFB05480460406805F0C2
:10C10000E6FB05F012F9BDE81040FBF78DBD00001D
:10C11000D802002010B5054CA06805F0D8FBE068F7
:10C1200005F0D5FBBDE8104005F087B9D802002026
:10C1300010B50849084805F0BDFB07480749001D30
:10C1400005F0B8FB0448BDE810400549083005F08B
:10C15000B1BB0000F0020020DC020020F802002049
:10C16000E802002010B5FBF731FF00F011F802F0F3
:10C17000A4FF0648FAF7ECF8002002F0FCFEFDF7F9
:10C18000D3FEBDE81040FBF703BB0000E92D002003
:10C1900010B5FFF733FBFDF743F8FFF707FE014645
:10C1A0000348FBF789FEBDE81040FBF701BB000028
:10C1B000E92D0020044AC10800F00703012098403F
:10C1C000535C034353547047200000200149D1E9D8
:10C1D000000170472000002006480188007902060F
:10C1E00042EA112000F001000018C0B240F0010046
:10C1F000704700002000002010B5F8F787FE0022ED
:10C20000084B114633F82140844203D303EB8100ED
:10C21000827803E0491CC9B20C29F3D302480270AA
:10C2200010BD00003E1901004F03002002480078B5
:10C2300000F00700704700004F03002070B505466E
:10C2400016460C46022000F0B7F906490120F61EFA
:10C25000087005480660044808380560001F04603F
:10C2600070BD00005003002010F5004010B50C4CCC
:10C27000207880B10B494FF40000086000F06AF8A4
:10C28000002120B1012060700748006801E0617062
:10C290001020A0702170BDE81040002000F08CB983
:10C2A0005003002008F5014000F4004010B50220C2
:10C2B00000F082F904490120087000F059F80349A0
:10C2C0004FF40000086010BD5003002004F5014049
:10C2D00003480021017041701021817070470000F7
:10C2E00050030020074810B5017841B100F032F842
:10C2F00018B105480068C0B210BD102010BD80788C
:10C3000010BD00005003002000F40040084810B5A4
:10C31000017859B10748D0F8000128B100F00CF8B5
:10C32000002800D0012010BD022010BD407810BDB3
:10C330005003002000F000400548D0F8041111B16E
:10C34000D0F8080108B100207047012070470000B4
:10C3500000F00040054810B5D0F8000120B1FFF70B
:10C36000EBFF08B1012010BD002010BD00F000401F
:10C3700004480021C0F80011C0F80411C0F80811E9
:10C380007047000000F000402DE9F04104461E46D1
:10C3900090460F46012000F00FF91E4D1E4804F094
:10C3A00003012E710068320461F3070066F30F2069
:10C3B000000C1A4E42EA00600843C6F8040518480B
:10C3C000076001F085FD38B915481030016821F08B
:10C3D000FF0141EA0801016000F0E4F80CB1042C0F
:10C3E00007D111480D490F4A091DC0F81025C0F8A2
:10C3F000141501206870EC701CB1012C01D0022CC6
:10C4000006D128700021C6F80011C6F8001230606D
:10C41000BDE8F08153030020B4C5000000F00040E7
:10C4200008F5004000F1004088F0014070B51C4A5A
:10C430005378A3B11B4B1960191D08600125957035
:10C440001046D678184B0078184C002156B1042EAF
:10C450001BD008B3C4F804116806186070BD4FF40F
:10C46000C2711AE078B12046C4F804114FF40036C6
:10C470001E60711205F098FA0028EFD065600A4836
:10C48000001D066070BDB32107E01570C4F80411EB
:10C49000C4F80052256070BDC6213C20F9F73AF976
:10C4A000530300200CF5004004F5014000F000406B
:10C4B00070B5054D0024287810B100F073F82C7089
:10C4C0006C70AC7070BD0000530300200248002166
:10C4D0000170417081707047530300200B4810B504
:10C4E000007858B14FF48271094805F05DFA40B107
:10C4F00008480068002800D0012010BD4FF4F571F5
:10C5000001E040F2EB113C20F9F704F9530300205D
:10C5100000F0004000F400400148012181607047B4
:10C5200000F000402DE9F0471B480078D8B1DFF853
:10C530006C804FF482763146404605F035FA00288B
:10C5400028D10220C8F80403154C2068C04340F3EA
:10C550000015206840F0100020604FF400474FF0B5
:10C56000E0296D1C08E04FF4FB713C20F9F7D2F88C
:10C57000C9F88072F8F7DEFE3146404605F014FA3D
:10C580000028F5D01DB9206820F01000206002209E
:10C59000C8F80803BDE8F0875303002000F000400E
:10C5A00010ED00E0024901480860704700000202F7
:10C5B00008F501400000010010B5044600F020F825
:10C5C000002C0ED00B4A0B480B491432012C05D01D
:10C5D000022C07D082213D20F9F79CF8022303604A
:10C5E000116010BD03230360116004494FF4000083
:10C5F000086010BD00F50040EB2E002004F501405E
:10C60000054810B5002101600160FFF751FF0349A3
:10C610004FF40000086010BD00F5004008F501402F
:10C620000548D0F8001221F04001C0F800120021A6
:10C63000C0F8601570470000001000400449C1F8C0
:10C640006005D1F8000240F04000C1F800027047D8
:10C65000001000400249085C00F5166070470000B9
:10C66000F6D20000F8B5244CD4F8040310F0100FF3
:10C6700001D0012700E000271020C4F808030220A1
:10C68000C4F800021D4800251D4980F82C504FF4C5
:10C6900060200860D4F850054FF4887610F0FF0F42
:10C6A00019D0FF208DF80000C4F81051012020613E
:10C6B00005E000BF9DF80000401E8DF800009DF8C9
:10C6C000000028B13146204605F09DF90028F1D040
:10C6D0009DF8000058B100F003FCC4F8105100F0C0
:10C6E0008BFD002F02D01020C4F80403F8BD40F6E3
:10C6F0008F013E20F9F70EF800100040A82B002013
:10C7000008F501402DE9F041184D074695F82C0039
:10C71000C2070FD0164CD4F8002242F00102C4F830
:10C72000002240F0020085F82C0001263FB1012FC5
:10C730000BD010E040F27C713E20F8F7EBFF08468A
:10C7400000F0B4FD6E72266005E0084600F094FD2E
:10C750000220687266600748C66406480C30D0F84C
:10C7600040153846BDE8F04100F018BDA82B002068
:10C7700000100040008000402DE9F0472C4C0600DE
:10C780002C4D94F82C00DFF8B08040F00200894670
:10C7900084F82C004FF0000702D0012E20D036E0A4
:10C7A000084600F083FD01206072E079012805D180
:10C7B000D5F8000240F00800C5F80002A06A40F475
:10C7C0008010A0624FF48010C8F800001B4931F8B7
:10C7D00019004FF47A7100F5FA70B0FBF1F716E02A
:10C7E000084600F049FD02206072E079012805D179
:10C7F000D5F8000240F00400C5F80002A06A40F439
:10C800000010A0624FF40010C8F80000292700F0C3
:10C81000D3FB01F03AFA20B1FFF724FF0020BDE876
:10C82000F0870021304600F0B9FC3846F7E70000F9
:10C83000A82B00200010004004F50140F0D20000B9
:10C8400010B51DC8014981E81D0010BD982B0020BE
:10C8500070B50F4C03460220207394F821509620A7
:10C8600094F82010227D012D0ED000F07DFD206176
:10C8700008480021C0F844112169E06908440549CD
:10C88000091DC1F8400570BD00F08CFDEFE7000008
:10C89000A82B0020008000402DE9F0413822002123
:10C8A000134801F0E1FB00F0A7FC01F0E6FA114D9E
:10C8B000104E00240F4F0835103628B901F0F4FA55
:10C8C00010B901F0FBFA08B1242206E001F036FBB2
:10C8D00010B901F029FB40B14022FF21384601F098
:10C8E000C3FB2C603460BDE8F0813822F5E700001E
:10C8F000A82B0020000E00400148C06970470000CE
:10C90000A82B002010B500F02BFCFFF7ABFEF8F7CA
:10C9100067FD30B1401C04D040F26D513E20F8F765
:10C92000F9FE0F480F4A816A41F04461116000240A
:10C9300084620473C461846100F012FC0A48C0F888
:10C940004841C0F84441C0F84041C0F84C41012082
:10C9500005F048F8BDE81040012005F036B80000A9
:10C96000A82B002008F501400080004070B5012090
:10C9700005F038F8374C0020C4F8FC0F0120C4F84B
:10C98000FC0F01F0B1FA344D18B1286840F4806012
:10C99000286001F09DFA28B12868304920F069002C
:10C9A0000843286001F0B0FA38B12B48001D016837
:10C9B00021F47F4141F4B0510160274928483C31BE
:10C9C0000860F8F743FD40B14FF08050D0F83003D5
:10C9D000411C02D02049103108604FF01020006E39
:10C9E000411C04D01F490A6860F317420A6040F2F4
:10C9F000031140F25B60C4F83415C4F83805012017
:10CA0000C4F8300500F042F840F20120C4F85006A6
:10CA10000220C4F8000214494FF040600860134936
:10CA20000020134D08861031C86181F82C00287051
:10CA3000012004F0CAFF1020C4F804034FF0E021E5
:10CA40000220C1F800016868002802D0BDE87040EB
:10CA5000004770BD001000403C1700409600008069
:10CA60002C0000898C15004004F50140982B002013
:10CA7000000300200149487570470000A82B0020E2
:10CA8000014951F82000704744D30000084910B50F
:10CA900008750849012806D0022806D040F66951D9
:10CAA0003E20F8F737FE032000E00420086010BDA8
:10CAB000A82B0020101500400549C1F804050548C1
:10CAC00010F82C1F41F00101017000F03BBA00008A
:10CAD00000100040A82B0020014951F820007047A9
:10CAE00050D300002DE9F047DFF8A090284D0F4605
:10CAF000060014464FF0010804D0012E10D040F675
:10CB0000240139E0104600F0D1FB224885F8098065
:10CB100030F81410384600F077FB044648460CE025
:10CB2000104600F0A9FB0220687249F6BA71384637
:10CB300000F06AFB04461548001D00F023FB164F69
:10CB4000C7F8404516491548C1F810051020C9F826
:10CB50000403A86A134940F40020A8623801086061
:10CB600000F02AFAC7F84C800B480C30D0F840058A
:10CB7000A04204D340F63A013E20F8F7CBFD21460F
:10CB80003046BDE8F04700F009BB0000001000404F
:10CB9000A82B0020F0D2000000800040408100401F
:10CBA00098F0014004F501400D4B10B5D8719A7210
:10CBB00051B102201872012808D002280FD040F687
:10CBC00045213E20F8F7A6FD0120F3E7587A022818
:10CBD00005D100F07BF9BDE8104000F0A9BA10BD06
:10CBE000A82B002002490020C1F840057047000032
:10CBF000008000400449D1F8481501F07F01494206
:10CC00000170012070470000001000400349020E2F
:10CC1000C1F824250002C1F81C057047001000402F
:10CC20000149C1F83C0570470010004010B50022D2
:10CC3000012906D0022902D040F2D92114E04FF098
:10CC400080720B490A430B490A600B4908430949A2
:10CC5000091D08600948D0F85005C0B2032801D06A
:10CC60000B2804D140F2F1213E20F8F753FD10BD0E
:10CC700008011000141500400000030200100040DD
:10CC80000149887570470000A82B00202DE9F04766
:10CC900052484FF0010AC0F84CA050480C30D0F870
:10CCA000407500F0F0FF4E4CC4E90C0700F018F995
:10CCB0004C49A06A0860DFF830910020A062D9F8E2
:10CCC000002240F21D139A43C9F8002284F82C0078
:10CCD00000F086F9054641480830D0F840053F4E3F
:10CCE000E061361DD6F84005A06194F82100217D51
:10CCF00084F82010617A84F82110A0460024394677
:10CD0000284600F0E1F910B9C9F810A00124344F09
:10CD1000E807A7F1100702D03868804732E0A8077B
:10CD200027D568071FD401F0EFF8E0B901F0DCF86F
:10CD3000C8B92E480068C0F3006CC0F3425100F03F
:10CD40000F03C0F30312C0F30320BCF1000F0AD09D
:10CD50000BB102B138B92548001D006818B103298C
:10CD600001D245F0040545F380002146401C7A6855
:10CD700007E015F0280F05D045F34011BA682046AA
:10CD8000491C9047E80601D5F868804798F80910D3
:10CD90004046022920D1017B00291DD0022904D060
:10CDA000012909D040F648410DE0C169D8F81000CA
:10CDB0000844C6F840050BE00169D8F81C00814220
:10CDC00004D840F649413E20F8F7A4FCC6F84015C7
:10CDD000BDE8F04700F0B6B9BDE8F087008000403C
:10CDE000A82B002008F5014000100040501400401E
:10CDF00070B5164B8C8803EB8005C5F820460C787F
:10CE0000D1F8011044EA0121C5F80016D3F8401604
:10CE100001248440C9B2E5B2294332B1012A0AD0C3
:10CE200040F2D4513E20F8F775FCD3F84006C0F329
:10CE30000720A04304E0D3F84006C0F307202843AE
:10CE400041EA0020C3F8400670BD00000010004019
:10CE50000149012008707047000300200B48817DC4
:10CE60000B48405C00F51660B0F5166F04D2A0F6D2
:10CE7000381040F4807001E0A0F51660054AC2F851
:10CE8000080501F07F00C2F854057047A82B002068
:10CE9000F6D200000010004008B50B496B4691F92E
:10CEA0001520897D00F0CAFA9DF9000000F09AFA79
:10CEB0000DF10100F8F7B8FA002804D040F215612E
:10CEC0003E20F8F727FC08BDA82B00200348017A74
:10CED000012902D1807AFFF7DFBF7047A82B00201D
:10CEE0000D4810B5407A01280CD0022813D1F8F76C
:10CEF0007DFA00280FD0401C0DD040F6A6013E2040
:10CF0000F8F708FCF8F784FA002804D0401C02D097
:10CF10004FF40A61F3E710BDA82B00200848002158
:10CF2000C0F80011C0F80C11C0F81011C0F80411BD
:10CF3000C0F81411C0F81811C0F8081170470000AB
:10CF400000100040184810B590F82C00C10729D0F7
:10CF5000810714D51548D0F8001241F00101C0F83E
:10CF60000012D0F85005C0B20B2805D00A2803D013
:10CF7000032801D0022815D140F23E610FE040079E
:10CF800010D50A480A490830C1F814054FF4A071B9
:10CF9000084804F03DFD002804D040F246613E20E0
:10CFA000F8F7B8FB10BD0000A82B002000100040CF
:10CFB00098F001400080004008480146C27991F88D
:10CFC0002C1012B1012A03D006E041F0020101E069
:10CFD00041F0040180F82C10FFF7B4BFA82B00200B
:10CFE0002DE9F041344D0024287B38B14FF4A27173
:10CFF000324804F00DFD08B1012600E00026687AF1
:10D000002F4F4FF48671012802D0022806D016E077
:10D01000384604F0F8FC90B1082410E0384604F0DB
:10D02000F2FC00B10224D7F80004C04340F3000032
:10D03000401C01D144F004040EB144F0010414F08A
:10D040000B0F07D14FF48871384604F0DCFC08B1AF
:10D0500044F010041B480078F8B1D7F8400610F0EF
:10D06000FF0607D04FF48A71384604F0CCFC08B1B3
:10D07000012000E0002085F822003EB14FF48C71C1
:10D08000384604F0C0FC08B1012000E0002085F81B
:10D090002300D7F8100485F82400FFF73FFFE006CF
:10D0A00006D5200704D4687A012801D144F0200471
:10D0B0002046BDE8F0810000A82B00200080004041
:10D0C00000100040000300202DE9F041174C0D46F0
:10D0D000217A29B110F0110F07D0FFF7C3FA23E02E
:10D0E00000F08AF8002020731EE0012901D00126FB
:10D0F00000E00026E07901280ED0002700F07CF83F
:10D100009621304600F08EF801464FB13B358D42F6
:10D1100004D90020BDE8F0810127EFE70120E0718C
:10D12000A27A3046FFF7DEFC0120F3E7A82B0020AF
:10D130000348D0F8001241F48871C0F8001270471B
:10D14000001000400448816A41F480018162034973
:10D150004FF4800008607047A82B002004F50140C0
:10D16000074A002008320649C2F840050A1DC2F8E5
:10D170004005C1F8400502490C31C1F8400570472F
:10D18000008000400349C979002902D10249C1F851
:10D1900014057047A82B002098F0014010B5144AE0
:10D1A00020B1012811D04FF4EC611CE001F12800FE
:10D1B000C2E902100F490E48F8F730F9002815D0DF
:10D1C000401C13D040F24F710DE001F12900C2E97B
:10D1D000021008490648F8F70FF9002806D0401C4D
:10D1E00004D040F25C713E20F8F794FA10BD0000C4
:10D1F0000803002020D3000002480021C171017201
:10D2000041727047A82B0020054AD279012A06D026
:10D210004FF47A7201F5FA71B1FBF2F1401A7047DE
:10D22000A82B002070B5134C03460D4694F821201E
:10D2300000205AB1214691F8201063B1012B11D181
:10D24000012A284612D004F0E8FB09E040F6530119
:10D250003E20F8F75FFA012A284604D004F0EBFBE1
:10D26000E169084470BD00F0D1F8F9E700F0C0F8BA
:10D27000F6E70000A82B002010B5FFF707FCFFF72A
:10D28000EDFDFFF723FEFFF753FF00F03DFE002802
:10D2900008D100F029FE002804D10348016841F4B8
:10D2A000C021016010BD00006815004010B50446A3
:10D2B000FFF7ECFBFFF7D2FD2046FFF7EDFD00F096
:10D2C00023FE00280DD0094A11685006022CD0F820
:10D2D000200307D0C0F3062021F4FE4141EA0020DC
:10D2E000106010BDC0F30660F6E70000881500402E
:10D2F00000002CA6E0A10406080A0C0E1012141659
:10D30000181C1E20222426282A2C2E30323436388F
:10D310003A3C3E40424446484A4C4E021A500000B5
:10D32000010000001011004000000000000000009B
:10D33000000000000000000000000000141E0000BB
:10D34000301100000000000028000000180000005C
:10D3500000000000141E000030110000000000005A
:10D3600070170000A00F000070B50546144608466F
:10D37000FFF7B2FB05EB4501C1EBC511C0EBC101E5
:10D38000074850F8240008444FF47A7100F6B7308B
:10D39000B0FBF1F52046FFF773FB2844401D70BD3C
:10D3A00030D4000070B50E4D1C46083D0C4B35F8CE
:10D3B000111000EB400553F82230C5EBC01001EB13
:10D3C000C00003F6B73318444FF47A71B0FBF1F59F
:10D3D0001046FFF755FB28442044401D70BD000057
:10D3E00030D400000149C0B2086070470C150040FD
:10D3F000054A32F811104FF47A7201F2E731B1FBAD
:10D40000F2F10844801E704728D40000054A32F823
:10D4100011104FF47A7201F57A71B1FBF2F1084400
:10D420007047000028D400000000DC05E80300007D
:10D4300000000000141E0000301100002DE9F84328
:10D440001E4617460C460546F4F73AFADFF8A49054
:10D45000804699F80000A84210D199F8011048467A
:10D46000A1420BD190F90210B94207D1C2784245CE
:10D4700004D1818831808079B07036E03A46214607
:10D48000012D09D0022D09D0042D09D0082D09D075
:10D4900040F25A4106200CE0002004E0012002E0A6
:10D4A000032000E002206B46F4F75AFA18B13D2140
:10D4B0007520F8F72FF92046FFF7CCF802463146E1
:10D4C0009DF90000F7F7BCFF014689F80710318885
:10D4D000A9F80410B17889F8061089F8005089F885
:10D4E000014089F8027089F8038099F90700BDE8C6
:10D4F000F8830000580300202DE9F04786468C464B
:10D500000846089E154674461946002B40F0C28016
:10D510008542B2FA82F245D94AB1C2F1200300FA3B
:10D5200002FC2EFA03F3954043EA0C0C94404FEAB8
:10D53000154EA8B2BCFBFEF8230C0EFB18CC08FB62
:10D5400000F943EA0C43994528D9EB1808F1FF3755
:10D5500004D2994502D9A8F102072B44A3EB090391
:10D56000A4B2B3FBFEFC0EFB1C330CFB00F044EA40
:10D570000344A04214D92C190CF1FF3304D2A04269
:10D5800002D9ACF102032C44241A43EA07401EB12D
:10D59000D440002334607360BDE8F0874746DDE780
:10D5A0006346F1E792BB431B01214FEA154EAFB230
:10D5B000B3FBFEFC200C0EFB1C330CFB07F840EA0F
:10D5C0000343984562D9EB180CF1FF3004D298451B
:10D5D00002D9ACF102002B44A3EB0803A4B2B3FBC5
:10D5E000FEFC0EFB1C330CFB07F744EA0344A74286
:10D5F0004ED92C190CF1FF3304D2A74202D9ACF159
:10D6000002032C44E41B43EA0040C0E7C2F12003BC
:10D6100020FA03F1954090402EFA03F303434FEABA
:10D62000154EAFB2B1FBFEFC0EFB1C10190C0CFB2F
:10D6300007F841EA0041884504FA02F422D9691842
:10D640000CF1FF3004D2884502D9ACF10200294424
:10D65000A1EB08019BB2B1FBFEFC0EFB1C110CFB05
:10D6600007F743EA01439F420ED9EB180CF1FF3153
:10D6700004D29F4202D9ACF102012B44DB1B41EAE8
:10D68000004192E76046E3E76146F7E76046A3E7BB
:10D690006346B7E7834206D916B9002108467BE7FF
:10D6A000C6E900E0F9E7B3FA83F78FB9834201D303
:10D6B000724508D8BEEB020460EB030301209C46D0
:10D6C0001EB9002168E73846FAE7C6E9004CF8E7DA
:10D6D000C7F1200CBB4022FA0CF41C432EFA0CF1CB
:10D6E00020FA0CF3B84001434FEA14490EFA07F54B
:10D6F000B3FBF9F81FFA84FE09FB18300B0C08FB8A
:10D700000EFA43EA00439A4502FA07F240D9E318B9
:10D7100008F1FF3004D29A4502D9A8F1020023444F
:10D72000A3EB0A0389B2B3FBF9F809FB183308FB32
:10D730000EFE41EA03418E452CD9611808F1FF33F2
:10D7400004D28E4502D9A8F10203214443EA0040E5
:10D75000A0FB0298A1EB0E014145CE46434602D301
:10D7600006D14D4504D2B9EB020E68EB0403013833
:10D77000002EA6D0B5EB0E0261EB030101FA0CFC02
:10D7800022FA07F34CEA0303F940C6E9003198E7AF
:10D790004046C5E74346D9E710F8012B11F8013B95
:10D7A000012A28BF9A42F7D0D01A7047034613F8CF
:10D7B000012B002AFBD1181A01387047042802D225
:10D7C0004FF02800704702D14FF0100070474FF023
:10D7D000000070472DE9F0410D0004464FF00206AD
:10D7E0004FF0010708D02878D0B1012807D00228CF
:10D7F00014D003283ED116E080F829700EE0686846
:10D80000C82803D30321F5F7BBF908B1002607E0C8
:10D810002046696800F043F9012601E0F4F7EEF8CC
:10D820003046BDE8F08194F824000028F6D16868FD
:10D83000F4F7B6F8F0B16968087830B194F82600CA
:10D84000052808D04FF4BE7111E0204600F02FF9F2
:10D8500084F82570E2E7204600F042F994F82700AA
:10D86000214600F00AF80028D8D14FF4BF716A2091
:10D87000F7F726FC84F82970D0E7F5F7B3BB2DE95C
:10D88000F0410D4604000CD094F8286000270220D7
:10D89000092D70D2DFE805F008113535657088A5CF
:10D8A00093004FF4CB71F7E094F8260004287AD067
:10D8B0000328FCD040F2A111EEE094F826000428E1
:10D8C00004D0032802D040F2A511E5E0052084F839
:10D8D000260084F8297094F82400B0BB002120466B
:10D8E00000F0DDF82078012806D0D4E90401C4E96D
:10D8F00006010021226A48E094F82700F5F77AFA39
:10D90000F5E794F82610042904D0032902D040F248
:10D91000C311C1E094F8242022B12146304600F022
:10D92000FEF8B1E0042900D0012084F82600226A24
:10D93000022D0BD006213046904700286DD000788C
:10D9400000286AD040F2DD11A6E034E0052130461F
:10D95000904700287CD00078002879D04FF4EC71F3
:10D960009AE094F82600052802D04FF4F27193E073
:10D970000221226A09E07EE094F82600052802D000
:10D980004FF4F57188E0226A012130469047014644
:10D990002046FFF71FFF022876D0E8B301286DD09C
:10D9A00040F22A2178E071E094F82600052802D0A0
:10D9B0004FF4F87170E0BDE8F041F4F71FB894F847
:10D9C0002600052802D040F2F51165E0226A0A21FE
:10D9D0003046904701462046FFF7FCFE4FF4FC71AD
:10D9E0005AE094F82610052907D094F825200AB1AA
:10D9F000032902D04FF4FE714EE094F8241029B1AF
:10DA000021463046BDE8F04100F089B894F829106D
:10DA100099B184F8297001E033E035E084F82600FC
:10DA2000226A082130469047002811D0007800284B
:10DA30000ED04FF402712FE00AE094F8251061B186
:10DA400094F827002146FFF718FF18B184F82570D5
:10DA5000BDE8F0814FF403711EE084F82600226ACD
:10DA60000721304690470028F2D000780028EFD0F8
:10DA70004FF4057110E040F219210DE00421226AF3
:10DA800083E70321226A80E7002DE1D100F0FDF851
:10DA90000028DDD040F233216A20F7F711FB02465F
:10DAA00003784068084450605938F6F76BB9012292
:10DAB00002700022C2720A7972B1002202814A7990
:10DAC00062B1032282728A686A324260C968016167
:10DAD000032180F8261070472B22EFE70222F1E79E
:10DAE00010B500220270C2720A79A2B1002202812E
:10DAF0004A7992B103228272CA686A324260D0E9DE
:10DB000006428968CB1761185A41C0E90412042102
:10DB100080F8261010BD2B22E9E70222EBE770B552
:10DB200005460C4691F82700F5F7B0FE78B120467F
:10DB300000F010F8226A092128469047002808D0F2
:10DB40000078002805D0DC216A20F7F7B9FAD8213F
:10DB5000FAE770BD002180F8261000F8241F4170FC
:10DB6000704770B5F3F7A6FF0546002406E020468F
:10DB7000F3F7A6FFFFF7EEFF641CE4B2AC42F6D366
:10DB800070BD2DE9F0410D46F3F79AFF040008D06F
:10DB900094F826006FF02206012806D0022811D141
:10DBA00003E06FF00100BDE8F0816FF015075DB193
:10DBB0002846F3F7F5FE38B1287838B194F82600F6
:10DBC000022808D03046EEE73846ECE729462046E2
:10DBD000FFF76DFF03E029462046FFF781FF94F829
:10DBE00027002146FFF749FE08B10020DBE740F29D
:10DBF000B1216A20F7F764FA10B50446F3F760FF25
:10DC0000010005D091F824006FF0220278B902E0FB
:10DC10006FF0010010BD91F8260040B1022808D035
:10DC2000012806D0012081F82400002010BD1046F4
:10DC300010BD2046FFF773FFF7E72DE9F0410E46D0
:10DC40000746F3F737FF054600240BE02046F3F7BD
:10DC500037FF90F8260018B14FF0FF30BDE8F08193
:10DC6000641CE4B2AC42F1D3082E02D96FF0150067
:10DC7000F4E717B13146384601E000210846BDE817
:10DC8000F041F3F703BFF6F701BB10B50020F6F73C
:10DC900023FE0068002818BF012010BD410A43F68A
:10DCA00009525143C0F3080010FB02F000F58070E8
:10DCB00001EB50207047002809DB00F01F02012112
:10DCC00091404009800000F1E020C0F880127047C8
:10DCD00000280DDB00F01F02012191404009800067
:10DCE00000F1E020C0F88011BFF34F8FBFF36F8FBA
:10DCF000704770B50246002000291DD0A2FB01012B
:10DD0000400A40EAC150490A401C41F1000140F27A
:10DD1000A172831841F100015B1C41F10004002154
:10DD2000D3F1FF33A14103D272216D20F7F7C8F977
:10DD300000F5F460B0FBF2F070BD4058002800D050
:10DD400001207047D0F80C24D0F80C0402F0010236
:10DD5000C00303D58A4201D10120704700207047DB
:10DD600010B501218807F7F755F9002800D00120E8
:10DD700010BD4FF080400121016070474FF080419D
:10DD8000D1F81824D1F8181402F00302C90303D5FE
:10DD9000824201D1012070470020704710B5002158
:10DDA0004FF08040F7F736F9002800D0012010BD71
:10DDB000002809DB00F01F0201219140400980008A
:10DDC00000F1E020C0F88012704700280DDB00F061
:10DDD0001F02012191404009800000F1E020C0F8BD
:10DDE0008011BFF34F8FBFF36F8F70470010020099
:10DDF000FA000000B8ED4DAAF20E0232EAB5DE2FAD
:10DE000050D1B75AB5D2C741002809DB00F01F0234
:10DE1000012191404009800000F1E020C0F880120B
:10DE20007047EFF3108172B60278012A01D0012207
:10DE300000E000220123037001B962B60AB100209C
:10DE400070476FF02200704700210170084670474C
:10DE5000EFF3108172B60022027001B962B60020A1
:10DE60007047F7F72DBA4FF08050D0F830010F28E7
:10DE700001D000207047012070474FF08050D0F84B
:10DE800030010A2801D0002070470120704700B5FA
:10DE9000FFF7F3FF20B14FF08050D0F8340108B104
:10DEA000002000BD012000BD4FF08050D0F83001AF
:10DEB0000E2801D000207047012070474FF080509D
:10DEC000D0F83001102801D00020704701207047A1
:10DED0004FF08050D0F83001062803D0401C01D00C
:10DEE000002070470120704700B5FFF7F1FF48B1EF
:10DEF0004FF08050D0F83401062803D3401C01D0E5
:10DF0000012000BD002000BD00B5FFF7E1FF38B1E2
:10DF10004FF08050D0F83401062803D3401C01D0C4
:10DF2000002000BD012000BD4FF08050D0F830012E
:10DF30000D2801D000207047012070474FF080501D
:10DF4000D0F83001082801D0002070470120704728
:10DF5000002A04BF00207047521E07D0037891F8B2
:10DF600000C0634504BF401C491CF5D00078097807
:10DF7000401A7047F0B480EA010C03461CF0030F0E
:10DF80003CD113F0030F0BD0002A04BFF0BC704744
:10DF900011F801CB03F801CB521E13F0030FF3D19C
:10DFA000032A4FD9B2F1004F4CD2C2F1000C4FEA14
:10DFB000EC740CEB947C4FEAAC0CCCF1000CBCF193
:10DFC000000F1BDD0D1F1C1F1CF0010F03D055F8A7
:10DFD000046F44F8046F5FEA6C0607D06F686760EF
:10DFE00055F8087F44F8087F761EF7D101EB8C01C5
:10DFF00003EB8C03CCF1000C02EB8C02002A04BF73
:10E00000F0BC7047B2F1004F26D2002ADCBFF0BC52
:10E010007047491E5B1E12F0010F03D011F801CFAB
:10E0200003F801CF521004BFF0BC704791F801C053
:10E0300083F801C011F802CF03F802CF521EF5D1C8
:10E04000F0BC7047042AD9D351F804CB121F43F80F
:10E0500004CB042AF8D2D1E711F801CB03F801CBA5
:10E06000521EF9D1F0BC704770B4034601F0FF0CAA
:10E0700010F0030F09D0002A04BF70BC704703F8EA
:10E0800001CB521E13F0030FF5D1C9B241EA0121B1
:10E0900041EA0145032A39D9B2F1004F36D2514243
:10E0A000CC1701EB947189104E42002E11DD191F1F
:10E0B00016F0010F18BF41F8045F741004D04D60D2
:10E0C00041F8085F641EFAD1714203EB860302EB4C
:10E0D0008102002A04BF70BC7047B2F1004F1DD20C
:10E0E000002ADCBF70BC7047591E12F0010F18BF28
:10E0F00001F801CF521004BF70BC704781F801C015
:10E1000001F802CF521EF9D170BC7047042AE0D347
:10E11000121F43F8045B042AFAD2DAE703F801CBB2
:10E12000521EFBD170BC70474FF0FF30704700208B
:10E130007047002070474FF0FF30704770477047BE
:10E14000002070470021017070474FF0FF3070478A
:10E150004FF0FF3070470021017070474FF0FF30E3
:10E1600070474FF0FF3070470078002801D06FF003
:10E170001500704700207047002200F002B8F3F746
:10E18000A5BB70B514460D46001B6FF07F01884299
:10E1900001DA084602E07F2800DD7F2040B2F3F775
:10E1A000C9FB28706C7000212044A97040B270BD7A
:10E1B00030B50D468DB01446014610226846FFF773
:10E1C000D9FE1022294604A8FFF7D4FE684600F0C5
:10E1D00060FF18B16FF015000DB030BD1022204661
:10E1E00008A9FFF7C7FE0020F6E70EB5014668460E
:10E1F00000F018F8684601F08EFB0EBD70B50C46B5
:10E200000546F7F7F1FB002802D03E2D01D0012092
:10E2100070BD122C04D02046BDE87040F7F7F6BB65
:10E22000002070BD0A88C2F30B0202804A88428037
:10E230004A789309002242714B78C3F301131BB152
:10E24000012B05D0022B05D00271091D816070479A
:10E250000122F9E70222F7E710B50C4609780170B0
:10E26000417801F0F00141702288C2F3032211438A
:10E270004170A2788270628801F0CF01120AC270E8
:10E280004170227941EA021101F03F014170627947
:10E2900041EA82114170A168021D914206D0628854
:10E2A000FB2A00D3FB22001DFFF764FEA078001DAF
:10E2B000C0B210BD2DE9F84F044691F800C000200F
:10E2C00013263E221227FF254FF00C094FF0050EB2
:10E2D0004FF0010A04F10D034FF0110BBCF1220FB6
:10E2E00071D2DFE80CF07011292B31F971C9D3FA22
:10E2F000F7F6F5F4F3F2F170705397F0EFEEEDEC02
:10E30000EBEAE9E8E7E670E584F800900879A070A8
:10E310004879E070B1F80500000A2071C879607191
:10E32000087AA0710889000AE071887A2072488909
:10E33000000A607208207AE1102000E01A202070A4
:10E340000879A070012072E122700220A070087983
:10E35000E070887B207148796071D1F80600C4F8BC
:10E36000060048896081087B20730E7B0D1D1F2EDF
:10E3700000D31F261846324605F10B01FFF7FAFDC0
:10E380000D36697AA155761EF0B24EE122700B204F
:10E39000A0700879E0704879207188796071D1F8AF
:10E3A0000700C4F80600B1F80B006081487B2073B9
:10E3B000D1F80E00C4F80D00488AA4F81100087DB9
:10E3C000E074384633E134E1227084F802A0087921
:10E3D000E07088792071C888000A6071087AA0719D
:10E3E000487AE071D1F80A00A060C889A081087C51
:10E3F000A073088A000AE073887C2074488A000AA7
:10E400006074087DA074888A000AE074887D207595
:10E4100030460CE122700A20A07011F8040FE07061
:10E42000887820714888000A60710879A07148795D
:10E43000E071D1F80600A0604889A081C868C4F8DE
:10E440000E00088A6082D1F812006061C88A2083B9
:10E45000087EA076088B000AE076887E2077488BBD
:10E46000000A6077087FA077888B000AE077887FB2
:10E4700084F820001F20DAE022701420A0700879B0
:10E48000E0708888000A207188790AE122700420EF
:10E49000A0700879E07088792071C888000A6071DE
:10E4A0008868C4F80600C868C4F80A000C20BEE0FA
:10E4B00043E117E1F8E023E131E1EAE0D2E0CEE028
:10E4C000B9E0BDE05FE05BE070E06AE04DE041E0B4
:10E4D00034E030E01BE000E071E022700320A07027
:10E4E0000879E07088792071C888000A6071087A1C
:10E4F000A0710889000AE071887A20724889000AB0
:10E500006072087BA0728889000AE07205E12270BF
:10E5100084F802E00879E0708888000A2071D1F858
:10E520000600C4F80500D1F80A00C4F80900C8893B
:10E53000A4F80D0016E184F800B039E084F800E09A
:10E540000879A0704879E070B1F80500000A2071E0
:10E55000C879A6E0082020700879A0708879E0705A
:10E56000C888000A2071087A9BE030202070087962
:10E57000A0708879E070C888000A2071032056E0F6
:10E580002270072092E0227084F802900879E070EF
:10E5900088792071C888000A6071087AA071487A69
:10E5A0005AE02046091DF7F7F1F93EE057202070A8
:10E5B0000879A0708888000AE070022037E0227095
:10E5C0000D22A27011F8042FE2704A89A2804A78C5
:10E5D000A271D1F80220C4F80720CA88A4F80B2041
:10E5E0000A7B204662734A7B82738A7BC2738A7E6F
:10E5F00002744A7A4274B1F81120ADF800204282C8
:10E60000CA7C02754A69C0F815200A8BA0F8192047
:10E610000A7AC2760D7AE52D00D3E5252A461C300C
:10E620001C31FFF7A7FC1A35E8B2002801D0607052
:10E63000801CBDE8F88F227084F802B05046F6E7DF
:10E640002270A7700879E07048792071887960712C
:10E65000C888000AA071087AE0710620E7E72270F6
:10E66000202041E022702120A0700879E0704879D4
:10E670002071B1F80500000A6071C879A071087AAC
:10E68000E071487A2072887A6072C87AA072092094
:10E69000CDE72570A120A0700879E070487920713D
:10E6A000002060710420C2E72570A220A0700879C4
:10E6B000E0708888000A207188796071C888000A33
:10E6C000A071087AE0710889000A2072887A607265
:10E6D0004889000AA072087BE0728889000A2073CA
:10E6E0000B20A4E72570A320A0700879E07088882B
:10E6F000000A207188796071C879A071052096E7B9
:10E700002270A6700879E07048792071D1F806006F
:10E71000C4F805004889A4F809000A2087E7257095
:10E72000A420A0700879E0708888000A2071887998
:10E730006071C879A071072079E725708020A070EA
:10E740008A88A4F80320CA88A4F805200A7AE2710E
:10E750004A8922818A896281CA89A281097C01F061
:10E760000101A1730D2062E73E2202700122827036
:10E7700011F8042FC2708A7802714A88120A427115
:10E780000A7982714A79C271D1F8062082604A8979
:10E7900082810A7E82730A8B120AC2738A7E027495
:10E7A0004A8B120A42740A7F82748A8B120AC274DC
:10E7B000897F017513214170084670474A0901F0AD
:10E7C0001F0150F82200C84000F00100704710B54A
:10E7D0006FF0150420B1FFF708FD08B1002010BD4F
:10E7E000204610BD10B50C4630B12CB1F7F78CF8AF
:10E7F00028B12070002010BD6FF0150010BD6FF023
:10E80000220010BD02F00ABD02F053BD10B5F7F7AB
:10E810000DF9002010BD10B5F7F718F9002010BD54
:10E8200002F063BD08B500788DF80000684602F07C
:10E83000D1FC08BD1FB50021009101910291039107
:10E84000D0F8021041F64C52914204D340F2E24219
:10E85000B1FBF2F105E04FF47A72B1FBF2F101F590
:10E860005061028889B2ADF80020ADF80210ADF811
:10E870000410C188ADF806100089ADF8080068469C
:10E8800002F0FAFA04B010BDFDF744BA0120704757
:10E89000007800B1012002F07CBC10B50446F6F708
:10E8A00083FCC11700EB917080107F2801DD7F2071
:10E8B00004E06FF07E01884200DA084620700020F4
:10E8C00010BD70B5054610220021FFF7CDFB1022C8
:10E8D000002105F11000FFF7C7FB4FF08054D4F87A
:10E8E0008000401C0BD1D4F88400401C07D1D4F820
:10E8F0008800401C03D1D4F88C00401C0BD0D4F805
:10E900008020D4F88400D4F88810D4F88C302A61A0
:10E910006861A961EB610020F7F704FD18B9D4F82C
:10E92000A000C00718D1D4F89000401C0BD1D4F837
:10E930009400401C07D1D4F89800401C03D1D4F8AF
:10E940009C00401C08D054F8900F6168A268E368EE
:10E9500028606960AA60EB60002070BD38B54FF098
:10E9600080550446D5F8A400401C05D1D5F8A80070
:10E97000C0430004000C3ED0D5F8A000C0073AD038
:10E98000D5F8A400D5F8A810ADF80010C4F801001F
:10E99000BDF80000A4F80500A07940F0C000A07107
:10E9A000D5F89000401C0FD0D5F89400401C0BD037
:10E9B000D5F89800401C07D0D5F89C00401C03D027
:10E9C0000020F7F7AFFC40B110220021E01DFFF757
:10E9D0004BFB01202070002038BD55F8902F69684E
:10E9E000A868EB68C4F80720C4F80B10C4F80F003F
:10E9F000C4F81330EDE70020ECE702F0DDBB02F0D5
:10EA00001EBCFDF7D9B902F016BA02F02BBA02F01B
:10EA100033BAFCF703BF02F072BA02F077BB02F020
:10EA200096BA02F09DBAFCF753BFFCF75BBF02F049
:10EA3000CABA02F09BBAFCF77DBF02F0A0BAFCF79D
:10EA40009FBF02F0B7BA02F0C2BA02F0D5BAFCF723
:10EA5000A1BF10B5F6F7E2FF002010BDFCF7C2BF62
:10EA600002F0EABA02F001BB02F00DBB02F021BBDA
:10EA700002F07EBB02F094B902F0EDBB70B50B88DA
:10EA8000C47C00F11805C3F30E0602883544641DEA
:10EA90002D88224492B22544541E2C4494FBF2F457
:10EAA00002FB0462408892B2904203D903F4004012
:10EAB000104302E04FF400409843088070BD4204C8
:10EAC000B2EB414F07D100F4004001F4004188420D
:10EAD00001D001207047002070478188C08888429B
:10EAE00001D101207047002070472DE9F0410F4609
:10EAF000044600F1180180880026C0F30E00451876
:10EB00003E60E089002816D06189084480B26081A7
:10EB10002988884205D94FF4A9714FF01400F6F7FF
:10EB2000F9FD06D104F104012046FFF7A7FF668135
:10EB30003D60E6810120BDE8F0812DE9F041044609
:10EB400000F11803C0880E46C0F30E07208AD919B9
:10EB500008B1B04202D20020BDE8F081A0890025B2
:10EB600040B1B1F800C0604506D040F20521142044
:10EB7000F6F7D0FD0D800EE094F813C018440CF1A8
:10EB8000050CBC446044B4F814C020F803CC94F8DD
:10EB900016C000F801CCA0893044A0810888304418
:10EBA00008802AB1A11D2046FFF768FFA5810AE071
:10EBB000E07CA189401D38441944084430F8031D05
:10EBC000A1828078A07525820120C5E7801C70474E
:10EBD00010B5C2880389C2F30E01C3F30E04611A93
:10EBE00002F4004203F400439A4201D142881144E6
:10EBF000C27C00881044401D80B291FBF0F080B2CE
:10EC000010BD10B50446C088A188814203D0608938
:10EC100008B9E08908B1002010BD211D2046FFF78A
:10EC20002DFF0020E081012010BD10B5044600F149
:10EC30001802C088C0F30E0002442088452800D284
:10EC40004520884204D240F205111420F6F762FDF7
:10EC5000A07C002803D01088884201D2002010BD7B
:10EC60001180A11D2046FFF709FF0020A07401209C
:10EC700010BD10B5C4888388014600F11802C3F3A3
:10EC80000E001044A34202D04989002900D0002080
:10EC900010BD0388452B00D245231380C288C2F3E0
:10ECA0000E0300F118021A440A6080897047C07C84
:10ECB000401D0844C01E1060088870472DE9F041CF
:10ECC0000E46C1880289044600F118080088C1F385
:10ECD0000E05C2F30E07452800D24520B04203D2EC
:10ECE000C7211420F6F716FD1046FFF7E8FE10B115
:10ECF0000020BDE8F081AF4208D9E17C781B401AC2
:10ED0000401F864202DD0020A074F1E708EB0500F9
:10ED100001210680A174ECE738B5C488818800F130
:10ED20001802C1F30E031A44A14210D04389C589C9
:10ED300012882B44934208D3ADF800106946FFF7C0
:10ED40009DFEBDF80000A04201D0012038BD00208A
:10ED500038BD70B5C6888588034600F11804C5F330
:10ED60000E002044B54202D10020D88170BD048835
:10ED70005D89DE7C641B354428440D88A4B2801C68
:10ED8000A54200D90C805C8924B100241470098844
:10ED9000D98170BD0124F9E72DE9F0411D461646E1
:10EDA000069F0B4604463A462946304600F039F89D
:10EDB000834201D29F2112E0A00701D0A0210EE0E2
:10EDC000182200212046FFF74FF9A819401D78436B
:10EDD00080B2E5746080B0F5004F03D9A5211420FE
:10EDE000F6F798FC2680BDE8F08170B50B46044626
:10EDF00000F1180102898088C2F30E050D44824299
:10EE000001D1002070BD23B1E27CA91C1846FFF798
:10EE1000B1F82D8804F108012046FFF72FFE28469F
:10EE200070BD0144491D51438AB20021452802D2D8
:10EE3000C0F1450081B21832501880B270472DE9F8
:10EE4000F0478846C18804460089C1F30E0604F1E4
:10EE50001805C0F30E0705EB0609FFF730FE002288
:10EE600098B92088452800D24520B74206D9E37CCE
:10EE7000B91BC91A491F814200DA0846A18911B19C
:10EE8000B9F80030C01A404503DA22820020BDE8FC
:10EE9000F087E07C2944401D30440844A4F81080E9
:10EEA000C01EF4E7002181810182704770B5002304
:10EEB000A1F108024FF6F774A24204D340F2CD113B
:10EEC0001520F6F727FC02680AB91EE01046026812
:10EED00093888B4202D01368002BF7D19488134695
:10EEE0008C4201D111680DE001F10805AEB2002598
:10EEF000B44209D3641A11440D608C800268126810
:10EF000002600A60016000E00023184670BD10B581
:10EF10000C0004D0082C07D240F295110AE008B189
:10EF200000210160002010BD58B1B4F5803F04D32A
:10EF300040F2A7111520F6F7EDFBA1B2006800F032
:10EF400014F8201D10BD0021026803E093881268A8
:10EF5000194489B2002AF9D100F007B800230B60E8
:10EF60008A8002680A600160704700234360021DC6
:10EF70000181026070471CB504460020019000909A
:10EF80008DF806400AE0BDF804002146F6F720FEA1
:10EF900020B140F2A5211720F6F7BCFB6846F6F732
:10EFA000D1FD0028EFD01CBDA0F57F42FF3A00D074
:10EFB00009B100207047F6F75DBE10B50446F6F7BC
:10EFC000A5FEA04201D9012010BD002010BD70B5E2
:10EFD0000E461D46114600F013F8044629463046F9
:10EFE00000F004F82044001D80B270BD10B50A4640
:10EFF0000921FFF716FF4FF6FC71C01C084010BD39
:10F0000010B50A460A21FFF70CFF4FF6FC71C01C31
:10F01000084010BD002809DB00F01F0201219140CB
:10F020004009800000F1E020C0F8801270470028FD
:10F030000DDB00F01F02012191404009800000F12A
:10F04000E020C0F88011BFF34F8FBFF36F8F704780
:10F0500010B50E20FFF7EBFF0E20FFF7DBFF0F20B0
:10F06000FFF7E5FFBDE810400F20FFF7D3BF0028F2
:10F0700009DB00F01F02012191404009800000F1EE
:10F08000E020C0F8801270474058002800D00120CE
:10F09000704710B504462046F6F7ACFF1128FAD0A9
:10F0A00010BD10B5FFF7F5FF002803D0A0211D20EB
:10F0B000F6F730FB10BDF7F7FBB8F7F7E9B810B576
:10F0C00050400A781C78624010444A785C7862406C
:10F0D00010448A789C7862401044CA78DC78624098
:10F0E00010440A791C794979624010445A79514098
:10F0F000C14201D1012010BD002010BD10B5002972
:10F1000004464FF0060102D0F6F796FB01E0F6F751
:10F11000AFFB607900F03F00607110BD704730B503
:10F120000C4605468DB04FF0030104F1030012B107
:10F13000F6F782FB01E0F6F79BFB60790D2200F009
:10F140003F0040F040006071002104A8FEF78CFFF2
:10F15000E0788DF81F0020798DF81E0060798DF819
:10F160001D00102229466846FEF704FF6846FFF797
:10F1700098FF9DF82F0020709DF82E0060709DF87C
:10F180002D00A0700DB030BD30B58DB00C460546D9
:10F190000D22002104A8FEF767FFE0788DF81F001C
:10F1A00020798DF81E0060798DF81D001022294607
:10F1B0006846FEF7DFFE6846FFF773FF20789DF88C
:10F1C0002F1088420CD160789DF82E10884207D10C
:10F1D000A0789DF82D10884202D101200DB030BDDD
:10F1E0000020FBE7F7F712BC10B5012808D0022871
:10F1F00004D040F21A410620F6F78CFA012010BD27
:10F20000002010BD002904D0012803D0012901D01D
:10F210000220704701207047FFF79BBD0121F7F7DF
:10F2200073BF10B502F0AEFB18B1BDE81040FDF79A
:10F2300059B8FF2010BD10B5F7F7AEFF102803D066
:10F24000F7F77AFF102800D1082010BD10B5F7F7A6
:10F25000A3FF102803D0F7F7FDFF012010BD002009
:10F2600010BD70B50E468CB0144601461D461022E6
:10F27000684600F097F91022314604A800F092F990
:10F280006846FFF70EFF08A94FF0100228461CB190
:10F2900000F088F90CB070BDFEF76CFEFAE781074C
:10F2A00001D502207047C007FCD00120704770B51F
:10F2B0000646007940090ED100252C46305D00F04D
:10F2C0006DFD641C2844E4B2C5B2052CF6D3012DB3
:10F2D00001D9012070BD002070BD10B50C46002181
:10F2E000FFF762FE606010B10020207010BD0220A8
:10F2F00010BD40F2E2414843704740F2E241B0FBAA
:10F30000F1F080B2704770B5044690420BD2101BEA
:10F31000652800D2652025188D4203D80321F3F714
:10F320002FFC08B1204670BD284670BD10B5A2F173
:10F3300011030D2958D2DFE801F007090E151A1D37
:10F340002C3437593B4253008AB34DE0072A49D049
:10F35000082A47D048E00C2A44D00D2A42D00B2A74
:10F3600040D041E00E2A3DD00F2A3BD03CE00C2B90
:10F3700038D939E0142A35D0132A33D090F8560002
:10F3800020B1142A30D31C2A2CD92DE0182AFAD205
:10F390002AE0032B26D990F8560000B31D2A21D964
:10F3A00022E0042A1ED01FE0012A1BD01CE019E035
:10F3B0001E2A17D01F2A15D0202A13D014E0212A84
:10F3C00010D0222A0ED0232A0CD0242A0AD0252A93
:10F3D00008D0262A06D0272A04D02E2A02D003E0FD
:10F3E000292A01D1012010BD002010BD052AFBD122
:10F3F000F8E70C2819D00D2817D00B2815D00E28A7
:10F4000013D00F2811D021280FD022280DD0232867
:10F410000BD0242809D0252807D0262805D0272856
:10F4200003D02E2801D0002070470120704711F032
:10F430000C0F18D04A074FF41671002A02DA4FF069
:10F44000100201E04FF0400201DA4FF0960101F5A1
:10F45000BC71A0EB0103884203D993FBF2F080B2A8
:10F46000704700207047022908D07028F9D97038F9
:10F47000C11700EB5170C0F3CF0070473C28F0D9A2
:10F480003C38C11700EB9170C0F38F0070470968DA
:10F49000C0F866107047012802D0022800D0002072
:10F4A000704730B52A242325162A09D10C280BD001
:10F4B0000D2809D00E2807D00F2805D0212805D007
:10F4C00071B1162A0CD104E01C7000E01D700120FF
:10F4D00030BD08780128F7D00028F5D01628F5D0DF
:10F4E000002030BDF8B5CFB20646C1F3072421464F
:10F4F000384600F08FF8F5B2C6F3072620B931463A
:10F50000284600F087F840B1274035403D4044464A
:10F5100065F3070465F30F2406E02540444665F3D0
:10F5200007043E4066F30F24E0B2FFF7B8FE8DF803
:10F530000000C4F30720FFF7B2FE8DF80100BDF80C
:10F540000000F8BD2DE9F04107460E46D7E9045406
:10F55000F3F73AFF98B11EB3D7E90401401B00232B
:10F5600061EB04011A461B1A8A4119DA421C71F137
:10F57000000107DB40F229212920F6F7CBF840F201
:10F580001F21F9E73044401EB0FBF6F101FB06F005
:10F59000281844F10004C7E904040846BDE8F081D6
:10F5A0000020FBE730B5134606E0CC18D51A14F856
:10F5B000014C5B1E4455DBB2002BF6D130BD00235D
:10F5C0008363A0F8402040F271235A4301EB0212FA
:10F5D000521EB2FBF1F1C163704740F2E241B0FB51
:10F5E000F1F080B2704740F2E241B0FBF1F201FB72
:10F5F0001201401A704740F2712110FB01F04FF6E2
:10F60000FF7101EA4000704740F2E241B0FBF1F0C7
:10F61000C0B27047012802D0022803D004E00129BB
:10F6200004D001E0022901D000207047012070477A
:10F6300010B5044690F8280008B1252801D91220F9
:10F6400010BD2AB1607F28B1012809D01F2010BD4C
:10F65000002010BD2046BDE81040114600F027B83C
:10F66000A289496904F11D00F7F7A6FE84F82B0072
:10F67000EEE770B50446401C884204D00868C4F820
:10F68000010008796071607900F01F00607100204E
:10F69000E07205466619707800F080FBB071E17A7F
:10F6A0006D1C0844EDB2E072052DF3D370BD70B54A
:10F6B00090F82A2090F82930012403FB012125220B
:10F6C000B1FBF2F302FB131100EBD10280F82A1018
:10F6D00001F00703927F04FA03F31A4203D080F883
:10F6E0002B10002070BD90F82820B1FBF2F302FB34
:10F6F0001311491CC9B20023C51895F823208A426A
:10F7000010D3AD7F002204FA02F6354201D0491E23
:10F71000C9B221B1521CD2B2082AF4D304E002EBE0
:10F72000C301DCE7891AC9B25B1CDBB2052BE3D34A
:10F730001F2070BD4178007810F00F0005D001281F
:10F7400007D0022801D0062805D1891F1F2904D916
:10F7500001E00C2901D0002070470120704700789B
:10F76000C009704750F8032F0A608088888070476E
:10F770000078C0F380107047017801F00F01042970
:10F7800005D14078801F1F2801D801207047002034
:10F79000704710B5027801F00F0302F0F0021A432F
:10F7A000027007290CD2DFE801F004060406040801
:10F7B0000400062102E00C2100E02221417010BD6E
:10F7C000AB212A20F5F7A6FF0A6840F8092F89889F
:10F7D00081807047027802F07F0242EAC112027013
:10F7E00070470A6840F8032F898881807047027843
:10F7F000402302F0BF0203EA81110A4302707047FE
:10F800000A684260097901727047C172090A01737E
:10F81000704710B5FB2904D940F2AC612A20F5F7F6
:10F8200079FF417010BD0988818170470968C0F86F
:10F83000161070470A6842604968816070470A681C
:10F8400040F80E2F496841607047C06808607047F3
:10F8500042680A60806848607047007800F00300E2
:10F86000704780887047C08870470089704740891A
:10F87000704701891B290CD341894FF4A47291422E
:10F8800007D381881B2904D3C088904201D301206B
:10F890007047002070470179490704D0407940073C
:10F8A00001D001207047002070478171090AC171A1
:10F8B000704701717047417170470179490704D061
:10F8C0004079400701D0012070470020704700793F
:10F8D00070470171704740797047417170470278F5
:10F8E00001F0030102F0FC020A430270704701714B
:10F8F000090A417170478171090AC171704701722B
:10F90000090A417270478172090AC1727047007911
:10F9100070470079704710B5017919B1012906D0F7
:10F92000002010BD428883680088022103E04288DD
:10F93000836800880121F7F7D5FD08B9F7F718FEAD
:10F94000012010BDF8F7F8B870B580B10446002367
:10F9500000F5A670122A47D00CDCA2F10702082A93
:10F9600010D2DFE802F035140F0F2A210F3B40F2CE
:10F97000D11109E0132A58D01C2A4FD01E2A3ED09C
:10F980001F2A47D04FF4FF711020F5F7C3FE4B70CC
:10F9900009220A70E38450F8802F4A6042688A6026
:10F9A000008988810B7170BD4B700E220A7090F82F
:10F9B000C20008712088C88070BD4B700D220A708B
:10F9C00010F8C22F0A712288CA800079087270BDAF
:10F9D0004B7008220A7050F86A2F0AE04B70102012
:10F9E00008702088888070BD4B7015220A7050F80E
:10F9F000222F4A6042688A608068C86070BD4B7080
:10FA00001E220A70826B4A60C26B8A60B0F84000A6
:10FA1000888170BD1F220A70C06C04E04B701C22EC
:10FA20000A70D0F80A00486070BD4B7016220A7048
:10FA300050F85A2F4A608088088170BD00204870B5
:10FA40000320087001200871704710B5002048702D
:10FA500014200C46087020220021201DFEF704FB14
:10FA60000220207110BDF0B450810D89144695819B
:10FA70008A89E28148892082CE896682CF8DB74209
:10FA800008D14E8D864205D10E8E964202D18A8DC6
:10FA9000AA4201D0012200E0002222754885608A36
:10FAA000C885A0898885E08908862046F0BC122296
:10FAB0001946F7F767BD10B58C880A894B88C98845
:10FAC000A0F84830A0F84C10A0F84A40A0F84E200A
:10FAD00010BD70B515460C4600F0CCF896302844A1
:10FAE000A04201D8201A70BD002070BD2DE9F0475A
:10FAF0000446C78E468FB0F84C50B0F8400085429F
:10FB000000D30546204694F86B1000F0A3F8014698
:10FB1000E5866187A28F04F12C00E38F8046AA421C
:10FB200000D22A468B4200D20B460282A8F812303D
:10FB3000BD4201D1B14201D0012000E00020814648
:10FB4000B4F84850B4F84200A78E268F854200D3FF
:10FB5000054694F86A10204600F084F894F8601086
:10FB6000022908D1AF4200D23D46864200D230463B
:10FB7000002184F86010A8F80850A8F80C00BD42D5
:10FB800001D1B04201D0012000E0002040EA09008C
:10FB9000BDE8F087406870472DE9F04116460F46F2
:10FBA000044600F067F805463A462169E06A00F02D
:10FBB0004CF8A919814200D308462063BDE8F081C2
:10FBC0001B2202848283C28282824281028202815B
:10FBD00042858285828400290AD14FF4A471418430
:10FBE000C18341830183C18141828181C1850186B5
:10FBF0007047006801F19C02904203D9401A9C387A
:10FC0000400870470020704710B5029C8182C28274
:10FC10000383448310BD30B45081888A9081C88AA0
:10FC2000D081088B1082488B14465082204630BC0D
:10FC30001E221946F7F7A6BC022903D0C000703077
:10FC400080B2704780003C30FAE7884200D3084613
:10FC5000801A7047B0F84E10B0F84400814200D2CC
:10FC600008467047B0F84A10B0F84600814200D20A
:10FC700008467047962190F86B3090F86A2000F0A3
:10FC800000B82DE9F0410D46064698461746808E8D
:10FC90001146FFF7D1FF044639463046FFF7E2FF31
:10FCA000A04200D20446B08F4146FFF7C5FF074689
:10FCB00041463046FFF7CEFFB84200D338462044D5
:10FCC0002844801DBDE8F0812DE9FC4100273D4618
:10FCD0002326B846F7F7B4FF0446F7F779FF90B14B
:10FCE000CDF80080CDF8048003E000984169A1427E
:10FCF00009D06846F5F726FF0028F6D025462046AD
:10FD0000F7F730FF0746761E01D0002FE2D015B17D
:10FD10002846BDE8FC8140F267110F20F5F7FAFC98
:10FD200000EA400000EA400000EA400000EA40002B
:10FD300000EA400010EA400F01D000207047012087
:10FD4000704710B5044608212046F5F791FD20685C
:10FD5000002802D160680028F5D010BD00F05531B0
:10FD60004FF0553202EA5000084400F033314FF0B2
:10FD7000333202EA9000084400F00F314FF00F32A6
:10FD800002EA1010084400F0FF114FF0FF1202EADF
:10FD90001020084400EB1040C0B2704700F055013D
:10FDA000552202EA5000084400F03301332202EAEF
:10FDB0009000084400F00F0101EB1010704780EA3A
:10FDC0006000FFF7CBBF10B544680378002194F8BA
:10FDD0009D2088342046FFF7A9FA10B104206075F1
:10FDE00010BD88211C20F5F795FC10B5044640682D
:10FDF0000023194690F89E208830FFF797FA20B12B
:10FE00006168002081F8DC0010BD90211C20F5F70E
:10FE100081FCF8B5416806460C4688310D462046FF
:10FE200000F020F894F8281001291AD1002818D0E1
:10FE30007068014690F854218DF80020009A0092D5
:10FE40009DF8002000F5A670002A0AD12288428180
:10FE50006A7C0273AA7C4273BDE8F8401C22F7F763
:10FE600091BBF8BD38B505460C466846FCF7C2FEA6
:10FE700038B39DF90010617494F82B00A0742068C9
:10FE8000F7F780FF20609DF9002094F913100020FF
:10FE9000511A00D5494295F829308B4210DCFF2BCE
:10FEA0000ED0217D491CC9B2217595F82A3099429E
:10FEB00002D8E17C7F2903D1E27400202075012063
:10FEC00038BD7F206074002038BD012802D14879F8
:10FED000800901D00020704701207047012806D119
:10FEE00048790121B1EB901F01D10120704700201A
:10FEF000704718B1022801D00120704700207047D8
:10FF0000022803D0032801D0002070470120704749
:10FF1000F8F768BF10B50846042A04D040F2034140
:10FF20003220F5F7F7FBBDE8104000F053B810B5EC
:10FF30000020F8F78FFDF8F735F9F8F761FF00209A
:10FF400010BD10B5F8F7A0FDF8F72CF9FCF78AFB07
:10FF5000052010BD10B5F8F797FDFCF783FB0520D1
:10FF600010BD30B58BB00546F8F78EFD2878694690
:10FF700000F00F0422462846F9F776F800222146C1
:10FF80006846F8F773F921466846F8F7FDFC044621
:10FF9000F8F708F90BB0204630BD4FF467713220F6
:10FFA000F5F7B8FB10B5F8F76FFDFCF75BFBBDE8A4
:10FFB0001040F8F72DBFF8F715BFFEF740BF70B53A
:10FFC00014461D460646F3F7C9FF00196941C6E904
:10FFD000000170BDF0B58BB00746F5F795FF0446FC
:10FFE000FEF747FE05000CD0204629460AAAFEF778
:10FFF0005EFE0646F5F782FFB04205D04FF4AB71C6
:020000021000EC
:1000000033E04FF4A67130E069460A9800F038F901
:100010003E1D2846FEF7DAFD054600F109011C22C7
:100020003046FDF7A7FFE87C4FF00005C1060DD56F
:1000300040070AD49DF8102006F11C000399FDF733
:1000400099FF9DF81000307200E035727D70052038
:1000500038702046FEF7D5FD28B120460021FEF776
:10006000C4FE0BB0F0BD4FF4CB713320F5F752FB5B
:1000700010B5F5F749FF00F0F8F804461C220021FE
:100080000930FDF7F1FF7F2084F82300FF21E1759F
:10009000A1722177E07C20F060002030E07410BD78
:1000A0002DE9F05F1D46DDE90BBA1646884681460C
:1000B000F5F72AFF0446FEF78BFD012866D020469F
:1000C00000F0D3F804461C2200210930FDF7CCFFD4
:1000D000012767725FEA080009D001280BD00228C7
:1000E0002DD0B8F1060F2CD040F2B1214BE0E07CCE
:1000F00040F0010026E0E07C40F0050040F01000F8
:10010000E07404F10A035A1C48460A9900F08DF87D
:1001100084F812A067750020A075FF20E075E17CCF
:10012000490718D504F11D00411E022D0DD0032DE5
:100130000BD0D9F8082013680360928808E0E07CAF
:10014000DCE7E07C40F00200D8E732680260B28869
:1001500082800D7000E020777F2084F8230084F8EF
:1001600024B0F5F7CBFE0546F5F7CEFE0122294671
:1001700000F084F828B12046BDE8F05F002100F0CF
:100180006FB840F2D1213320F5F7C4FABDE8F09FF3
:100190002DE9F0471E46174689468246DDF8208045
:1001A000F5F7B2FE0446FEF713FD012839D02046CC
:1001B00000F05BF804461C2200210930FDF754FFD3
:1001C000012504F10A0365725A1C4946504600F0A5
:1001D0002CF884F81280E07CFF2167F3000040F0E7
:1001E0001A00E07465750020A075E17521777F2005
:1001F00084F8230084F82460F5F780FE0546F5F7BF
:1002000083FE0122294600F039F828B12046BDE8D6
:10021000F047002100F024B840F2FE213320F5F72A
:1002200079FABDE8F087FFF723BF10B51C460B46EF
:10023000FF290DD021461846F6F77CFE20B1207824
:1002400040F00200207010BD8A213320F5F762FAD9
:10025000417C21704068016811608088908010BDE9
:10026000002101720422F7F78DB91CB5694601AA75
:10027000FEF70FFD0098FEF7A9FC1CBDFEF75DBC64
:10028000027802F00F02F8F7EFBE10B505292DD263
:10029000DFE801F0050A030E2800002100E001213B
:1002A000BDE81040F9F712B9032180F8381210BDEB
:1002B00004460069C4F84002D4F85C022062B4F835
:1002C0005802A084D4F860022061B4F8640220834C
:1002D000B4F866026083204600F029F8022084F812
:1002E000380210BDBDE8104000F021B840F65F3183
:1002F0003520F5F70FFA8069002800D001207047FB
:10030000C0F82012704710B5022806D00821012835
:1003100005D0F5210520F5F7FDF90421F7E72A209E
:10032000282211FB002080B210BD0020704770B55C
:10033000044690F86B1090F86A00F9F739FA054610
:1003400000F019F901462A462046BDE87040FFF743
:1003500023BCF2F747BE00984FF4FC71101843F12C
:100360000003401843F10001333861F1000140F20D
:10037000E242801841F1000170472DE9F05F9A4692
:1003800091460C460646002500F0DEF8804694F8BB
:100390009D000E2817D00F2815D000208346BAF1F3
:1003A000000F03D001212046F9F7C6FE94F8380269
:1003B000012750B101281AD0022812D0032816D0E4
:1003C00040F653118EE00120E8E7B9F1000F05D0A7
:1003D00084F838722046FFF7AAFF09E040F61B11A7
:1003E00080E00320D4F8405284F8380200E0256908
:1003F000D4E986104FF00009491940EB0900C4E91F
:100400008610C6E9041086F80090A6F8088094F8D3
:100410009D000E282BD00C2829D0262827D000207C
:1004200080462046F9F752FD0146A8F1010001423D
:1004300002D186F80A9005E094F83802012818D015
:100440000220B072F77204F12C00FFF7A3FB70607A
:100450003AEA0B0042D029463046FFF773F887B2DC
:100460002046F9F733FDB8F1000F04D018E0012061
:10047000D6E7B772E6E7B84212D886F80A90D4E910
:100480008632074605FB07F1591842EB0902C6E917
:1004900004122DB329463046FFF754F8384487B28A
:1004A00039462046F9F748FED6E90401C4E9860139
:1004B000206F002812D0B4F89400B4F8CA20801A33
:1004C00001B200290ADDB4F874000144491E91FB11
:1004D000F0F189B201FB0020A4F8CA00BDE8F09F4A
:1004E00040F695113520F5F715F910B504460020B2
:1004F00084F8380294F83902F3F7C8F940B12020A3
:1005000084F8390204F50670BDE81040FBF72EB9F7
:1005100040F224513520F5F7FDF810B513460A4690
:1005200086B0044601466846FFF727FF94F8390273
:100530006946FFF70EFF002804D140F65921352007
:10054000F5F7E8F806B010BD7CB55B256846F4F712
:1005500071FF9DF8000008B1012400E0002401A80B
:10056000F4F750FF9DF8040000B10120044300D0CF
:10057000652528467CBD10B5FFF7E6FF693080B2DF
:1005800010BD10B5FFF7E0FF00F5817080B210BD1F
:10059000101A7047010000002CA6E0A100EBD1006A
:1005A00001F007030278012199408A4302707047E5
:1005B000F5F704BC0020704710B5FAF74DFA28B1E2
:1005C0000020BDE810400146FAF7F0B9BDE8104040
:1005D000F6F720B890F89C00FE2801D00120704763
:1005E0000020704710B5012806D0022804D04FF42F
:1005F00034710620F5F78EF810BD012802D00228CC
:1006000005D102E0012904D001E0022901D0002037
:10061000704701207047D0E930128A4201D3511A45
:1006200000E00021028B521D8A4202D3012180F892
:10063000CC10704770B5044690F89D0000250C283A
:1006400001D00D2826D1B4F89410B4F84E22491CDC
:1006500091421FD1D4F84802D0F80110C4F8A61076
:10066000407984F8AA0003212046F6F701FED4F869
:100670004802007848B10121FE20FAF7FFFF84F814
:100680009D50FF2084F8F60070BD4FF409713620AC
:10069000F5F740F80E2801D00F28F5D1B4F89400F2
:1006A000B4F85612401C8842EED12088A4F8CE013E
:1006B000D4F86002FEF721FEA4F8D001B4F8640279
:1006C000A4F8D201B4F86602A4F8D40184F8CC519D
:1006D0000822214604F5E170F6F754FF84F85452DD
:1006E00002212046F6F7C4FD03212046FFF7CDFD89
:1006F00084F89D5070BD10B504464068002319462B
:1007000090F89E208830FEF711FE68B161680020E5
:10071000A1F8DA006168012081F8DC00616802203C
:1007200081F89E00002010BD012010BD10B50446C8
:1007300040680023092190F89D208830FEF7F6FDDF
:10074000002809D06168002081F8CC00616881F838
:10075000D800616881F89D0010BD416891F89D2026
:10076000112A01D002207047002281F8A22040689F
:10077000142180F89D101046704710B5044640685B
:1007800090F89D10182901D0022010BD00F5847347
:1007900000F28321002200F27320FEF762FD6268FE
:1007A0000020C2E93E006168012081F8A200616872
:1007B0001A2081F89D00002010BD38B5044640681D
:1007C00090F89D101C2901D0022038BD002580F82A
:1007D000DD50606880F8D850606880F868526068C2
:1007E00090F80D128DF80010009900919DF80020EE
:1007F000012122B140F297313620F4F78BFF90F8B7
:10080000DE2062B180F8DE5060680C220188A0F81A
:100810001012606880F80E52616808460BE002888A
:10082000A0F8102260680B2280F80E52606880F8F1
:1008300012126168084600F20520F6F7A3FE606810
:1008400080F89D50002038BD10B504464068002354
:10085000194690F89D208830FEF768FD20B1616848
:100860000C2081F89D0010BD40F2EE613620F4F7B7
:1008700051FF10B5044640680023194690F89D20AA
:100880008830FEF753FD20B161680E2081F89D008D
:1008900010BD40F2F4613620F4F73CFF10B5044679
:1008A00040680023194690F89D208830FEF73EFDF1
:1008B00018B9606890F8DE0040B16168012081F8E5
:1008C000DD006168152081F89D0010BD40F20971BE
:1008D0003620F4F71FFFFFF776BA10B504464068DC
:1008E0000023194690F89D208830FEF71FFD20B1A7
:1008F00061681E2081F89D0010BD4FF4E86136202C
:10090000F4F708FF10B5044640680023194690F834
:100910009E208830FEF70AFD20B16168002081F832
:10092000DC0010BD40F247713620F4F7F3FEFFF70C
:100930005CBA10B5044640680023194690F89D2023
:100940008830FEF7F3FC20B16168052081F89D0036
:1009500010BD40F233713620F4F7DCFE4068002110
:1009600080F8DC10704710B5044640680023194633
:1009700090F89D208830FEF7D9FC40B161680120D5
:1009800081F8DD006168112081F89D0010BD40F202
:10099000FA613620F4F7BEFE10B5416891F89D204B
:1009A000142A04D040F202713620F4F7B3FE01227B
:1009B00081F8DE204068132180F89D1010BD10B52D
:1009C000044640680023194690F89D208830FEF7C1
:1009D000ADFC20B16168212081F89D0010BD4FF46D
:1009E000EA613620F4F796FE70B54168044691F846
:1009F000520210B991F8530278B1002091F89E305C
:100A000026220025232B0AD091F89D30252B1BD0C0
:100A100040F27C713620F4F77DFE0120EEE768B1EC
:100A200081F89E50606890F83C01012802D10020B6
:100A3000FAF7D2F9606880F83C5101E081F89E2015
:100A4000606880F8DC5070BD28B181F89D500020AE
:100A5000FAF7C2F901E081F89D20606880F8D8506B
:100A600070BD4268002182F89E10406880F8DC105A
:100A7000704710B5406890F89D101A2904D040F2D4
:100A800012713620F4F746FE1C2180F89D1010BD2F
:100A900010B5044640680023012190F89F2088305B
:100AA000FEF744FC00280AD16168082081F89F0005
:100AB0006168002081F8D800616881F8DC0010BD11
:100AC00070B5044640680023194690F89E2088308F
:100AD000FEF72CFC002510B1606880F8DC506068DF
:100AE0000023194690F89D208830FEF71FFC00284F
:100AF00002D0606880F8D85070BD70B50446406878
:100B00004FF0000590F8DF10890711D490F89D2070
:100B1000002319468830FEF709FC20B161680120E6
:100B200081F89D0009E040F21F713620F4F7F2FDD4
:100B300080F8D850606880F84251606800231946F8
:100B400090F89E208830FEF7F1FB002802D0606804
:100B500080F8DC5070BD10B590F8A31041B990F842
:100B60009D20002306218830FEF7E0FB002800D0FE
:100B7000012010BD10B5DDE90234C31A61EB040198
:100B80004FF00044E017E41A884105DA6FF00040A6
:100B9000181A71F1000003DBAF213720F4F7BAFD1A
:100BA000002900DA5B42B3FBF2F002FB10300029AF
:100BB00002DA002800D0101A10BD2DE9F041566865
:100BC0000C4606F5987506F18807232808D02428D6
:100BD00015D025282AD04FF48A717820F4F79AFD91
:100BE000687E00F0B5F8697E217100EB4000A97EB7
:100BF0003044617190F87900A071BDE8F081687DA2
:100C000000F0A6F800EB40003044797D78302929C7
:100C10000AD0817802782271AA7D62714078A07131
:100C2000E17100202875E8E7FF21F3E7687D00F017
:100C30008FF800EB40003044697D217110F8781F77
:100C40006171A97DA1714078E071D6E710B50128E6
:100C500006D0022806D040F276217820F4F75AFD1B
:100C6000002010BD012010BD70B544680F2204F5AE
:100C70009875002104F17800FDF7F6F90021C4F819
:100C80004411A96108467F2100EB40022244401C28
:100C9000C0B282F87F100228F6D394F96E10204675
:100CA00000F014F80020FF2100EB40022244401C19
:100CB00002F87A1FC0B291710228F5D370BD7F206F
:100CC00000F057B86FF07F0000F053B82DE9F04105
:100CD0000D460646FFF7F3FF0746FFF7F3FF002434
:100CE000854200D10124BD4201D144F0020400F04C
:100CF00023F800220146012303FA02F0084206D03D
:100D000002EB4200304480F8795080F87840521C61
:100D1000D2B2022AF0D3BDE8F08110B504460846ED
:100D2000FFF794FF022806D200EB4000204490F821
:100D3000790084F86E0010BD10B5FBF747FA000A81
:100D4000012240EA0160C00700D00322104610BD16
:100D5000014610B50020012303FA00F20A4207D130
:100D6000401CC0B20228F7D349217820F4F7D2FC06
:100D700010BD08B540F688126946F4F761FB08BD5E
:100D800000EBD10001F007010078C84000F001003D
:100D9000704718B1022801D0012070470020704729
:100DA0003EB58178002504461A2924D00EDC162988
:100DB0002BD2DFE801F02A2A2A2A2A202A2A2A2AE4
:100DC0002A2A2A2A2A2A2A2A2A2020202A291CD00A
:100DD0000BDCA1F11E010C2917D2DFE801F0161679
:100DE0001616161616161616160C3A3902290CD2B5
:100DF000DFE801F00B012088B0F5706F05D269467D
:100E0000FEF76BFA18B102203EBD12203EBD0199DB
:100E100091F830018DF80800029802909DF80800C2
:100E200001F5987108B10C203EBDA0784870FF20F4
:100E3000087028463EBD10B5044600F030FD08B1EC
:100E40000C2010BD207818B1012801D0122010BD4F
:100E5000FFF79FFF611CF6F7D9F808B1002010BD1D
:100E6000072010BD10B500F01AFD08B10C2010BD10
:100E7000F6F7F4F8002010BD2DE9F843054600F020
:100E8000B9FA002812D128880021FEF78DF8040055
:100E90000ED000F0C5FC58B194F854028DF8000053
:100EA000009800909DF8000020B13A20BDE8F8833A
:100EB0000220FBE74FF00008A888FEF71AFA074661
:100EC00001460520FEF797FB064639460820FEF747
:100ED00092FBB04201D3BE4201D31220E6E7A4F850
:100EE0005862C4E99787E888A4F864022889A4F8BE
:100EF000660204F51574FF2020700020D6E708B5BF
:100F0000F6F736FC70B9F8F78FFA052805D0F6F732
:100F10009FFFA0F57F41FF3904D06846F8F7ECF950
:100F200010B112E00C2008BD00980088FEF7C3F84D
:100F3000009800210088F4F74BFE20B141F2C10176
:100F40003920F4F7E7FBF6F709FC002008BD10B5DF
:100F50000B46012200F11001FEF783F9002010BDBD
:100F600010B50821F4F784FC002010BDFB2101809E
:100F700040F6480242808180C280002070471CB544
:100F800000886946FEF7A9F900280CD1019C9DF85C
:100F9000000004F5987418B9019800F041FC18B1EC
:100FA000E07C18B13A201CBD02201CBD0120E07479
:100FB00000201CBD10B50446D820207000F02DFC88
:100FC0006070002010BD082101700020704710B52E
:100FD000044600F064FC08B10C2010BD207808B174
:100FE000012807D1FFF7D5FE611CFEF72FF908B1E4
:100FF000002010BD122010BD0EB5828844F290234F
:101000009A4201D912200EBD40F648039A4200D3FD
:101010001A460388ADF800304388ADF80230ADF8C9
:1010200004204388ADF80630ADF808200088088019
:101030006846FAF7B5FF0EBD3EB504460DF1070050
:1010400000902279E178A0780DF1060300F010FC01
:10105000002809D12088ADF80400B4F80500ADF8E7
:10106000080001A800F0C0F83EBD10B504460120FC
:1010700000F010FA28B121460120F5F73FF90020D1
:1010800010BD0C2010BD1CB501788DF80010407803
:101090008DF801000020ADF80200ADF80400014613
:1010A000684600F042FA002802D1684600F021FAB2
:1010B0001CBD00B587B041798DF8001081798DF89D
:1010C000011001218DF8021001788DF80310B0F89D
:1010D000011040F2712251430291B0F803005043D5
:1010E000049007208DF8180000208DF8190004984E
:1010F000FAF720FF40B10298FAF710FF20B16846D6
:10110000FAF716FE07B000BD3020FBE770B50546C4
:1011100000880021FDF748FF040007D000F080FBA5
:1011200020B194F8680218B13A2070BD022070BD59
:10113000002104F1EE00FFF723FE012801D01A2060
:1011400070BDD5F80210C4F86912D5F80610C4F8BD
:101150006D126989A4F87112102205F10C0104F2D4
:101160007320FCF707FF012084F86802002070BD9F
:101170001CB50188ADF800104188ADF80210018857
:10118000ADF804104088ADF806006846FAF78CFF09
:101190001CBD10B5F5F7D6F8002010BD1CB50C46E7
:1011A0006946FEF79AF8002805D1012122460198E8
:1011B00000F0DDFA00201CBD10B50446002000F050
:1011C00069F928B121460020F5F798F8002010BDF4
:1011D0000C2010BD10B5007800B10120F8F794F88C
:1011E000002010BDFAF7DCBE10B50446808828B197
:1011F000012803D0022801D0122010BDE07800F0B1
:1012000055F948B1A07800F051F928B12046BDE861
:101210001040012100F08BB8112010BD7CB50C46A8
:10122000054600886946FEF758F8002806D101985F
:1012300029882180B0F8C800608000207CBD10B5EE
:10124000044601460020F5F741F810B9002020605F
:10125000A080002010BD3EB500886946FEF73DF82D
:1012600068B90124019800F0DBFA40B10198014609
:1012700090F84221883001F5A1715AB901E00220AD
:101280003EBD90F860208DF80820029A02929DF8E9
:1012900008200AB13A203EBD90F85720920706D0A8
:1012A000032258300199F6F76DF900203EBD0C700D
:1012B000FBE77CB50C46054600886946FEF70DF84D
:1012C00008B102207CBDA87830B100F0A6FAA07069
:1012D0002888208000207CBD019890F86E00F6E7F9
:1012E00010B5FAF717FF002010BD2DE9FC410446A8
:1012F00040880D46B8B120886946FDF7EEFF00280A
:101300000FD120882880019E06F1100588362F68AD
:10131000628839463046FEF752F92868B842F6D15D
:101320000020BDE8FC811220FBE700F086B82DE923
:10133000F04786B089460746008801A9FDF7CDFF32
:10134000002836D102980146884690F8961100F59B
:1013500098748DF80010009900919DF80010883065
:1013600009B1012600E00026817D232900D13EB18C
:101370000025663008218246FFF702FD10B107E024
:101380000125F6E70B215046FFF7FAFC00B97DB1C5
:1013900004A800909DF8040003AB3A46414600F0D3
:1013A0001CFA050005D10C34FF20607036B903E04B
:1013B0001A2006B0BDE8F087207808B13A2512E07F
:1013C00084F800909DF80C00A0709DF81010E1705A
:1013D0008DF800008DF80110B888ADF8020069465C
:1013E0004046FEF754F8002060702846E1E70820E8
:1013F000FAF7E0BE10B504460020228886B0A2F5B8
:101400007F41FF3908D003A91046FDF766FF10B1F0
:10141000022006B010BD04982189A38962898DE855
:101420000E00E388A288618800F076F908B10020F8
:10143000EFE73020EDE7F8F7EBBD10B5FDF76EFEF6
:10144000F5F75EFDFAF7D8FEFEF77CFABDE810402E
:10145000FAF736BD4FF4A471884203D340F6480131
:10146000884200D3084680B27047C10701D00120EE
:101470007047800701D5022070470020704710B5E3
:10148000012806D0022804D04FF434710620F4F766
:1014900041F910BD10B500F0D9F928B1F6F75CFE9E
:1014A000012801D0002010BD012010BD10B504009E
:1014B00005D0FAF791FE844301D0002010BD012031
:1014C00010BDFB2803D840F64800814201D9112005
:1014D0007047002070471B38E12806D2B1F5A47F81
:1014E00003D344F29020814201D91220704700209A
:1014F000704710B504460078012809D0F7F794FF2B
:10150000052803D0F7F758FF002800D00C2010BDA5
:10151000F6F7BCFD38B1F6F747FCA1886088BDE856
:101520001040F7F70FBF122010BD0278012A01D03A
:10153000BAB118E042783AB1012A05D0022A12D194
:1015400089B1818879B100E059B1418849B1808879
:1015500038B101EB8101490000EB8000B1EB002FB5
:1015600001D200207047122070472DE9FE43457AD2
:10157000044668076CD0E8086AD1022D68D0FAF7F3
:101580002BFE25EA0000400702D194F8480010B174
:101590001120BDE8FE83012D5AD1FF270121A0694A
:1015A000FAF7E8FCE8B3A84600263546BD422FD03E
:1015B00004EB85018869C968884249D8064404EB70
:1015C00045008146C18EB0F84230828F8DE80E0012
:1015D000038E428D818C002000F09EF808B3BDB1CF
:1015E000B9F82410B9F82200814231D1B9F82A1093
:1015F000B9F8280081422BD1B9F83010B9F82E0083
:10160000814225D1B9F83610B9F8340081421FD192
:101610006D1CEDB24545C9D3E068B04218D32078BF
:1016200000E003E020B1012812D104E03020B0E74F
:10163000A0780028F7D1607828B1012803D00228CB
:1016400001D0032804D194F84C0008B1072801D92F
:1016500012209EE700209CE770B504460078002524
:10166000012804D018B1022801D0032839D16078AC
:1016700028B1012803D0022801D0032831D1607E8F
:1016800048B9A07801282CD1FAF7A6FD0146A07828
:1016900030EA010101D0112070BDC00706D0E0780A
:1016A00001232269A16800F020F80546A078800790
:1016B00006D5E07802232269A16800F016F80543F8
:1016C000A078400706D5E07804232269A16800F0DD
:1016D0000CF805430DB1284670BD207E08B10728DF
:1016E00001D9122070BD002070BD70B514460D46A2
:1016F00008B101280AD119461046FAF73BFC38B167
:101700002846FAF7FFFB18B1AC4203D9122070BD8E
:10171000302070BD002070BD2DE9F0411D461046FF
:10172000DDE906478B1F40F67A42089E93421CD89B
:10173000831F934219D8814217D8B5F5FA7F14D286
:10174000A4F10A01121F91420FD8FDF7D2FD6D1CC2
:10175000684340F2712140004C43B0EB041F04D2B7
:10176000B74202D80120BDE8F0810020FBE72DE957
:10177000F0410646B0F85270B0F8544015462C308F
:10178000F7F7C8FD80460221FDF751FE874200D2DF
:101790003846074602214046FDF749FE844200D202
:1017A0002046318829801B2F13D9FB2F00D3FB271C
:1017B0006F801B280FD9FB2800D3FB20E880404610
:1017C000FFF748FEA8804046FFF744FE2881BDE8A9
:1017D000F0811B27ECE71B20F0E72DE9F041907822
:1017E000069E1D46144608B9FAF7F6FCE47807464B
:1017F00014B9FAF7F1FC04466FB164B13846FFF74B
:1018000034FE2046FFF731FE2FB124B12F70347023
:101810000020BDE8F0810920FBE77F2000F021B81F
:1018200008B590F8381290F8BC008DF800000098C8
:1018300000909DF8000000B10120401E084203D036
:10184000042901D0012008BD002008BD10B5F7F71C
:10185000EBFD042803D0052801D0002010BD012095
:1018600010BD08B540F688126946F3F7E9FD08BDDA
:1018700030B540F3000440F34000401C039D641C5D
:1018800000D019B100B10AB11CB901E0112030BD7E
:101890000021197000B900222A70002030BD10B557
:1018A000FFF7D4FF20B1F6F75FFC08B1012010BDAF
:1018B000002010BD026812B90160704702465068EE
:1018C00008B18A42FAD18A42F7D05160704710B508
:1018D000044602E0206880476468002CFAD110BDFD
:1018E00010B50020FDF747FBF4F7C6FAF4F7D0FC7B
:1018F000F4F782FE002803D0EC210120F3F70AFF61
:1019000010BD10B500F00AF8FEF754FE002804D010
:101910004FF4BD710120F3F7FDFE10BD10B5F7F7D0
:101920009DFC20B140F253110120F3F7F3FEFAF7CA
:101930003DFAF6F775FBBDE81040F9F765BF010009
:101940000B0002000A00050009000A00080014004C
:1019500007001E000600320005004B000400640072
:10196000030096000200FA000100F401000010B527
:10197000FAF792FF00F01DF8FAF7AAFCBDE8104054
:10198000FAF7A4BD10B5C824641EE4B2FAF7BEFC91
:10199000022803D0012800D0002010BD002CF3D174
:1019A000B1213B20F3F7B6FE4058002800D00120BB
:1019B00070474FF0E0214FF40040C1F88001BFF3C1
:1019C0004F8FBFF36F8FFAF71BBE002809DB00F0C3
:1019D0001F02012191404009800000F1E020C0F881
:1019E0008012704700280DDB00F01F02012191409A
:1019F0004009800000F1E020C0F88011BFF34F8F54
:101A0000BFF36F8F70474058002800D00120704707
:101A10004058002800D00120704710B50446084601
:101A2000FBF75AF84FF47A7100F2E730B0FBF1F0AF
:101A3000201A801E10BD10B504460846FBF74CF86E
:101A40004FF47A71B0FBF1F0201A10BDD8ECF0F42D
:101A5000F8FC00020304050607080000000000006F
:101A60000000000000000000000000000000010174
:101A70000101020202020303030304040404050536
:101A8000050506060708090A0B0C0D0000000000FA
:101A90000000000000000000000000000000000145
:101AA000010101020202020303030304040404050A
:101AB00005050506060608090C0802170D010102B6
:101AC00009090101060209181803010109090303A4
:101AD00005030201230202240910040405050B0B6F
:101AE000040B2B2526270103010100000000000044
:101AF0002DE9F04F89B007289DF84830019207463C
:101B0000039300F20584AB4B13F80090B9F1000F7A
:101B100000F0FE83A84A00EB400302EB830152F879
:101B200023504968029100234FF0FF340093029B39
:101B3000AB4206D1002CC0F2EB83A04B53F824003B
:101B4000E7E395F90030362B00F2DF83DFE813F08E
:101B5000370037003C004B005B006D0079008500CA
:101B600093009F00AA00BF00C800D000E300F1006E
:101B700001010A01180112012D01440153016901FB
:101B80007C0184018C019101A001B201C401D30147
:101B9000E70100021402230255004A025C026F02B0
:101BA0007C0289029202A502C202E602F202FA0255
:101BB00007030D0319032603340340038B03013489
:101BC0006A6824B27D4B6AE0AB687C4E002B40F023
:101BD000EA8201237A4956F82400097801220DF09F
:101BE00067FDA860DFE2754A631E52F8240052F8D0
:101BF0002310014442F823101CB2009B002B40F03C
:101C00009C800C3593E7DFF8B481661E58F82400F9
:101C100058F826104FF47A72002381FB0001EFF789
:101C2000CFF948F8260034B2E7E7644A631E52F859
:101C3000240052F8231081420CBF4FF47A71002126
:101C4000D8E7019A4FF47A735343013423F00043E9
:101C500024B223F00703594A3FE05849621E51F865
:101C6000240051F8223093FBF0F400FB143341F8C8
:101C7000223014B2C1E7514A631E52F8240052F8D0
:101C800023108142CCBF4FF47A710021B2E74B4B55
:101C900053F82420002A14BF00224FF47A7243F82C
:101CA0002420AAE7AB68454E3BB9454956F82400C5
:101CB000097801220DF0FCFCA860AB6823B11B6819
:101CC000002B18BF4FF47A7346F8243095E73B4A4F
:101CD00052F82430002BB8BF5B4242F824308CE726
:101CE000364B53F82420013443F8242024B284E7EF
:101CF000324E56F82400EEF703FF3249EEF754FF58
:101D00003149EFF705F829F0F1F83049EEF74CFFCB
:101D1000EFF710F900E1294E56F82400EEF7F0FE37
:101D20002849EEF741FF2849EEF7F2FF29F0A6F81F
:101D3000EBE72748791C2AF0A5FCDFF88080002615
:101D4000B44280F2E9820A202AF0B4FCCDF8009077
:101D500057E7039B0134002B0CBF00224FF47A722B
:101D600024B22FE7154B53F82420002ABFF645AFC5
:101D7000002294E70134114B24B24FF47A728EE7BB
:101D80000E4BA21E611E53F8220053F82110884208
:101D9000B8BF43F8221053F8241053F822008842A9
:101DA0007FF767AF43F8221063E70134094B24B291
:101DB0001A7807E7F0E600201C6300202066002068
:101DC000EDE60020DB0F494000C82F4800007A44B0
:101DD000FFFB04006F1B0020AB6843B9B84B1978B8
:101DE000B84B012253F824000DF09CFCA860AB68AE
:101DF000002BDDD101E7AB6843B9B14B1978B14B8A
:101E0000012253F824000DF09DFCA860AB68002B64
:101E10003FF4F3AE1B7803F001034FF47A7253439F
:101E200019E7AB6843B9A64B1978A64B012253F8C2
:101E300024000DF087FCA860AB68002B3FF4DDAEFA
:101E40001B78C3F34003E8E79E4A631E52F8240060
:101E500052F823100143CDE69A4A631E52F824003B
:101E600052F823100140C5E6964A52F82430DB436D
:101E700033E7AB68934E002B40F0A38101239049D8
:101E800056F82400097801220DF012FCA86098E1B0
:101E9000AB688C4E3BB98A4956F824000978012278
:101EA0000DF006FCA860AB68002B3FF40DAF03F506
:101EB000805304E7834A4FF47A7152F8243093FB3D
:101EC000F1F3013B1F2B05D8611E52F821107E4A09
:101ED00042F82310023C09E77A4A4FF47A7152F82B
:101EE000243093FBF1F3013B1F2B3FF686AE76497E
:101EF00051F82330F1E6734E56F824000028FFF61F
:101F00007CAEEEF79FFA29F02BF869A3D3E9002302
:101F1000EEF702FBEEF712FD46F824006DE6DFF85F
:101F2000A48158F82400EEF78DFA661E82468B468F
:101F300058F82600EEF786FA52465B4638F058FA13
:101F40005DA3D3E90023EEF7E7FAEEF7F7FC68E6C6
:101F50005C4951F824204FF47A7002F5FA7292FB32
:101F6000F0F300FB13230344B3FBF0F600FB16333E
:101F7000D21A41F8242040E6524B4FF47A7253F8BB
:101F8000243093FBF2F3DBB24D4A102B28BF002321
:101F90001370013CAAE64B4AE11E52F82430181E89
:101FA00052F8213018BF0120003B18BF012343EA3B
:101FB000C003A01E013C52F82000003818BF0120C9
:101FC00043EA400352F82400003818BF012043EAD6
:101FD00080033E48C35C4FF47A70434342F821309B
:101FE0000CB20AE6AB68374E43B9354956F82400BF
:101FF000097801231A460DF05BFBA860A868002849
:102000008AD03349006881E6AB682E4E43B92C492B
:1020100056F82400097801231A460DF049FBA86000
:10202000A86800283FF478AF00F58050E9E7254A1A
:10203000631E52F8241052F823008842D4BF42F89D
:10204000230042F82310D7E51E4A631E52F82410DD
:1020500052F823008842ACBF42F8230042F8231014
:10206000CAE5184BA21E53F8221001B1013C53F8E7
:10207000241097E6134E56F8242004F1FF384AB195
:1020800056F828104FF47A70D31781FB0001EEF751
:1020900097FF024646F828207BE70A4B621E53F85A
:1020A000240053F8221043F8220043F82410A4E53A
:1020B00027F290496E9F3F403A3FC5F1F8F9EB4057
:1020C000EDE6002020660020886600202DFC04003C
:1020D00000007A44944B1B78002B3FF4FBAE934EE8
:1020E000934856F82430079304F1FF3807A956F8AF
:1020F00028A031F08FFA03689A453FF4EBAE56F80A
:10210000240056F82860002231460DF041F807906F
:1021100007A9874831F07EFA0660DBE6834A52F869
:102120002430002B03DC3FF4D8AD824BD5E54FF4CF
:102130007A73D2E57D4A631E52F8240052F82310C8
:10214000091A57E5794B53F82420002A3FF4C2AE10
:10215000621E794853F822102AF094FABAE6019BDD
:10216000013424B223F0004375E5704A631E52F82F
:10217000240052F823108142B4BF4FF47A71002139
:1021800038E56E4B1A783AB16D4B1B88134103F05A
:102190000103013424B240E64B46FAE7AB68634ED4
:1021A000002B3FF417ADAB68002B3FF48DAD1B68DF
:1021B0004FF47A72534387E5AB685C4E002B3FF4D3
:1021C0005EAEAB68002B3FF47FAD03F58053EEE7C6
:1021D000631EDFF858B10493A21E5BF823105BF86E
:1021E000226005924FF47A7A91FBFAF1A1F180080E
:1021F00008FB08F096FBFAF6803E06FB0600EEF7B9
:1022000021F928F0ADFEEEF799FB5BF8241091FB65
:10221000FAFE7045DDE9043221DBCEF1800C00FBD3
:102220000CFCBCF1000F1ADDA0EB0E00464308FBCE
:1022300000F1F601C90196FBFCF691FBFCF180363A
:10224000803186F3080681F308010AFB06F60AFBD3
:1022500001F1364840F8226040F8231099E64FF427
:10226000FA363146F5E7A31EDFF8C0B00493E21E4C
:102270005BF823105BF8226005924FF47A7A91FBA9
:10228000FAF1A1F1800808FB08F096FBFAF6803E0F
:1022900006FB0600EEF7D6F828F062FEEEF74EFBDE
:1022A000611EDDE904325BF8211091FBFAFE7045F6
:1022B00027DBCEF1800C5BF8241091FBFAF1ACEB3C
:1022C000010C00FB0CFCBCF1000F1ADDA0EB0E00B2
:1022D000464308FB00F1F601C90196FBFCF691FBB1
:1022E000FCF18036803186F3080681F308010AFB91
:1022F00006F60AFB01F10D4840F8226040F8231071
:10230000E8E54FF4FA363146F5E70E482AF040FA90
:10231000002009B0BDE8F08F58F8041B0A482AF0E5
:10232000B1F901360CE500BFE0E600202066002090
:102330000867002018FCFFFF09FC0400EDE6002000
:10234000B0D200200EFC04001AFC040000000000C3
:102350002DE9F041494D82B0D5F86031996811F00E
:10236000010100AF24D13A1D40F6034017F0C0FE32
:10237000044600287DD17C68A3681B78ABB919F0AE
:10238000B3FBBFF35B8FD5F8CC30BFF35B8F05F1A8
:10239000CC0203F00903BFF35B8F52E8001F42E851
:1023A00000300028F9D1BFF35B8F204621F060F99F
:1023B0003A1D002141F2030017F09AFE044600285E
:1023C00057D17B682E4E9A68D2F80100D2F80510DA
:1023D00003C6184621F04CF921463A1D41F201008E
:1023E00017F086FE0446002843D1786883685A783F
:1023F00085F868205A88A5F86A201A7985F8692036
:10240000B3F80720A5F86C20B3F80530A5F86E30B6
:1024100021F02EF921463A1D41F2020017F068FE24
:10242000044630BBD7F804C0DCF80820531C413206
:1024300018685968344603C4083393422646F7D1D6
:10244000604621F015F995F874305A0620D46C4690
:1024500088B06A460B4B53610B4B9361032342F8E0
:10246000103F0A484FF4C25134F02FF8A5466FF0E0
:10247000120420460837BD46BDE8F081580400200C
:10248000C8040020E11A0500072005003CAE040046
:102490003A1D002142F2030017F02AFE04460028EC
:1024A000E7D17B68AE4E9A68D2F80100D2F80510E9
:1024B00003C6184621F0DCF821463A1D42F202001C
:1024C00017F016FE04460028D3D17C68A368B3F841
:1024D0000120A5F8FC2091B229B1DA78114606F165
:1024E000280037F055FA204621F0C2F895F87460BC
:1024F00016F0200618D1022140F66D4017F0BEFDFF
:102500000446002800F0C9800221083036F01DFB87
:102510000123037046702146324640F66D4017F0A5
:10252000E7FD04460028A4D195F894301B0712D586
:102530003A1D002142F21C0017F0DAFD0446002883
:1025400097D178688368D3F80120D3F80530C5E9BE
:10255000362321F08DF895F8D0309E0621D5B91C90
:10256000384617F045FE0446002882D1042142F285
:10257000240017F083FD0646002800F08E80042119
:10258000083036F0E2FA3B8803807B88438022469D
:10259000314642F2240017F0ABFD044600287FF4D8
:1025A00068AF95F8D0305C0610D53A1D002142F294
:1025B0002A0017F09DFD044600287FF45AAF786882
:1025C00083685B7885F8183121F052F8082142F2CF
:1025D000010017F053FD044600285ED0082108448E
:1025E00036F0B3FA95F8D01011F0400F024640F2E1
:1025F000022308BF032388074CBF43F02C0043F09D
:102600000C008B0695F8D13048BF40F0400013F025
:10261000090F95F89A3018BF40F4006003F00603E4
:10262000CE0748BF40F01000062B08BF40F4C07032
:10263000002133F059FF2146002242F2010017F039
:1026400057FD044600287FF414AF95F87430B5F8B0
:10265000FC10980624D4C9B93A1D41F2050017F0C0
:1026600047FD044600287FF404AFB5F8FC307C68D1
:102670004BB9A368B3F80120A5F8FC209A88394823
:10268000114637F085F9204620F0F2FF082140F688
:10269000014017F0F3FC0446B8B96FF06804E8E6AF
:1026A0000029F3D16C4688B06A462F4B53612F4BFB
:1026B0009361032342F8103F2D484FF4C25133F089
:1026C00004FFA5466FF00404D3E60821084436F061
:1026D0003CFA95F8D030D907024636D425484FF059
:1026E000005133F001FF2146002240F6014017F06F
:1026F000FFFC044600287FF4BCAE01463A1D4FF6AD
:10270000014017F0F5FC1C4C002839D06D4688B00C
:102710006A461A4B1648C2E90534032342F8103FB3
:102720004FF4C45133F0D1FEAD4634F064F80446A2
:1027300000287FF49EAE1AF04FFD044600287FF477
:1027400098AE18F03DFC044693E603A1D1E90001E0
:10275000C7E700BFAFF30080908800020080002030
:102760002805002058050020091B05000F20050042
:102770003CAE040010880002E21F0500301B05007B
:102780007B689D68B5F80130032B96BF474A4849DE
:1027900052F823106E468AB06A464648C2E90713CB
:1027A00040F201339384444BC2E905044FF43351A2
:1027B00042F8103F414833F088FEB5F80120B5F8E3
:1027C0000330022AB5464DD1032B4BD83C4A52F870
:1027D00023106E468AB06A463A48C2E9071340F2AF
:1027E00001339384344BC2E905044FF4335142F86A
:1027F000103F324833F069FE6B7995F806C0D5F882
:102800000900032BB54698BF2F4AB5F8076094BF5F
:1028100052F8231026496D468EB06A46DFF8ACE0C8
:10282000D062C2E9071340F201331386284B2348D4
:10283000C2E909C6C2E905E444F2C04142F8103FCA
:1028400033F043FEAD46786820F012FF3A1D0021B8
:102850004FF6024017F04CFC064628B188B06A4695
:102860001C4B57E71249B4E77868DFF86C8083683F
:10287000B3F80130A8F8B93020F0FAFE98F8B93072
:102880005B077FF552AF3A1D31464FF6034017F014
:102890002FFC18B188B06A46104B3BE77868836814
:1028A0005B7888F8B83020F0E3FE3EE7A0C704006C
:1028B0002B150500581B0500050000013CAE040067
:1028C00090C70400751B050080C70400911B05001C
:1028D00008000001C21B050058040020EF1B050082
:1028E0002DE9F041C1F30A57A7F2FF36132E024635
:1028F0000B460C460546804635DC002E17DA34A31D
:10290000D3E90023EDF752FC00220023EEF740FC50
:1029100050B1002C57DA24F000442C430025AC427F
:102920002D4C08BF4FF0004423462A4624E02B4F8D
:10293000374101EA070C5CEA000C1DD024A3D3E95F
:102940000023EDF733FC00220023EEF721FC0028E2
:10295000EAD0002CBEBF4FF480133341E41824EAC0
:1029600007040025E0E7332E0ADDB6F5806F03D1BA
:10297000EDF71CFC02460B4610461946BDE8F081F7
:10298000A7F213474FF0FF3C2CFA07F70742F3D0AA
:102990000FA3D3E90023EDF709FC00220023EEF793
:1029A000F7FB0028C0D0002C0ADA142E01D1013424
:1029B00006E0C6F134060123B3401D444545F6D375
:1029C00025EA0705B0E700252C46ADE7AFF3008008
:1029D0009C7500883CE4377E0000F0BFFFFF0F00CD
:1029E0002DE9F84F17469046994623F000427B4266
:1029F000DFF884A13B4342EAD373534504460D46B6
:102A000009D8464221F00043064343EAD6765645AC
:102A10008E46834608D942464B4620462946EDF766
:102A2000C5FB04460D4616E009F1404606F5801642
:102A30003E4303D1BDE8F84F00F0A6B84FEAA976AF
:102A400006F0020653EA0B0B46EAD17607D1022EB6
:102A500064D0032E66D020462946BDE8F88F174380
:102A600006D1BEF1000F68DA37A5D5E90045F2E7D7
:102A700052450FD1934206F1FF3607D1022E55D8A9
:102A80003E4B03EBC603D3E90045E4E7022E51D8E1
:102A90003B4BF6E75345E4D09B1AB3F1747F4FEA02
:102AA000235221DAB9F1000F01DA3C3220DB424631
:102AB0004B4620462946EDF759FE37F0F0FC00F072
:102AC00063F804460D46012E15D0022E17D0002EB5
:102AD000C1D01FA3D3E9002320462946EDF764FBAC
:102AE0001DA3D3E9002316E01DA5D5E90045EAE7BB
:102AF00000240025E7E705F100431D46ABE714A3DA
:102B0000D3E9002320462946EDF74EFB02460B464B
:102B100011A1D1E90001EDF747FB82E70EA5D5E948
:102B2000004598E710A5D5E9004594E710A5D5E93B
:102B3000004590E7002400258DE709A5D5E900456B
:102B400089E700BFAFF30080182D4454FB21F9BF83
:102B5000075C143326A6A13C182D4454FB210940E0
:102B6000182D4454FB21F93F182D4454FB2109C072
:102B7000182D4454FB21E93F0000F07F80C1040080
:102B800068C10400000000002DE9F84FBC4B21F0A3
:102B900000469E4204460D468B4618D9B94B9E42CC
:102BA00001D809D140B122462B4620462946EDF7EF
:102BB000FDFA04460D4606E0BBF1000F40F3238109
:102BC00093A5D5E9004520462946BDE8F88FAE4BD0
:102BD0009E4211D8A3F1DE739E420AD88EA3D3E998
:102BE0000023EDF7E3FAA94B0022EEF7D1FA002813
:102BF000E9D14FF0FF3A27E037F051FCA44B9E4259
:102C000004460D4600F2B880A3F550239E4200F220
:102C10009C8002460B46EDF7C9FA9C4B0022EDF76B
:102C2000C3FA002206460F464FF08043204629464D
:102C3000EDF7BCFA02460B4630463946EDF796FDF5
:102C40004FF0000A04460D4622462B4620462946F0
:102C5000EDF762FC02460B4680468946EDF75CFCC8
:102C60006FA3D3E9002306460F46EDF755FC6EA38C
:102C7000D3E90023EDF79AFA32463B46EDF74CFCD8
:102C80006BA3D3E90023EDF791FA32463B46EDF70B
:102C900043FC69A3D3E90023EDF788FA32463B46AB
:102CA000EDF73AFC66A3D3E90023EDF77FFA32464D
:102CB0003B46EDF731FC64A3D3E90023EDF776FA48
:102CC00042464B46EDF728FC61A3D3E9002380463A
:102CD000894630463946EDF71FFC5FA3D3E9002350
:102CE000EDF762FA32463B46EDF716FC5CA3D3E9FA
:102CF0000023EDF759FA32463B46EDF70DFC5AA397
:102D0000D3E90023EDF750FA32463B46EDF704FCD9
:102D100057A3D3E90023EDF747FA32463B46EDF7D8
:102D2000FBFB02460B4640464946EDF73FFA22467A
:102D30002B46EDF7F1FBBAF1FF3F02460B4644D1BB
:102D400020462946EDF730FA33E7504B0022EDF7E5
:102D50002BFA4E4B06460F46002220462946EDF739
:102D600025FA02460B4630463946EDF7FFFC4FF098
:102D7000010A04460D4667E7464B9E421AD2464B6F
:102D80000022EDF711FA444B06460F46002220467A
:102D90002946EDF7C1FB3D4B0022EDF707FA02464D
:102DA0000B4630463946EDF7E1FC4FF0020A044687
:102DB0000D4649E702460B4600203849EDF7D6FCA0
:102DC0004FF0030A04460D463EE7354B354E03EB04
:102DD000CA03D3E90023EDF7E7F922462B46EDF7C6
:102DE000E3F906EBCA0602460B46D6E90001EDF709
:102DF000DBF9BBF1000F04460D46BFF6E4AE01F16E
:102E000000431D46DFE61CA5D5E90045DBE600BF13
:102E1000182D4454FB21F93F9C7500883CE4377E13
:102E200011DA22E33AAD903FEB0D76244B7BA93FBC
:102E3000513DD0A0660DB13F6E204CC5CD45B73F8A
:102E4000FF8300922449C23F0D5555555555D53F36
:102E50002F6C6A2C44B4A2BF9AFDDE522DDEAD3F2A
:102E60006D9A74AFF2B0B33F711623FEC671BC3FCA
:102E7000C4EB98999999C93F182D4454FB21F9BF87
:102E8000FFFF0F440000F07FFFFFDB3F0000F03F3B
:102E9000FFFFF23F008003400000F83F0000F0BF5A
:102EA00098C10400B8C10400034B1B78072B1ABF5C
:102EB000024B187801207047E5E6002033DE002041
:102EC000034B1878063801288CBF0020012070477A
:102ED000E5E60020034B5A6A034B1968914238BF5C
:102EE0001A607047141E0020405F0020084B23F832
:102EF0001010084B33F810208A4288BF23F81010B6
:102F0000054B33F810208A4238BF23F81010704761
:102F1000901A0020881A00209CD20020F7B50F4F8D
:102F20000C2250433D184FF0414300260093019678
:102F30000A68385C0C4669682DF028F84FF0804329
:102F4000206001934FF0404300936268A96868785D
:102F500033462DF01BF8606003B0F0BD40C20400A2
:102F6000F7B50F4F0C2250433D184FF04143002658
:102F7000009301968A68385C0C4669682DF006F863
:102F80004FF08043A06001934FF040430093E2680C
:102F9000A968687833462CF0F9FFE06003B0F0BD13
:102FA00040C20400014B9970704700BFF720002019
:102FB00007B5002301AA0A490193012019F0E2FC98
:102FC000084B019ABFF35B8F53E8001F43E80020D2
:102FD0000028F9D1BFF35B8F019803B05DF804FBC3
:102FE000CDFF0300885E002038B50A4C0A4D2368E7
:102FF000AB4205D1A388012B02D1237A3F2B08D9FC
:10300000044840F20C52002137F0AEFA012325604B
:10301000A38038BD800C0020484657322DE9F74F79
:103020000D9F9DF8388006468B4692469946FFF7DD
:103030003BFF002846D144F20203F340DB073ED5B4
:10304000384CFFF7D1FF257A05EB85039B0003F190
:103050000C00142200212044019337F085FA2CF053
:10306000FDFF142202FB0545E2882A82511C9DF8CF
:103070003020EA754246082A28BF0822E860E1802D
:10308000AE7485F814B085F815A085F81690EA742A
:103090004FB1019BB8F1000F05D003F1180039467C
:1030A000204437F026FA237A0133DBB23F2B8ABF64
:1030B0004FF48073237223811B4B01221A7003B0DB
:1030C000BDE8F08FB31E0B2BBAD801A252F823F043
:1030D000BF300100BF300100BF300100BF30010030
:1030E00041300100BF300100BF300100BF3001009E
:1030F000413001000131010041300100BF300100C9
:103100004446082C28BF082408482246394637F090
:10311000E0F90028D3D022463946044837F0E9F9CF
:103120008EE700BF800C002034DE00202BDE002064
:1031300038B50C4605461C220021204637F014FA0B
:10314000042D1FD8DFE805F0031F354A7C004D4AE7
:103150000123C4E900234C4B1B78A3604B4B4C4A22
:103160009B8C126843EA0243E3604A4B4A4A9B8CB9
:10317000126843EA024323610CF032F860610CF0FC
:1031800035F8A06138BD454B1B682360444B1B6874
:103190006360444B1B68A360434B1B68E360434B75
:1031A0001B682361424B1B686361424B1B68A36130
:1031B000E8E7414B1B682360404B1B686360404B52
:1031C0001B68A3603F4B1B68E3603F4B1B68236198
:1031D0003E4B1B6863613E4B1B78E8E73D4B5A79D9
:1031E0001979120442EA0122D9780A4322601A7A34
:1031F000D979120442EA012299790A436260DA7AA3
:10320000997A120442EA0122597A5B78E360324BE0
:103210000A431B68A2602361304A314B12681B8845
:1032200043EA024363612F4A2F4B12681B8843EA2B
:1032300002632E4A1268120402F47F021343B6E7B7
:103240002B4B1A685B68226063602A4A2A4B1088FD
:10325000198841EA0041A1605088598841EA00413B
:10326000E16090889988D288DB8843EA02436361F1
:10327000224A234B12681B8841EA0041216143EA3C
:10328000024394E7535031447FDE0020141E002097
:10329000405F00207C1E00203C5F0020745F002007
:1032A000705F00206C5F0020685F0020645F00207A
:1032B000605F0020445F00205C5F0020585F0020BA
:1032C000545F0020505F00204C5F0020485F0020CA
:1032D0007EDE00203EDE002088300020305F0020AF
:1032E000385F00202C5F0020345F0020285F002022
:1032F000901A00209CD20020881A0020205F002015
:10330000245F00201FB5104C40F20C4200212046E3
:1033100037F02AF90D4B23600D490E480123002296
:10332000A38013F06FF868B9217AE3880022CDE911
:1033300001221B0A0093A379627A1420FFF76EFE24
:1033400004B010BDFF21F0E77408002053424B3257
:10335000593301007CD804002DE9F0431446C1B074
:10336000804628B321B3FF291F4D82BF0122FF21D0
:103370006A7218460A466946A047041E05DA012308
:103380006B72204641B0BDE8F0834046FAF70EFA72
:103390003F2828BF3F20EA88C61C16FA84F6C2F5EB
:1033A00080639E4207461FFA84F903D901236B729A
:1033B0000024E6E70D49531888545C70C4F30724D1
:1033C0009C70033302464146184637F092F84A464D
:1033D0006946384437F08DF8EB881E442B7AEE802E
:1033E00001332B72E4E700BF74080020800800203E
:1033F00010B50446C8B1EDF783FB0F2C07D84FF08A
:103400007A51EDF7D1FB0A49EDF7C4FA10BD1F2C34
:1034100005D84FF07651EDF7C7FB0649F4E74FF0BA
:103420007451EDF7C1FB0449EEE74FF04140EDE781
:103430000000F84000009E4000007E402DE9F84F5B
:1034400004680D4690461E461CB914703470BDE8E1
:10345000F88FA30F022B00F0A380032B00F0E28073
:10346000012B35D1C4F313034BB9C4F34460FFF708
:1034700055FD2946C4F30450FFF772FD28E0A1076B
:10348000E2B2C4F38707C4F3C65053D1FFF7B0FFCD
:103490002860C4F30640EDF733FB4FF07451EDF7AD
:1034A00083FB4FF08041EDF775FA6860C4F3462066
:1034B000FFF79EFFA86007F07F00EDF721FB4FF0BC
:1034C0007451EDF771FB4FF08041EDF763FAE8605E
:1034D0002C6864492046EDF719FD002800F0BE80F5
:1034E000204636F087FF0746AC685E492046EDF778
:1034F0000DFD002800F0B480204636F07BFF044626
:10350000384627F0DFFD3946EDF74EFB5649EDF71B
:103510004BFBEDF735FD88F80000204627F0D2FD83
:103520002146EDF741FB5049EDF73EFBEDF728FD55
:10353000C4B28BE7D20707F00103C4F30429C4F334
:10354000C407C4F3443AC4F3844418D59BB1EDF7DF
:10355000D7FA4FF07451EDF727FB4FF08041EDF7AC
:1035600019FAE86029462046FFF7D8FC294650465C
:10357000FFF7F6FC49E0FFF73BFFA860F2E75BB11D
:10358000EDF7BEFA4FF07451EDF70EFB4FF08041AE
:10359000EDF700FA6860E5E7FFF72AFF2860E1E74A
:1035A000C4F309038BB9C4F34460FFF7B7FC2946A1
:1035B000C4F30450FFF7D4FC2946C4F3C430FFF72A
:1035C000ADFC2946C4F3842056E7C4F3C750FFF787
:1035D0000FFF8246C4F34600EDF792FA4FF07451A4
:1035E000EDF7E2FA4FF08041EDF7D4F9E307C4F3C9
:1035F0000427C4F34439C4F3844B0DD5E860C5F8FF
:1036000008A029465846FFF789FC29464846FFF797
:1036100085FC294638462FE76860C5F800A0294692
:103620005846A5E7C4F34460FFF778FC2946C4F385
:103630000450FFF795FC2946C4F3C430FFF76EFC35
:103640002946C4F38420FFF78BFC2946C4F34410B9
:10365000FFF764FC294604F01F000DE7002743E74D
:1036600000244DE70000FEC000007F437FB5134BF0
:103670001B78072B05461FD12CF0F0FC104A65B1D2
:10368000D2E9004354EA030607D0041B61EB0303AD
:10369000B4F57A7F73F100030EDBC2E9000109493A
:1036A0004023CDE901134B780093074B09781B7831
:1036B0002A460920FFF7B2FC04B070BDE5E6002001
:1036C000003000203EDE00207FDE002038B50546B9
:1036D0000F4C2CF0C3FC6DB9D4E9002352EA03056A
:1036E00008D0821A40F2EE2561EB0303AA4273F17F
:1036F00000030CDBC4E90001064B07490748002220
:103700001A70BDE8384040F20C5212F01BBE38BDB2
:103710000830002034DE0020800C002084D8040013
:103720007FB50E46044615462CF0E1FC014678B103
:10373000084B0F22CDE90223074B009308230DEB22
:10374000030220468DF80B608DF80C5014F0AAFB94
:1037500004B070BD00FF00012B01040038B5084C17
:103760000025204632F0F9FA20B100221146204609
:10377000FFF7D6FF0135082D04F16004F1D138BD03
:10378000F45F00202DE9F04F87B004463F490DF16A
:103790000D0303AAFFF752FE201D3D490DF10F0353
:1037A0000DF10E02FFF74AFE9DF80C609DF80E30F9
:1037B0009DF80D409E4238BF1E469DF80F309C423A
:1037C00038BF1C46334B0F22CDE904238DF813601C
:1037D0008DF814402CF042FC2F4A13680133054643
:1037E0000F4613602D49082204A836F072FE70B906
:1037F0002B4BD3E90023AA1A67EB030334430CBF16
:103800004FF4FA7178218A4273F1000324DB002619
:10381000244CDFF894A0DFF89490B346204632F0B1
:103820009CFA804640B320462CF061FC014618B358
:10383000CDF800A0082304AA204614F033FB70B989
:1038400004AB03CB164B154AC3E900571060516017
:10385000174A13680133136007B0BDE8F08F1030CA
:103860000BBF144AD9F800301368013306BF013387
:103870001360C9F80030C3460136082E04F1600415
:10388000CCD1BBF1000FE7D1084AE2E7480600209F
:103890005806002000FF0001245F002036DE0020D3
:1038A00070300020F45F00202B0104001C5F00201A
:1038B000205F0020185F00202DE9F04782B0EA4623
:1038C00000AF8AB006460C46904699466D4642497E
:1038D00005F114002CF081FB404905F118002CF093
:1038E0007CFB314605F11C002CF077FB214605F1ED
:1038F00020002CF084FB40F201332A46AB84384B85
:10390000384842F8103F4FF433517B602CF00AFCEA
:103910003549D5463046F9F73FFF88B98C2C05D09C
:103920006FF015000837BD46BDE8F0872F492246E5
:103930004846C0470028F5DB8C28F1D10020F1E78C
:103940002B493046F9F728FF70B940F20C539C42DE
:10395000E6D1284922464846C0470028E2DBA0427B
:10396000DED1FFF741FBE9E723493046F9F714FFC1
:10397000D0B9B4F5037FD3D1204D2246294648461D
:10398000C0470028CEDBB0F5037F1D4C02D12B6869
:10399000A342D3D019484FF40372002136F0E4FD5E
:1039A00001232C60AB80C9E716493046F9F7F4FED5
:1039B00078B9B4F5006FB3D1134922464846C047E1
:1039C0000028AFDBB0F5006FAAD10F4806F0CCFF9E
:1039D000B4E76FF00100A5E79CD80400AAD8040062
:1039E00005000001FCAE040013ED04008C5E002015
:1039F0008DD80400800C00202CED04006806002007
:103A0000534B5550D1E80400EAD50020F0B583B0FF
:103A1000132100AF33F053F8054670B36E468CB0F7
:103A20006C46174904F114002CF0D7FA154904F13B
:103A300018002CF0D2FA144904F11C002CF0CDFA35
:103A4000294604F120002CF0D1FA104904F1240099
:103A50002CF0C3FA40F29D7104F128002CF0C6FA54
:103A60000B4BE36222460B4B42F8103F0A487B6047
:103A700044F240012CF056FBB5460C37BD46F0BD74
:103A8000C0D80400DBD80400EBD8040026D9040019
:103A90000103030507000002FCAE04002DE9F0431A
:103AA00083B00D4600AF044618F08EFF002D3AD0CB
:103AB0002E4B582202FB0030E84690F847902046F3
:103AC00034F0C8F98AB006466C46294904F114005E
:103AD0002CF083FA274904F118002CF07EFA2946CD
:103AE00004F11C002CF082FA494604F120002CF06D
:103AF0007DFA314604F124002CF078FA22460623A0
:103B000042F8103F1C487B604FF442512CF00AFBF6
:103B1000C5464FF480420023184825F08BFF0C3730
:103B2000BD46BDE8F083204634F094F96E4688B077
:103B300005466C46124904F114002CF04EFA0D496A
:103B400004F118002CF049FA294604F11C002CF06D
:103B50004DFA2246042342F8103F07487B604FF499
:103B600003512CF0DFFAB546D3E700BF90300020B8
:103B700035D9040069D90400FCAE040060030020BC
:103B800085D9040090B583B000AF88B06C460B496E
:103B900004F114002CF021FA04F1180008492CF06B
:103BA0001CFA2246032342F8103F06484FF4C45142
:103BB0002CF0B8FA0C37BD4690BD00BFACD904005C
:103BC000B1D90400FCAE040090B583B000AF88B05A
:103BD0006C460B4904F114002CF0FFF904F11800B5
:103BE00008492CF0FAF92246032342F8103F064810
:103BF0004FF4C6512CF096FA0C37BD4690BD00BF6D
:103C0000ACD90400C7D90400FCAE0400B0B5124A18
:103C100082B0136800AF013388B0054613606C466C
:103C20000E4904F114002CF0D8F904F118000C49E5
:103C30002CF0D3F9294604F11C002CF0D7F92246C8
:103C4000042342F8103F07484FF402512CF06AFA5F
:103C50000837BD46B0BD00BF1C5F0020D7D90400A7
:103C600003DA0400FCAE040090B583B000AF88B066
:103C70006C460C4904F114002CF0AFF904F1180063
:103C800009492CF0AAF92246032342F8103F0748BD
:103C90004FF4C2512CF046FA4FF0FF300C37BD46BE
:103CA00090BD00BF1EDA040030DA0400FCAE040050
:103CB000B0B582B000AF88B00D466C460D4904F136
:103CC00014002CF08AF904F118000B492CF085F946
:103CD000294604F11C002CF089F92246042342F8FD
:103CE000103F06484FF401512CF01CFA0837BD462E
:103CF000B0BD00BF3BDA040046DA0400FCAE0400AD
:103D00002DE9F04782B000AF8CB0B1F800A0B1F857
:103D10000290B1F80480CE880D466C46164904F135
:103D200014002CF05AF904F1180014492CF055F93C
:103D3000514604F11C002CF059F9494604F12000C9
:103D40002CF054F9414604F124002CF04FF931468F
:103D500004F128002CF04AF92246072342F8103FCC
:103D600007484FF463512CF0DDF92B886B8001205C
:103D70000837BD46BDE8F08759DA040096DA04003A
:103D8000FCAE04002DE9F04182B000AF8AB0884655
:103D900016461D466C46134904F114002CF01DF91B
:103DA00004F1180010492CF018F9414604F11C00E8
:103DB0002CF01CF9314604F120002CF017F92946AB
:103DC00004F124002CF012F92246062342F8103F99
:103DD00006484FF443512CF0A5F90837BD46BDE81D
:103DE000F08100BFA3DA0400CBDA0400FCAE0400CB
:103DF0002DE9F04397B06D4600AF88B0064688467F
:103E00006C466C4904F114002CF0E7F86A4904F19F
:103E100018002CF0E2F82246032342F8103F6748CE
:103E20003B634FF4C6512CF07DF9AD460025294681
:103E3000304631F09EFE0546002872D1414630469C
:103E400013F06CFE054670B3E8468CB06C465C49D6
:103E500004F114002CF0C1F8574904F118002CF0BB
:103E6000BCF8584904F11C002CF0B7F8294604F1BD
:103E700020002CF0BBF8544904F124002CF0ADF8DC
:103E800040F6260104F128002CF0B0F84F4BE36215
:103E900022464F4B42F8103F48483B6344F24001F2
:103EA0002CF040F9C546304631F0A0FE054670B30F
:103EB0006E468CB06C46424904F114002CF08DF82B
:103EC0003D4904F118002CF088F8424904F11C0027
:103ED0002CF083F8294604F120002CF087F83A49A9
:103EE00004F124002CF079F840F6270104F12800B1
:103EF0002CF07CF8354BE3622246354B42F8103FFC
:103F00002E483B6344F240012CF00CF9B5464FF4C7
:103F100000420023304825F08DFD5C37BD46BDE8EA
:103F2000F08328680378022B81D10123A3F10D02CD
:103F3000012A01D80133F9E7C45C002C7FF477AF84
:103F40000133112BF2D107F10801252215F040FBB6
:103F50002B68B3F80D201C705A802868252207F1C1
:103F6000300115F035FBE9468AB06C461B4904F177
:103F700014002CF032F81A4904F118002CF02DF836
:103F800007F1080104F11C002CF027F807F13001BB
:103F900004F120002CF021F8124B63622246124BF0
:103FA00042F8103F05487B604FF443512CF0BAF8BB
:103FB000CD463CE7ACD90400DCDA0400FCAE0400DA
:103FC000C0D80400F3DA040026D904000103030575
:103FD000070000022BDB04009003002047DB0400F5
:103FE00054DB04000103020405000002B0B582B0F6
:103FF0006D4600AF88B06C460E4904F114002BF0FA
:10400000ECFF04F118000C492BF0E7FF22460323D4
:1040100042F8103F7B604FF4C45108482CF082F8FE
:104020004FF40042AD460023054825F003FD083754
:10403000BD46B0BDACD9040067DB0400FCAE040093
:1040400090030020F0B583B06E4600AF88B00D46F7
:104050006C46114904F114002BF0BFFF04F1180065
:104060000E492BF0BAFF294604F11C002BF0BEFFCD
:104070002246042342F8103F7B604FF40151084868
:104080002CF050F84FF40042B5460023054825F0C7
:10409000D1FC0C37BD46F0BD3BDA040086DB0400E2
:1040A000FCAE0400900300202DE9F04F89B00646D5
:1040B000006804AF8846154678B3B6F8441061B37B
:1040C0000023CDE901330093134642461CF0A6FCC1
:1040D00096F84790824628B36D468AB004AC3849BA
:1040E00004F114002BF079FF364928462BF075FFB8
:1040F000514604F11C002BF079FF494604F12000E1
:104100002BF074FF2246052342F8103F2E48FB6037
:104110004FF422512CF006F8AD4600201437BD466E
:10412000BDE8F08F032DC7F804D08CB098F800B02C
:1041300088BF98F803A004AC244904F114002BF0C4
:104140004CFF04F118001F492BF047FF04F11C003D
:1041500049462BF04BFF294604F120002BF046FF87
:1041600004F1240059462BF041FF04F12800514688
:104170002BF03CFF2246072342F8103F1248FB6019
:104180004FF463512BF0CEFFD7F804D098F800100D
:1041900096F84730032DEDB288BF98F803200095BC
:1041A00098BF00220C200124CDE90185FEF736FFDF
:1041B00086F848402BF052FFC6E914012046ADE7CF
:1041C0009FDB0400D0DB0400FCAE0400E6DB04004F
:1041D0002DE9F04F234C257891B0824689469046D0
:1041E0001F4625B10025284611B0BDE8F08F1E4AB4
:1041F000116881B392F8471007292CD19DF86860A7
:10420000402E28BF402632463946684636F071F9BE
:10421000154B582000FB05304FF0010B3246694624
:104220008DF802B0FFF740FF05460028DAD084F889
:1042300000B084F801A084F8029084F803802BF089
:104240000DFF3246C4E902013946084884F850603F
:1042500036F04FF9C7E70135082D02F15802C7D1F2
:10426000C0E700BF10300020903000202030002038
:10427000214B224910B500241C70214B00221C70D8
:104280000023C1E900231F49C1E900231E49C1E9F8
:1042900000231E4835F077FA1D4B40221846214670
:1042A00036F062F91B4A1278072A03461CD109220C
:1042B000027015228270382208208021D8711A736A
:1042C00019729872D972144B4FF400421A805A80B6
:1042D0009A80DA80114B4FF0FF321A605A60104B0F
:1042E00000221A605A6010BD302202709122827042
:1042F000802202710C22DFE77FDE00208830002060
:104300007EDE002080300020783000207C1E0020DF
:104310003EDE0020E5E60020901A0020881A0020EA
:104320009CD20020F0B595B004AA0446034600F1E3
:104330004007164618685968154603C50833BB423E
:104340002A46F7D1104B1878072809D14023CDE928
:104350000143E3780093A37862782178FEF75EFE4C
:104360000A4800220023314624F092FF18B1084A7F
:10437000136801331360054B5A6A064B19688A4269
:1043800088BF1A6015B0F0BDE5E600207C1E002055
:10439000445F00203C5F00202DE9F04F97B004AF50
:1043A00090468A4618F010FBB8F1030F786040F28F
:1043B000CF806A4BC7F800D0582404FB00348CB07F
:1043C0009AF800609AF8039094F847B004AD6449F5
:1043D00005F114002BF001FE624905F118002BF0E5
:1043E000FCFD314605F11C002BF000FE494605F1AD
:1043F00020002BF0FBFD594605F124002BF0F6FDC3
:10440000414605F128002BF0F1FD2A464FF0070B3D
:1044100042F810BF5448C7F808B04FF463512BF06E
:1044200081FED7F800D094F847305FFA88F2CDE9E2
:1044300001A24246FF2A28BFFF22D2B20092314693
:104440004A460C20FEF7EAFD0023022E84F848308D
:1044500094F8473013D1012B53D184F847604FF4BF
:1044600080420023414825F0E5FA3C4A7968582308
:1044700003FB012393F84730072B69D14AE0152E3F
:104480001ED1B9F1010F05D1022B3AD1032384F8D3
:104490004730E4E7B9F1040F04D1032B31D184F89C
:1044A0004790DCE7B9F1020F03D1042B29D1052392
:1044B000EDE7B9F1030F24D1052B22D10623E6E75E
:1044C000092E1ED1062B1CD188B084F847B004AC4D
:1044D000274904F114002BF080FD224904F1180053
:1044E0002BF07BFD224603231F4842F8103FBB60A0
:1044F0004FF4C6512BF016FE1C48D7F800D035F00B
:104500001BFB164A7968582303FB012393F84730B5
:10451000072BA4D1174C2378D3B16378B34217D1BA
:1045200000253C222946BD6007F10C0036F01CF83E
:104530004246402A28BF4022514607F1080035F084
:10454000D8FFA378BB7207F10800FFF7EBFE2570D8
:1045500001204C37BD46BDE8F08F00BF90300020F1
:1045600026DC040060DC0400FCAE040060030020D4
:104570007ADC040010300020F0B591B006460F46FA
:10458000144600213C2201A81D4635F0EDFF134AD8
:104590008DF80D7021238DF8003013788DF80130DF
:1045A000591C0F4B11701A68CDF802205A68CDF8CB
:1045B00006201A899B7AADF80A208DF80C308DF808
:1045C0000E6034B12DB12A4621460DF10F0035F0B1
:1045D00090FF6846FFF7A6FE11B0F0BD7EDE00201A
:1045E00040DE00202DE9F04F8A4C8BB0237800AFDD
:1045F0008BB12BF033FDD4E90232C01A61EB02011A
:10460000C92871F1000106DBE278A17860782BF00F
:10461000BAFD002323700025DFF8FC917F4EDFF800
:1046200000822A46D9F80010002977D099F847105F
:10463000002973D0072971D099F8482082B32BF054
:104640000DFDD9E91424801A61EB0401B0F5FA5F7D
:1046500071F1000161DB99F8482099F847B0FAB18F
:10466000EA4688B06C466F4904F114002BF0B5FCA3
:10467000314604F118002BF0B0FC594604F11C003F
:104680002BF0B4FC2246042142F8101FF96040468A
:104690004FF402512BF046FD0022D54689F8482000
:1046A000EA4688B099F847B06C465F4904F11400B7
:1046B0002BF093FC314604F118002BF08EFC594688
:1046C00004F11C002BF092FC2246042142F8101F3A
:1046D000F96040464FF403512BF024FD99F8472030
:1046E000013AD546052A18D8DFE802F003295669B1
:1046F00079834E4A07F10C0402F1100AA6461068AD
:104700005168A446ACE80300083252456446F6D12D
:10471000102271464846FFF7C7FC01221635B02D1E
:1047200009F158097FF47EAF2AB141484FF40042A5
:10473000002325F07FF92C37BD46BDE8F08F01221C
:104740003946381D3A6016F0BFFF3A4B97F806E03D
:1047500097F807C03C7A787AB97A87F817E04FF46F
:104760006062C7E903324FF40072BA827A79BA758F
:10477000013A3A7787F818C07C76B876F97687F8E8
:104780001DE087F81EC0FC7787F8200087F821100D
:10479000162207F10C01BDE7274A07F10C0402F1CC
:1047A000180AA64610685168A446ACE8030008320F
:1047B00052456446F6D1127822701922A9E71F4AA1
:1047C00007F10C0402F1180AA64610685168A446C5
:1047D000ACE80300083252456446F6D1EBE7184CCA
:1047E0006168206807F10C0203C2217A1170092266
:1047F000CFE7144A07F10C0402F1100AA64610682C
:104800005168A446ACE80300083252456446F6D12C
:104810007EE700BF1030002090300020BEDC040096
:10482000FCAE040094DC0400DDDC0400A8C004003D
:104830006003002015910101B8C00400D1C004003C
:10484000EAC00400F3C004000A281FB504460ED1D4
:10485000BFF35B8F124B53E8001F41F0010143E8A7
:104860000012002AF7D1BFF35B8F04B010BD002304
:10487000CDE9013300931A4601460220FEF7CEFB34
:1048800004F0FD03012B01D0052CEED1FEF718FB3F
:104890000028EAD004B0BDE81040FFF7E9BC00BF33
:1048A000845F002070B503788AB004460E4607ADD9
:1048B000032B20D8DFE803F002191B1D11492846FD
:1048C00035F084FE059563780493A3780393E37829
:1048D00002932379019363790093A3790A4A1E21F5
:1048E00030462FF0D7FE0AB070BD0849E7E7084907
:1048F000E5E70849E3E7084A0A2128462FF0CAFEFF
:10490000E0E700BF01DD040023DD040008DD040052
:104910000FDD040019DD0400943C0500F0B58BB0F8
:104920000C4600AF07F108010546FFF7BBFF2368FF
:10493000013329462360022012F0ECFB054670B3D8
:104940006E468CB06C46174904F114002BF045FB01
:10495000154904F118002BF040FB144904F11C0028
:104960002BF03BFB294604F120002BF03FFB1049C4
:1049700004F124002BF031FB40F2467104F12800D1
:104980002BF034FB0B4BE36222460B4B42F8103FFB
:104990000A487B6044F240012BF0C4FBB5462C373B
:1049A000BD46F0BDC0D8040046DD040053DD040060
:1049B00026D904000103030507000002FCAE040031
:1049C00090B58BB000AF32F078F807F10801FFF72F
:1049D00069FF8AB06C460F4904F114002BF0FDFA10
:1049E00004F118000C492BF0F8FA07F1080104F162
:1049F0001C002BF0F2FA224640F201332384074BCD
:104A000042F8103F06484FF412512BF08BFB2C3725
:104A1000BD4690BD271A05008DDD0400040000018D
:104A2000FCAE04002DE9F0478EB004AF0E461546EB
:104A3000804632F042F807F10801FFF733FFDFF854
:104A40007091EA46002D7AD18AB004AC594904F13C
:104A500014002BF0C2FA584950462BF0BEFA07F169
:104A6000080104F11C002BF0B8FA314604F12000D3
:104A70002BF0BCFA224640F20133A3844F4B42F89C
:104A8000103F7B604FF433514D482BF04BFB4046B9
:104A9000D54617F099FF2A4619F80030009531469F
:104AA000CDE901551120FEF7B9FA464B01224046E7
:104AB0001A7017F089FF444A444903B203EB4303D9
:104AC00002EB43134046424A12F0C2F9054690B346
:104AD0008CB004AC3F4904F114002BF07EFA3E493F
:104AE00004F118002BF079FA3C4904F11C002BF07A
:104AF00074FA294650462BF079FA394904F124001A
:104B00002BF06BFA40F63D0104F128002BF06EFA11
:104B10002246344BE362344B42F8103F28487B6016
:104B200044F240012BF0FEFA3048D5464FF40042E3
:104B3000002324F07FFF2837BD46BDE8F0878CB006
:104B400004AC2B4904F114002BF047FA04F11800CF
:104B500019492BF042FA07F1080104F11C002BF06F
:104B60003CFA314650462BF041FA294604F1240024
:104B70002BF03CFA224640F2013323851D4B42F8CC
:104B8000103F7B604FF451510D482BF0CBFA40465B
:104B9000D54617F019FF002219F800300092CDE930
:104BA000012231462A461120FEF738FAC3E700BF3A
:104BB00089DE002099DD0400ABDD04000500000162
:104BC000FCAE0400EC1A0020F45F002054D804006E
:104BD00024C20400C0D80400BCDD0400CADD040007
:104BE00026D90400010303050700000290030020FA
:104BF00024DE040006000001F0B58FB004AF0D46BE
:104C000031F05BFF07F10801FFF74CFE6E468AB0FA
:104C100004AC174904F114002BF0DFF930461549B4
:104C20002BF0DBF907F1080104F11C002BF0D5F99A
:104C3000294604F120002BF0D9F9224640F2013335
:104C4000A3840D4B42F8103F7B600C484FF4315168
:104C50002BF068FAB5460023CDE9013300932A46CC
:104C6000FF211220FEF7DAF92C37BD46F0BD00BF58
:104C70004EDE040060DE040005000001FCAE04000E
:104C8000F0B58FB004AF0D4631F017FF07F1080102
:104C9000FFF708FE6E468AB004AC1A4904F114000E
:104CA0002BF09BF9184930462BF097F907F10801D2
:104CB00004F11C002BF091F9294604F120002BF09F
:104CC00095F9224640F20133A384104B42F8103F7D
:104CD0000F487B604FF433512BF024FAB546002384
:104CE000CDE9013300931A4629461220FEF796F9C2
:104CF00025B1FEF7D9F808B1FEF704FB2C37BD4605
:104D0000F0BD00BF6FDE040081DE0400050000017D
:104D1000FCAE0400014800212BF052BAC8C30400C5
:104D20002DE9F04F89B004AFB1F802A0C7F804D064
:104D30008AB091F80280D2F800B00646154699462E
:104D40004FEA1A2A04AC4D4904F114002BF045F93E
:104D500004F118004A492BF040F904F11C004146C7
:104D60002BF044F904F1200051462BF03FF904F1F7
:104D7000240059462BF03AF922460623414C42F8CA
:104D8000103FFB6040484FF443512BF0CBF92368B0
:104D9000D7F804D0B34212D13C4B1B78072B0ED16D
:104DA0002B68FF2B4FF00002A8BFFF23CDE90122A3
:104DB0000092DBB2524641460420FEF72FF9D9F8A3
:104DC0000030B8F1640F83F800802FD1304B1B689E
:104DD000B34206D02368B34248D12C4B1B78072B33
:104DE00027D1DFF8B0802C484FF0FF324FF0FF336F
:104DF0002BF0E4F998F8006026BBE94688B004ACD3
:104E0000264904F114002BF0E8F81D4904F11800BC
:104E10002BF0E3F82246032342F8103F1A48FB60C8
:104E20004FF4C6512BF07EF9CD4618E02368B3420B
:104E30001CD1D9F800102022013140460AF0DCF9DB
:104E4000286013E0D9F80020154B013203F120014E
:104E500053F8040B42F8040B8B42F9D120260023AF
:104E60000D482E6088F800302BF0BEF92B6800202A
:104E7000013314372B60BD46BDE8F08F92DE04008D
:104E8000AFDE04008C5F0020FCAE0400E5E60020ED
:104E9000885F002091DE0020905F0020BDDE0400CE
:104EA00092DE0020094BBFF35B8F53E8002F43E8ED
:104EB00000010029F9D1BFF35B8F904204D0044870
:104EC0000022002324F0B6BD704700BF845E00209E
:104ED000C0030020F0B583B000AF30F09FFE6E46F7
:104EE0000546F0B988B06C46254904F114002BF052
:104EF00074F8244904F118002BF06FF822460323BC
:104F000042F8103F20487B604FF4C6512BF00AF95D
:104F10001E4BB54602201D70FFF7C4FF0C37BD467F
:104F2000F0BD8CB06C461A4904F114002BF055F812
:104F3000144904F118002BF050F8164904F11C0034
:104F40002BF04BF8294604F120002BF04FF81249C2
:104F500004F124002BF041F840F2127104F1280012
:104F60002BF044F80D4BE36222460D4B42F8103F04
:104F700005487B6044F240012BF0D4F8B546CDE7FC
:104F8000D4DE0400EADE0400FCAE040080DE002073
:104F9000C0D80400F4DE040026D904000103030590
:104FA0000700000210B5FFF795FFBDE81040034869
:104FB0004FF40042002324F03DBD00BF90030020C9
:104FC000F0B583B02E4900AF002015F0B3FB6E465C
:104FD000054630BB88B06C462A4904F114002AF01B
:104FE000FCFF294904F118002AF0F7FF22460323A9
:104FF00042F8103F7B6025484FF4C6512BF092F8E1
:10500000B546FFF767FF2A460120214917F0BAFC91
:1050100020484FF40042002324F00CFD0C37BD461D
:10502000F0BD8CB06C461C4904F114002AF0D5FF89
:10503000154904F118002AF0D0FF184904F11C00AA
:105040002AF0CBFF294604F120002AF0CFFF1449B3
:1050500004F124002AF0C1FF40F2A17104F12800FC
:105060002AF0C4FF0F4BE36222460F4B42F8103F79
:1050700006487B6044F240012BF054F8B546CDE77A
:10508000D2DE002003DF040016DF0400FCAE0400C3
:105090000D3A010090030020C0D804002ADF04006C
:1050A00026D9040001030305070000022DE9F04F93
:1050B00099B004AF0546FDF7F7FE002800F0B68072
:1050C000002900F0B3804FF00008C7E90C88A74919
:1050D000A868A7F8388007F1300216F055F897F85D
:1050E0003030002B00F0A2802B6807F130011868E7
:1050F000FFF7D8FBC7E909889C49A868A7F82C8066
:1051000007F1240216F040F82B6897F825A093F8D1
:1051100007B097F826307B6197F827303B6197F806
:105120002930FB6097F82A30BB6097F82B307B6002
:10513000E94697F82C3097F828603B6092B004ACB1
:105140008B4904F114002AF048FF8A4904F1180041
:105150002AF043FF07F1300104F11C002AF03DFF63
:10516000594604F120002AF041FF514604F1240081
:105170002AF03CFF796904F128002AF037FF3969E9
:1051800004F12C002AF032FF314604F130002AF0FD
:105190002DFFF968784E04F134002AF027FFB96832
:1051A00048462AF023FF796804F13C002AF01EFFEC
:1051B000396804F140002AF019FF224640F2013319
:1051C000A4F844306D4B42F8103F6D483B6246F600
:1051D000C0412AF0A7FFCD462B6897F82D20DB7938
:1051E000029207F12501CDE90021132001220221BD
:1051F000FDF714FFFFF76EFE2B681A68614B11680C
:1052000019609188998092799A7128685E4A5F49FD
:1052100000680123337007F11C0317F07FFD05467A
:10522000002869D1F86931F0B0FB9BE02B68DA798E
:10523000012A40F09780186807F13001FFF732FB30
:105240006E468AB004AC524904F114002AF0C5FE3F
:10525000484930462AF0C1FE07F1300104F11C0034
:105260002AF0BBFE224640F201332384494B42F828
:10527000103F43487B624FF413512AF053FFB54669
:10528000FFF728FE28686A684049006807F11C0398
:1052900017F044FD05460028C4D08CB004AC3E494C
:1052A00004F114002AF099FE324904F118002AF0A2
:1052B00094FE3A4904F11C002AF08FFE294604F1BD
:1052C00020002AF093FE364904F124002AF085FEDE
:1052D00040F2FC7104F128002AF088FE314BE362B1
:1052E0002246314B42F8103F25487B6244F2400190
:1052F0002AF018FFB54635E08CB004AC264904F11D
:1053000014002AF06AFE1B4904F118002AF065FE19
:10531000264904F11C002AF060FE294604F1200011
:105320002AF064FE1E4904F124002AF056FE40F2E1
:10533000EE7104F128002AF059FE2246194BE3626F
:10534000194B42F8103F0E483B6244F240012AF0EC
:10535000E9FE174886F80080CD464FF4004200234E
:1053600024F068FB5437BD46BDE8F08F11000400FF
:1053700055DF0400B4DF040081DE00200D000001D1
:10538000FCAE040082DE0020801A0020F4620020BF
:1053900026E0040004000001C0D804004EE0040030
:1053A00026D904000103030507000002C9DF040039
:1053B000900300202DE9F043B04E89B0337804AF5C
:1053C0000BB1FFF787FD11F06DFFFDF76DFD0028B4
:1053D00000F0B7806D4688B004ACA949DFF8A4920C
:1053E00004F114002AF0F9FD04F11800A6492AF08E
:1053F000F4FD2246032342F8103FBB60A3484FF45C
:10540000C6512AF08FFE0024AD46A1493C603A46C1
:1054100020461DF0F3FD99F80020397800942346CA
:105420001320CDE90144FDF7F9FD9A4BBB6002233F
:105430003B7307F10801052011F06CFE804620BB8C
:105440000146202011F05CFF804600284DD08CB032
:1054500004AC914904F114002AF0BFFD8A4904F11B
:1054600018002AF0BAFD8D4904F11C002AF0B5FDA0
:10547000414604F120002AF0B9FD894904F12400D5
:105480002AF0ABFD40F264711CE08CB004AC8249A0
:1054900004F114002AF0A1FD7B4904F118002AF060
:1054A0009CFD804904F11C002AF097FD414604F15F
:1054B00020002AF09BFD7A4904F124002AF08DFD9A
:1054C00040F2617104F128002AF090FD764BE3620E
:1054D0002246764B7B606D4842F8103F44F2400113
:1054E0002AF020FEAD46022025E089F800000020C9
:1054F00012F034F80546002840F090806D4688B0E0
:1055000004AC6B4904F114002AF067FD694904F109
:1055100018002AF062FD2246032342F8103FBB60C8
:105520005A484FF4C6512AF0FDFD0123AD463370B1
:10553000544B18780130FFF7B5FC1437BD46BDE871
:10554000F0835D49032011F0E5FD054668B93A1D79
:105550004F4978601DF052FDFDF72AFD494B1A783E
:1055600092BB00221A70042034E06E468CB004AC6A
:10557000494904F114002AF030FD434904F11800B0
:105580002AF02BFD4D4904F11C002AF026FD294686
:1055900030462AF02BFD424904F124002AF01DFD7B
:1055A00040F26B7104F128002AF020FD3E4BE362CB
:1055B00022463E4BBB60354842F8103F44F2400162
:1055C0002AF0B0FDB5468EE77A68002AC9DD904220
:1055D00089D00620012111F093FE0546002886D0CF
:1055E0006E468CB004AC2C4904F114002AF0F5FC92
:1055F000254904F118002AF0F0FC314904F11C009F
:105600002AF0EBFC294630462AF0F0FC244904F14C
:1056100024002AF0E2FC40F28271C3E76E468CB0AF
:1056200004AC1D4904F114002AF0D7FC214904F10F
:1056300018002AF0D2FC234904F11C002AF0CDFC0A
:10564000294630462AF0D2FC154904F124002AF0FC
:10565000C4FC40F20B7104F128002AF0C7FC124B85
:10566000E3622246114B42F8103F0848BB6044F207
:1056700040012AF057FDB5465AE700BF80DE002002
:10568000B8E00400EC1A0020F3E00400FCAE0400D3
:105690001D490100E81A0020C0D804004FE10400B1
:1056A00026D9040006E104000103030507000002F7
:1056B00006E204001CE2040054D804008EE1040059
:1056C000DDE1040027E204002DE9F04FC34B91B067
:1056D000002204AF1A7004460D46FDF769FC02462D
:1056E000FDF7EEFB20B1BE4B19689142B8BF1A60BE
:1056F0000220FFF7D7FB204631F0DFF907F1100158
:10570000FFF7D0F86E466DB38AB004ACB54904F12A
:1057100014002AF062FCB44930462AF05EFC07F11E
:10572000100104F11C002AF058FC294604F1200065
:105730002AF05CFC40F201332246A384AB4B42F8D2
:10574000103FAB48FB604FF431512AF0EBFCB546FB
:10575000A8484FF40042002324F06CF93437BD46CA
:10576000BDE8F08F8AB004ADA34905F114002AF01A
:1057700034FC9D4930462AF030FC07F1100105F158
:105780001C002AF02AFC40F201332A462B849B4B52
:1057900042F8103F9648FB604FF413512AF0C2FCC8
:1057A000B546FDF78DFB18B1954A136801331360B8
:1057B0000023CDE9013300931A4619460F20FDF767
:1057C0002DFCDFF84092904D204617F0FDF899F837
:1057D00000308046002B38D1012305F80830022123
:1057E000204631F018F905460028B7D06E468CB037
:1057F00004AC864904F114002AF0EFFB7A4904F165
:1058000018002AF0EAFB824904F11C002AF0E5FBAB
:10581000294630462AF0EAFB7E4904F124002AF0AA
:10582000DCFB40F6A11104F128002AF0DFFB7A4BE3
:10583000E3622246794B42F8103F6D48FB6044F228
:1058400040012AF06FFCB54688E7204631F035F973
:105850007349072234F03DFE06460028BCD189F882
:105860000000C7F804D04FF0020988B005F808908E
:1058700004AD6C4905F114002AF0AFFB05F11800E6
:1058800059492AF0AAFB2A46032342F8103F5848F8
:10589000FB604FF4C6512AF045FCD7F804D04B46C4
:1058A00042463146CDE9016600960F20FDF7B6FB72
:1058B000204617F089F8DFF870814FF0580A10FB86
:1058C0000AF952463146054608EB090034F04CFE11
:1058D000204631F01FF80AFB05F208EB020A534B91
:1058E00048F80200CAF840301423AAF8443009F1FD
:1058F000200343444FF0010B31461C2218468AF81E
:1059000046508AF847B034F02FFE494ACAF82020A2
:10591000484ACAF82C200146AAF830B020461BF0AD
:10592000DDF8064600B310F1780F1DD088B004AC46
:10593000414904F114002AF050FB404904F11800D9
:105940002AF04BFB314604F11C002AF04FFB2246A3
:10595000042342F8103F2648FB604FF402512AF01E
:10596000E1FBD7F804D0F3E609F1040646441C2213
:105970000021304634F0F8FD582303FB0583304AFC
:105980005A60304A1A61012231469A8220461BF041
:10599000A5F80646002859D010F1780F56D06D466C
:1059A00088B004AC284904F114002AF016FB2349FE
:1059B00004F118002AF011FB314604F11C002AF012
:1059C00015FB2246042342F8103F0948FB604FF4C0
:1059D00002512AF0A7FBAD46BAE600BF80DE0020E8
:1059E0002C5F002050E20400583A05000500000139
:1059F000FCAE040090030020271A050004000001FB
:105A0000385F002081DE002089DE0020C0D804003D
:105A100084E3040026D90400010303050700000203
:105A200082DE00207BE20400903000200A00120099
:105A3000350104001A001B00B1E20400D6E20400A4
:105A4000216101000A000B00EEE20400EA468AB080
:105A50000DF1100B33490BF114002AF0BEFA324954
:105A600050462AF0BAFA0A210BF11C002AF0BEFABD
:105A70001A210BF120002AF0B9FA5A46052642F8FD
:105A8000106F2A48FE604FF423512AF04BFB284B3D
:105A900001221A70274A1368280201331360D54681
:105AA000002342F2690240F27E5100F47F400BF085
:105AB00051F909F13C01002348F80130582303FB58
:105AC00005851D4BEB63414420461AF0B1FA0546AB
:105AD00000283FF443AE204632F0BCF98AB080463D
:105AE00016490BF114002AF078FA0F4950462AF0B3
:105AF00074FA29460BF11C002AF078FA41460BF1A2
:105B000020002AF073FA5A46084842F8106FFE60E7
:105B10004FF422512AF006FB0948D5464FF4404283
:105B2000002319E615E30400D6E20400FCAE0400ED
:105B30007FDE0020305F00209D3A010053E3040027
:105B4000600300202DE9F043A64B1B78072B95B08E
:105B500004460E4603D0002015B0BDE8F0830029AE
:105B6000F9D0012E017839D0022E42783AD0032E96
:105B7000837835D0C0780090CDE901460620FDF746
:105B80004DFA012EE7D0207802287BD16278912A45
:105B900035D09549954F0B68DFF8549200250133B5
:105BA0000B600146CDE9014600952B460D20FDF71F
:105BB00035FAA8463868E0B1B7F84210C9B1CDE966
:105BC0000188CDF80080334622461AF027FF58B9E5
:105BD000884A1368013313600120BDE700231A4689
:105BE0000020C8E70023FBE7D9F800200132C9F8FC
:105BF00000201635B02D07F15807DBD1ECE7072E52
:105C0000A9D9E57894F80280042D64D000273C22BD
:105C1000394605A834F0A8FC4FF48173ADF8103074
:105C2000042D4FF0F8038DF812808DF813508DF885
:105C3000153023D10F2E21D9207B617BA27BE56813
:105C4000E37B8DF81C008DF81D108DF81E2040247C
:105C50003022394608A88DF818408DF81F3034F0EE
:105C600083FCB5F5983F09D1634A1368CDF822301B
:105C70005368CDF826309368CDF82A3004A8FEF793
:105C800051FBA9E7072E7FF666AF6378912B7FF46F
:105C900062AF0C28A778E57811D8C8B1431E0B2B4A
:105CA00016D8DFE813F0F1001500220015001500EA
:105CB0001500150015007900150015007D00152848
:105CC00000F00181182800F0F780102800F0EB8028
:105CD0002A4639465DE0009623462A464146FEF7AD
:105CE00077FA00287FF478AF90E70A2D4ED00D2D7B
:105CF0002DD0032D4AD1082E25D0237A03B30121BC
:105D00000A463E480170CDE90146002403210A20DD
:105D10000094FDF783F93C22214605A834F024FCC9
:105D200040F20313ADF810308DF8127003238DF894
:105D30001330F8238DF8153001238DF818309DE7C6
:105D40001A461946DDE700210A460B46D9E72B4BD8
:105D500001221A70082E4FF0000218BF237A009219
:105D600008BF13460D2101220A20CDE90146FDF7A7
:105D700055F93C22002105A834F0F6FB40F203134C
:105D8000ADF810308DF812700D23D0E72A46394651
:105D900003202AF0F8F91FE72A4639460920F8E7D8
:105DA0004FF0000841463C2205A834F0DDFB4FF4DB
:105DB0008673082EADF810308DF813504FF0F803AD
:105DC00005F1FF3518BF217A0D488DF8127008BF14
:105DD00041468DF81530042D30D8DFE805F0133733
:105DE0003A3F4900E5E60020245F00209030002083
:105DF0001C5F0020205F0020AFE304007FDE002056
:105E0000EB1A00200023CF07CDE9073344BF072357
:105E10008DF81C308E0744BF07238DF81D304D07C9
:105E200044BF01238DF81E30CC0644BF03238DF8F8
:105E300020308A0602D503238DF8213003789B0693
:105E40007FF51CAF3D4B38221A7317E73C4B197096
:105E5000F4E73B4A002313700370EFE7384B1B78DD
:105E600023B10B405BB202781343F5E74BB2FAE77C
:105E7000334B1B782BB10B40DB4359B203780B40FB
:105E8000EAE7C94349B2F9E70C2D08D1042300938E
:105E90002C4B2A46394601202AF053F99CE62A4623
:105EA0003946012075E7012D7FF412AF0C230093D2
:105EB000254B2A463946EFE7012D7FF409AF082329
:105EC0000093224BF5E7DFF88890B9F80630C3F568
:105ED00000781FFA88F846452DDD18F0FF0812D02B
:105EE0001C4842461844214634F003FBB9F80630FA
:105EF000984499F80830A9F80680013389F80830E9
:105F0000154B01221A70002300932A4633461521AF
:105F10001420CDE90146FDF781F8009623462A4674
:105F200039461520FEF754F900287FF455AE2A466D
:105F3000394615202DE7B046D2E700BF3EDE0020EF
:105F40002ADE002090EE040084EE04007CEE0400C3
:105F5000680600207406002035DE0020F0B5832896
:105F600087B004AF07D1022902D1384823F028FBBB
:105F70000C37BD46F0BD0328FAD10129F8D1344DC4
:105F800000233B6040223B4629462FF0C4FB0446D9
:105F900028BB38680028EBD0012829784ED0022889
:105FA0006A784FD00328AB7800D0EC780094FF28B3
:105FB00028BFFF20C0B2CDE901500520FDF72EF823
:105FC00039682348FF2928BFFF21C9B2FFF7BAFD6E
:105FD000002839D01F4A136801331360C8E76E46A2
:105FE0008CB004AD1C4905F1140029F0F6FF1B49E3
:105FF00005F1180029F0F1FF194905F11C0029F0FD
:10600000ECFF2146304629F0F1FF164905F1240046
:1060100029F0E3FF40F60D3105F1280029F0E6FFF5
:10602000114BEB622A46114B42F8103F10487B603F
:1060300044F240012AF076F8B54699E72346224615
:106040001C46B3E72346FBE70A4AC4E7E01E0020EC
:10605000EADD00206C5F0020C0D80400BCE304002F
:10606000D1E3040026D90400010303050700000260
:10607000FCAE0400685F002010B5234BBFF35B8FBC
:106080001968BFF35B8F012903D0022906D00029CC
:1060900038D1BDE810401D482AF092B81C4C217838
:1060A00059B31C4A1368002B09DD013B17481360E4
:1060B00001212AF085F80023237064210CE0164B9F
:1060C000BFF35B8F00211B681048BFF35B8F136029
:1060D0002AF076F84FF47A7140F2E7304FF47A7292
:1060E000002300EBC1300021EAF7BAFFBDE8104001
:1060F00002460B46094823F09DBC04482AF060F88C
:106100000123D9E710BD00BF845E0020C0C3040096
:10611000EA1A0020805E0020885E0020C003002074
:106120002DE9F04F9DB01D4604AF1446002A00F043
:10613000568140F267620023AA4823F07BFCAA48FC
:1061400001212AF03DF8A94B1A78A2B10022A848F3
:106150001A7023F0D3FBA74A13680A2D03F1010339
:10616000136003D9FCF7A0FE824658B901206437BA
:10617000BD46BDE8F08F4FF4004200239E4823F057
:1061800059FCE8E79D4B07F1200203F1400C1D4646
:1061900018685968164603C6083363453246F7D176
:1061A00022796079A3783B61D10801F0020102F005
:1061B0000D020A43A1797A61090201F47061014379
:1061C0008F4894F803B029F057FFE1798046A07911
:1061D000090141EA10118B4829F04EFF617A81468E
:1061E0000902207A01F470610143874829F044FFD5
:1061F000A17A0646607A090141EA1011834829F024
:106200003BFF4FEA0811044689B20020FCF76EFEFE
:106210004FEA091189B20120FCF768FE310189B209
:106220000220FCF763FE210189B20320FCF75EFE29
:1062300095F803C03B697A69C9F30B09C4F30B04F1
:106240005FFA88F1F0B2C8F30328C6F3032648EAE0
:10625000091846EA04169C455FFA88F84FEA1919AE
:10626000F6B24FEA14140AD195F804C0DC4506D101
:1062700095F805A0BAEB020A18BF4FF0010A4FF0DB
:10628000090C87F820C087F823304FF0150C87F8E9
:106290002B403823594C87F8252087F82A6087F847
:1062A00022C087F824B087F8261087F8278087F85F
:1062B000289087F8290087F82C3007F1200207F191
:1062C0006006134603CBB342206061601A4604F1B6
:1062D0000804F6D14E4A1368013313604D4B012276
:1062E0001A7029F0BBFEBAF1000F3FF43FAF4A4BE2
:1062F000D3E90042041B61EB0202142C72F100028C
:10630000FFF634AFC3E9000140202A79E9786B79C0
:10631000CDE90150687800900B20FCF77FFE6B7A86
:106320007B61AB7A3B61EB7A95F803B095F804A0FA
:1063300095F8059095F80680EE792C7AFB6008F0C8
:106340004FFFC7F804D092B0B86004AD334905F1EF
:10635000140029F042FE324905F1180029F03DFEF3
:10636000594605F11C0029F041FE514605F1200077
:1063700029F03CFE494605F1240029F037FE41464C
:1063800005F1280029F032FE314605F12C0029F0F4
:106390002DFE214605F1300029F028FE796905F12E
:1063A000340029F023FE396905F1380029F01EFE7A
:1063B000F96805F13C0029F019FEB96805F14000C3
:1063C00029F014FE2A460D2342F8103F1548FB61C0
:1063D00046F6C00129F0A6FED7F804D0C6E610465E
:1063E000C5E600BFF0030020C8C3040080DE002023
:1063F00038060020745F0020900300203EDE00205D
:1064000030000100310001003300010035000100BF
:10641000605F00207FDE00207830002009E4040067
:106420005EE40400FCAE04002DE9F04F8FB004AF31
:106430000E46054630F041FB07F10801FEF732FA3F
:10644000E8468AB004AC5D4904F1140029F0C5FDAA
:106450005B49404629F0C1FD07F1080104F11C0029
:1064600029F0BBFD314604F1200029F0BFFD40F2C8
:1064700001332246A384534B42F8103F52487B60BD
:106480004FF4335129F04EFEC546FCF719FD28B1F3
:106490004E4A1368013313604D4B1E60284616F0B8
:1064A00093FA0446284616F08FFADFF82881002276
:1064B00018F800300092CDE9012231462246102022
:1064C000FCF7ACFD284616F07FFA18F80030022BD6
:1064D00004461FD15826DFF800A110FB06FB4643F7
:1064E0000BEB0A095AF806307BB10BF10401514459
:1064F00028461AF041FB0BF12001514428461AF0BE
:106500003BFB5AF8060030F040FA5822002148467A
:1065100034F02AF8002308F80430304D23B203EB9E
:10652000430305EB431528462FF012FC10B1284613
:106530002FF0DAFB3C702A4800220023394622F073
:10654000A7FE054668B36E468CB004AC254904F13D
:10655000140029F042FD1A4904F1180029F03DFD0C
:10656000214904F11C0029F038FD2946304629F064
:106570003DFD1E4904F1240029F02FFD40F6C31112
:1065800004F1280029F032FD194BE3622246194B31
:1065900042F8103F0C487B6044F2400129F0C2FDF4
:1065A000B546FCF705FD4FF400420023124823F0E6
:1065B00041FA2C37BD46BDE8F08F00BF80E40400EF
:1065C000833A050005000001FCAE0400345F0020A2
:1065D000285F002089DE002090300020F45F00203A
:1065E000AC1D0020C0D8040093E4040026D90400A8
:1065F000010303050700000290030020F0B583B0FB
:1066000000AF38601E4800220023394622F040FEC9
:10661000054670B36E468CB06C461A4904F11400FE
:1066200029F0DBFC184904F1180029F0D6FC1749C1
:1066300004F11C0029F0D1FC294604F1200029F0C6
:10664000D5FC134904F1240029F0C7FC40F6682169
:1066500004F1280029F0CAFC0E4BE36222460E4BDF
:1066600042F8103F0D487B6044F2400129F05AFD8A
:10667000B5460B4823F042F90C37BD46F0BD00BFCC
:10668000E01D0020C0D80400CEE40400DCE40400D7
:1066900026D904000103030507000002FCAE040034
:1066A00010060020F0B5274A274C83B0904200AF77
:1066B000218040D1002302E0603290423CD158B2A8
:1066C000A070214921480022002322F0E1FD054667
:1066D00070B36E468CB06C461D4904F1140029F06D
:1066E0007CFC1C4904F1180029F077FC1A4904F1DC
:1066F0001C0029F072FC294604F1200029F076FCE8
:10670000164904F1240029F068FC40F62A2104F11E
:10671000280029F06BFC124BE3622246114B42F831
:10672000103F11487B6044F2400129F0FBFCB54664
:106730000C37BD46F0BD00230133082BBCD1FDF75B
:1067400093FABDE7F45F002054D00020781D0020AC
:10675000C0D804000AE504001BE5040026D90400A3
:106760000103030507000002FCAE040073B5069E9A
:1067700005461C4611462AB9314602B0BDE87040B4
:10678000FFF790BF07481A46304433F0B2FE0023AB
:106790000022CDE9002304493219284611F000FCFB
:1067A00002B070BD57D000206D6701002DE9F04F99
:1067B00099B004AFB1F802A0C7F804D08AB091F83C
:1067C0000280D2F800B00546164699464FEA1A2ACA
:1067D00004AC6F4904F1140029F0FFFB04F1180028
:1067E0006C4929F0FAFB04F11C00414629F0FEFB3C
:1067F00004F12000514629F0F9FB04F12400594628
:1068000029F0F4FB22460623634C42F8103FFB605C
:1068100062484FF4435129F085FC2368D7F804D02F
:10682000AB4213D15E4B1B78072B0FD13368FF2B84
:10683000A8BFFF23DBB20293D9F800200192002207
:106840000092414652460320FCF7E8FBB8F1000FE6
:1068500000F085803368002B40F38180B8F1640F2D
:106860001AD1504B1B68AB4206D02368AB4271D1A2
:106870004B4B1B78072B12D101237B734A484FF0F7
:10688000FF324FF0FF3329F099FC484B4648002275
:106890001A7029F0A9FC18E023689D425AD140469D
:1068A00008F0BCFC68B13268D9F80010013A92B225
:1068B0000131404608F0AAFC00205437BD46BDE82F
:1068C000F08F2368AB4245D178733268D9F8001055
:1068D00087F80C80013AFA81013107F1100033F09A
:1068E00008FE33480022002307F10C0122F0D0FCFF
:1068F00005460028E0D06E468CB004AC2D4904F16A
:10690000140029F06AFB234904F1180029F065FB03
:10691000294904F11C0029F060FB2946304629F082
:1069200065FB264904F1240029F057FB40F6B72106
:1069300004F1280029F05AFB214BE3622246214B47
:1069400042F8103F1548BB6044F2400129F0EAFBD1
:10695000B546B1E7134B1B68AB42B6D18CE76D4629
:1069600088B004AC184904F1140029F036FB094939
:1069700004F1180029F031FB2246032342F8103FAE
:106980000648FB604FF4C25129F0CCFBAD4693E7BB
:1069900053E504007CE504008C5F0020FCAE04009D
:1069A000E5E60020885F0020905F002091DE002057
:1069B000481E0020C0D804008AE5040026D904003F
:1069C0000103030507000002B5E5040070B540F2BD
:1069D00067621C46054600232B480E4623F02AF822
:1069E0002A48012129F0ECFB002C4AD0284B1A78C8
:1069F0004AB1002227481A7022F080FF264B9D42A0
:106A00002DD1002209E04FF400420023234823F057
:106A100011F8F3E760339D4222D150B2204D0202BB
:106A200030462A802FF0CDF90130A87030462FF083
:106A3000C2F9AA78E8702146281D33F05AFD19489A
:106A400000220023294622F023FC78B1FCF738FA13
:106A500018B1154A136801331360012070BD00227C
:106A60000132082AD6D1FDF7FFF8D7E7FCF728FA5C
:106A70000028F2D00D4A136801331360FCF72AFA9C
:106A8000EBE72046EAE700BFF0030020C8C304009C
:106A900080DE002038060020F45F002090030020F4
:106AA00058D20020141E0020705F0020745F002068
:106AB000F0B591B00546FCF703FA0C4607460028EE
:106AC00053D0002900F0E280714B1B78072B05D1D1
:106AD000284611B0BDE8F040FFF734B82E78012EFB
:106AE0004AD0102E00F0CB80802E11D1012932D156
:106AF0003E2200210DF1020033F036FD81238DF896
:106B0000003000238DF801306846FDF70BFC2CE0C7
:106B1000822E2AD0012928D1042E1ED0052E27D05E
:106B20003E2200210DF1020033F01EFD012E0CBFAC
:106B3000584A8DF801604FF0810304BFD2F85B0022
:106B4000D2F85F108DF8003001BF6B4603C3B2F876
:106B500063201A80D8E76E78DEE74F4B01221A7067
:106B60004E4B00200021C3E90001384611B0F0BDB2
:106B7000494B00221A70F8E70929F6D9A81CFCF73E
:106B800001FE0A2CF1D0AE7A0B3C102EE4B231D0CB
:106B900009D8022E24D0042E27D0012E19D000238C
:106BA0001A4680211FE0212E63D0302EF7D1002C11
:106BB00063D0EB7A003B18BF0123374A1370374B81
:106BC00000200021C3E9000100231A468021302063
:106BD00003E0334A334681213046FDF7CDFCC4E75C
:106BE000304A0C2382213046F7E700231A468321DE
:106BF0000420F2E73022FF21684633F0B5FC042C74
:106C000003D830236A469021EDE7D5F80B30EC7BB2
:106C1000009346F23D0293428DF8044011D1122CAC
:106C20002149224628BF12220DF1050033F061FCF4
:106C3000631DDBB2302B28BF30236A469021102021
:106C4000CBE746F250029342E9D046F286029342E5
:106C500005D1032C2246154928BF0322E4E746F25A
:106C600089029342E4D1032C2246114928BF032212
:106C7000DAE7104A0823A021B5E73B469DE709293A
:106C80007FF673AFA81CFCF77DFD6EE70F466CE73F
:106C9000E5E60020A8C004007FDE00208830002048
:106CA00063EE040057EE04006AEE040067EE040091
:106CB00064EE04004FEE0400F0B546484649464EE7
:106CC00087B004AF00683B46412231F0C6FF04465E
:106CD000002836D1414B1B78072B16D13868354632
:106CE000012815F803195DD902282A795ED00328F6
:106CF0006B7900D0AC790094FF2828BFFF20C0B288
:106D0000CDE901600520FCF789F9FCF7D9F80028E6
:106D10004ED133494FF6FF730B803B688B7031487F
:106D20000022002322F0B4FA00284CD1FCF7C8F866
:106D3000002834D02C4A136801331360FCF7CAF8DA
:106D40002DE06E468CB004AD284905F1140029F001
:106D500044F9274905F1180029F03FF9254905F1C3
:106D60001C0029F03AF92146304629F03FF9224922
:106D700005F1240029F031F940F6E62105F128005B
:106D800029F034F91D4BEB622A461D4B42F8103FA7
:106D90001C487B6044F2400129F0C4F9B5460C3729
:106DA000BD46F0BD234622461C46A4E72346FBE72A
:106DB00039780948FFF77CFE0028AAD00A4A1368F0
:106DC00001331360EBE7FCF77BF80028E7D00E4AAD
:106DD000F5E700BF8C5F002013D00020E5E600201F
:106DE00010D00020141E00206C5F0020C0D80400CA
:106DF000C7E50400D9E5040026D904000103030512
:106E000007000002FCAE0400685F00202DE9F04F8F
:106E10009F4B99B01B780E78072B00AF05460C46A8
:106E200040F0D980002840F0A680002A64D0092EC6
:106E30005ED1984C402A28BF4022204633F059FBAF
:106E4000954A13786370591C944B11701B7813F09A
:106E5000200F0CBF30233823237329F0FFF8904B09
:106E6000C3E900018F482B460068402221461CF0F0
:106E7000D7FE0646002800F00E83E8468CB06C462C
:106E8000894904F1140029F0A8F8884904F1180090
:106E900029F0A3F8864904F11C0029F09EF8314638
:106EA00004F1200029F0A2F8824904F1240029F01D
:106EB00094F840F6763104F1280029F097F87E4BDB
:106EC000E36222467D4B7E4842F8103F3B6244F22B
:106ED000400129F027F92846C546FCF7C7FB794A47
:106EE00013680133136000206437BD46BDE8F08F9E
:106EF000FBF7E6FF00287BD116B9013A0134D2B284
:106F000068482146006800231CF08AFE044670B3DE
:106F10006E468CB06D46644905F1140029F05DF8A9
:106F2000624905F1180029F058F8674905F11C007D
:106F300029F053F8214605F1200029F057F85D4962
:106F400005F1240029F049F840F6953105F12800B3
:106F500029F04CF8584BEB622A46584B3B62584894
:106F600042F8103F44F2400129F0DCF8B546B4FA8B
:106F700084F04009B8E7FBF7A3FF16B9013A0134E2
:106F8000D2B2012DAFD151482146006800231CF038
:106F900047FE04460028EAD06E468CB06D46424952
:106FA00005F1140029F019F8404905F1180029F0FD
:106FB00014F8474905F11C0029F00FF8214605F1A6
:106FC000200029F013F83B4905F1240029F005F8C9
:106FD00040F69831BAE7FBF773FF28B9002E00F0AE
:106FE0006482002DCDD18BE7002DC6D1002A83D03D
:106FF000302E81D10B2A6DD8274A264C1378637026
:10700000591C117029F02AF8254B214EC3E90001C3
:10701000244800230068402221461CF001FE05465A
:10702000002800F03582E8468CB06C461E4904F119
:10703000140028F0D2FF1D4904F1180028F0CDFFFC
:107040001B4904F11C0028F0C8FF294604F1200068
:1070500028F0CCFF174904F1240028F0BEFF40F6C9
:10706000843104F1280028F0C1FF134BE36222466B
:10707000124B42F8103F3B62114844F2400129F0A4
:1070800051F83378072BC5467FF429AF002024E759
:10709000E5E600203EDE00207EDE0020EB1A002028
:1070A000883000208C5F0020C0D8040015E6040062
:1070B00024E6040026D904000103030507000002AA
:1070C000FCAE0400585F0020FDE60400885F00204D
:1070D00033E704002A4A07F1200502F1400C9246EA
:1070E000106851682E4603C6083262453546F7D10E
:1070F000617801F001020D0748BF42F002028807E3
:1071000048BF42F004024B0748BF42F008028E0617
:1071100048BF42F04002C809A07800F0010B4BF0D4
:10712000800B18BF42F08002850748BF4BF0020B6E
:10713000030748BF4BF0040B460748BF4BF0080B52
:10714000C50648BF4BF0100B8006C1F3001848BFBE
:107150004BF0200B4906E17A4FEA881848BF48F007
:1071600080080B0716D401F00F01C81E022809D8A9
:10717000032948F0010840F0818148F0040809E043
:107180003EDE0020072900F07081002940F0688170
:1071900048F00208B4F80310C6487A6128F08CFF62
:1071A000FF2806469CBF00EB0026B6B2A6F5FE41BE
:1071B00089B2B1F5007F7A69B4F80510BE487A61EA
:1071C00098BF4FF4004628F077FFFF289CBF00EBE4
:1071D000002080B26FEA0009C0F50040FF3080B2A5
:1071E000B0F5007F7A69B4F80710B4487A611FFAE5
:1071F00089F998BF4FF4004928F05EFFFF28054643
:107200009CBF00EB0025ADB2A5F5FE4189B2B1F5FA
:10721000007F7A69B4F80910A9487A6198BF4FF4E1
:10722000004528F049FFFF289CBF00EB002080B2FA
:10723000C443C0F50040FF3080B2B0F5007F7A69EA
:107240007A6131464FF00000A4B298BF4FF4004479
:10725000FBF74CFE49460120FBF748FE2946022079
:10726000FBF744FE21460320FBF740FEB6F5604FD6
:1072700028BF4FF46046B6B2B6F5005F38BF4FF492
:107280000056B9F5604F28BF4FF46049B9F5005F6B
:1072900038BF4FF40059B5F5604F28BF4FF4604533
:1072A000ADB2B5F5005F38BF4FF40055B1F5604F92
:1072B00028BF4FF46041B1F5005F38BF4FF4005173
:1072C00009F0F004C6F3071044EA163401F0F006A2
:1072D0007A69C5F3071C46EA15359AF803609642A9
:1072E0004FEA19294FEA112140F0D0809AF8046042
:1072F0005E4540F0CB809AF80560B6EB080618BFF3
:1073000001264FF0300E87F820E087F823204FF059
:10731000910E87F827400C226A4C87F82A5087F88C
:1073200022E087F824B087F8258087F8260087F8C0
:10733000289087F829C087F82B1087F82C2007F1B0
:10734000200307F160051A4603CAAA422060616063
:10735000134604F10804F6D15B490A6801320A6059
:1073600028F07CFE002E3FF447AE584AD2E9005484
:10737000451B61EB0404142D74F10004FFF63CAED0
:107380009AF804307B619AF809303B619AF80A3028
:10739000FB609AF80B309AF803B09AF805909AF8C7
:1073A00006809AF807609AF80850C2E900019A46E8
:1073B00007F016FF7860464BC7F800D05B6ABB60E9
:1073C00092B06C46434904F1140028F006FE42498D
:1073D00004F1180028F001FE594604F11C0028F0C1
:1073E00005FE796904F1200028F000FE494604F109
:1073F000240028F0FBFD414604F1280028F0F6FDAA
:10740000314604F12C0028F0F1FD294604F130004A
:1074100028F0ECFD396904F1340028F0E7FDF96843
:1074200004F1380028F0E2FD514604F13C0028F058
:10743000DDFD796804F1400028F0D8FDB96804F159
:10744000440028F0DCFD22460E2342F8103F23487A
:10745000FB6147F2C00128F065FED7F800D0CBE50C
:10746000012907D148F0020887E648F0020848F0F1
:1074700008088FE601390229F9D87EE604294FF081
:10748000FF3118BF00210029F1D083E6012638E73B
:107490003378072B02D10120FCF7E8F8104B104A93
:1074A0001B680133136001201EE5013A0134D2B29A
:1074B00097E500BF300001003100010032000100FB
:1074C000350001003EDE0020605F002078300020A3
:1074D000141E002081E60400E1E60400FCAE040076
:1074E0005C5F00202DE9F04FDFF85881DFF85891FC
:1074F00089B002AF554800220023391D21F01EFF3C
:1075000018B11C37BD46BDE8F08F6D4688B002AC9F
:10751000414604F1140028F060FD4D49284628F04A
:107520005CFD2246032342F8103F4A48FB604FF4BB
:10753000C65128F0F7FDAD46FBF7C2FC18B1464A2C
:107540001368013313600024C7E9034478683C756D
:107550002EF006FC2FF0B1FA03460068F8609A8816
:107560009B793E49BB743A82204607F10C021BF01E
:1075700045FD7868DFF8E8A02EF0F2FB15F024FA5C
:10758000012200023B7D114600F47F4009F0E2FB3E
:10759000214678682EF0E6FB0446C0B9002200239D
:1075A00078683049CDE90023224610F0F9FCFBF75A
:1075B00087FC00289ED0786840226021FCF7B0F854
:1075C0004FF400520023284822F034FA92E72EF0BC
:1075D000F5FB0128DCD178685246214610F088FC82
:1075E00006460028D4D0EB468CB002AD1F4905F109
:1075F000140028F0F2FC164905F1180028F0EDFC03
:107600001B4905F11C0028F0E8FC314605F120007B
:1076100028F0ECFC174905F1240028F0DEFC40F6C8
:107620005721584628F0E2FC2A46134BC5F82C9007
:10763000084842F8103FBB6044F2400128F072FD58
:10764000DD46A5E769E7040001030305E01D00200E
:1076500078E70400FCAE0400305F0020ED01040078
:10766000CD6901006D67010020040020C0D804002E
:107670008BE7040026D90400070000022DE9F04F33
:1076800099B004AF04461546FBF70EFC002800F045
:107690001281236807F130011868FDF703F945BB33
:1076A0006E468AB004ACB34904F1140028F095FC8E
:1076B000B149304628F091FC07F1300104F11C007B
:1076C00028F08BFC294604F1200028F08FFC40F2C2
:1076D00001332246A384A94B42F8103FA8487B629D
:1076E0004FF4335128F01EFDB5465437BD46BDE872
:1076F000F08F4FF00008C7E90988A249A068A7F8F1
:107700002C8007F1240213F03FFD97F82430002B62
:10771000C6D0C7E909889B49A068A7F82C8007F163
:10772000240213F031FD236897F825A093F807B0E1
:1077300097F826307B6197F827303B6197F829301E
:10774000FB6097F82A30BB6097F82B307B60E946E6
:1077500097F82C3097F828603B6092B004AD8A49C6
:1077600005F1140028F039FC05F11800824928F0D1
:1077700034FC05F11C0007F1300128F02EFC05F166
:107780002000594628F032FC05F12400514628F02B
:107790002DFC05F12800796928F028FC05F12C0062
:1077A000396928F023FC314605F1300028F01EFC31
:1077B00005F13400F968754E28F018FCB9684846A0
:1077C00028F014FC05F13C00796828F00FFC05F165
:1077D0004000396828F00AFC2A4640F20133A5F837
:1077E00044306B4B42F8103F65483B6246F6C0415F
:1077F00028F098FCCD4697F82D20236807F1250145
:10780000DB790292CDE90021012211461320FBF71A
:1078100005FCFDF75FFB23681A685E4B1168196071
:107820009188998092799A7120685B4A5B490068D7
:107830000123337007F11C0315F070FA054618B9DF
:10784000F8692FF0A2F850E78CB004AC544904F169
:10785000140028F0C2FB04F11800474928F0BDFBD2
:1078600004F11C004F4928F0B8FB294604F1200020
:1078700028F0BCFB04F124004B4928F0AEFB04F1D6
:10788000280040F2C17128F0B1FB2246474BE36269
:10789000474B42F8103F3B62394844F2400128F020
:1078A00041FC4FF40042CD460023424886F8008058
:1078B00022F0C0F819E791F820301BB191F8283078
:1078C000012B1FD06D468AB004AC3B4904F1140073
:1078D00028F083FB2849284628F07FFB264904F13D
:1078E0001C0028F07AFB40F2013322462384334BFC
:1078F00042F8103F3B634FF41251214828F012FC2C
:10790000AD46F2E623682E4E186807F13001FCF709
:10791000C9FF2C4B002D18BF1E466D468CB004AC21
:10792000294904F1140028F058FB134904F1180008
:1079300028F053FB104904F11C0028F04EFB07F11E
:107940003001284628F049FB204B7B6240F203536C
:107950003B85314604F1240028F03FFBD7E90901BB
:1079600022461B4BA185A0623B6242F8103F4FF4B8
:107970007351C2E7C8E7040007E8040005000001EE
:10798000FCAE04001100040019E8040081DE0020B0
:107990000D00000182DE0020801A0020F462002029
:1079A000C0D80400C9DF040026D904000103030580
:1079B000070000029003002073E8040004000001A7
:1079C000C5E70400C1E7040093E8040001030204D2
:1079D00006000003014821F0F3BD00BFF81E00209F
:1079E000014821F0EDBD00BF101F0020F0B587B0A9
:1079F0006E4604AF88B0044604AD2C4905F114006E
:107A000028F0EBFA05F11800294928F0E6FA2A4691
:107A1000032342F8103F27487B604FF4C65128F0FB
:107A200081FB2549637822780978B5460820CDE99D
:107A30000140A07800900E20FBF7F0FA1F484FF4A9
:107A4000006221460EF07EFC054660B38CB004ACAB
:107A50001B4904F1140028F0C0FA154904F118007C
:107A600028F0BBFA174904F11C0028F0B6FA2946A1
:107A7000304628F0BBFA144904F1240028F0ADFA8E
:107A800040F6564104F1280028F0B0FA0F4BE362AB
:107A900022460F4B42F8103F06487B6044F24001FB
:107AA00028F040FBB5460C37BD46F0BDACD904000C
:107AB000B6E80400FCAE0400E5E60020C8E80400D7
:107AC000C0D80400D8E8040026D904000103030547
:107AD00007000002042830B40B4602D830BCFBF784
:107AE00027BB0538042812D80C4A1C2101FB0022B0
:107AF00002F11805144603CCAC42186059602246C6
:107B000003F10803F6D12068186030BC704730BC20
:107B10001C220021184632F027BD00BF8C5E0020D9
:107B2000034610B414461C22534340F20B529342B6
:107B3000084603D90023237010BC7047C3F5A16227
:107B400004321C2A034928BF1C22227010BC19448D
:107B500032F0CFBC800C002070B50E4615460446AE
:107B600078B9FBF7CFFBC4F5816204321C2A0949BE
:107B700028BF1C222A7021443046BDE8704032F0F4
:107B8000B8BC1C235C4340F20B439C42EBD900235E
:107B9000137070BD74080020034610B414461C22F4
:107BA0005343B3F5037F084603D30023237010BC6F
:107BB0007047C3F503721C2A034928BF1C22227098
:107BC00010BC194432F095BC68060020044B0548EF
:107BD00000221A704FF40042002321F02BBF00BF97
:107BE000EC1A002090030020014821F087BE00BF5E
:107BF0002806002037B505698368134C5B6801A926
:107C0000984728B128F02AFAC4E9000103B030BD32
:107C10002A68019B53401B05F4D428F01FFAD4E9CD
:107C20000032C01A40F6B93361EB0201984271F19B
:107C3000000104DB03B0BDE83040FFF7D5BF03B05F
:107C4000BDE83040FFF7C2BFF82F002038B5074D20
:107C500000242846013431F0BEFD042C05F1140542
:107C6000F7D10348BDE8384031F0B5BDA45F00202E
:107C7000905F00200549C0B200EB80004FF0FF325A
:107C80004FF0FF3301EB800028F098BAA45F00208A
:107C9000034BC0B200EB800003EB800028F0A4BAD5
:107CA000A45F00202DE9F04FADF5457D6E4604AF91
:107CB00088B004AC4D4904F1140028F08EF904F1A9
:107CC00018004B4928F089F92246032342F8103F57
:107CD0004848C7F8FC304FF4C65128F023FAB5469F
:107CE000FFF7B4FF444D284631F06AFC08BB2B680F
:107CF0007B668AB004AC414904F1140028F06DF9A8
:107D00003F49304628F069F9796E04F11C0028F0EB
:107D100064F940F20133224623843A4B42F8103F83
:107D2000C7F8FC304FF41151324828F0FBF9B54642
:107D300085E03549354828F00DF9804650BBAC68E0
:107D40004FF0C063D4F818C04FF0A0720B21284642
:107D5000E0478046002867D08CB004AC2C4904F181
:107D6000140028F03AF9264904F1180028F035F9F2
:107D7000284904F11C0028F030F9414604F12000A4
:107D800028F034F9244904F1240028F026F940F6BB
:107D9000A7311CE08CB004AC1D4904F1140028F09C
:107DA0001CF9174904F1180028F017F91B4904F1D0
:107DB0001C0028F012F9414604F1200028F016F9C1
:107DC000154904F1240028F008F940F6A33104F124
:107DD000280028F00BF9124BE3622246114BC7F83A
:107DE000FC3044F2400142F8103F9DE71CE90400DA
:107DF00037E90400FCAE040000AB04003CE90400D9
:107E00005EE904000400000111000100D0C3040079
:107E1000C0D80400B6E9040026D904006AE90400C9
:107E20000103030507000002B749B84B4B604FF44C
:107E300000638B60E36913B1012228469847B44878
:107E400031F0BEFB002800F01981B2484FF4003138
:107E500028F080F8064670B3E8468CB004ACAE4912
:107E600004F1140028F0B9F8AC4904F1180028F026
:107E7000B4F8AB4904F11C0028F0AFF83146404695
:107E800028F0B4F8A74904F1240028F0A6F840F639
:107E9000B13104F1280028F0A9F8A34BE36222468F
:107EA000A24B42F8103FA248C7F8FC3044F2400110
:107EB00028F038F9C5469748002128F081F9944800
:107EC00031F07EFB002800F0FC809A484FF400312E
:107ED00028F040F8054670B36E468CB004AC8E496D
:107EE00004F1140028F079F88C4904F1180028F006
:107EF00074F8914904F11C0028F06FF829463046C7
:107F000028F074F8874904F1240028F066F840F658
:107F1000B83104F1280028F069F8834BE362224667
:107F2000824B42F8103F8248C7F8FC3044F24001CF
:107F300028F0F8F8B5467F48002128F041F90EF006
:107F4000ABFB054670B36E468CB004AC724904F1CD
:107F5000140028F042F8794904F1180028F03DF89F
:107F6000774904F11C0028F038F82946304628F0FB
:107F70003DF86C4904F1240028F02FF840F6D44174
:107F800004F1280028F032F8674BE3622246674B81
:107F900042F8103F6648C7F8FC3044F2400128F030
:107FA000C1F8B54667480EF05DFA054670B36E46F7
:107FB0008CB004AC584904F1140028F00EF85F4965
:107FC00004F1180028F009F85F4904F11C0028F0BA
:107FD00004F82946304628F009F8524904F12400F3
:107FE00027F0FBFF40F6D54104F1280027F0FEFF03
:107FF0004D4BE36222464D4B42F8103F4C48C7F8C8
:10800000FC3044F2400128F08DF8B5464F4D504EFB
:1080100000242846314601342DF051FE082C05F18C
:108020006005F6D14B4815F0A9F80546002840F048
:108030009F80494815F0BCF80546002800F0D7831A
:108040006E468CB004AC344904F1140027F0C5FF2F
:10805000424904F1180027F0C0FF414904F11C0017
:1080600027F0BBFF2946304627F0C0FF2D4904F119
:10807000240027F0B2FF40F6FE3196E02B687B66C5
:108080006E468AB004AC374904F1140027F0A5FF0E
:108090002249304627F0A1FF796E04F11C0027F039
:1080A0009CFF40F20133224623842F4B42F8103FBD
:1080B0001F48C7F8FC304FF4115128F033F8B5468B
:1080C000FDE62B687B666D468AB004AC274904F157
:1080D000140027F082FF1149284627F07EFF796EB1
:1080E00004F11C0027F079FF40F20133224623847B
:1080F0001D4B42F8103F0E48C7F8FC304FF41151A9
:1081000028F010F8AD461AE7785F0020F57B0100F3
:1081100000AB0400C8C30400C0D80400F3E90400A5
:10812000FDE9040026D9040001030305070000024D
:10813000FCAE0400C0C3040047EA040037E90400B1
:1081400091EA0400C0050020A8EA0400F45F0020C2
:1081500018C20400F8050020E8050020D2EA040057
:1081600009EB040027EA04000400000171EA04009E
:108170006E468CB004ACB14904F1140027F02DFF19
:10818000AF4904F1180027F028FFAE4904F11C00A4
:1081900027F023FF2946304627F028FFAA4904F19B
:1081A000240027F01AFF40F6FA3104F1280027F0E6
:1081B0001DFFA64BE3622246A54BC7F8FC30A5483D
:1081C00042F8103F44F2400127F0ACFFB546A24E02
:1081D000A24D2DF0F5FA3278D41F634263412B7023
:1081E0009F4BA04C02EB021103EB81012160442163
:1081F00001FB0233988970B1D98961B19A4B072A82
:108200001881598107D1EF2201211A7102225A7176
:10821000997119735A73FAF753FE08B1FCF728F8ED
:1082200031782B78C81F0022CDE90122009242420A
:1082300042410120FAF7F2FE8C488D4D20F058FDA6
:108240002860002840F0F7826D4688B004AC894968
:1082500004F1140027F0C1FE874904F1180027F04B
:10826000BCFE22460323C7F8FC307A4842F8103F90
:108270004FF4C25127F056FFAD4600240123C7E951
:108280003F4487F800317D4BC7F8043107F1FC000B
:108290000FF032F97A480EF02DFF08F0A5FE09F034
:1082A0006FFF78484FF40042002321F0C3FBA34640
:1082B000254655BBFAF704FE734E002814BF05246B
:1082C00000240022002307F1B801304621F036F8DF
:1082D000E0B9B7F8B82097F8BA104FF6FF739A4292
:1082E00004D107F1BB00FEF7E3FB40B9B7F8B820B3
:1082F00097F8BA10002307F1BB0006F065FF013CB8
:10830000E4B2FF2C4FF00105DBD101255F4BBFF339
:108310005B8F53E8002F22F0010143E80010002892
:10832000F7D1BFF35B8FD30740F1A981012007F09C
:1083300017FEFAF7C5FD002800F08F8127F08EFEAA
:10834000534BD3E9002352EA030408D0821A61EBAD
:108350000303B2F57A7F73F10003C0F27E814C4BC8
:10836000DFF83081C3E9000198F800A0464B5B6A52
:108370007B66494B1B683B66484B494E5B6AFB6515
:10838000484B494D1B68BB6506F02AFF786006F034
:108390002DFF33683B65454B454A1B68FB64454BE5
:1083A00078651B68BB64444B1B687B64434B1B684C
:1083B0003B642B68FB631368414ABB631368414A03
:1083C0007B631368404A3B631368404AFB6213684F
:1083D0003F4ABB6213683F4A7B6213683E4A3B6276
:1083E00013683E4AFB6113683D4ABB6113683D4A0E
:1083F0007B6113683C4A3B61D378FB60C7F800D0CF
:10840000137992F80590BB60A2B004AC374904F12F
:10841000140027F0E2FD364904F1180027F0DDFDD5
:10842000514604F11C0027F0E1FD796E04F12000B3
:1084300027F0E5FD396E04F124005BE0C0D80400AC
:10844000D2EA0400DAEA040026D904000103030595
:1084500007000002FCAE0400E5E6002033DE002049
:10846000E0C30400186300209C20002052EB0400AD
:108470008C5F002058EB040079EB0400801A002088
:108480002006002090030020141E0020845F00209E
:10849000803000207FDE0020405F00207C1E002016
:1084A000745F00203C5F0020605F0020705F002050
:1084B0005C5F00206C5F0020685F0020645F00202C
:1084C000585F0020545F0020505F00204C5F002068
:1084D000485F0020445F0020245F0020205F0020D0
:1084E0001C5F0020185F00203EDE0020EDEB040042
:1084F000F5EC040027F083FDF96D04F1280027F066
:108500007EFDB96D04F12C0027F079FD796804F146
:10851000300027F06BFD796D04F1340027F06FFD1A
:10852000396D04F1380027F06AFDF96C04F13C0064
:1085300027F065FDB96C04F1400027F060FD796C0F
:1085400004F1440027F05BFD396C04F1480027F08A
:1085500056FDF96B04F14C0027F051FDB96B04F1A5
:10856000500027F04CFD796B04F1540027F047FDD3
:10857000396B04F1580027F042FDF96A04F15C0000
:1085800027F03DFDB96A04F1600027F038FD796AF3
:1085900004F1640027F033FD396A04F1680027F024
:1085A0002EFDF96904F16C0027F029FDB96904F189
:1085B000700027F024FD796904F1740027F01FFD95
:1085C000396904F1780027F01AFDF96804F17C009C
:1085D00027F00CFDB96804F1800027F007FD49463B
:1085E00004F1840027F002FD22461E2142F8101FEC
:1085F00039679A484FF2C00127F094FDD7F800D0B0
:10860000FAF75EFC48B398F8002032B3326812B92A
:108610002B68022B21D9924C27F020FDD4E90023AE
:1086200052EA030507D0821A61EB0303B2F5FA6F31
:1086300073F1000311DB8B4DC4E9000100242946CE
:1086400020460134FAF774FD052C05F11C05F6D11E
:10865000844985488C220DF075FE844B1B7813B13C
:108660000020FBF733F8824B1A783AB100221A70D7
:10867000804981484FF403720DF064FE00257F4865
:108680000022002320F0C2FF00283ED17C4806F0E3
:1086900007FD002839D1FAF713FC002800F0FC810F
:1086A000784B1B78002B00F0F781774C27F0D6FC35
:1086B000D4E900230E4652EA030107D0821A66EB82
:1086C0000303082A73F10003C0F2E6816F4ADFF862
:1086D000C0911378591CC4E9000611706D486E49A9
:1086E00000684B70402200231BF09AFA06460028CF
:1086F00040F0998199F80030072B02D10120FAF758
:10870000B5FF664A136801331360654800220023F1
:1087100020F07CFF002840F0F081FAF7D1FB0446FE
:10872000002860D007F1700600235E480022314621
:1087300020F004FE0346002855D1DFF8548198F854
:108740000020072A31464FF0400240F0A9818320E3
:108750000DF04CF98246002800F0C681E9468CB045
:1087600004AC514904F1140027F037FC4F4904F1DF
:10877000180027F032FC4E4904F11C0027F02DFCB4
:108780005146484627F032FC4A4904F1240027F0BC
:1087900024FC40F23D6104F1280027F027FC464B01
:1087A000E3622246454BFB662C4842F8103F44F2F8
:1087B000400127F0B7FC98F80030072BCD460ED1CA
:1087C00000244022B3783178CDE90162F27800923A
:1087D00008202246FAF722FC002C40F08A81384A11
:1087E0001368013313602E4820F0EAFE85E112F091
:1087F0001BFC054600283FF4EAAC6E468CB004AC86
:10880000294904F1140027F0E8FB2E4904F118006F
:1088100027F0E3FB2C4904F11C0027F0DEFB29467E
:10882000304627F0E3FB234904F1240027F0D5FB71
:1088300040F60241B9E42168244BD1E901121BF052
:10884000D9F92348234E20F053FA3060002845D14F
:108850006D4688B004AC2049FAE400BFFCAE0400C9
:10886000683000208C5E00200AED040034DE002019
:1088700035DE00206806002023ED0400F81E0020ED
:108880000D6E01007FDE0020883000207EDE00209B
:10889000E5E600208C5F00203EDE0020545F0020D3
:1088A000E01E00207C1E0020C0D8040060ED040003
:1088B00079ED040026D90400010303050700000236
:1088C000485F0020D2EA040042EB040000C204002A
:1088D00082EB0400885F002088EB0400B54AB64BA9
:1088E0001268B6491BF086F9286830F0ACF90546E5
:1088F00070B3E8468CB004ACB14904F1140027F021
:108900006CFBB04904F1180027F067FBAE4904F195
:108910001C0027F062FB2946404627F067FBAB4965
:1089200004F1240027F059FB40F6EE3104F1280051
:1089300027F05CFBA64BE3622246A64B42F8103FB1
:10894000A548C7F8FC3044F2400127F0EBFBC546D0
:10895000306830F078F9054670B36E468CB004ACE0
:10896000974904F1140027F038FB964904F11800E8
:1089700027F033FB994904F11C0027F02EFB294610
:10898000304627F033FB914904F1240027F025FB02
:108990004FF43F6104F1280027F028FB8C4BE36281
:1089A00022468C4B42F8103F8B48C7F8FC3044F20B
:1089B000400127F0B7FBB54689480DF02DF9054673
:1089C00000283FF45AAC6E468CB004AC7C4904F1EC
:1089D000140027F002FB7B4904F1180027F0FDFA90
:1089E000804904F11C0027F0F8FA2946304627F0A8
:1089F000FDFA764904F1240027F0EFFA40F6F2314F
:108A000004F1280027F0F2FA714BE3622246714B21
:108A100042F8103F7048C7F8FC3044F2400127F09C
:108A200081FBB54629E4E8468CB004AC644904F106
:108A3000140027F0D2FA6C4904F1180027F0CDFA9F
:108A40006A4904F11C0027F0C8FA3146404627F075
:108A5000CDFA5E4904F1240027F0BFFA40F25B61D1
:108A600004F1280027F0C2FA594BE3622246594B21
:108A700042F8103F3B67584844F2400127F052FB50
:108A800099F80030072BC54602D10020FAF7EEFD19
:108A9000574A136801331360564820F091FD34E6BD
:108AA000554800681BF0BCF88246E8B1E9468CB036
:108AB00004AC434904F1140027F08FFA4F4904F144
:108AC000180027F08AFA4E4904F11C0027F085FAB5
:108AD0005146484627F08AFA3C4904F1240027F021
:108AE0007CFA40F23F6156E698F80030072B3FF4DD
:108AF00068AE444A136801331360434800220023E0
:108B000020F084FD30B9414806F010FB10B93E4812
:108B100020F056FD3E4C3F4800220023214620F025
:108B20000DFC002840F084806378E3B966882378E0
:108B300087F870303246211D07F1710031F0D9FC01
:108B4000FAF7BEF918B1344A136801331360711C87
:108B5000C9B207F17000FDF7ABFF20B962882F4959
:108B6000207806F053FB6378012B61D162882B4992
:108B7000207802F037F82A494022642000F064FB94
:108B8000002858D04FF0FF324FF0FF33254827F030
:108B900015FB254B01221A70214B244A03F1400199
:108BA00053F8040B42F8040B8B42F9D11D4827F00F
:108BB0001BFB40E0DCC30400E8C1040083EF0400B9
:108BC000C0D8040079EB0400A9EB040026D9040006
:108BD0000103030507000002FCAE0400C0EB040023
:108BE00049480100D7EB040040ED040024E60400EE
:108BF000505F0020F81E00208C5F002060ED040014
:108C0000BBED04004C5F0020101F00200D6E010022
:108C1000CCCF0020481E0020645F0020D0CF002071
:108C2000AAD50020905F002091DE002092DE002077
:108C3000BBF1000F9FD14E4EDFF83881DFF838913D
:108C40000022002307F16801304620F077FB00285E
:108C50005BD04A4C0022002307F1FC01204620F0A3
:108C60006DFB002875D0464A13781BB100231370A2
:108C7000444A1370444C23781BB109F081FA002355
:108C80002370424C23781BB108F0BCFE00232370F4
:108C9000DFF8FC9099F8003003F0FF0B7BB327F06E
:108CA000DDF98A46064600F0AFF93A4B187027F016
:108CB000D5F9E846861B8AB061EB0A0A04AC36494E
:108CC00004F1140027F089F92B49404627F085F973
:108CD00007F17001022204F12000C7E91C6A27F0A5
:108CE0004EF9224606230B6042F8103F2B484FF402
:108CF000435127F017FA0023C54689F800300021B8
:108D0000012021F065F9FFF7D4BAEA4688B097F858
:108D100068B004AC414604F1140027F05EF94946FE
:108D200004F1180027F059F9594604F11C0027F006
:108D30005DF92246042342F8103F18483B674FF480
:108D4000035127F0EFF9D54697F8680007F068FF60
:108D500076E7B7F8FC30019097F8FE200121120267
:108D60000092084607F1FF0202F02AFC72E700BFFA
:108D7000AC1D0020F8ED040037E90400781D002048
:108D8000E7E60020E8E60020E6E60020E9E600202D
:108D9000EAE60020DAE6002025EE0400FCAE04003E
:108DA000074A084B116810B519609188927999802B
:108DB0009A71054B054C0FCB84E80F0010BD00BF26
:108DC00050130500D2DE0020D8C10400F462002058
:108DD00008B578B1084A904206D9B0F1113F01D9DF
:108DE00031F0FEFA31F0F9FABDE80840C0EB0010AE
:108DF00031F023BA08BD00BF8888880808B503464B
:108E000078B1084A904206D9074A904201D931F018
:108E1000E7FA31F0E2FA0C205843BDE8084031F09F
:108E20000CBA08BDAAAAAA0A5555551508B5034695
:108E300078B1084A904206D9074A904201D931F0E8
:108E4000CFFA31F0CAFA0C205843BDE8084031F09F
:108E5000F4B908BDAAAAAA0A5555551510B512238A
:108E60000370284B28491A78284B1B781B0143EACA
:108E70004213274A127843EA82134370254B1B782A
:108E80008370254B1B68C0F80330244B1B68C0F867
:108E9000123004464FF47A72D1E900010023E8F75A
:108EA000DFF81F4AA075D2E900239B1A1D4A5343DD
:108EB0001D4AA4F80730D2E900239B1A1B4ADB1095
:108EC000C4F80930D2E900239B1ADB10C4F80D3036
:108ED000174B1B786374174B1B78E375164B1B7885
:108EE00023760320FEF7C6FE144AD2E900239B1A1C
:108EF000134A5343A4F81930BDE810400320FEF78D
:108F0000C7BE00BFE2E6002050040020E4E60020D7
:108F1000ED1A0020EE1A0020901500208C1500207C
:108F2000FC640020EFEEEEEE1465002008650020E2
:108F3000EBE60020E5E60020E3E600200C630020DD
:108F4000C54EECC410B512230370214B21491A7889
:108F5000214B1B781B0143EA4213204A127843EA53
:108F6000821343701E4B1B7883701E4B1B68C0F826
:108F700003301D4B1B68C0F80A3004464FF47A7268
:108F8000D1E900010023E8F76BF8184AA073D2E991
:108F900000239B1A164A5343A4F80730154B1B783D
:108FA0006372154B1B78E373144B1B7823740320F7
:108FB000FEF760FE124AD2E900239B1A114A53437E
:108FC000A4F81130BDE810400320FEF761BE00BFD9
:108FD000E2E6002050040020E4E60020ED1A002024
:108FE000EE1A0020901500208C150020FC64002053
:108FF000EFEEEEEEEBE60020E5E60020E3E60020F3
:109000000C630020C54EECC42DE9F84F854EDFF807
:10901000189200214FF40062304631F0A5FA304634
:10902000FFF790FFB6F807400120C4EB0414FEF7E9
:1090300021FE13344B460021D3E90025013495422B
:1090400040F098800131202903F10C03F4D1012074
:10905000764FFEF71DFE0220FEF70CFE3B46002178
:10906000D3E900200234824240F08B80013108298C
:1090700003F10C03F4D10220DFF8B481FEF708FEFF
:109080000320FEF7F7FDD8E90035ED1A254403204B
:109090000435FEF7FDFDB5F5006F79DC654B6148E1
:1090A000D3F800C00022B6F80740944200F10F0048
:1090B00074D8C4EB041401201334FEF7DBFD3444F0
:1090C0000020D9E9003C5C49ACEB030292104A4312
:1090D00004F8012B0C33A3F10C02944570D101303C
:1090E000202809F10C09ECD10120FEF7D1FD022066
:1090F000FEF7C0FDDFF840C10021D7E90030C21AF9
:1091000092100CFB02F224F8022B0C33A3F10C0298
:1091100090426BD10131082907F10C07EDD10220F3
:10912000FEF7B6FD0320FEF7A5FDD8E90002434B8C
:10913000121A5A4300214FF00D0C8BB29A4201F1E2
:10914000010104F10D075FD80320FEF7A1FD3548AA
:1091500040F2FC7101F0D0FE0434A41BAC42C6F80E
:10916000FC0702D0364823F013FB2E48FEF73EFCE6
:10917000012011E0506852F80C7B0134C01B0444FC
:109180005DE71578012D8CBF013405340C326AE798
:109190002C4823F0FDFA0220BDE8F88FC2EB021341
:1091A0006344011D03F10C0453F804EB41F804EB94
:1091B000A342F9D11C880C809B788B70013272E736
:1091C00053E90312521A2146921001F8012B53E978
:1091D00003E48A467246944203D1A4EB0E040C4485
:1091E00078E752F804BB4AF804BBF4E713F80C2CF8
:1091F000227013F80C2C012A9BBF53F8082CC4F8DA
:1092000001200134053480E70CFB030303F10C0E4D
:1092100053F8048B44F8048B7345F9D11B78237001
:109220003C468AE7D9DE00207C6300201C630020D6
:109230000C630020FC640020ABAAAAAAC54EECC4B3
:10924000B6EE040094EE04002DE9F045642889B0E0
:109250000C4629D11F2A27D9AD4E202200212046B5
:1092600031F082F996F90030033B1A2B1CD8DFE865
:1092700013F02D001B001B00310083014C00650022
:109280001B001B001B001B001B001B001B007E00A3
:109290001F001B001B00ED001B001B001B001C011E
:1092A0003B0165016F017901002009B0BDE8F0853F
:1092B0002022FF21204631F057F91C21204601F0E1
:1092C0001BFE0023E06133702020EEE72046FFF70D
:1092D000C5FDF2E78F49904A0B6849688F481268CC
:1092E000C91A41438A42E8D2C2EB0212134403F185
:1092F0000C01224653F8040B42F8040B8B42F9D1BF
:10930000198811809B789370D7E7834B844F1D6831
:109310000022D7E90031C91AB5EBE10FCDD203EB3A
:10932000C50303CB04EBC20C44F832000132032A1C
:10933000CCF8041005F10105EBD1BEE7764B794F6F
:109340001D680022D7E90031C91AB5EBE10FB4D28C
:1093500003EBC50303CB04EBC20C44F8320001322B
:10936000032ACCF8041005F10105EBD1A5E76A4DFD
:109370002B681F2BA1D80120FEF77CFC2B68DFF89F
:10938000A8E10C225343694A991800254868D3582C
:10939000A846AC46984244D0062D04D10120FEF7E1
:1093A00077FC257089E7D3E90021914203D1052D8F
:1093B0002BD92F460DE0DEF8007052F804ABB8450B
:1093C00018D36F1CFFB204EB8505052FC5F801A06B
:1093D00011D90C3398424FF0010012D1FEF758FC1E
:1093E0003D466B1E04EB8302D2F80120002AD8D13F
:1093F000DDB2D6E72F4608F101081FFA88F83D468E
:10940000D3E7FEF745FC3D46CBE7DEF80010884584
:1094100008F1010203F10C0309D298421FFA82F805
:10942000C1D10120FEF734FC002DBAD0D9E7691C68
:1094300004EB85051FFA82F885F801C085F802C0A3
:1094400085F803C085F804C0CDB2A3E7324B1B6892
:10945000072B3FF632AF0C214B433549324F58189A
:10946000621C4568CB5804F1170C002104F11B0E57
:10947000AB423FF422AF386888420DD818780128F3
:1094800010D862453FF619AF10705868C2F8010055
:10949000053220780130207072453FF60EAF013161
:1094A0000C33E5E702F8010BF3E70320FEF7E2FBDC
:1094B000204A1949136852681F480968D21A424362
:1094C00091420DD20D2202FB013303F10C01224621
:1094D00053F8040B42F8040B8B42F9D11B7813703C
:1094E0000320FEF7D5FBE8E60B4B01A91868FEF751
:1094F000F1FA07AF01AB22461D4603CDBD42106015
:1095000051602B4602F10802F6D128681060D4E6BB
:10951000D9E60020FC64002008630020EFEEEEEEA8
:109520001465002008650020046300207C6300208F
:109530001C6300200C630020C54EECC400238DF892
:109540000430114B01AA18682146FEF7E9FAB4E687
:1095500000238DF804300C4B01AA18682146FEF751
:10956000FBFAAAE600238DF80430074B01AA18681D
:109570002146FEF711FBA0E6044B1A78002A3FF4BF
:1095800093AE1B78237098E608630020DAE600208B
:109590001B4B99422DE9F04704460E4602D9194863
:1095A00030F021FF0268836817499B1A9B104B43D8
:1095B0009E4217D947683046BF1AFFF737FCD4E9F7
:1095C000008A05468146C2450ED1206818B1A168BF
:1095D000091A30F02EFE0C232F44256003FB06559C
:1095E0006760A560BDE8F0874146484626F020FE4A
:1095F000404626F064FE08F10C0809F10C09E2E788
:10960000AAAAAA0AE6EE0400ABAAAAAAB1F1005FD0
:109610002DE9F04104460E4602D3144830F0E3FE33
:10962000026883689B1AB1EBA30F1DD943680846F3
:10963000A3EB020826F024FED4E90072D21B002A14
:10964000054608DD394630F075FFA3683846D91B5A
:1096500030F0EFFD01E0002FF7D105EB08032560A6
:1096600005EB86056360A560BDE8F081E6EE0400C9
:109670002DE9F843D0E901239A420546894607D0EF
:109680000AB10B6813606B6804336B60BDE8F88344
:10969000D0F800806FF06046A2EB0807B6EBA70F8A
:1096A0004FEAA70302D11A4830F09DFE424514BF8D
:1096B000194601215B181CD29E4228BF1E46304627
:1096C00026F0DEFDC319044602D0D9F800201A6046
:1096D00007F10409002FA14411DD3A464146204616
:1096E00030F028FFA9684046A1EB080130F0A1FD49
:1096F00008E0304626F0C4FD0446C319E5E7B8F19A
:10970000000FEFD1C5E9004904EB8604AC60BDE76A
:10971000F6EE04001D4B99422DE9F04104460E4639
:1097200002D91B4830F05FFE0268836819499B1A12
:109730009B104B439E4227D943683046A3EB020857
:10974000FFF75CFBD4E9003E734505469C460AD012
:10975000074618B193E8070087E807000C339E45D9
:1097600007F10C07F6D1BCF1000F05D0A1686046E7
:10977000A1EB0C0130F05DFD05EB080363600C23E9
:10978000256003FB0655A560BDE8F081AAAAAA0AD8
:10979000E6EE0400ABAAAAAA2DE9F84FD0E90089A9
:1097A000304BA9EB08045C432F4B9C4207468A468A
:1097B000164602D12D4830F016FEC14514BF224690
:1097C0000122A418A1EB080B33D2A4B39C4228BFFA
:1097D0001C460D20604330F030FD054615EB0B02B2
:1097E0000AD0334606F10C0153F8040B42F8040B7F
:1097F0008B42F9D11B781370BBF1000F0BF10D06F2
:10980000A9EB0A0919DD5A464146284630F092FE76
:10981000A819B9F1000F00EB090603DD4A465146CD
:1098200030F067FEB9684046A1EB080130F001FD59
:1098300010E01C46CDE72546D0E7B9F1000F2E44D5
:1098400004DD4A465146304630F053FE4E44B8F1EE
:10985000000FE7D1C7E900560D2303FB0455BD6097
:10986000BDE8F88FC54EECC4899DD809F6EE04001A
:109870002DE9F84FD0E900871446A7EB0803274AE3
:109880009B105343264A934205460E4602D1254873
:1098900030F0A9FD474514BF194601215B1826D2B7
:1098A000934228BF13469A465046FFF7BFFAA6EBED
:1098B000080B81462146584426F0BAFC44464846E7
:1098C000A64200F10C0B14D1BC421BD1B8F1000F21
:1098D00005D0A9684046A1EB080130F0AAFC0C2392
:1098E000C5E9009B03FB0A93AB60BDE8F88F924685
:1098F000DAE7214626F09CFC204626F0E0FC0C34FA
:109900005846DDE72146584626F092FC204626F0D0
:10991000D6FC0C340BF10C0BD6E700BFABAAAAAAFD
:10992000AAAAAA0AF6EE04002DE9F84FD0E90059D8
:109930009346A9EB0503314A314E9B105343B34282
:1099400007468A4602D12F4830F04DFDA94514BF85
:109950001A4601229B1802D29E4228BF1E4630465C
:10996000FFF74CFAAAEB050810EB080304461CBFEE
:109970009BE8070083E80700AA450BD02B46A446C6
:109980001CB193E807008CE807000C339A450CF1F2
:109990000C0CF6D1DFF870E04FEA980C0EFB0CFCD3
:1099A0000C232CF0404C03FB0CFC05EB0C089C44F6
:1099B000A444E24643464B450AF10C0A17D1A3EBF7
:1099C00008039B080EFB03F323F040430C2202FB29
:1099D00003C825B1B9682846491B30F02AFCC7E9FD
:1099E00000480C2303FB0644BC60BDE8F88F93E8F5
:1099F00007000C330AE90700DDE700BFABAAAAAAFB
:109A0000AAAAAA0AF6EE0400ABAAAA2A10B504462E
:109A10001046D4E900239B1A0B4A0C4C5343E21A1C
:109A20008A4201D230F0DFFC994205D91944A142A3
:109A300028BF2146084610BDB3EB430F4FEA430150
:109A4000F5D92046F7E700BFEFEEEEEE88888808EC
:109A50002DE9F047D0E901639E4205468A4611D0C0
:109A60005EB101F10C0351F8042B46F8042B994226
:109A7000F9D10B8833808B78B3706B680F336B60D0
:109A8000BDE8F0871A4A0121FFF7C0FFD5F8009022
:109A90008046FFF79DF9A6EB0904031907460CD091
:109AA00051460AF10C0251F8040B43F8040B9142A1
:109AB000F9D10A881A808A789A703A46314648461F
:109AC00026F0C2FB00F10F02304626F0BDFB044633
:109AD000B9F1000F05D0A9684846A1EB090130F0A3
:109AE000A8FBC8EB0818C5E900744744AF60C7E796
:109AF000F6EE04002DE9F04F4378604ADFF88081EC
:109B000003F00F0111705F4AC3F3001111705E4A38
:109B1000C3F3401313705D4BD0F802201A605C4B06
:109B2000D0F80B201A60C37B5A4A4FF47A714B432A
:109B3000136000235360584B827A1A70037C574A93
:109B4000082B28BF00231370554B427C1A70002647
:109B500087B0044600F112053746D4F80630B34208
:109B60003CD80E22012002FB0344FEF783F80027B5
:109B70004C4E1234B846304626F0ABFB14F8019B2D
:109B800030464946FFF704FD0025A94504F1010AC6
:109B900039DC0137202F06F10C06ECD10120FEF74D
:109BA00077F80220FEF766F800263F4DB1462846BA
:109BB00026F09EFB14F8018B28464146FFF7AAFDCC
:109BC0000027B84546DC0136082E05F10C05EED11C
:109BD000022007B0BDE8F04FFEF75AB86868A968E0
:109BE0002A7B6B7B55F80ECB0491CDE902C002A90C
:109BF00040468DF814208DF815308DF8167001361A
:109C0000FFF726FFA9E702A930462478CDF8108097
:109C1000CDE9028826F08BFB02A826F050FB706885
:109C200021460C38FFF7F2FC4FF0000B53465C4521
:109C300003DC0AEB84040135A7E7706853F8042BB2
:109C400002A90C38CDE901320BF1010BFFF710FD31
:109C5000019BECE722788DF80820012A94BFD4F804
:109C60000130002302A92846CDE903398CBF013415
:109C70000534013726F06DFBA3E700BFEE1A002084
:109C8000FC640020E4E60020E2E6002090150020BD
:109C90008C15002050040020EBE60020E5E60020B3
:109CA000E3E600207C6300201C6300202DE9F04FD8
:109CB00043785C4ADFF8708103F00F0111705B4A52
:109CC000C3F3001313705A4BD0F802201A60594B9B
:109CD000D0F80B201A60C37B574A4FF47A714B437C
:109CE000136000235360554B827A1A70037C544AE8
:109CF000082B28BF0023002687B00446137000F10C
:109D000011053746D4F80630B3423CD80E22012064
:109D100002FB0344FDF7AEFF00274A4E1134B8465C
:109D2000304626F0D6FA14F8019B30464946FFF734
:109D30002FFC0025A94504F1010A39DC0137202F49
:109D400006F10C06ECD10120FDF7A2FF0220FDF781
:109D500091FF00263C4DB146284626F0C9FA14F87A
:109D6000018B28464146FFF7D5FC0027B84546DC65
:109D70000136082E05F10C05EED1022007B0BDE832
:109D8000F04FFDF785BF6868A9682A7B6B7B55F8A3
:109D90000ECB0491CDE902C002A940468DF81420F3
:109DA0008DF815308DF816700136FFF751FEA9E7D2
:109DB00002A930462478CDF81080CDE9028826F03B
:109DC000B6FA02A826F07BFA706821460C38FFF735
:109DD0001DFC4FF0000B53465C4503DC0AEB84048A
:109DE0000135A7E7706853F8042B02A90C38CDE9B8
:109DF00001320BF1010BFFF73BFC019BECE72278F2
:109E00008DF80820012A94BFD4F80130002302A95C
:109E10002846CDE903398CBF01340534013726F0DB
:109E200098FAA3E7EE1A0020FC640020E4E6002084
:109E3000901500208C15002050040020EBE6002037
:109E4000E5E600207C6300201C6300202DE9F04F34
:109E50004378574ADFF85C8103F00F031370564BC9
:109E6000D0F802201A60554BD0F80B201A60C37B43
:109E7000534A4FF47A714B43136000235360514BA4
:109E8000827A1A70002687B0044600F11005374622
:109E9000D4F80630B3423CD80E22012002FB034422
:109EA000FDF7E8FE0027484E1034B846304626F04D
:109EB00010FA14F8019B30464946FFF769FB00256C
:109EC000A94504F1010A39DC0137202F06F10C06FF
:109ED000ECD10120FDF7DCFE0220FDF7CBFE0026D1
:109EE0003A4DB146284626F003FA14F8018B28466D
:109EF0004146FFF70FFC0027B84546DC0136082E27
:109F000005F10C05EED1022007B0BDE8F04FFDF7DA
:109F1000BFBE6868A9682A7B6B7B55F80ECB04919D
:109F2000CDE902C002A940468DF814208DF8153005
:109F30008DF816700136FFF78BFDA9E702A93046B0
:109F40002478CDF81080CDE9028826F0F0F902A837
:109F500026F0B5F9706821460C38FFF757FB4FF033
:109F6000000B53465C4503DC0AEB84040135A7E78C
:109F7000706853F8042B02A90C38CDE901320BF1BB
:109F8000010BFFF775FB019BECE722788DF80820A9
:109F9000012A94BFD4F80130002302A92846CDE954
:109FA00003398CBF01340534013726F0D2F9A3E719
:109FB000EE1A0020FC640020901500208C15002073
:109FC00050040020EBE600207C6300201C6300208E
:109FD0002DE9F04F4378534ADFF84C8103F00F032B
:109FE0001370524BD0F802201A60514BD0F80B205E
:109FF0001A60504B827A1A70002687B0044600F12E
:10A000000F053746D4F80630B3423CD80E22012063
:10A0100002FB0344FDF72EFE0027474E0F34B846DF
:10A02000304626F056F914F8019B30464946FFF7B2
:10A03000AFFA0025A94504F1010A39DC0137082FE0
:10A0400006F10C06ECD10120FDF722FE0220FDF7FF
:10A0500011FE0026394DB146284626F049F914F87C
:10A06000018B28464146FFF755FB0027B84546DCE3
:10A070000136082E05F10C05EED1022007B0BDE82F
:10A08000F04FFDF705BE6868A9682A7B6B7B55F821
:10A090000ECB0491CDE902C002A940468DF81420F0
:10A0A0008DF815308DF816700136FFF7D1FCA9E751
:10A0B00002A930462478CDF81080CDE9028826F038
:10A0C00036F902A826F0FBF8706821460C38FFF735
:10A0D0009DFA4FF0000B53465C4503DC0AEB840409
:10A0E0000135A7E7706853F8042B02A90C38CDE9B5
:10A0F00001320BF1010BFFF7BBFA019BECE7227871
:10A100008DF80820012A94BFD4F80130002302A959
:10A110002846CDE903398CBF01340534013726F0D8
:10A1200018F9A3E7EE1A0020FC6400209015002027
:10A130008C150020EBE600207C6300201C630020CF
:10A140002DE9F04F43783D4ADFF8F48003F00F0328
:10A1500013703C4BD0F802201A603B4BD0F80B2018
:10A160001A603A4B827A1A70002687B0044600F1D2
:10A170000F053746D4F80630B34221D80E2201200D
:10A1800002FB0344FDF776FD0026314D0F343746C0
:10A19000284626F09EF814F801AB28465146FFF7F2
:10A1A000F7F94FF00008C2451FDC0136082E05F113
:10A1B0000C05EDD1012007B0BDE8F04FFDF768BDFB
:10A1C0006868A9682A7B6B7B55F80ECB0491CDE9B2
:10A1D00002C002A940468DF814208DF815308DF884
:10A1E00016700136FFF734FCC4E702A9284614F8BC
:10A1F000019B0497CDE9027726F099F802A826F092
:10A200005EF8686849460C38FFF700FA4FF0000B1B
:10A210002346D94504DC04EB890408F10108C2E7B0
:10A22000686853F8042B02A90C38CDE901320BF110
:10A23000010BFFF71DFA019BEBE700BFEE1A0020B0
:10A24000FC640020901500208C150020EBE6002017
:10A250007C6300202DE9F04F0378DFF82481032B85
:10A2600001BF4378474A03F0010313700378032BBF
:10A2700081BF4378434A03F00F031370424BD0F879
:10A2800002201A60414B827A1A70002687B0044679
:10A2900000F10B053746D4F80630B34224D82278B3
:10A2A000032A6AD90E22012002FB0344FDF7E2FCD7
:10A2B0000026374D0B343746284626F00AF814F8A6
:10A2C00001AB28465146FFF763F94FF00008C2453D
:10A2D0002BDC0136082E05F10C05EDD1012007B06D
:10A2E000BDE8F04FFDF7D4BC6868D5F800C0A96898
:10A2F0006B7B2A7B0491CDE902C002A920488DF82E
:10A3000015308DF814208DF81670FFF7A1FB237817
:10A31000032B07D1D8F8042012F8031C01238B402B
:10A3200002F8033C01360E35B5E702A9284614F8B9
:10A33000019B0497CDE9027725F0F9FF02A825F0EB
:10A34000BEFF686849460C38FFF760F94FF0000B14
:10A350002346D94504DC04EB890408F10108B6E77B
:10A36000686853F8042B02A90C38CDE901320BF1CF
:10A37000010BFFF77DF9019BEBE707B0BDE8F08F1C
:10A38000FC640020EE1A002090150020EBE600206F
:10A390007C6300202DE9F047D0E901639E42054629
:10A3A0008A4611D05EB101F10C0351F8042B46F836
:10A3B000042B9942F9D10B8833808B78B3706B688A
:10A3C0000F336B60BDE8F0871A4A0121FFF71EFBCF
:10A3D000D5F800908046FEF7FBFCA6EB09040319B4
:10A3E00007460CD051460AF10C0251F8040B43F811
:10A3F000040B9142F9D10A881A808A789A703A46F9
:10A400003146484625F020FF00F10F02304625F086
:10A410001BFF0446B9F1000F05D0A9684846A1EB1F
:10A4200009012FF006FFC8EB0818C5E9007447447E
:10A43000AF60C7E7F6EE04002DE9F04F4378584AC5
:10A44000DFF8608103F00F011170574AC3F3001168
:10A450001170564AC3F340131370554BD0F80220C5
:10A460001A60544BD0F80B201A60C37B524A4FF449
:10A470007A714B43136000235360504B827A1A70F9
:10A48000037C4F4A082B28BF002313704D4B427C9E
:10A490001A7087B0054600F112070026D5F806406D
:10A4A000B4423CD80120C4EB0414FDF7E3FB1234A2
:10A4B0000027454E2C44B846304625F00AFF14F8D4
:10A4C000019B30464946FFF763F80025A94504F192
:10A4D000010A2BDC0137202F06F10C06ECD10120FC
:10A4E000FDF7D6FB0220FDF7C5FB0026374DB14630
:10A4F000284625F0FDFE14F8018B28464146FFF75B
:10A5000009F90027B84538DC0136082E05F10C059D
:10A51000EED1022007B0BDE8F04FFDF7B9BB3946D8
:10A520004046FFF737FF01360F37B7E703A930463C
:10A530002478CDF81480CDE9038825F0F8FE03A82F
:10A5400025F0BDFE706821460C38FFF75FF84FF02C
:10A55000000B53465C4503DC0AEB84040135B5E788
:10A56000706853F8042B019303A90C3803920BF184
:10A57000010BFFF77DF8019BECE722788DF80C20AA
:10A58000012A94BFD4F80130002303A92846CDE95D
:10A5900004398CBF01340534013725F0DAFEB1E708
:10A5A000EE1A0020FC640020E4E60020E2E6002031
:10A5B000901500208C15002050040020EBE60020B0
:10A5C000E5E60020E3E600207C6300201C63002019
:10A5D0002DE9F04F644B82781A704378634ADFF8B4
:10A5E0009081C3F300111170624AC3F340131370DA
:10A5F000614BD0F803201A60604BD0F80A201A6033
:10A60000837B5F4A4FF47A714B431360002353609E
:10A610005C4B427A1A70C37B5B4A082B28BF00232D
:10A6200013705A4B027C1A7087B0064600F113076C
:10A630000025B6F80740AC424ED80120C4EB041404
:10A64000FDF718FB13340027514D3444B846284613
:10A6500025F03FFE14F801AB28465146FEF798FF5F
:10A660004FF00009CA4504F1010B3CDC0137202FF3
:10A6700005F10C05EBD10120FDF70AFB0220FDF7E7
:10A68000F9FA0027434DBA46284625F031FE14F862
:10A69000019B28464946FFF73DF84FF00008C145A9
:10A6A00049DC0137082F05F10C05EDD10220FDF73B
:10A6B000EFFA0320FDF7DEFADFF8DC8000250D2736
:10A6C000B6F81130AB4207FB054148DC032007B068
:10A6D000BDE8F04FFDF7DCBA39464046FFF75AFEB9
:10A6E00001350F37A5E703A928462478CDF8148053
:10A6F000CDE9038825F01BFE03A825F0E0FD68687E
:10A7000021460C38FEF782FF5A4600239C4204DCA7
:10A710000BEB840409F10109A4E7686852F8041BF3
:10A7200003910C3803A901930092FEF7A1FF019B4E
:10A73000009A0133EAE722788DF80C20012A94BFB1
:10A74000D4F80130002303A92846CDE9043A8CBF90
:10A750000134053408F1010825F0FBFD9FE7404670
:10A7600025F0CCFD0135ABE7EE1A0020E4E6002031
:10A77000FC640020E2E60020901500208C150020EB
:10A7800050040020EBE60020E5E60020E3E6002090
:10A790007C6300201C6300200C6300202DE9F04F37
:10A7A000644B82781A704378634ADFF89081C3F370
:10A7B00000111170624AC3F340131370614BD0F85B
:10A7C00003201A60604BD0F80A201A60837B5F4A2E
:10A7D0004FF47A714B431360002353605C4B427A11
:10A7E0001A70C37B5B4A082B28BF002313705A4B97
:10A7F000027C1A7087B0064600F113070025B6F8F0
:10A800000740AC424CD80120C4EB0414FDF732FAE7
:10A8100013340027514D3444B846284625F059FDDD
:10A8200014F801AB28465146FEF7B2FE4FF000097E
:10A83000CA453CDC0137202F05F10C05EDD1012084
:10A84000FDF726FA0220FDF715FA0027444DBA4617
:10A85000284625F04DFD34F8029B28464946FEF770
:10A8600059FF4FF00008C1454ADC0137082F05F1B8
:10A870000C05EDD10220FDF70BFA0320FDF7FAF9E4
:10A88000DFF8E08000250D27B6F81130AB4207FB5A
:10A89000054149DC032007B0BDE8F04FFDF7F8B9EA
:10A8A00039464046FFF776FD01350F37A7E703A984
:10A8B000284614F801BBCDF81480CDE9038825F0B3
:10A8C00036FD03A825F0FBFC686859460C38FEF7F6
:10A8D0009DFE224600239B4504DC04EB8B0409F11A
:10A8E0000109A5E7686852F8041B03910C3803A915
:10A8F00001930092FEF7BCFE019B009A0133EAE748
:10A9000022788DF80C20012A94BFD4F8013000235E
:10A9100003A92846CDE9043A8CBF0134053408F177
:10A92000010825F016FD9EE7404625F0E7FC0135BD
:10A93000AAE700BFEE1A0020E4E60020FC64002035
:10A94000E2E60020901500208C1500205004002025
:10A95000EBE60020E5E60020E3E600207C63002033
:10A960001C6300200C6300202DE9F04F4FF40061C0
:10A9700087B0064625F096FC002800F01481337855
:10A98000DA1ED2B20F2A00F20E81122B874940D074
:10A990000020012A087005D8304607B0BDE8F04F06
:10A9A000FFF758BC052B05D1304607B0BDE8F04F86
:10A9B000FFF7C6BB073B30460A2B07D8DFE803F09A
:10A9C0000B0B10151A1F24242424240007B0BDE803
:10A9D000F04FFFF7FDBA07B0BDE8F04FFFF736BA0A
:10A9E00007B0BDE8F04FFFF761B907B0BDE8F04F21
:10A9F000FFF780B807B0BDE8F04FFFF71DBD07B007
:10AA0000BDE8F04FFFF7E4BD07B0BDE8F04FFFF73A
:10AA1000C5BE674BB2781A707378664ADFF89881C2
:10AA2000C3F300101070654AC3F34010C3F38013E2
:10AA30000B70634B1070D6F803201A60614BD6F888
:10AA40000A201A60B37B604A4FF47A714B4313605B
:10AA5000002353605D4B727A1A70F37B5C4A082BBB
:10AA600028BF002313705B4B327C1A7006F113076A
:10AA70000025B6F80740AC424CD80120C4EB0414C2
:10AA8000FDF7F8F813340027534D3444B8462846F0
:10AA900025F01FFC14F801AB28465146FEF778FD5F
:10AAA0004FF00009CA453CDC0137202F05F10C05A9
:10AAB000EDD10120FDF7ECF80220FDF7DBF80027CF
:10AAC000464DBA46284625F013FC34F8029B28462A
:10AAD0004946FEF71FFE4FF00008C1454ADC01372A
:10AAE000082F05F10C05EDD10220FDF7D1F8032068
:10AAF000FDF7C0F8DFF8E88000250D27B6F8113023
:10AB0000AB4207FB054149DC032007B0BDE8F04F2D
:10AB1000FDF7BEB839464046FFF73CFC01350F371C
:10AB2000A7E703A9284614F801BBCDF81480CDE9A6
:10AB3000038825F0FCFB03A825F0C1FB6868594693
:10AB40000C38FEF763FD224600239B4504DC04EB32
:10AB50008B0409F10109A5E7686852F8041B039109
:10AB60000C3803A901930092FEF782FD019B009A25
:10AB70000133EAE722788DF80C20012A94BFD4F83B
:10AB80000130002303A92846CDE9043A8CBF0134E3
:10AB9000053408F1010825F0DCFB9EE7404625F06E
:10ABA000ADFB0135AAE707B0BDE8F08FED1A002034
:10ABB000EE1A0020E4E60020FC640020E2E600201B
:10ABC000901500208C15002050040020EBE600209A
:10ABD000E5E60020E3E600207C6300201C63002003
:10ABE0000C6300202DE9F043642885B00C4670D139
:10ABF0001F2A6ED92021204625F054FBA84B00289F
:10AC000000F04C812278122A40F0488194F901200A
:10AC10001A701D2A00F24281DFE812F05B001E006C
:10AC200023005B0055005E00630068006300630062
:10AC30006E0071007B00800085008A009D001C0171
:10AC40004001D600E5001C0124012D0138016300FC
:10AC5000630063006300630005B0BDE8F04325F0C6
:10AC6000D3BA904BE2781A70A3788F4AC3F30011DD
:10AC700011708E4AC3F3401111708D4AC3F38013D3
:10AC800013708C4B62681A608B4BD4F809201A60E1
:10AC9000637B8A4A4FF47A714B43136000235360FD
:10ACA000874B217A1A7819701B78934201D025F0CE
:10ACB000BAFAA37B834A082B28BF00231370E27BD8
:10ACC000814B1A7005E0814BD3E900218A4200D004
:10ACD0005A6005B0BDE8F0837C48A11CFFF75AFB21
:10ACE000F7E7D4F802207A4B1A60F2E7794B012299
:10ACF0001A70794B0022E4E7784B0122E1E7784AA9
:10AD000001231370774A137005B0BDE8F04304F0D7
:10AD1000D5BA05B0BDE8F043FCF758BF05B0BDE8B3
:10AD2000F043FCF761BF05B0BDE8F04325F070BA11
:10AD30000120FCF79FFF6C4D00242846013425F0CC
:10AD4000C8FA202C05F10C05F7D1012005B0BDE8AB
:10AD5000F043FCF79DBF0120FCF78CFFA378624E07
:10AD600003EB430306EB830056F8232043689A4223
:10AD700009D1002301A9CDE90133039325F0D7FAC6
:10AD800001A825F09CFA0025E378AB42DDDD04EB59
:10AD90008503A0785B6800EB400006EB800063B998
:10ADA00001A9CDE90133039325F0C1FA01A825F0EB
:10ADB00086FA0135062DE7D1C7E74068019301A95E
:10ADC0000C38FEF755FCF4E70220FCF753FF474D23
:10ADD00000242846013425F08BFA082C05F10C05D7
:10ADE000F7D10220B2E7A378072B3FF672AF02201B
:10ADF00000263E4FFCF73EFF04F11B08231DB14621
:10AE0000E278B242EDDD4345EBD81D4615F8011B53
:10AE100001294AB216D804F118018D42E1D8A07870
:10AE2000D3F801108DF804205D1D00EB4000029165
:10AE300001A907EB8000CDF80C90013625F089FAC6
:10AE40002B46DDE7A0788DF8042000EB4000CDF81C
:10AE50000890EDE71E4BD4F802201A60D4F80620C3
:10AE6000234B41E7A078003818BF012005B0BDE8AA
:10AE7000F04304F043BA0320FCF7FCFE1D4BD3E97A
:10AE800000218A4200D05A6003205FE70320FCF7CC
:10AE9000F1FE1848A11C25F031FAF5E7122210E75F
:10AEA000D9E60020EE1A0020E4E60020E2E60020C9
:10AEB000ED1A0020901500208C1500205004002071
:10AEC000EBE60020E5E60020E3E60020FC6400203D
:10AED00008630020EAE60020DAE60020E8E6002029
:10AEE000E7E60020E6E600207C6300201C630020EB
:10AEF000046300200C63002030B5084D00244FF09F
:10AF0000FF328C4201DBD04330BD035D5340DBB2E6
:10AF1000013455F8233083EA1222F2E78C11002025
:10AF20002DE9F8430446426AA66888464169D0E99B
:10AF30000630181A131EA2EB010718BF0123C3EB3A
:10AF4000A703DB0103EBA0032069801B03EBA00335
:10AF50006FF0604083424FEAA70502D135482FF0D9
:10AF600042FAD4E90006131AA6EBA303012B1ED85C
:10AF70000235B6EB450F36D9761B760800EB860511
:10AF8000131DA942A3EB010227D9994202D02846FA
:10AF90002FF0D0FA65612B68E36003F5007323613D
:10AFA000EB196362EB59E36103F5007323624FF41D
:10AFB0000070656A2FF041F96860A36913B1D8F891
:10AFC00000201A60636A1A1D62625B68E36103F520
:10AFD00000722262A361BDE8F8839942DAD0381D7D
:10AFE000801A2844D4E75EB101367600B6F1005FDE
:10AFF00007D3B6F1804F01D32FF0F2F92FF0EDF91E
:10B000000326B0002FF019F9626A6169751B0432DA
:10B010006D089142814600EB850503D0521A2846FF
:10B020002FF088FA6168206889002FF002F9C4E9DE
:10B030000096AFE710EF040037B50346ADF8060001
:10B040001C48C2680ABB8268D2B91B4D2A6812F03C
:10B0500001032CD001201F2B29D000FA03F111424B
:10B0600003F1010421D1DCB212480DF1060125F0F3
:10B0700016FB04702A680123A34013432B6012E0DF
:10B08000918899420FD01268DEE74168B3FBF1F472
:10B090000DF1060201FB143125F00AFA0028D4D084
:10B0A0000368002BD1D003B030BD2346D3E71C4644
:10B0B000DAE700BF24650020206500202DE9F84F65
:10B0C000D0E9008916466FF06043A9EB0802B3EBA4
:10B0D000A20F07468A464FEAA20402D126482FF063
:10B0E00082F9C14514BF22460122A418A1EB080B26
:10B0F0002AD25CB39C4228BF1C46A0002FF09DF8CA
:10B10000054615EB0B0F1CBF336845F80B30BBF140
:10B11000000F0BF10406A9EB0A0919DD5A46414656
:10B1200028462FF007FAA819B9F1000F00EB09061D
:10B1300003DD4A4651462FF0DCF9B9684046A1EBE1
:10B1400008012FF076F810E01C46D6E72546D8E730
:10B15000B9F1000F2E4404DD4A46514630462FF027
:10B16000C8F94E44B8F1000FE7D1C7E9005605EB26
:10B170008405BD60BDE8F88FF6EE04002DE9F74FB9
:10B1800007460020FCF776FD8F4B904D9E68DFF858
:10B190004082FEB98F4CA168002940F0FE808E4CA1
:10B1A000A168002940F004818C4B8D4D9E68DFF82A
:10B1B0003482002E40F022818B4B9C68002C40F0A2
:10B1C000DB812046FCF764FD884B01221A7003B036
:10B1D000BDE8F08FB488ADF80440B7EB142F40F011
:10B1E000DA80EB68002B63D1AA6832B1804B91887A
:10B1F000A14228D01168134619BB754801A925F052
:10B200004EFAD8F80C3090F80090002B40F0A58052
:10B21000D8F808203AB1774B9188A14268D01168DC
:10B220001346002962D1744967480B68012202FA6B
:10B2300009F223EA02030B60314625F076FF064649
:10B24000A7E70A46D3E718686A688188B1FBF2FC71
:10B2500002FB1C11D5F800E0D0F800C05EF82120F8
:10B2600093424FEA810931D1BCF1000F0BD0BCF8F9
:10B270000420D5F804A0B2FBFAFB0AFB1B22914282
:10B280000DD04EF822302968594A51F809E0964508
:10B290004FF0000208BFC5F808C041F80920026855
:10B2A0001A6008212EF0C5FFEB68013BEB60A4E7B4
:10B2B0006B684648B4FBF3F101AA03FB114125F08A
:10B2C000DBF80346002898D00068C3E7BCF1000F04
:10B2D000E5D0BCF80420D5F804C0B2FBFCF90CFBA7
:10B2E0001922914218BF4EF82230D8E70A4693E758
:10B2F0001868D8F804208488B4FBF2F102FB1141ED
:10B30000D8F800C004685CF8212093424FEA810E0F
:10B3100033D154B1A288D8F804A0B2FBFAFB0AFBDF
:10B320001B2291420ED04CF82230D8F80010314A3E
:10B3300051F80EC094454FF0000208BFC8F808400D
:10B3400041F80E2002681A6008212EF072FFD8F82A
:10B350000C30013BC8F80C3065E7D8F804101C48E5
:10B36000B4FBF1F201FB124101AA25F0A1F803465A
:10B3700000283FF458AF0068C2E7002CE2D0A28852
:10B38000D8F80440B2FBF4FE04FB1E22914218BF21
:10B390004CF82230D6E73668FBE68B88B7EB132FE4
:10B3A00004D1204625F0C1FE0146F5E60968F3E622
:10B3B0008B88B7EB132F04D1204625F0B6FE01464B
:10B3C000EFE60968EDE600BF04660020B0650020E6
:10B3D00024650020CC650020E865002094650020ED
:10B3E0005C6500207865002040650020E9E60020CB
:10B3F000B86500202C650020206500207468019449
:10B40000B7EB146F40F0B680EB68002B76D1AB68D9
:10B410003BB1664A59688C4239D019681A460029EE
:10B4200033D101A9404625F0FCFB006808B12EF09D
:10B4300002FFD8F80C30002B40F08C80D8F8083090
:10B440003BB15B4A59688C4278D019681A4600298A
:10B4500072D1584801A925F0E4FB006808B12EF02C
:10B46000EAFE544871684368B1FBF3F203FB121122
:10B47000036853F821301A461B689E42FBD13346BD
:10B480004C4825F0DEFC064693E60B46C2E7106802
:10B490006B684168B1FBF3FC03FB1C11D5F800E0BD
:10B4A000D0F800C05EF821309A424FEA810A33D1C9
:10B4B000BCF1000F0DD0DCF80430D5F80490D5F8BD
:10B4C00004B0B3FBFBFB09FB1B3399420DD04EF8D4
:10B4D00023202968354B51F80AE09E454FF00003C0
:10B4E00008BFC5F808C041F80A30036813600C2192
:10B4F0002EF09FFEEB68013BEB6092E76B682E48F5
:10B50000B4FBF3F101AA03FB114124F07DFF0246D5
:10B51000002886D00068C1E7BCF1000FE5D0DCF858
:10B520000430D5F804C0B3FBFCFA0CFB1A33994283
:10B5300018BF4EF82320D8E70B4683E71368D8F8E6
:10B5400004005968B1FBF0F400FB1411404625F0EB
:10B5500078FC7EE7D8F804101848B4FBF1F201FB40
:10B56000124101AA24F034FF024600283FF471AFD3
:10B570000368EBE736681CE6A368E2689A4201D1EB
:10B5800024681BE6194651F8040BB7EB106F0AD17B
:10B590008A4204D01846521A2EF0CCFF0346E268C5
:10B5A000043AE26019460B46E7E700BF64650020F5
:10B5B00080650020946500205C650020786500208F
:10B5C0002DE9F04F99B01546059000201E4688469B
:10B5D000FCF750FB22A9B24825F000F922A98146C8
:10B5E000B04825F0FBF822A98246AF4825F0F6F8CE
:10B5F0008346AE48BDF888404368B4FBF3F703FBCD
:10B60000174722AA394624F037FF00284FD0006898
:10B6100000284CD0063052465B464946CDE90156DB
:10B62000009007A825F086FF22A99D48DFF88092A8
:10B63000DFF880A225F0D2F89DF88C300246414612
:10B64000CDE900630598DFF870822B4600F03CFCE2
:10B650002046FFF7F1FC924822A925F0BFF8866842
:10B66000002E35D101230EA907A88DF8383025F01A
:10B67000EFF9924D8668DFF848A24FEA0448002EA1
:10B6800040F0BE8087488F4E22A925F0A7F8846835
:10B69000002C40F09D812046FCF7FAFA8A4B0122EB
:10B6A00007A81A7025F068FE19B0BDE8F08F0820D1
:10B6B0002EF0C3FD0022034600B102609A71012200
:10B6C0009C80394600927948224625F0D0F8A1E7BF
:10B6D0007369CDF8388006F1080743B9306908B9B5
:10B6E0003668BDE7436843450CD00068F7E7F36868
:10B6F000B8FBF3F10EAA03FB1181384624F0F4FEE7
:10B700000028EDD000F108050FCD0DF1380CACE8A4
:10B710000F000FCDACE80F0095E803008CE80300A4
:10B7200006A93846CDF8189025F088FD01238DF83C
:10B730003D3013930EAAE0238DF85C3016AD03461E
:10B7400093469446BCE80300AC45186059606246D5
:10B7500003F10803F5D1DCF8000018609CF8042020
:10B760001A7106A93846CDF818A025F067FD0E23FA
:10B770008DF85C305A4603469446BCE80300AC455D
:10B7800018605960624603F10803F5D1DCF8000047
:10B7900018609CF804201A7106A94C4B0693384691
:10B7A00025F04CFD83238DF85C305A4603469446C1
:10B7B000BCE80300AC4518605960624603F1080319
:10B7C000F5D1DCF8000018609CF804201A7106A975
:10B7D0003F4B0693384625F031FD38238DF85C3019
:10B7E00002465B461F4603CFAF42106051603B46A6
:10B7F00002F10802F6D1386810603B7913716FE7E7
:10B80000B37996F8049005936B682C4849EA0809C7
:10B81000B9FBF3F703FB179706AA3946CDF8189042
:10B8200024F0F2FD002857D00468002C54D00834CE
:10B83000059B2370F0882EF011FD3379044643EA0E
:10B8400008030EA950460E9325F011FA04603379CF
:10B850000EA943EA080350460E9325F008FAF28831
:10B86000006800212EF080FEF0882EF0F7FC33797E
:10B87000044643EA08030EA916480E9325F0F7F98B
:10B8800004603379134843EA08030EA90E9325F0A8
:10B89000EEF9F288006800212EF066FE3668EEE6CA
:10B8A00004660020E8650020CC650020B06500201B
:10B8B0000100F9FF0200F9FF390001005C6500207A
:10B8C0009465002040650020E9E600200300F9FFB0
:10B8D0000400F9FF786500200C202EF0AEFC4FF03C
:10B8E000000B044608B1C0F800B00123C4F804906E
:10B8F00084F808B00093EB686A6891490EA81FF0BD
:10B900005FFA9DF83830EBB10F9F012F28D1C5F8B1
:10B9100018B0DFF830B2DFF830C2AB680020A860A2
:10B920003BBB894BD3E9000103F11802904203D0DD
:10B9300089002EF07EFC844BC3E900B7B9FBF7F316
:10B9400007FB13972A6852F82730B80083B31B68A7
:10B95000236052F827301C60EB680133EB6066E728
:10B96000384624F009FDBA00002183462EF0FCFD84
:10B97000D1E7D3E900E2B2FBF7F107FB11225BF854
:10B98000221071B9DCF8081019607049CCF8083041
:10B990004BF82210196809B14BF820301046734655
:10B9A000BEE7096819605BF8222013600246F5E7DC
:10B9B000AB682360AC603BB15B686968B3FBF1F7CF
:10B9C00001FB173342F823402B68604A1A50C3E743
:10B9D000D4F81090B9F1000F01D1246858E6D9F8D5
:10B9E00004A071683368BAFBF1F701FB17A753F89D
:10B9F00027301BB31A68506882450BD01068E8B135
:10BA000013464268B2FBF1F501FB1522974215D1AE
:10BA10000246F0E7186888B10830D0E901122379AE
:10BA2000914243EA08030E9300F0868001B10B6057
:10BA3000436804334360D9F80090CBE714202EF01C
:10BA4000FCFB054608B100230360D9F804306B60A5
:10BA50004FF0000B0123C5E902BBC5F810B00093FD
:10BA6000F36872683A490EA81FF0AAF99DF83830B9
:10BA7000E3B10F9F012F29D1364BC6F818B0B64657
:10BA80000021B2684EF8081F8C464ABBD6E9000177
:10BA9000304A904204D0890005932EF0CAFB059BE2
:10BAA000C6E90037BAFBF7F307FB13A7326852F871
:10BAB0002730B80083B31B682B6052F827301D6015
:10BAC000F3680133F36005F10800A6E7384624F077
:10BAD00053FCBA00594605902EF046FD059BCEE773
:10BAE000D2E900B1B1FBF7F007FB101153F82100C8
:10BAF00058B9B0681060B26043F821E0106808B12E
:10BB000043F82C208C465A46BFE70068106053F873
:10BB100021100A606146F5E7B3682B60B5603BB160
:10BB20005B687168B3FBF1F701FB173342F82350F0
:10BB30003368094A1A50C3E70EAAFFF7BFFA7AE73B
:10BB40006C650020746500205C6500206465002041
:10BB500050650020586500204865002038B5064C27
:10BB60000925013D07D0606D18B1E16D091A2EF06D
:10BB700060FB0C3CF5E738BD1C630020F8B50C4CAD
:10BB80002126013E12D0D4E95D57AF4209D1D4F845
:10BB9000740120B1D4F87C11091A2EF04AFB0C3C38
:10BBA000EFE7284624F08BFB0C35EEE7F8BD00BF2D
:10BBB0007C6300206048614A614970B500F1180358
:10BBC00000244FF07E55012603600561C0E9016441
:10BBD000C0E90544C4602AF034FB5A48574A584922
:10BBE000056100F11803C0E90036C0E90244C0E96C
:10BBF00005442AF026FB5448504A5149056100F19A
:10BC00001803C0E90036C0E90244C0E905442AF03F
:10BC100018FB4E48494A4E49056100F11803C0E936
:10BC20000036C0E90244C0E905442AF00AFB49484D
:10BC3000424A4949056100F11803C0E90036C0E9EC
:10BC40000244C0E905442AF0FCFA44483B4A424910
:10BC5000056100F11803C0E90036C0E90244C0E9FB
:10BC600005442AF0EEFA3E48344A3E49056100F1A7
:10BC70001803C0E90036C0E90244C0E905442AF0CF
:10BC8000E0FA39482D4A3949056100F11803C0E945
:10BC90000036C0E90244C0E905442AF0D2FA34482B
:10BCA000264A3449056100F11803C0E90036C0E9AD
:10BCB0000244C0E905442AF0C4FA2F481F4A2F491C
:10BCC0008460C0E900442AF0BCFA2D481B4A2B4985
:10BCD0008460C0E900442AF0B4FA2A48174A2A4985
:10BCE0008460C0E900442AF0ACFA284B2025013DCD
:10BCF000C3E900449C6003F10C03F8D10F4A2449C6
:10BD000028462AF09EFA234B0824013CC3E900553B
:10BD10009D6003F10C03F8D1084A1F4920462AF020
:10BD200090FA1E48054A8460C0E900441C49BDE8F9
:10BD300070402AF086BA00BF046600204C910020B3
:10BD4000E11A0400E8650020CC650020B065002001
:10BD5000A51A040094650020691A04007865002083
:10BD60005C6500202D1A040040650020CB1B0400F8
:10BD700024650020F119040014650020B71B04009D
:10BD800008650020FC640020A31B04007C630020E5
:10BD90007DBB01001C6300205DBB01000C63002023
:10BDA0008F1B0400632806D11AB1044B1B780B705B
:10BDB0000122104670470022FBE700BFE1E60020A9
:10BDC000024A136803605368436070470DC1040062
:10BDD000034B9A680260DA681B8A426003817047ED
:10BDE0000DC10400024B1A689B8802608380704773
:10BDF00040EF04000A4B98420FD008D8A0F58030DD
:10BE0000303802288CBF00200120C0017047054B4C
:10BE100098420CBF0F20002070478020704700BF61
:10BE200035000100390001000A4B98420FD008D8B4
:10BE3000A0F58030303802288CBF00200120C001DE
:10BE40007047054BC31A58425841C00070478020C4
:10BE5000704700BF35000100390001000A4B9842CD
:10BE60000FD008D8A0F58030303802288CBF0020D1
:10BE70000120C0037047054BC31A58425841C00007
:10BE800070474FF400407047350001003900010051
:10BE90000346632B084611460BD11AB1084B0278B2
:10BEA0001A707047074A12784AB14FF6FF7203F0D2
:10BEB0008BB9044A1278002AF7D1622BF5D070476B
:10BEC000E1E60020DBE600202DE9F04F91B0984636
:10BED0009DF86C30019340F26E5398421A9F0646CB
:10BEE0000D4614465CD040F27D43984240F03C82BF
:10BEF00042F24103994240F0A8804B2F40F0A580C8
:10BF000040466A493A462EF0E4FA8046002840F05E
:10BF10009C808DF813000DF11301204626F007F8E0
:10BF2000634B059305A925F089F928220746414668
:10BF300006A82EF019FB5F4B069306AA3B460DF1AF
:10BF40003808174603CF4745186059603A4603F151
:10BF50000803F6D1386818603A791A714FF0000971
:10BF60000DF1130120468DF8139025F0E0FF524BA0
:10BF7000059305A925F062F928220746494606A837
:10BF80002EF0F2FA4D4B069306AA3B46174603CF16
:10BF90004745186059603A4603F10803F6D132E08C
:10BFA000A1F1FB03022B33D8D52F4ED144493A4699
:10BFB00040462EF08EFA002847D1DFF808C1BCE8D1
:10BFC0000F0006AF0FC7BCE80F000FC79CE80300C7
:10BFD000012387E803000DF1130120468DF813308B
:10BFE00025F0A5FF384B059305A925F027F906AAEA
:10BFF0000346BC46174603CF6745186059603A466A
:10C0000003F10803F6D11068186012791A711CE068
:10C01000A1F1FE03012B0AD9B1F5867F07D040F2CA
:10C020009B13994203D040F20D13994256D1D52F5C
:10C030000BD12349D52240462EF04BFA00285AD086
:10C04000A5F5D573012B00F2E4800320FBF712FE67
:10C05000DFF878A04FF00009DAE900121C48521A04
:10C060001FFA89F342439A4202F226860320FBF725
:10C070000FFE184B1B78002B02F0878641F6D10388
:10C080009E4242F06486B5F5144F42F07E8603234B
:10C0900006A920468DF8183025F049FF0E491022D8
:10C0A00011B0BDE8F04F26F009B800BF36F8040023
:10C0B0000300090000012000040009000001210024
:10C0C000DAFA040000B00400060009000C63002046
:10C0D000C54EECC4ED1A00201C160020B1F5D57F2A
:10C0E00040F02481B92FB0D196493A4640462EF00F
:10C0F000F0F90028A9D1DFF850E2BEE80F000DF1F9
:10C10000180CACE80F00BEE80F00ACE80F009EE88A
:10C11000030001238CE803000DF1130120468DF884
:10C12000133025F004FF894B059305A925F086F807
:10C1300006AA03460DF1380E91469446BCE803006A
:10C14000F44518605960624603F10803F5D1DCF844
:10C1500000001860DFF8F8E19CF804201A71BEE8CE
:10C160000F00CC46ACE80F00BEE80F00ACE80F00B3
:10C170009EE8030001238CE803000DF11301204623
:10C180008DF8133025F0D3FE724B059305A925F0E9
:10C1900055F84A4603460DF1380E9446BCE80300B4
:10C1A000F44518605960624603F10803F5D1DCF8E4
:10C1B00000001860DFF8A0E19CF804201A71BEE8C6
:10C1C0000F00CC46ACE80F00BEE80F00ACE80F0053
:10C1D0009EE8030001238CE803000DF113012046C3
:10C1E0008DF8133025F0A3FE5C4B059305A925F0CF
:10C1F00025F80DF1380C03464A4603CA624518601B
:10C200005960914603F10803F6D11068186012795D
:10C210001A71B5F58E7F7FF418AFD72F7FF415AF65
:10C220004F493A4640462EF054F900287FF40DAFAE
:10C23000DFF814C1BCE80F0006AF0FC7BCE80F0061
:10C240000FC79CE80300012387E803000DF11301E9
:10C2500020468DF8133025F06AFE3C4B059305A966
:10C2600024F0ECFF06AA0346B9469046174603CFD2
:10C270004F45186059603A4603F10803F6D1386813
:10C280001860DFF8CCC03A791A71BCE80F00474655
:10C290000FC7BCE80F000FC79CE80300012387E825
:10C2A00003000DF1130120468DF8133025F03FFEF9
:10C2B000284B059305A924F0C1FF424603461746C3
:10C2C00003CF4F45186059603A4603F10803F6D191
:10C2D00038681860DFF880C03A791A71BCE80F003E
:10C2E00047460FC7BCE80F000FC79CE803000123B7
:10C2F00087E803000DF1130120468DF8133025F077
:10C3000016FE164B059305A924F098FF03464246F6
:10C3100003CA4A4518605960904603F10803F6D1F4
:10C32000D8F80000186098F804206FE640F2AB13CC
:10C3300099427FF46EAFC92F7FF487AE09493A4620
:10C34000D4E600BF4AF9040000B00400060009006A
:10C3500028B004000700090050B0040008000900DC
:10C3600003FA040081F8040040F28E63984240F022
:10C370008F80B1F5774F7FF468AE322F7FF465AED2
:10C3800040463C493A462EF0A4F8804600287FF407
:10C390005CAE8DF813000DF11301204625F0C7FDAA
:10C3A000354B059305A924F049FF2822074641464D
:10C3B00006A82EF0D9F8314B069306AA3B460DF19C
:10C3C0003808174603CF4745186059603A4603F1CD
:10C3D0000803F6D1386818603A791A714FF00009ED
:10C3E0000DF1130120468DF8139025F0A0FD244B8C
:10C3F000059305A924F022FF28220746494606A8EE
:10C400002EF0B2F81F4B069306AA3B46174603CF01
:10C410004745186059603A4603F10803F6D1386879
:10C4200018603A791A714FF000090DF11301204696
:10C430008DF8139025F07BFD134B059305A924F08F
:10C44000FDFE28220746494606A82EF08DF80F4B20
:10C4500006933A4606AB1F4603CF4745106051602E
:10C460003B4602F10802F6D1386810603B7913713F
:10C47000EBE500BF04F80400020009000001010020
:10C48000030009000001020004000900000103008C
:10C4900042F26F53984242F0EC834CF2356399427A
:10C4A00042F0DA83EF2F7FF4D0ADDA493A464046C6
:10C4B0002EF00FF800287FF4C8AD4FF0010805A951
:10C4C00020468DF8148025F032FDD34B069306A943
:10C4D00024F0B4FE0027077105A920468DF81480CA
:10C4E00025F025FDCD4B069306A924F0A7FE05A94E
:10C4F000077120468DF8148025F019FDC84B06936E
:10C5000006A924F09BFE4FF00208077105A92046FA
:10C510008DF8148025F00BFDC24B069306A924F07C
:10C520008DFE05A9077120468DF8148025F0FFFCCB
:10C53000BD4B069306A924F081FE05A9077120468C
:10C540008DF8148025F0F3FCB84B069306A924F06F
:10C5500075FE077142F6DE039E427FF476AD41F22E
:10C5600002339D4204D041F204339D427FF46DAD0D
:10C57000A768002F42F090836268206839469200D5
:10C580002DF0F2FFDFF8A8C2BCE80F00C4E9027783
:10C5900006AF0FC7BCE80F000FC79CE8030042239B
:10C5A00087E803000DF1130120468DF8133025F0C4
:10C5B000BEFCA04B059305A924F040FE06AAB84690
:10C5C000034617469446BCE80300C445186059600A
:10C5D000624603F10803F5D1DCF800001860DFF8CB
:10C5E00058E29CF804201A71BEE80F00BC46ACE883
:10C5F0000F00BEE80F00ACE80F009EE803004223E6
:10C600008CE803000DF1130120468DF8133025F05E
:10C610008EFC8A4B059305A924F010FE3A4603468A
:10C620009446BCE80300C44518605960624603F1B3
:10C630000803F5D1DCF800001860DFF804E29CF88C
:10C6400004201A71BEE80F00BC46ACE80F00BEE83B
:10C650000F00ACE80F009EE8030042238CE80300C3
:10C660000DF1130120468DF8133025F060FC754B59
:10C67000059305A924F0E2FD3A4603469446BCE83A
:10C680000300C44518605960624603F10803F5D100
:10C69000DCF800001860DFF8B0E19CF804201A71A3
:10C6A000BEE80F00BC46ACE80F00BEE80F00ACE8E7
:10C6B0000F009EE8030042238CE803000DF11301F4
:10C6C00020468DF8133025F032FC604B059305A908
:10C6D00024F0B4FD3A4603469446BCE80300C44542
:10C6E00018605960624603F10803F5D1DCF80000D8
:10C6F0001860DFF85CE19CF804201A71BEE80F00B6
:10C70000BC46ACE80F00BEE80F00ACE80F009EE8A6
:10C71000030042238CE803000DF1130120468DF83D
:10C72000133025F004FC4B4B059305A924F086FD3E
:10C730003A4603469446BCE80300C4451860596075
:10C74000624603F10803F5D1DCF800001860DFF859
:10C7500008E19CF804201A71BEE80F00BC46ACE862
:10C760000F00BEE80F00ACE80F009EE80300422374
:10C770008CE803000DF1130120468DF8133025F0ED
:10C78000D6FB364B059305A924F058FD3A460346DF
:10C790009446BCE80300C44518605960624603F142
:10C7A0000803F5D1DCF800001860DFF8B4E09CF86D
:10C7B00004201A71BEE80F00BC46ACE80F00BEE8CA
:10C7C0000F00ACE80F009EE8030042238CE8030052
:10C7D0000DF1130120468DF8133025F0A8FB214BF5
:10C7E000059305A924F02AFD3A4603469446BCE881
:10C7F0000300C44518605960624603F10803F5D18F
:10C80000DCF800001860DFF860E09CF804201A7182
:10C810002CE000BF15F704003000010031000100DA
:10C820003200010033000100340001003500010036
:10C8300078B0040002000900A0B004000300090061
:10C84000C8B0040001000900F0B0040004000900B1
:10C8500018B104000500090040B1040006000900F9
:10C8600068B104000700090090B10400BEE80F00A1
:10C87000BC46ACE80F00BEE80F00ACE80F009EE835
:10C88000030042238CE803000DF1130120468DF8CC
:10C89000133025F04CFBE24B059305A924F0CEFCA8
:10C8A0003A4603469446BCE80300C4451860596004
:10C8B000624603F10803F5D1DCF800001860DFF8E8
:10C8C00064E39CF804201A71BEE80F00BC46ACE893
:10C8D0000F00BEE80F00ACE80F009EE80300422303
:10C8E0008CE803000DF1130120468DF8133025F07C
:10C8F0001EFB4FF0091305A9059324F09FFC3A464F
:10C9000003469446BCE80300C4451860596062467B
:10C9100003F10803F5D1DCF800001860DFF808E344
:10C920009CF804201A71BEE80F00BC46ACE80F006A
:10C93000BEE80F00ACE80F009EE8030042238CE83D
:10C9400003000DF1130120468DF8133025F0EFFAA6
:10C95000B64B059305A924F071FC3A46034694466C
:10C96000BCE80300C44518605960624603F108033F
:10C97000F5D1DCF800001860DFF8B4E29CF8042080
:10C980001A71BEE80F00BC46ACE80F00BEE80F000D
:10C99000ACE80F009EE8030042238CE803000DF191
:10C9A000130120468DF8133025F0C1FAA14B0593F1
:10C9B00005A924F043FC3A4603469446BCE803002C
:10C9C000C44518605960624603F10803F5D1DCF8EC
:10C9D00000001860DFF860E29CF804201A71BEE8DD
:10C9E0000F00BC46ACE80F00BEE80F00ACE80F003B
:10C9F0009EE8030042238CE803000DF1130120465A
:10CA00008DF8133025F093FA8C4B059305A924F08B
:10CA100015FC3A4603469446BCE80300C44518603A
:10CA20005960624603F10803F5D1DCF80000186094
:10CA3000DFF80CE29CF804201A71BEE80F00BC4637
:10CA4000ACE80F00BEE80F00ACE80F009EE8030062
:10CA500042238CE803000DF1130120468DF81330BA
:10CA600025F065FA774B059305A924F0E7FB3A46D4
:10CA700003469446BCE80300C4451860596062460A
:10CA800003F10803F5D1DCF800001860DFF8B8E125
:10CA90009CF804201A71BEE80F00BC46ACE80F00F9
:10CAA000BEE80F00ACE80F009EE8030042238CE8CC
:10CAB00003000DF1130120468DF8133025F037FAED
:10CAC000624B059305A924F0B9FB3A460346944608
:10CAD000BCE80300C44518605960624603F10803CE
:10CAE000F5D1DCF800001860DFF864E19CF8042060
:10CAF0001A71BEE80F00BC46ACE80F00BEE80F009C
:10CB0000ACE80F009EE8030042238CE803000DF11F
:10CB1000130120468DF8133025F009FA4D4B05938B
:10CB200005A924F08BFB3A4603469446BCE8030073
:10CB3000C44518605960624603F10803F5D1DCF87A
:10CB400000001860DFF810E19CF804201A71BEE8BC
:10CB50000F00BC46ACE80F00BEE80F00ACE80F00C9
:10CB60009EE8030042238CE803000DF113012046E8
:10CB70008DF8133025F0DBF9384B059305A924F027
:10CB80005DFB03463A4603CA4245186059601746A2
:10CB900003F10803F6D110681860DFF8C4C01279F9
:10CBA0001A71BCE80F0006AF0FC7BCE80F000FC733
:10CBB0009CE80300422387E803000DF1130120469F
:10CBC0008DF8133025F0B3F9264B059305A924F011
:10CBD00035FB06AAB846034617469446BCE8030050
:10CBE000C44518605960624603F10803F5D1DCF8CA
:10CBF00000001860DFF870E09CF804201A71BEE8AD
:10CC00000F00BC46ACE80F00BEE80F00ACE80F0018
:10CC10009EE8030042238CE803000DF1130125E098
:10CC200008000900B8B10400E0B104000A000900DE
:10CC300008B204000D00090030B204000E00090023
:10CC400058B204000B00090080B204000C00090077
:10CC5000A8B204000F000900D0B2040010000900BF
:10CC6000F8B204001100090020B3040020468DF83A
:10CC7000133025F05CF9E54B059305A924F0DEFAA5
:10CC80003A4603469446BCE80300C4451860596020
:10CC9000624603F10803F5D1DCF800001860DFF804
:10CCA00070E39CF804201A71BEE80F00BC46ACE8A3
:10CCB0000F00BEE80F00ACE80F009EE8030042231F
:10CCC0008CE803000DF1130120468DF8133025F098
:10CCD0002EF9D04B059305A924F0B0FA3A46034645
:10CCE0009446BCE80300C44518605960624603F1ED
:10CCF0000803F5D1DCF800001860DFF81CE39CF8AD
:10CD000004201A71BEE80F00BC46ACE80F00BEE874
:10CD10000F00ACE80F009EE8030042238CE80300FC
:10CD20000DF1130120468DF8133025F000F9BB4BAF
:10CD3000059305A924F082FA3A4603469446BCE8D6
:10CD40000300C44518605960624603F10803F5D139
:10CD5000DCF800001860DFF8C8E29CF804201A71C3
:10CD6000BEE80F00BC46ACE80F00BEE80F00ACE820
:10CD70000F009EE8030042238CE803000DF113012D
:10CD800020468DF8133025F0D2F8A64B059305A95F
:10CD900024F054FA3A4603469446BCE80300C445DE
:10CDA00018605960624603F10803F5D1DCF8000011
:10CDB0001860DFF874E29CF804201A71BEE80F00D6
:10CDC000BC46ACE80F00BEE80F00ACE80F009EE8E0
:10CDD000030042238CE803000DF1130120468DF877
:10CDE000133025F0A4F8914B059305A924F026FAF9
:10CDF0003A4603469446BCE80300C44518605960AF
:10CE0000624603F10803F5D1DCF800001860DFF892
:10CE100020E29CF804201A71BEE80F00BC46ACE882
:10CE20000F00BEE80F00ACE80F009EE803004223AD
:10CE30008CE803000DF1130120468DF8133025F026
:10CE400076F87C4B059305A924F0F8F93A46034699
:10CE50009446BCE80300C44518605960624603F17B
:10CE60000803F5D1DCF800001860DFF8CCE19CF88D
:10CE700004201A71BEE80F00BC46ACE80F00BEE803
:10CE80000F00ACE80F009EE8030042238CE803008B
:10CE90000DF1130120468DF8133025F048F8674B4B
:10CEA000059305A924F0CAF93A4603469446BCE81E
:10CEB0000300C44518605960624603F10803F5D1C8
:10CEC000DCF800001860DFF878E19CF804201A71A3
:10CED000BEE80F00BC46ACE80F00BEE80F00ACE8AF
:10CEE0000F009EE8030042238CE803000DF11301BC
:10CEF00020468DF8133025F01AF8524B059305A9FA
:10CF000024F09CF93A4603469446BCE80300C44525
:10CF100018605960624603F10803F5D1DCF800009F
:10CF20001860DFF824E19CF804201A71BEE80F00B5
:10CF3000BC46ACE80F00BEE80F00ACE80F009EE86E
:10CF4000030042238CE803000DF1130120468DF805
:10CF5000133024F0ECFF3D4B059305A924F06EF946
:10CF60003A4603469446BCE80300C445186059603D
:10CF7000624603F10803F5D1DCF800001860DFF821
:10CF8000D0E09CF804201A71BEE80F00BC46ACE863
:10CF90000F00BEE80F00ACE80F009EE8030042233C
:10CFA0008CE803000DF1130120468DF8133024F0B6
:10CFB000BEFF284B059305A924F040F93A460346E5
:10CFC0009446BCE80300C44518605960624603F10A
:10CFD0000803F5D1DCF800001860DFF87CE09CF86D
:10CFE00004201A71BEE80F00BC46ACE80F00BEE892
:10CFF0000F00ACE80F009EE8030042238CE803001A
:10D000000DF1130120468DF8133027E012000900BE
:10D0100048B304001300090070B3040014000900B1
:10D0200098B3040015000900C0B3040016000900FD
:10D03000E8B304001700090010B404001800090048
:10D0400038B404001900090060B404001A00090093
:10D0500088B404000100F9FFB0B4040024F067FFB5
:10D06000E14B059305A924F0E9F83A4603469446B6
:10D07000BCE80300C44518605960624603F1080328
:10D08000F5D1DCF800001860DFF860E39CF80420BC
:10D090001A71BEE80F00BC46ACE80F00BEE80F00F6
:10D0A000ACE80F009EE8030042238CE803000DF17A
:10D0B000130120468DF8133024F039FFCC4B059333
:10D0C00005A924F0BBF83A4603469446BCE80300A1
:10D0D000C44518605960624603F10803F5D1DCF8D5
:10D0E00000001860DFF80CE39CF804201A71BEE819
:10D0F0000F00BC46ACE80F00BEE80F00ACE80F0024
:10D100009EE8030042238CE803000DF11301204642
:10D110008DF8133024F00BFFB74B059305A924F0CD
:10D120008DF83A4603469446BCE80300C4451860AF
:10D130005960624603F10803F5D1DCF8000018607D
:10D14000DFF8B8E29CF804201A71BEE80F00BC4674
:10D15000ACE80F00BEE80F00ACE80F009EE803004B
:10D1600042238CE803000DF1130120468DF81330A3
:10D1700024F0DDFEA24B059305A924F05FF83A46A2
:10D1800003469446BCE80300C445186059606246F3
:10D1900003F10803F5D1DCF800001860DFF864E261
:10D1A0009CF804201A71BEE80F00BC46ACE80F00E2
:10D1B000BEE80F00ACE80F009EE8030042238CE8B5
:10D1C00003000DF1130120468DF8133024F0AFFE5B
:10D1D0008D4B059305A924F031F803463A4603CA5E
:10D1E000424518605960174603F10803F6D11068EC
:10D1F0001860DFF818C212791A71BCE80F0006AF88
:10D200000FC7BCE80F000FC79CE80300422387E864
:10D2100003000DF1130120468DF8133024F087FE32
:10D220007B4B059305A924F009F806AAB8460346E6
:10D2300017469446BCE80300C4451860596062462E
:10D2400003F10803F5D1DCF800001860DFF8C4E151
:10D250009CF804201A71BEE80F00BC46ACE80F0031
:10D26000BEE80F00ACE80F009EE8030042238CE804
:10D2700003000DF1130120468DF8133024F057FE02
:10D28000654B059305A923F0D9FF3A46034694461A
:10D29000BCE80300C44518605960624603F1080306
:10D2A000F5D1DCF800001860DFF870E19CF804208C
:10D2B0001A71BEE80F00BC46ACE80F00BEE80F00D4
:10D2C000ACE80F009EE8030042238CE803000DF158
:10D2D000130120468DF8133024F029FE504B05939E
:10D2E00005A923F0ABFF3A4603469446BCE8030089
:10D2F000C44518605960624603F10803F5D1DCF8B3
:10D3000000001860DFF81CE19CF804201A71BEE8E8
:10D310000F00BC46ACE80F00BEE80F00ACE80F0001
:10D320009EE8030042238CE803000DF11301204620
:10D330008DF8133024F0FBFD3B4B059305A923F03A
:10D340007DFF3A4603469446BCE80300C445186096
:10D350005960624603F10803F5D1DCF8000018605B
:10D36000DFF8C8E09CF804201A71BEE80F00BC4644
:10D37000ACE80F00BEE80F00ACE80F009EE8030029
:10D3800042238CE803000DF1130120468DF8133081
:10D3900024F0CDFD264B059305A923F04FFF3A4617
:10D3A00003469446BCE80300C445186059606246D1
:10D3B00003F10803F5D1DCF800001860DFF874E031
:10D3C0009CF804201A71BEE80F00BC46ACE80F00C0
:10D3D000BEE80F00ACE80F009EE8030042238CE893
:10D3E00003000DF1130127E00200F9FFD8B4040097
:10D3F0000300F9FF00B504000400F9FF28B504009C
:10D400003000010050B504003100010078B504007F
:10D4100032000100A0B5040035000100C8B50400C9
:10D4200033000100F0B504003400010018B6040018
:10D430000100FBFF40B6040020468DF8133024F0B5
:10D4400076FDE54B059305A923F0F8FE3A46034621
:10D450009446BCE80300C44518605960624603F175
:10D460000803F5D1DCF800001860DFF870E39CF8E1
:10D4700004201A71BEE80F00BC46ACE80F00BEE8FD
:10D480000F00ACE80F009EE8030042238CE8030085
:10D490000DF1130120468DF8133024F048FDD04BD8
:10D4A000059305A923F0CAFE3A4603469446BCE814
:10D4B0000300C44518605960624603F10803F5D1C2
:10D4C000DCF800001860DFF81CE39CF804201A71F7
:10D4D000BEE80F00BC46ACE80F00BEE80F00ACE8A9
:10D4E0000F009EE8030042238CE803000DF11301B6
:10D4F00020468DF8133024F01AFDBB4B059305A987
:10D5000023F09CFE3A4603469446BCE80300C4451B
:10D5100018605960624603F10803F5D1DCF8000099
:10D520001860DFF8C8E29CF804201A71BEE80F000A
:10D53000BC46ACE80F00BEE80F00ACE80F009EE868
:10D54000030042238CE803000DF1130120468DF8FF
:10D55000133024F0ECFCA64B059305A923F06EFED6
:10D560003A4603469446BCE80300C4451860596037
:10D57000624603F10803F5D1DCF800001860DFF81B
:10D5800074E29CF804201A71BEE80F00BC46ACE8B7
:10D590000F00BEE80F00ACE80F009EE80300422336
:10D5A0008CE803000DF1130120468DF8133024F0B0
:10D5B000BEFC914B059305A923F040FE3A46034675
:10D5C0009446BCE80300C44518605960624603F104
:10D5D0000803F5D1DCF800001860DFF820E29CF8C1
:10D5E00004201A71BEE80F00BC46ACE80F00BEE88C
:10D5F0000F00ACE80F009EE8030042238CE8030014
:10D600000DF1130120468DF8133024F090FC7C4B73
:10D61000059305A923F012FE3A4603469446BCE85A
:10D620000300C44518605960624603F10803F5D150
:10D63000DCF800001860DFF8CCE19CF804201A71D7
:10D64000BEE80F00BC46ACE80F00BEE80F00ACE837
:10D650000F009EE8030042238CE803000DF1130144
:10D6600020468DF8133024F062FC674B059305A922
:10D6700023F0E4FD3A4603469446BCE80300C44563
:10D6800018605960624603F10803F5D1DCF8000028
:10D690001860DFF878E19CF804201A71BEE80F00EA
:10D6A000BC46ACE80F00BEE80F00ACE80F009EE8F7
:10D6B000030042238CE803000DF1130120468DF88E
:10D6C000133024F034FC524B059305A923F0B6FD2A
:10D6D0003A4603469446BCE80300C44518605960C6
:10D6E000624603F10803F5D1DCF800001860DFF8AA
:10D6F00024E19CF804201A71BEE80F00BC46ACE897
:10D700000F00BEE80F00ACE80F009EE803004223C4
:10D710008CE803000DF1130120468DF8133024F03E
:10D7200006FC3D4B059305A923F088FD3A460346C8
:10D730009446BCE80300C44518605960624603F192
:10D740000803F5D1DCF800001860DFF8D0E09CF8A1
:10D7500004201A71BEE80F00BC46ACE80F00BEE81A
:10D760000F00ACE80F009EE8030042238CE80300A2
:10D770000DF1130120468DF8133024F0D8FB284B0F
:10D78000059305A923F05AFD3A4603469446BCE8A2
:10D790000300C44518605960624603F10803F5D1DF
:10D7A000DCF800001860DFF87CE09CF804201A71B7
:10D7B000BEE80F00BC46ACE80F00BEE80F00ACE8C6
:10D7C0000F009EE8030042238CE803000DF11301D3
:10D7D00020468DF8133027E00200FBFF68B60400F6
:10D7E0000300FBFF90B604000400FBFFB8B6040082
:10D7F0000500FBFFE0B604000600FBFF08B70400CD
:10D800005304200030B704005404200058B704002B
:10D810005504200080B7040057042000A8B7040076
:10D8200058042000D0B7040024F081FBE14B05939D
:10D8300005A923F003FD03463A4603CA4245186092
:10D840005960174603F10803F6D110681860DFF835
:10D8500068C312791A71BCE80F0006AF0FC7BCE8A5
:10D860000F000FC79CE80300422387E803000DF177
:10D87000130120468DF8133024F059FBCF4B05934C
:10D8800005A923F0DBFC06AAB846034617469446D2
:10D89000BCE80300C44518605960624603F1080300
:10D8A000F5D1DCF800001860DFF814E39CF80420E0
:10D8B0001A71BEE80F00BC46ACE80F00BEE80F00CE
:10D8C000ACE80F009EE8030042238CE803000DF152
:10D8D000130120468DF8133024F029FBB94B059332
:10D8E00005A923F0ABFC3A4603469446BCE8030086
:10D8F000C44518605960624603F10803F5D1DCF8AD
:10D9000000001860DFF8C0E29CF804201A71BEE83D
:10D910000F00BC46ACE80F00BEE80F00ACE80F00FB
:10D920009EE8030042238CE803000DF1130120461A
:10D930008DF8133024F0FBFAA44B059305A923F0CE
:10D940007DFC3A4603469446BCE80300C445186093
:10D950005960624603F10803F5D1DCF80000186055
:10D96000DFF86CE29CF804201A71BEE80F00BC4698
:10D97000ACE80F00BEE80F00ACE80F009EE8030023
:10D9800042238CE803000DF1130120468DF813307B
:10D9900024F0CDFA8F4B059305A923F04FFC3A46AE
:10D9A00003469446BCE80300C445186059606246CB
:10D9B00003F10803F5D1DCF800001860DFF818E285
:10D9C0009CF804201A71BEE80F00BC46ACE80F00BA
:10D9D000BEE80F00ACE80F009EE8030045238CE88A
:10D9E00003000DF1130120468DF8133024F09FFA47
:10D9F0007A4B059305A923F021FC3A460346944649
:10DA0000BCE80300C44518605960624603F108038E
:10DA1000F5D1DCF800001860DFF8C4E19CF80420C0
:10DA20001A71BEE80F00BC46ACE80F00BEE80F005C
:10DA3000ACE80F009EE8030045238CE803000DF1DD
:10DA4000130120468DF8133024F071FA654B0593CD
:10DA500005A923F0F3FB3A4603469446BCE80300CD
:10DA6000C44518605960624603F10803F5D1DCF83B
:10DA700000001860DFF870E19CF804201A71BEE81D
:10DA80000F00BC46ACE80F00BEE80F00ACE80F008A
:10DA90009EE8030045238CE803000DF113012046A6
:10DAA0008DF8133024F043FA504B059305A923F069
:10DAB000C5FB3A4603469446BCE80300C4451860DB
:10DAC0005960624603F10803F5D1DCF800001860E4
:10DAD000DFF81CE19CF804201A71BEE80F00BC4678
:10DAE000ACE80F00BEE80F00ACE80F009EE80300B2
:10DAF00045238CE803000DF1130120468DF8133007
:10DB000024F015FA3B4B059305A923F097FB3A4601
:10DB100003469446BCE80300C44518605960624659
:10DB200003F10803F5D1DCF800001860DFF8C8E065
:10DB30009CF804201A71BEE80F00BC46ACE80F0048
:10DB4000BEE80F00ACE80F009EE8030045238CE818
:10DB500003000DF1130120468DF8133024F0E7F98E
:10DB6000264B059305A923F069FB3A4603469446E4
:10DB7000BCE80300C44518605960624603F108031D
:10DB8000F5D1DCF800001860DFF874E09CF80420A0
:10DB90001A71BEE80F00BC46ACE80F00BEE80F00EB
:10DBA000ACE80F009EE8030045238CE803000DF16C
:10DBB000130127E059042000F8B704004C000100CD
:10DBC00020B804004900010048B804004A000100E0
:10DBD00070B804004B00010098B80400020009006E
:10DBE000C0B8040003000900E8B8040001000900FF
:10DBF00010B904000400090038B904000500090048
:10DC000060B9040020468DF8133024F090F9E24BFF
:10DC1000059305A923F012FB3A4603469446BCE857
:10DC20000300C44518605960624603F10803F5D14A
:10DC3000DCF800001860DFF864E39CF804201A7137
:10DC4000BEE80F00BC46ACE80F00BEE80F00ACE831
:10DC50000F009EE8030045238CE803000DF113013B
:10DC600020468DF8133024F062F9CD4B059305A9B9
:10DC700023F0E4FA3A4603469446BCE80300C44560
:10DC800018605960624603F10803F5D1DCF8000022
:10DC90001860DFF810E39CF804201A71BEE80F004A
:10DCA000BC46ACE80F00BEE80F00ACE80F009EE8F1
:10DCB000030045238CE803000DF1130120468DF885
:10DCC000133024F034F9B84B059305A923F0B6FAC4
:10DCD0003A4603469446BCE80300C44518605960C0
:10DCE000624603F10803F5D1DCF800001860DFF8A4
:10DCF000BCE29CF804201A71BEE80F00BC46ACE8F8
:10DD00000F00BEE80F00ACE80F009EE803004523BB
:10DD10008CE803000DF1130120468DF8133024F038
:10DD200006F94FF0091305A9059323F087FA3A463F
:10DD300003469446BCE80300C44518605960624637
:10DD400003F10803F5D1DCF800001860DFF860E2A9
:10DD50009CF804201A71BEE80F00BC46ACE80F0026
:10DD6000BEE80F00ACE80F009EE8030045238CE8F6
:10DD700003000DF1130120468DF8133024F0D7F87D
:10DD80008C4B059305A923F059FA3A46034694466D
:10DD9000BCE80300C44518605960624603F10803FB
:10DDA000F5D1DCF800001860DFF80CE29CF80420E4
:10DDB0001A71BEE80F00BC46ACE80F00BEE80F00C9
:10DDC000ACE80F009EE8030045238CE803000DF14A
:10DDD000130120468DF8133024F0A9F8774B0593F2
:10DDE00005A923F02BFA3A4603469446BCE8030003
:10DDF000C44518605960624603F10803F5D1DCF8A8
:10DE000000001860DFF8B8E19CF804201A71BEE841
:10DE10000F00BC46ACE80F00BEE80F00ACE80F00F6
:10DE20009EE8030045238CE803000DF11301204612
:10DE30008DF8133024F07BF8624B059305A923F08D
:10DE4000FDF903463A4603CA424518605960174631
:10DE500003F10803F6D110681860DFF86CC112797D
:10DE60001A71BCE80F0006AF0FC7BCE80F000FC760
:10DE70009CE80300452387E803000DF113012046C9
:10DE80008DF8133024F053F8504B059305A923F077
:10DE9000D5F906AAB846034617469446BCE80300DF
:10DEA000C44518605960624603F10803F5D1DCF8F7
:10DEB00000001860DFF818E19CF804201A71BEE831
:10DEC0000F00BC46ACE80F00BEE80F00ACE80F0046
:10DED0009EE8030045238CE803000DF11301204662
:10DEE0008DF8133024F023F83A4B059305A923F05D
:10DEF000A5F93A4603469446BCE80300C4451860B9
:10DF00005960624603F10803F5D1DCF8000018609F
:10DF1000DFF8C4E09CF804201A71BEE80F00BC468C
:10DF2000ACE80F00BEE80F00ACE80F009EE803006D
:10DF300045238CE803000DF1130120468DF81330C2
:10DF400023F0F5FF254B059305A923F077F93A4611
:10DF500003469446BCE80300C44518605960624615
:10DF600003F10803F5D1DCF800001860DFF870E079
:10DF70009CF804201A71BEE80F00BC46ACE80F0004
:10DF8000BEE80F00ACE80F009EE8030045238CE8D4
:10DF900003000DF1130125E00600090088B9040013
:10DFA00007000900B0B9040008000900D8B904004E
:10DFB00000BA04000A00090028BA04000D00090094
:10DFC00050BA04000E00090078BA04000B000900E2
:10DFD000A0BA04000C000900C8BA04000F00090030
:10DFE000F0BA040020468DF8133023F0A0FFE54B73
:10DFF000059305A923F022F93A4603469446BCE866
:10E000000300C44518605960624603F10803F5D166
:10E01000DCF800001860DFF870E39CF804201A7147
:10E02000BEE80F00BC46ACE80F00BEE80F00ACE84D
:10E030000F009EE8030045238CE803000DF1130157
:10E0400020468DF8133023F072FFD04B059305A9BD
:10E0500023F0F4F83A4603469446BCE80300C4456E
:10E0600018605960624603F10803F5D1DCF800003E
:10E070001860DFF81CE39CF804201A71BEE80F005A
:10E08000BC46ACE80F00BEE80F00ACE80F009EE80D
:10E09000030045238CE803000DF1130120468DF8A1
:10E0A000133023F044FFBB4B059305A923F0C6F8BA
:10E0B0003A4603469446BCE80300C44518605960DC
:10E0C000624603F10803F5D1DCF800001860DFF8C0
:10E0D000C8E29CF804201A71BEE80F00BC46ACE808
:10E0E0000F00BEE80F00ACE80F009EE803004523D8
:10E0F0008CE803000DF1130120468DF8133023F056
:10E1000016FFA64B059305A923F098F83A46034657
:10E110009446BCE80300C44518605960624603F1A8
:10E120000803F5D1DCF800001860DFF874E29CF811
:10E1300004201A71BEE80F00BC46ACE80F00BEE830
:10E140000F00ACE80F009EE8030045238CE80300B5
:10E150000DF1130120468DF8133023F0E8FE914BAA
:10E16000059305A923F06AF83A4603469446BCE8AD
:10E170000300C44518605960624603F10803F5D1F5
:10E18000DCF800001860DFF820E29CF804201A7127
:10E19000BEE80F00BC46ACE80F00BEE80F00ACE8DC
:10E1A0000F009EE8030045238CE803000DF11301E6
:10E1B00020468DF8133023F0BAFE7C4B059305A959
:10E1C00023F03CF83A4603469446BCE80300C445B5
:10E1D00018605960624603F10803F5D1DCF80000CD
:10E1E0001860DFF8CCE19CF804201A71BEE80F003B
:10E1F000BC46ACE80F00BEE80F00ACE80F009EE89C
:10E20000030045238CE803000DF1130120468DF82F
:10E21000133023F08CFE674B059305A923F00EF80D
:10E220003A4603469446BCE80300C445186059606A
:10E23000624603F10803F5D1DCF800001860DFF84E
:10E2400078E19CF804201A71BEE80F00BC46ACE8E7
:10E250000F00BEE80F00ACE80F009EE80300452366
:10E260008CE803000DF1130120468DF8133023F0E4
:10E270005EFE524B059305A922F0E0FF3A460346A5
:10E280009446BCE80300C44518605960624603F137
:10E290000803F5D1DCF800001860DFF824E19CF8F1
:10E2A00004201A71BEE80F00BC46ACE80F00BEE8BF
:10E2B0000F00ACE80F009EE8030045238CE8030044
:10E2C0000DF1130120468DF8133023F030FE3D4B45
:10E2D000059305A922F0B2FF3A4603469446BCE8EE
:10E2E0000300C44518605960624603F10803F5D184
:10E2F000DCF800001860DFF8D0E09CF804201A7108
:10E30000BEE80F00BC46ACE80F00BEE80F00ACE86A
:10E310000F009EE8030045238CE803000DF1130174
:10E3200020468DF8133023F002FE284B059305A9F3
:10E3300022F084FF3A4603469446BCE80300C445F5
:10E3400018605960624603F10803F5D1DCF800005B
:10E350001860DFF87CE09CF804201A71BEE80F001A
:10E36000BC46ACE80F00BEE80F00ACE80F009EE82A
:10E37000030045238CE803000DF1130120468DF8BE
:10E38000133027E01000090018BB04001100090039
:10E3900040BB04001200090068BB04001300090020
:10E3A00090BB040014000900B8BB0400150009006C
:10E3B000E0BB04001600090008BC040017000900B7
:10E3C00030BC04001800090058BC04001900090002
:10E3D00080BC040023F0ABFDE14B059305A922F0BE
:10E3E0002DFF3A4603469446BCE80300C445186036
:10E3F0005960624603F10803F5D1DCF800001860AB
:10E40000DFF860E39CF804201A71BEE80F00BC46F8
:10E41000ACE80F00BEE80F00ACE80F009EE8030078
:10E4200045238CE803000DF1130120468DF81330CD
:10E4300023F07DFDCC4B059305A922F0FFFE3A4663
:10E4400003469446BCE80300C44518605960624620
:10E4500003F10803F5D1DCF800001860DFF80CE3E5
:10E460009CF804201A71BEE80F00BC46ACE80F000F
:10E47000BEE80F00ACE80F009EE8030045238CE8DF
:10E4800003000DF1130120468DF8133023F04FFDEA
:10E49000B74B059305A922F0D1FE03463A4603CABD
:10E4A000424518605960174603F10803F6D1106819
:10E4B0001860DFF8C0C212791A71BCE80F0006AF0D
:10E4C0000FC7BCE80F000FC79CE80300452387E88F
:10E4D00003000DF1130120468DF8133023F027FDC2
:10E4E000A54B059305A922F0A9FE06AAB846034646
:10E4F00017469446BCE80300C4451860596062465C
:10E5000003F10803F5D1DCF800001860DFF86CE2D5
:10E510009CF804201A71BEE80F00BC46ACE80F005E
:10E52000BEE80F00ACE80F009EE8030045238CE82E
:10E5300003000DF1130120468DF8133023F0F7FC92
:10E540008F4B059305A922F079FE3A46034694467F
:10E55000BCE80300C44518605960624603F1080333
:10E56000F5D1DCF800001860DFF818E29CF8042010
:10E570001A71BEE80F00BC46ACE80F00BEE80F0001
:10E58000ACE80F009EE8030045238CE803000DF182
:10E59000130120468DF8133023F0C9FC7A4B059304
:10E5A00005A922F04BFE3A4603469446BCE8030018
:10E5B000C44518605960624603F10803F5D1DCF8E0
:10E5C00000001860DFF8C4E19CF804201A71BEE86E
:10E5D0000F00BC46ACE80F00BEE80F00ACE80F002F
:10E5E0009EE8030045238CE803000DF1130120464B
:10E5F0008DF8133023F09BFC654B059305A922F0A1
:10E600001DFE3A4603469446BCE80300C445186024
:10E610005960624603F10803F5D1DCF80000186088
:10E62000DFF870E19CF804201A71BEE80F00BC46C8
:10E63000ACE80F00BEE80F00ACE80F009EE8030056
:10E6400045238CE803000DF1130120468DF81330AB
:10E6500023F06DFC504B059305A922F0EFFD3A46DF
:10E6600003469446BCE80300C445186059606246FE
:10E6700003F10803F5D1DCF800001860DFF81CE1B5
:10E680009CF804201A71BEE80F00BC46ACE80F00ED
:10E69000BEE80F00ACE80F009EE8030045238CE8BD
:10E6A00003000DF1130120468DF8133023F03FFCD9
:10E6B0003B4B059305A922F0C1FD3A46034694461B
:10E6C000BCE80300C44518605960624603F10803C2
:10E6D000F5D1DCF800001860DFF8C8E09CF80420F1
:10E6E0001A71BEE80F00BC46ACE80F00BEE80F0090
:10E6F000ACE80F009EE8030045238CE803000DF111
:10E70000130120468DF8133023F011FC264B05939E
:10E7100005A922F093FD3A4603469446BCE803005F
:10E72000C44518605960624603F10803F5D1DCF86E
:10E7300000001860DFF874E09CF804201A71BEE84D
:10E740000F00BC46ACE80F00BEE80F00ACE80F00BD
:10E750009EE8030045238CE803000DF1130127E038
:10E760001A000900A8BC04000100F9FFD0BC040095
:10E770000200F9FFF8BC04000300F9FF20BD04000B
:10E780000400F9FF48BD04003000010070BD040022
:10E790003100010098BD040032000100C0BD04003A
:10E7A00035000100E8BD04003300010010BE040084
:10E7B00020468DF8133023F0BAFBDF4B059305A9F3
:10E7C00022F03CFD3A4603469446BCE80300C445AB
:10E7D00018605960624603F10803F5D1DCF80000C7
:10E7E0001860DFF858E39CF804201A71BEE80F00A7
:10E7F000BC46ACE80F00BEE80F00ACE80F009EE896
:10E80000030045238CE803000DF1130120468DF829
:10E81000133023F08CFBCA4B059305A922F00EFDA3
:10E820003A4603469446BCE80300C4451860596064
:10E83000624603F10803F5D1DCF800001860DFF848
:10E8400004E39CF804201A71BEE80F00BC46ACE853
:10E850000F00BEE80F00ACE80F009EE80300452360
:10E860008CE803000DF1130120468DF8133023F0DE
:10E870005EFBB54B059305A922F0E0FC3A46034642
:10E880009446BCE80300C44518605960624603F131
:10E890000803F5D1DCF800001860DFF8B0E29CF85E
:10E8A00004201A71BEE80F00BC46ACE80F00BEE8B9
:10E8B0000F00ACE80F009EE8030045238CE803003E
:10E8C0000DF1130120468DF8133023F030FBA04BDF
:10E8D000059305A922F0B2FC3A4603469446BCE8EB
:10E8E0000300C44518605960624603F10803F5D17E
:10E8F000DCF800001860DFF85CE29CF804201A7174
:10E90000BEE80F00BC46ACE80F00BEE80F00ACE864
:10E910000F009EE8030045238CE803000DF113016E
:10E9200020468DF8133023F002FB8B4B059305A98D
:10E9300022F084FC3A4603469446BCE80300C445F2
:10E9400018605960624603F10803F5D1DCF8000055
:10E950001860DFF808E29CF804201A71BEE80F0086
:10E96000BC46ACE80F00BEE80F00ACE80F009EE824
:10E97000030045238CE803000DF1130120468DF8B8
:10E98000133023F0D4FA764B059305A922F056FCF8
:10E990003A4603469446BCE80300C44518605960F3
:10E9A000624603F10803F5D1DCF800001860DFF8D7
:10E9B000B4E19CF804201A71BEE80F00BC46ACE834
:10E9C0000F00BEE80F00ACE80F009EE803004523EF
:10E9D0008CE803000DF1130120468DF8133023F06D
:10E9E000A6FA614B059305A922F028FC3A46034696
:10E9F0009446BCE80300C44518605960624603F1C0
:10EA00000803F5D1DCF800001860DFF860E19CF83D
:10EA100004201A71BEE80F00BC46ACE80F00BEE847
:10EA20000F00ACE80F009EE8030045238CE80300CC
:10EA30000DF1130120468DF8133023F078FA4C4B7A
:10EA4000059305A922F0FAFB3A4603469446BCE832
:10EA50000300C44518605960624603F10803F5D10C
:10EA6000DCF800001860DFF80CE19CF804201A7153
:10EA7000BEE80F00BC46ACE80F00BEE80F00ACE8F3
:10EA80000F009EE8030045238CE803000DF11301FD
:10EA900020468DF8133023F04AFA374B059305A929
:10EAA00022F0CCFB03463A4603CA4245186059603F
:10EAB000174603F10803F6D110681860DFF8BCC0F0
:10EAC00012791A71BCE80F0006AF0FC7BCE80F003F
:10EAD0000FC79CE80300452387E803000DF11301ED
:10EAE00020468DF8133023F022FA254B059305A913
:10EAF00022F0A4FB06AA0346B9469046174603CF68
:10EB00004F45186059603A4603F10803F6D138685A
:10EB10001860DFF870C03A791A71BCE80F004746F8
:10EB20000FC7BCE80F000FC79CE80300452387E828
:10EB300003000DF1130127E03400010038BE04008A
:10EB40000100FBFF60BE04000200FBFF88BE040062
:10EB50000300FBFFB0BE04000400FBFFD8BE0400AE
:10EB60000500FBFF00BF04000600FBFF28BF0400F8
:10EB70005304200050BF04005404200078BF040058
:10EB800055042000A0BF040020468DF8133023F068
:10EB9000CEF97F4B059305A922F050FB4246034670
:10EBA000174603CF4F45186059603A4603F10803F2
:10EBB000F6D138681860DFF8DCC13A791A71BCE820
:10EBC0000F0047460FC7BCE80F000FC79CE80300C3
:10EBD000452387E803000DF1130120468DF813301B
:10EBE00023F0A5F96C4B059305A922F027FB4246BB
:10EBF0000346174603CF4F45186059603A4603F164
:10EC00000803F6D138681860DFF890C13A791A71B4
:10EC1000BCE80F0047460FC7BCE80F000FC79CE8D1
:10EC20000300452387E803000DF1130120468DF80A
:10EC3000133023F07CF95A4B059305A922F0FEFA14
:10EC40000346424603CA4A4518605960904603F19C
:10EC50000803F6D1FDF764BB4CF22B6399427DF4B7
:10EC6000F4A9B7F59C7F7DF4F0A94E493A46FDF72B
:10EC70001EBC40F26D4398427DF46CAC4CF22563AF
:10EC800099427DF4E2A940F219139F427DF4DDA977
:10EC900045493A46FDF70BBCB84658F8089B404634
:10ECA00023F0E2F8404622F0CDF9384624212BF03B
:10ECB000C0FA4F46FDF75DBC0D225343CF18CB5A27
:10ECC000B34206D17A88AA4203D13A7901998A429D
:10ECD00002D073BB7B8863BB97F80C8018F03F03AE
:10ECE00007F10501039328D07A7902922046B7F8FC
:10ECF0000AB022F05EF9D7F80610069106A923F0B3
:10ED0000E4F8039B43704FEAD813029A037148F367
:10ED1000801800230270A0F802B043718371C0F81C
:10ED20000880C360036143618361C361036280F84B
:10ED3000243009F10109FDF78FB9204622F039F995
:10ED4000D7F80630069306A923F01FF8F1E740F242
:10ED50005E439E4219D140F612339D4215D12023C5
:10ED600006A920468DF8183023F0E1F810220F494B
:10ED700023F0A4F9072306A920468DF8183023F0C4
:10ED8000D6F80B490122FDF78BB911B0BDE8F08F21
:10ED900057042000C8BF040058042000F0BF04003E
:10EDA00059042000DDF50400C4F404009C15002083
:10EDB00094150020F0B5164607468C4614460FCE33
:10EDC00097B00BAD0FC50FCE0FC596E8070085E8CD
:10EDD00007003D460FCD0FC40FCD0FC495E80700C7
:10EDE0000CAD84E807000FCD6C460FC40FCD0FC4E7
:10EDF00095E80300ACEB070C064A4FEAAC0C84E83C
:10EE0000030002FB0CF20B9B0021384623F0CCF9E7
:10EE100017B0F0BDA38B2EBA81422DE9F041844694
:10EE20000E46174612D0864690464AB175460FCD1B
:10EE300044460FC40FCD0FC495E8030084E80300D7
:10EE40000EF1280EB64508F12808EFD1054BA6EBC8
:10EE50000C06F6085E4326F06046282000FB06708C
:10EE6000BDE8F081CDCCCC0C08B5034678B1084A9A
:10EE7000904206D9074A904201D92BF0B1FA2BF003
:10EE8000ACFA28205843BDE808402BF0D6B908BD9D
:10EE90003333330366666606F0B5104B53F82040F3
:10EEA0000F4B53F820500F4B53F820600E4B53F884
:10EEB00020700E4B33F810100023994201DC002023
:10EEC000F0BDE25CF05C024206D1E85C4240F85CD6
:10EED000024201D10133F0E70120F1E7C88D0020A3
:10EEE000C08B0020B8890020B0870020B2D200205B
:10EEF000F8B5474B00EB400003EB800241F2E764BA
:10EF0000516853F8202040F6180500230120914253
:10EF100001D1012059E092F90060362E12DC212E39
:10EF200014DC142E0CDDA6F11507FFB200FA07F76A
:10EF300027424BD12F4254D11D2E03D1012B54E037
:10EF4000002E31DA33481DF023FC3DE0233E132E22
:10EF50004ED801A757F826F0F9EF0100D1EF0100D4
:10EF6000CDEF0100CDEF0100E3EF0100E3EF010081
:10EF7000E9EF0100E3EF010001F001003DEF0100C6
:10EF8000CDEF0100E3EF01003DEF0100C5EF01000F
:10EF9000E3EF0100C5EF0100CDEF0100CDEF01006F
:10EFA00007F001000BF00100023E102E0AD8DFE846
:10EFB00006F00D1818180918180D0D0D110D0D0F6C
:10EFC000090D1B000F2B09DD0020F8BD002BFBD025
:10EFD0000C329CE79BB25E1E0E2EF5D801331BB29D
:10EFE000F6E7012B06DCEFE7022BEDDD023BF6E74F
:10EFF000002BE9D0013BF2E7032BE5DD033BEEE715
:10F00000012BE5DCE0E7022BECE7032BEDE700BF8B
:10F010001C630020AFFB040070B5084D084E0024AF
:10F02000E0B2FFF765FF013405F8010B18B921467E
:10F0300030461DF027FB082CF2D170BDF0E6002011
:10F04000CDFB040010B50023074A1846D2E900148E
:10F050008C4205D10333182B02F10C02F6D110BDFE
:10F0600088600C31F4E700BF1C63002070B50A4BC8
:10F0700053F82250094B33F8124000239C4201DC24
:10F08000002070BDCE5CC25C7240EE5C324201D1A9
:10F090000133F3E70120F4E7B0870020B2D200206B
:10F0A000F8B5194B1B78064603F0FF004BBB174C15
:10F0B00023782BB3164B174A1B78174D03EB03131A
:10F0C00002EB8303154A12689A420DD12B7814493A
:10F0D00003EB831203EB83138F5C124A32F8172081
:10F0E0000132D2B21944B0472B780F4A013303F0F2
:10F0F00007032B702378013B2370136801331360DF
:10F10000F8BD0020FCE700BFE8E60020F8EE002094
:10F11000E5E60020E0C30400FAEE002018630020BA
:10F12000FBEE0020B2D20020286700202DE9F0413C
:10F13000134E34780346F4B1124A127802F0FF07F6
:10F14000E2B9DFF84480114D98F80010402205EB39
:10F1500081110120984798F80030013303F0010332
:10F16000044605EB83103F223946013088F8003011
:10F170002BF0FAF937702046BDE8F0810024FAE759
:10F18000EFE60020E8E60020EEE60020EF1A00207F
:10F1900070B50A4C2378072B0ED0094D5E1C2D78D4
:10F1A000267003EBC303074C03EB85132344C3F81A
:10F1B0000100C3F805105A7270BD00BFEFE60020D1
:10F1C000EEE60020EF1A002010B4044C2468E46935
:10F1D00014B1A44610BC604710BC704718630020EF
:10F1E000014B1878704700BFF8EE0020014B1868FB
:10F1F000704700BFAC870020034B1B681B6A03B13C
:10F2000018471846704700BF18630020024B1B6860
:10F210005B6A03B11847704718630020034B1B68F3
:10F220009B6A03B118471846704700BF1863002057
:10F230002DE9F041D1E900240023A41AC0E90033EC
:10F2400007460D46836024D01A4B9C4201D92BF00F
:10F25000C7F820462AF0F1FF0646C7E900663444A5
:10F26000BC60D5E9008C4FF0000E08EB0E04A445FD
:10F2700011D1114BACEB080C4FEADC0C03FB0CFC7E
:10F280002CF0604C282303FB0C667E603846BDE8FA
:10F29000F0812646E1E716EB0E0507D00FCC0FC52F
:10F2A0000FCC0FC594E8030085E803000EF1280E8B
:10F2B000DBE700BFF8FFFF7FCDCCCC0C08B5802288
:10F2C000002109482BF050F9084823F0EFFA0848CC
:10F2D00023F052FA074B01221A70074B002000213D
:10F2E000C3E9000108BD00BF8866002064670020F4
:10F2F000E49000206F1B00205033002038B5054DEE
:10F300002B788342044603D0034823F0CFFA2C70B5
:10F3100038BD00BFE0E60020086700202DE9F84F67
:10F32000D0E9008916466FF06043A9EB0802B3EB01
:10F33000A20F07468A464FEAA20402D126482BF0C4
:10F3400052F8C14514BF22460122A418A1EB080BB4
:10F350002AD25CB39C4228BF1C46A0002AF06DFF55
:10F36000054615EB0B0F1CBF336845F80B30BBF19E
:10F37000000F0BF10406A9EB0A0919DD5A464146B4
:10F3800028462BF0D7F8A819B9F1000F00EB0906B1
:10F3900003DD4A4651462BF0ACF8B9684046A1EB74
:10F3A00008012AF046FF10E01C46D6E72546D8E7BC
:10F3B000B9F1000F2E4404DD4A46514630462BF089
:10F3C00098F84E44B8F1000FE7D1C7E9005605EBB5
:10F3D0008405BD60BDE8F88FF6EE04002DE9F84F16
:10F3E000D0E900896FF00047A9EB0803BB4206464D
:10F3F0008A46144602D124482AF0F5FFA1EB080BF7
:10F400006BB3B3EB430F4FEA430202D8974228BFD6
:10F41000174638462AF011FF10EB0B0F1CBF23785C
:10F4200000F80B30BBF1000F05460BF10104A9EB0E
:10F430000A0916DD5A4641462BF07CF82819B9F125
:10F44000000F00EB090403DD4A4651462BF051F84A
:10F45000B1684046A1EB08012AF0EBFE0EE0012264
:10F46000D4E7B9F1000F044404DD4A465146204672
:10F470002BF03FF84C44B8F1000FE9D1C6E9005435
:10F480003D44B560BDE8F88FF6EE04002DE9F04F7D
:10F4900085B093F805A09DF838700190894616460E
:10F4A0001C46BAF1000F32D0D3F814B04FF0000868
:10F4B000C34513D100252379D4F81CB0002B3FD0CD
:10F4C000BBF1000F04D0DBF800302B44CBF8003048
:10F4D000236A03B11D6005B0BDE8F08F63786188D1
:10F4E000019813FB08F20A4492B2494623F0A9F8A6
:10F4F00094F8245025B92369834205D10125DAE720
:10F50000054115F00105D6D108F10108D0E793F8BF
:10F5100001806288434623F094F8A368002B0546D7
:10F5200002DBE368002BC6DA08F1FF3340FA03F38D
:10F53000DB07C0D54FF0FF3505FA08F50543BAE7FC
:10F5400094F80690B9F1000F21D0A368E268E91A97
:10F55000D21AFF20D31781FB0001E1F731FD80466D
:10F56000BBF1000F0DD06378012B02D0BAF1000F70
:10F5700012D00122DBF80030BA4055B11343CBF86A
:10F580000030236A002BA6D0C3F80080A3E7A8466A
:10F59000E6E723EA0203F2E7330C1B04B3F5803FEE
:10F5A00037D1A6F130039BB2052B32D8D4E90252F1
:10F5B000521B02EBD2714910B9F1000F2DD10D444D
:10F5C0001B48039603A923F0F7FB072F034620D817
:10F5D00000EB870140F82750C1F82080026E01320D
:10F5E000026600F1200C0A64A84600204FF0FF37A5
:10F5F000196C59B11A6A1E68951B48BFB51ABD42ED
:10F6000013DC03D1814201D9084690460433634597
:10F61000EED1E369C3F80080B3E7FF20D31781FB85
:10F620000001E1F7CDFC0546CAE708462F46ECE7A6
:10F63000E490002013B541EA0221CDE90001034620
:10F640001748C2689AB9806848B9164B1C68B4F567
:10F65000806F19D314481DF015F8002012E0D0E98E
:10F660000242914208BFA3420BD00068ECE7416818
:10F67000B3FBF1F46A4601FB143122F034FF002899
:10F68000E3D0012002B010BD621C05481A60694633
:10F6900023F04BFC054B03EB84030360F1E700BF51
:10F6A0008467002080670020E5FB0400A06700203D
:10F6B000F7B51E4641EA0323CDE900030446174887
:10F6C0001746C2680D4662B9806810B9B7B9002004
:10F6D00012E0D0E90212934208BF8C420BD00068BE
:10F6E000F3E74368B4FBF3F16A4603FB114122F0F0
:10F6F000FAFE0028EAD0006903B0F0BD3246294680
:10F700002046FFF797FF0028E1D0054B0348012270
:10F7100069461A7023F009FC0068EDE78467002051
:10F72000E9E6002008B50023FFF7C2FF20B1034B34
:10F73000C01A034B03EBA00008BD00BFA067002068
:10F74000F8E6002008B50023FFF7B2FF20B1034B15
:10F75000C01A034B03EBA00008BD00BFA067002048
:10F76000F8EA00202DE9F74F4368D0F800800193B4
:10F77000A3EB0805494BED105D43494B9D42814683
:10F780008A46934602D147482AF02DFE019A424507
:10F7900014BF2A460122AD18A1EB080669D2002D3C
:10F7A00044D16EB137462C46DC46BCE80F000FC78B
:10F7B000BCE80F000FC79CE8030087E803003FE0A8
:10F7C000414558D13446384BF6085E4326F0604632
:10F7D00028235E4308EB060B1E4404EB060AD646BC
:10F7E000DC46019B9C450EF1280E48D12E4BACEB1C
:10F7F0000B0C4FEADC0C03FB0CFC2CF0604C2823B8
:10F8000003FB0CA6B8F1000F06D0D9F8081040464B
:10F81000A1EB08012AF00DFD2823C9E9004603FBEE
:10F820000544C9F8084003B0BDE8F08F9D4228BFE9
:10F830001D46282068432AF000FD87190446B3D1ED
:10F84000C245C0D0A346C6465CB1F446BCE80F0032
:10F8500027460FC7BCE80F000FC79CE8030087E8E6
:10F8600003000EF1280EF24504F12804EDD15C46A8
:10F87000A9E71D46DDE7C646B3463446F1E76746CD
:10F880000FCFAEF128060FC60FCF0FC697E80300C3
:10F890000CF1280C86E80300A3E700BFCDCCCCCC4C
:10F8A00033333303F6EE0400CDCCCC0C2DE9F84F06
:10F8B000D0E9008916466FF07043A9EB0802B3EB5C
:10F8C000E20F07468A464FEAE20402D127482AF0AF
:10F8D0008AFDC14514BF22460122A418A1EB080BE2
:10F8E0002BD264B39C4228BF1C46E0002AF0A5FC42
:10F8F000054615EB0B031CBFD6E90001C3E9000167
:10F90000BBF1000F0BF10806A9EB0A0919DD5A46F5
:10F91000414628462AF00EFEA819B9F1000F00EB67
:10F92000090603DD4A4651462AF0E3FDB968404620
:10F93000A1EB08012AF07DFC10E01C46D5E7254626
:10F94000D7E7B9F1000F2E4404DD4A465146304650
:10F950002AF0CFFD4E44B8F1000FE7D1C7E90056B9
:10F9600005EBC405BD60BDE8F88F00BFF6EE0400EE
:10F970002DE9F84FD0E9008A2D4BAAEB0804A4101A
:10F980005C432C4B9C4207468946164602D12A48C6
:10F990002AF029FDC24514BF22460122A418A1EB7A
:10F9A000080B2CD26CB39C4228BF1C460C20604331
:10F9B0002AF043FC054615EB0B031CBF96E8070035
:10F9C00083E80700BBF1000F0BF10C06AAEB090A54
:10F9D00019DD5A46414628462AF0ACFDA819BAF16D
:10F9E000000F00EB0A0603DD524649462AF081FD6E
:10F9F000B9684046A1EB08012AF01BFC10E01C4648
:10FA0000D4E72546D7E7BAF1000F2E4404DD52466D
:10FA1000494630462AF06DFD5644B8F1000FE7D153
:10FA2000C7E900560C2303FB0455BD60BDE8F88F01
:10FA3000ABAAAAAAAAAAAA0AF6EE04002DE9F84FD0
:10FA4000D0E9008A2D4BAAEB0804A4105C432C4B90
:10FA50009C4207468946164602D12A482AF0C3FC32
:10FA6000C24514BF22460122A418A1EB080B2CD2D8
:10FA70006CB39C4228BF1C460C2060432AF0DDFB7F
:10FA8000054615EB0B031CBF96E8070083E807004B
:10FA9000BBF1000F0BF10C06AAEB090A19DD5A465F
:10FAA000414628462AF046FDA819BAF1000F00EB9E
:10FAB0000A0603DD524649462AF01BFDB968404656
:10FAC000A1EB08012AF0B5FB10E01C46D4E725465F
:10FAD000D7E7BAF1000F2E4404DD524649463046BE
:10FAE0002AF007FD5644B8F1000FE7D1C7E90056E8
:10FAF0000C2303FB0455BD60BDE8F88FABAAAAAA8E
:10FB0000AAAAAA0AF6EE04002DE9F84FD0E9008A65
:10FB100016466FF07843AAEB0802B3EB221F0746A4
:10FB200089464FEA221402D127482AF05CFCC245DC
:10FB300014BF22460122A418A1EB080B2BD264B3F8
:10FB40009C4228BF1C4620012AF077FB054615EB96
:10FB50000B0C1CBF96E80F008CE80F00BBF1000FE8
:10FB60000BF11006AAEB090A19DD5A464146284650
:10FB70002AF0E0FCA819BAF1000F00EB0A0603DD39
:10FB8000524649462AF0B5FCB9684046A1EB080147
:10FB90002AF04FFB10E01C46D5E72546D7E7BAF11F
:10FBA000000F2E4404DD5246494630462AF0A1FC9F
:10FBB0005644B8F1000FE7D1C7E9005605EB04152C
:10FBC000BD60BDE8F88F00BFF6EE04002DE9F84FE8
:10FBD000D0E9008A16466FF07843AAEB0802B3EB2F
:10FBE000221F074689464FEA221402D127482AF0ED
:10FBF000FAFBC24514BF22460122A418A1EB080B50
:10FC00002BD264B39C4228BF1C4620012AF015FB6E
:10FC1000054615EB0B0C1CBF96E80F008CE80F0097
:10FC2000BBF1000F0BF11006AAEB090A19DD5A46C9
:10FC3000414628462AF07EFCA819BAF1000F00EBD5
:10FC40000A0603DD524649462AF053FCB96840468D
:10FC5000A1EB08012AF0EDFA10E01C46D5E7254695
:10FC6000D7E7BAF1000F2E4404DD5246494630462C
:10FC70002AF03FFC5644B8F1000FE7D1C7E900561F
:10FC800005EB0415BD60BDE8F88F00BFF6EE04007B
:10FC900070B50A688B7902608A8883718280D1E9A5
:10FCA00002260023B61AC0E9023304460D4603615A
:10FCB00021D0124B9E4201D92AF092FB30462AF005
:10FCC000BCFA0346C4E902331E442661D5E9021298
:10FCD0009142A2EB010604D0184632462AF02AFCD3
:10FCE00003463344E36005F1140104F11400FFF707
:10FCF0009FFA204670BD3346E4E700BFF0FFFF7F68
:10FD00002DE9F84FD0E9007992466FF07C43A9EBDA
:10FD10000702B3EB621F064688464FEA621402D11F
:10FD20001A482AF060FBB94514BF22460122A418E4
:10FD3000A1EB070B26D23CB39C4228BF1C466001B6
:10FD40002AF07BFA054615EB0B0002D05146FFF76F
:10FD50009FFF41462A46384622F057FE494600F1A9
:10FD60002002404622F051FE804627B1B168384655
:10FD7000C91B2AF05EFAC6E9005805EB4414B460CA
:10FD8000BDE8F88F1C46DAE72546DCE7F6EE04000E
:10FD90002DE9F04F85B0064602912C488DF80F20D2
:10FDA0000DF10F0121F005F9DFF8A4B0846814B952
:10FDB00005B0BDE8F08F237B002B44D09DF80F30B9
:10FDC000B4F80A803BF8137094F8099002984B46F7
:10FDD0004246394622F035FCD4F810A0BAF1000FA3
:10FDE00005461DDA09F1FF3240FA02F2D20717D5B3
:10FDF0004FF0FF3202FA09F215434B4642463946AC
:10FE0000304622F01EFC024609F1FF3140FA01F1B2
:10FE1000CB0742BF4FF0FF3202FA09F202430AE079
:10FE20008DB142464B463946304622F00AFCBAF1C3
:10FE3000000F0246E8DB2A4400924B464246394610
:10FE4000304622F017FC2468B1E700BFA4900020E0
:10FE5000B2D200202DE9F74F1D461E795B799DF83F
:10FE600030909DF83480019207468A46FBB1D5F860
:10FE700014B00024A34502D166BB34463AE06B7847
:10FE8000698813FB04F20A4492B25146384622F0C4
:10FE9000D8FB95F824302BB92B69834205D1012476
:10FEA00046B312E00341DA07F9D40134E2E76F7890
:10FEB0006A883B4622F0C5FBAB68002B04460CDB8E
:10FEC000EB68002B09DB9EB124B101984246214624
:10FED000FFF75EF903B0BDE8F08F7B1E44FA03F331
:10FEE000DB07F0D54FF0FF33BB401C43002EECD1B5
:10FEF000012F21D1194801A923F066FB036843FAB9
:10FF000009F303F00103A34204D0019842462146BD
:10FF1000FFF73EF90125114805FA09F501A92CB1B1
:10FF200023F052FB03682B430360D3E723F04CFB21
:10FF3000036823EA0503F7E7084801A923F044FB17
:10FF40000368A34204D0019842462146FFF720F9F6
:10FF5000024801A923F038FB0460BBE708670020D2
:10FF60002DE9F04FA44B93B01B780A90002B40F082
:10FF7000FF80A24CA24D20F04CF9D4E900320133AD
:10FF800042F10002C4E900329E4ACDE90301136840
:10FF9000506810331030984240F0ED809A4B9B4DE2
:10FFA000D3E90030984240F08281994B974DD3E9D4
:10FFB0000030984240F08C81964B944DD3E900304C
:10FFC000984240F09381944B904DD3E90018002261
:10FFD0004FF0010C414540F099818C4B8F4F012A25
:10FFE00038BF01221A708E4B00251D700A9B0093AA
:10FFF000D4E90023E8B2F1F77BFD01350023064682
:020000022000DC
:100000001A46194645EA0700FFF752FB00B10660A1
:10001000082DEBD1834AD2E90032934240F0CB81E4
:10002000814B824E5A68D3F800B00B920B9B9B45D4
:1000300040F0C7817E4B7F491A6801F580509200DD
:100040002AF057FA7C4B80221A805A809A80DA80F4
:1000500000221A815A81794B1A70794B5A681D68AF
:100060000692069B9D4240F0D382704A9368926943
:100070009A4211D09A685F68DFF8C8810592059BA3
:10008000BB4240F03884694CA36821691A78002A81
:1000900000F09384013A1A706B4B1B7883B1674B65
:1000A0006A4A1B786A491078CB5C664C69490093B0
:1000B000537831F81010528854F8200022F0DAFA00
:1000C000654AD2E900320021934240F09884634BA4
:1000D000634F9D685B4C002D40F09684DFF884B13F
:1000E000DFF88481DBE900239B1A9D422FD2D8F8E8
:1000F0000030545DDB6B3BB1564A524932F8142054
:1001000051F82410204698472046FEF7C5FED8F83F
:100110000030002800F021851B78DFF850A1062B65
:100120009AF8002009D1302C07D1514B1F78514B40
:100130000021C8B29042C0F0A684082A40F0D584BD
:100140004D4A4E481368013313601CF021FB4C4BA1
:10015000DFF830919D684C4F0EAC002D40F01085BB
:1001600020F057F8494A039BC01A136803441360F0
:1001700013B0BDE8F08F53F8101C01F580560A68E3
:10018000376862BB3268002A40F08280002653F84C
:100190000C2C117866F30001117053F80C1C0A78CE
:1001A000C2F3400666F382020A7053F8102C1268FC
:1001B0006AB153E90212039E711A049E66EB0202B1
:1001C0002E68B14272F100022CBF0122002253F8C6
:1001D0000C1C0E7862F341060E701033DBE6002F24
:1001E000D4D1039A43F8082C049A43F8042C0A68E3
:1001F000002ACBD1C6E700BFE8E60020503300203C
:100200008C150020DC8F0020009000206F1B002048
:10021000F48F0020E88F0020C09000200000F3FF42
:10022000EDE600207C660020CC90002030670020A6
:1002300080670020A0670020A4D20020ECE6002008
:10024000D8900020C88D002003F10020609000208D
:100250002DFC0400B2D20020586700206467002003
:1002600088900020A087002018630020F8EE00206E
:10027000FAEE0020FBEE0020AC87002023FC0400F7
:1002800094650020786500205C65002024670020CC
:1002900053E90212039E711A049E66EB02022E6855
:1002A000B14272F1000234BF012600266FE71A7ACC
:1002B00029780A400AD0196801F5805636682EB9A7
:1002C000096819B159680E7872400A700C3369E6F2
:1002D0001A7829780A4007D059680978CF0741BFB2
:1002E00099680E7872400A700C3362E61A782978A1
:1002F0000A4009D0596809788E0705D549075FBFBC
:1003000099680E7872400A700C3359E60888D1F863
:1003100018E04B690CFA00F0C6B29E4501D12031BD
:1003200058E61F7A93F80E9087B92F7819EA070FCD
:1003300007D09F7A3FB15F693F78C7F3400707B1A5
:1003400032432833E9E71F693F68F8E75F7A9FB9CE
:100350009F7AC7B91F6907F5805ADAF800A0BAF189
:10036000000F01D13F68AFB99F6997F800909F7B5C
:1003700019EA070FE4D1E4E75F693F78FF0709D482
:100380009F7A002FF0D05F693F7817F0020FEBD013
:100390007F07E9D4D3F818A09AF8007017EA090F7C
:1003A000CFD095F800B01BEA000FC9D027EA0907A3
:1003B0008AF80070D8E7596853F8080B006808609D
:1003C0002BE6DBF80030013B9BB21F2B089302D9D0
:1003D0000BF1200B2AE6DBF81830DBF814700C93D5
:1003E0000C9B9F42F4D0924BBA7B1B781A4224D0CC
:1003F0007B7ABA7A1BBBE2B93B6903F5805212687B
:10040000DAB91B68CBB10120F7F734FC089A0C234A
:100410005343884A9918D35849680D9103F10C0841
:100420000D9AA8F10C039A4217D10120F7F730FC7E
:1004300003E07B691B789D070CD42837D0E77B69E4
:1004400022B11A78940701D55007DCD51B78DA075A
:10045000F3D5D8E75907F0D4D5E7774B1B78059348
:100460008DF8383058E90334E41A3AD0734B9C4283
:1004700004D9002C80F2AC8029F0B2FF204629F08C
:10048000DCFE814609EB04030793119358E903133B
:100490009942CDF83C90A3EB010403D02246484694
:1004A0002AF048F809EB040306931093336AB56900
:1004B000103B9D4217D05DB1059B2B70069BAB6036
:1004C000079BEB600023CDE91033C5F804900F9330
:1004D000B3691033B3610FA81FF0F1FE08F10C08E7
:1004E0009EE7A146CEE7706AF3697169B268B0F120
:1004F000000CA0EB010A18BF4FF0010CED1A336994
:10050000CCEBAA0C2D119B1A05EB4C1505EB231512
:100510006FF078439D424FEAAA0402D1484829F07F
:1005200062FFD6E90035C21AA5EBA202012A21D842
:100530000234B5EB440F41D92D1B6D0803EB850444
:100540000430A142A0EB010231D9814202D0204601
:1005500029F0F0FF3B4B5C612268DA6002F5007223
:100560001A6104EB0A025A6254F80A20DA6102F5B1
:1005700000721A624FF40070746A29F05EFE6060C7
:10058000B3695BB1059A1A70069A9A60079AC3F824
:100590000490DA600023CDE910330F93736A1A1DBB
:1005A00072625B68F36103F50072326292E7814226
:1005B000D0D00AF10400801A2044C9E755B10135B2
:1005C0006D00B5F1005F06D3B5F1804FBFF454AFB5
:1005D00029F003FF0325A80029F02FFE194B0990ED
:1005E0005A6A59692C1B04326408914200EB840456
:1005F00004D0521A204629F09DFF124B5968186802
:10060000890029F016FE099A0E4BC3E90025A1E7DF
:10061000AB79D5F80080CDF83880D5E90569002B95
:1006200000F09580084C094FB14511D1203518E5EF
:100630006F1B00207C630020E3E60020FCFFFF7FAF
:1006400010EF04003067002038020C003DFC04006D
:10065000727B22B1954B1B881341DB0751D50A9B56
:1006600013B9F37A002B4CD0327AB37B002A4AD0EC
:10067000B26912781342736814BF4FF0010A4FF049
:10068000000A03FB0AFABAF1000F3AD0884B9845EA
:1006900001D0A0452ED17823A8EB040C03FB0AFA65
:1006A000DCF1000343EB0C03F95C824B1B7819402F
:1006B00020D1F3696BB1D6E908230398821A049814
:1006C00060EB03037C480068904271EB030338BF82
:1006D000F161039B3362049B7362F369774A53446D
:1006E00093FBF2FA764A02FB0A33F3614FF47A7312
:1006F00003FB0AFA73480EA922F066FF036853440D
:100700000360283690E7704A12781342F9D0B37A22
:10071000D3B1736993F800A0CAF34003327B12B1DE
:10072000003B18BF0123726802FB03FA33681B0CFD
:100730001B0413F5502F02D013F5302FA3D14FF423
:100740007A739AFBF3FA9EE733691B68E6E7574B27
:100750002F791B8805935C4B4FEA184893F800B03B
:100760004FEA08483C464FF47A7AB14508D1002C4C
:1007700077DA18F5302F6FD14FF47A735C4376E057
:10078000737B23B1059A42FA03F3D8071FD5327A57
:10079000B37B4AB1B2691278134218D0736893FBE5
:1007A000FAF3DB1B1C4412E01BEA030F0FD0727A32
:1007B0007AB173691B78D90705D573684FF47A72DB
:1007C00093FBF2F3EDE7B17A09B1980707D4283625
:1007D000CBE7B37A7BB173691B78990708D5736847
:1007E0004FF47A7193FBF1F3DB1B1C44002AEED12A
:1007F000B37A002BEBD133691968F37A43B118F55A
:10080000302F05D073684B43002BE0DD0134DEE769
:10081000E1B1337B002B18BF012170684FF47A726D
:10082000002381FB0001E0F7CBFB3268120C1204BD
:1008300012F5502F034602D012F5302F03D14FF49A
:100840007A7390FBF3F3BB42ABD1C0E7002FBED06D
:10085000337B002BBBD1E0E7002F3FF4E7AE002451
:1008600005E018F5302F87D0BC423FF4DFAED5E964
:10087000026A4FF0010BB2453FF4D8AE96F80A90E9
:10088000D6F80080B1883289B379B9F1000F1DD054
:1008900000274046CDE90723059121F0D2FEDDE98E
:1008A0000723059908BBF06819E000BFB0D200200B
:1008B00038000100E1E6002090150020C0D40100BE
:1008C000402BFEFF646700206F1B00201F2B20467B
:1008D00005D80BFA03F00138A04228BF204600904B
:1008E000404621F0C7FE1036C5E701371A44B94526
:1008F00092B2CEDCF7E757F8045B0E952B0C1B0485
:1009000013F5402F08D10123BA480093AAB204215D
:1009100021F0B0FEFFF7B3BB13F5E02F06D10123A2
:100920006A1EB548009392B21946F1E7B34BD3E97A
:100930000042A24211D1B2480EA922F0A5F8002827
:100940003FF49DAB0121047A437A42890091AD497D
:1009500058F8240031F81410DAE7D4F800904D4527
:1009600029D3E3699D4226D8A36994F804A004938F
:100970000026049BB3423FF482ABA24BE08833F8DD
:100980001A10637958F82AB0069113FB06F2024454
:1009900092B25846CDE9072321F053FEDDE9061255
:1009A000089B30B9E068A0EB090028440090584645
:1009B000AEE70136DDE72C34BBE7934A1278002A14
:1009C0007FF46AABA1F11002934203F1040006D058
:1009D0001FF075FCA3681033A360FFF75DBB1FF029
:1009E0006EFCE0684FF4007129F023FC63691A1D66
:1009F00062615B68E36003F500722261ECE753F823
:100A0000040B0160FFF760BBAB68002B38D0291DD9
:100A1000384621F05AFA80467A4E007898F80190CC
:100A200036F81010B8F8022054F820004B4621F098
:100A300008FED8F80830002B0ADA09F1FF3340FA33
:100A400003F3DB0742BF4FF0FF3202FA09F2104313
:100A5000AB686E4A4FF47A7193FBF1F102FB0133FC
:100A6000AB6069B198F800C098F80130B8F802207E
:100A70000844009036F81C1054F82C0021F0FAFDC0
:100A80002D68FFF728BB384400F0070000EB801604
:100A900001319E5D302E7FF44CAB5A4F5C4CB7F861
:100AA00060A0D4F8C090412202FB00304946524673
:100AB000013029F01EFD574B5246D3F8C00049467D
:100AC00029F017FDD8F80030B7F860205B6B2BB920
:100AD000D4F8C000194629F047FD03E0D4F8C0005F
:100AE000314698470135FFF7FDBA4B4B484993F81B
:100AF000009051F82410494F7AB109F1070606F029
:100B0000070606EB8616BA5DA24206D101363E44C0
:100B100022463046FEF7AAFA58B309EB891204912F
:100B2000BC54384A32F81460412202FB097001308B
:100B3000324629F0DEFC3748049950F8240032464A
:100B400029F0D7FC344B1A78013202F007021A70F0
:100B50009AF8003001338AF800302D4AD8F8003076
:100B600052F824005B6B274A32F8142033B1214637
:100B7000B7E722463046FFF70BF9EEE71946AAE73A
:100B8000D5E9010184E8030021464846DDF83C80B0
:100B900020F047F821460668384622F074FA3146BC
:100BA0000278404629F095FCC0B1214638460E9E99
:100BB00022F069FA42460378F1B2300C1FF034FBA0
:100BC0002146484620F02DF821460668384622F096
:100BD0005AFA41460278304629F08BFC21463846C5
:100BE00022F051FA00210278404629F0BDFC2D6820
:100BF000FFF7B3BADCE60020ECE60020D08F00203F
:100C000088900020B2D20020F8EE002018FCFFFFF0
:100C1000C88D0020C08B0020F9EE0020FBEE0020E4
:100C2000F0B5484B1B6885B05B698DF80F00044632
:100C300003B19847444D2046FAF7A0FA6B68B4FB1D
:100C4000F3F603FB16460DF10F023146284621F05C
:100C5000A1FBE0B10068D0B105300078431EDBB2E3
:100C6000FD2B06D8394901220B88824023EA020372
:100C70000B80EB68002B49D1AA6832B1344B117953
:100C8000A14217D01168134691B905B0F0BD0820F4
:100C900029F0D3FA0022034600B102605A71012202
:100CA0001C71314600922848224622F09AFDD3E773
:100CB0000A46E4E718686A680179B1FBF2F402FBBE
:100CC00014112E68026856F82140A3424FEA8107AA
:100CD0002BD152B11479D5F804C0B4FBFCFE0CFB47
:100CE0001E44A14209D046F824302968184CCE5938
:100CF000A64208BFAA600022CA5102681A600821F1
:100D000029F097FAEB68013BEB60BEE76B680E4891
:100D1000B4FBF3F10DF10F0203FB114121F03AFB9B
:100D200003460028B1D00068CBE7002AE5D012794D
:100D30006C68B2FBF4F704FB1722914218BF46F827
:100D40002230DAE71863002060660020B0D200206D
:100D500068660020F7B51C1E05464FEA10230E46B4
:100D60000B488DF807300DF1070108BFFF24174627
:100D700022F0AFFD074B04701B681B6933B13A4684
:100D80003146284603B0BDE8F040184703B0F0BD37
:100D900060660020186300202DE9F84FD0E9008933
:100DA00016466FF07043A9EB0802B3EBE20F07465B
:100DB0008A464FEAE20402D1274829F014FBC145D4
:100DC00014BF22460122A418A1EB080B2BD264B356
:100DD0009C4228BF1C46E00029F02FFA054615EB7F
:100DE0000B031CBFD6E90001C3E90001BBF1000FF2
:100DF0000BF10806A9EB0A0919DD5A4641462846B7
:100E000029F098FBA819B9F1000F00EB090603DDE2
:100E10004A46514629F06DFBB9684046A1EB0801EE
:100E200029F007FA10E01C46D5E72546D7E7B9F1C7
:100E3000000F2E4404DD4A465146304629F059FB46
:100E40004E44B8F1000FE7D1C7E9005605EBC405E1
:100E5000BD60BDE8F88F00BFF6EE04002DE9F74F46
:100E60004368D0F800800193A3EB0805494BAD100F
:100E70005D43494B9D4281468A46934602D147488D
:100E800029F0B1FA019A424514BF2A460122AD1851
:100E9000A1EB080669D2002D44D16EB137462C462D
:100EA000DC46BCE80F000FC7BCE80F000FC79CE88A
:100EB000070087E807003FE0414558D13446384BEA
:100EC000B6085E4326F040462C235E4308EB060B33
:100ED0001E4404EB060AD646DC46019B9C450EF1F7
:100EE0002C0E48D12E4BACEB0B0C4FEA9C0C03FBA9
:100EF0000CFC2CF0404C2C2303FB0CA6B8F1000F8B
:100F000006D0D9F808104046A1EB080129F091F964
:100F10002C23C9E9004603FB0544C9F8084003B087
:100F2000BDE8F08F9D4228BF1D462C20684329F064
:100F300084F987190446B3D1C245C0D0A346C6463A
:100F40005CB1F446BCE80F0027460FC7BCE80F00B1
:100F50000FC79CE8070087E807000EF12C0EF2454A
:100F600004F12C04EDD15C46A9E71D46DDE7C64639
:100F7000B3463446F1E767460FCFAEF12C060FC6F5
:100F80000FCF0FC697E807000CF12C0C86E807007E
:100F9000A3E700BFA38B2EBA2EBAE802F6EE040038
:100FA000A38B2E3A10B504461046D4E900239B1AB1
:100FB0000B4A0C4CDB105343E21A8A4201D229F04F
:100FC00012FA994205D91944A14228BF2146084680
:100FD00010BDB3EB430F4FEA4301F5D92046F7E7C5
:100FE000CDCCCCCC333333032DE9F04FA7B012ABCB
:100FF0000C9301220023CDE90D23B2480F934FF04B
:101000007E52CDE91133109221F0E6FBAE4BAF4C8E
:10101000D3E900218A4218BF5A60E3684FF6FF7196
:10102000ADF86810002B40F0F480A26852B104F1D2
:1010300008039088884200F0B780106813460028A3
:1010400040F0B080A24CE3684FF6FF71ADF8681035
:10105000002B40F02881A36853B104F108059A8859
:101060008A4200F0F4801A681D46002A40F0ED80A4
:101070009848DFF86492994DDFF8648220F0F4FE1E
:10108000984BD3E9002100268A4218BF5A6089F89C
:101090000060D5E90032D11A8E42C0F042819342FD
:1010A0004FF000014FF482728F4818BF6B6029F037
:1010B0005BFA4FF402720021894829F055FA4FF487
:1010C00002720021894829F04FFA4FF40272002180
:1010D000874829F049FA4FF402720021854829F027
:1010E00043FA4FF6FF7706A97848ADF8187022F05A
:1010F00095F96368ADF86870B7FBF3F203FB1277FC
:1011000006461AAA7248394621F060F9002800F014
:1011100022810368002B00F01E810633764A127884
:10112000002A40F02C81754A1168D1E90121CDE9EE
:101130000121009332466349DFF8AC81684E6B4F62
:101140000CAB13A820F0F6F900231AA913A88DF808
:1011500068301FF07DFC8468002C40F0148107ABE0
:10116000CDE90933574BDFF87CB19F68DFF8788110
:101170008DF81C4008940B94002F40F05281524986
:1011800006A822F062FD089821F0CEF913A820F0FD
:10119000F3F80CA821F020FB0CA81FF088FE27B064
:1011A000BDE8F08F024644E71E686268B188B1FB73
:1011B000F2F002FB10112568326855F821008342D5
:1011C0004FEA810734D152B19088D4F804C0B0FB03
:1011D000FCFE0CFB1E00814209D045F8203021683E
:1011E0004748CD59854208BFA2600022CA51354602
:1011F00055F8082B1A60284621F0EEFA28461FF011
:1012000056FE2421304629F014F8E368013BE360E0
:1012100018E76368B1FBF3F2204603FB12111AAA28
:1012200021F028F9034600283FF40CAF0668C2E716
:10123000002ADCD092886068B2FBF0F700FB17222E
:10124000914218BF45F82230D1E7134607E72868D6
:1012500063688188B1FBF3F203FB1211266803680F
:1012600056F8212095424FEA81074DD153B19A8813
:10127000D4F804C0B2FBFCFE0CFB1E22914209D044
:1012800046F8225022681F49D6598E4208BFA360F3
:101290000023D35103682B60082128F0CAFFE368BC
:1012A000013BE360E4E66368B1FBF3F2204603FB35
:1012B00012111AAA21F08AF8054600283FF4D8AE88
:1012C0000068CBE7A490002014650020046600208D
:1012D000B06500208890002003F10020A087002046
:1012E000C88D0020D08F0020B2D20020C08B0020FB
:1012F000B8890020B0870020DBE6002018630020BA
:101300000C660020B8650020002BC3D09B88626863
:10131000B3FBF2F702FB1733994218BF46F823508C
:10132000B8E79F5D58F8270008B128F084FF9E4B6E
:1013300053F8270008B128F07EFF9C4B53F8270094
:1013400008B128F078FF9A4B53F8270008B128F02D
:1013500072FF01369DE6082028F06FFF034608B1B2
:1013600000220260002199714FF6FF7201219A80DC
:101370009048009139461FF07AFA831DCEE68E4AD6
:1013800011688E4AD3E62379E08828F8130094F890
:1013900004A028F063FF46F82A002379E28856F873
:1013A0002300002129F0E0F8E08894F804A028F058
:1013B00055FF47F82A002379E28857F823000021D7
:1013C00029F0D2F8E08894F804A028F047FF774B82
:1013D00043F82A002079E28853F82000002129F000
:1013E000C3F8E08894F804A028F038FF704B43F865
:1013F0002A002079E28853F82000002129F0B4F86F
:10140000D5E90113994207D009B123790B706B68B4
:1014100001336B6024689FE66948221DFDF7DEFFFB
:10142000F8E73D69DFF888A10DB93F68A4E62B6AAB
:1014300005F10804002B40F0D3806248291D20F0FC
:1014400044FD234605F12C0253F8041B40F8041B0D
:101450009342F9D11B7803706A685B4B9A427DD145
:101460005A4B05F12806206861681A4603C2083401
:10147000B4421346F7D12068106022791A71002116
:10148000012328221AA889F8003029F06DF8504B62
:101490004C48059305A91FF0D1FE22AE1AAA0346B7
:1014A000144603CCB44218605960224603F1080385
:1014B000F6D12068186022791A71002128221AA812
:1014C00029F052F8434B3F48059305A91FF0B6FE9B
:1014D00022AE1AAA0346144603CCB44218605960DF
:1014E000224603F10803F6D12068186022791A71A8
:1014F000002128221AA829F037F8374B31480593E4
:1015000005A91FF09BFE22AE1AAA0346144603CC7F
:10151000B44218605960224603F10803F6D12068EE
:10152000186022791A71002128221AA829F01CF8C3
:101530002A4B2448059305A91FF080FE22AE1AAA63
:101540000346144603CCB44218605960224603F1A6
:101550000803F6D12068186022791A716B682A6A2C
:10156000002A14BF11461946CDE91A1306A81AA974
:1015700020F0E8FF297B38796B7A6A8959B14FF0FE
:10158000FF310A4C009138F8101054F8200021F077
:1015900071F82D6848E74FF0FF31009138F81010CE
:1015A0005AF82000F3E700BFC08B0020B889002064
:1015B000B0870020B0650020D8C3040046EF0400C7
:1015C000A087002088900020390001006090002052
:1015D0000100F9FF0200F9FF0300F9FF0400F9FF21
:1015E0006B681A930FCC1BAE0FC60FCC0FC694E8D6
:1015F000030086E803001AA9584622F05BFB6B68DB
:101600002A6A1AA906A8CDE91A2320F09BFFEA69E5
:101610006B7A387913FB02F34FF0FF316A8900913E
:10162000DBB2BBE72DE9F04F89B006461F46ADF8A7
:1016300016200D46002900F0AC80A14A1368002056
:1016400001331360F6F716FB9E48BDF816400023E1
:101650008DF81C304368B4FBF3F803FB18480DF118
:101660001602414620F0B2FE002848D0006800284B
:1016700045D0837906301BB1002F51D08DF81C70F6
:101680000DF1160190481FF00AF8037803938F4874
:10169000230A0DF11E018DF81E3022F01AF990F880
:1016A0000080B8F1FF0F06D0894A0123118803FAA0
:1016B00008F30B4313809DF81C308648ADF81E409C
:1016C0000DF11E018DF81D3022F042F80DF11D01C3
:1016D00022F03FFCD0E90049A14527D10DF11601C8
:1016E0007D4822F094F907A922F025FD03990122F3
:1016F00002FA01FAD0E900346FEA0A0051E008204A
:1017000028F09BFD0022034600B102609A7101227D
:101710009C80414600926B4822461FF0A8F8A8E73B
:1017200016F8013B8DF81C30013DA9E76379ABB198
:10173000D4F814B000275F4501D12834CCE7637892
:10174000618813FB07F20A4492B22946304620F022
:1017500078FF2369984209D00137ECE76378628803
:101760002946304620F06DFF0028E6D0DFF86CB146
:101770009BF8003053B10DF1160159481FF02EF8B7
:1017800007A91FF016FC8468002C61D10020F6F731
:101790007FFA09B0BDE8F08F53F8041B0A680240D5
:1017A0000A609C42F8D10DF116014E4822F0F0F982
:1017B00007A922F0B2FD0468436804930434049A34
:1017C000231F9A42D2D0A36954F804BC002B3CD109
:1017D000039B00935A46234629463046FDF756FEA2
:1017E0002C34ECE76378618819FB03F20A4492B267
:1017F0002946304620F025FFA768B8421FD3A269CA
:10180000A7EB0B031344984219D8ABEB070700234F
:1018100007441A4619463846FDF74AFF18B10368CF
:1018200043EA0A030360B8F1FF0F08D000231A4609
:1018300041463846FDF73CFF08B1C0F800A009F169
:10184000010963699945CDD3CAE74FF00009F8E76C
:10185000236AD4F8049083BB039B0093CDF80480E3
:1018600004F108034A4629463046FEF7F3FA246895
:101870008AE7637A618917FB03F20A4492B2294628
:10188000304620F0DEFE2369984211D3216AA3EB93
:1018900009020A4490420BD89BF8002042B1A9EB00
:1018A0000303184483B21BB142460121FDF770FCCB
:1018B0000137E3699F42DCD3D9E70027F9E700BF8E
:1018C0002C670020B06500202465002060660020A1
:1018D000B0D200200C90002028900020E0E60020EC
:1018E00004660020449000202DE9F04F4FF02C0BAF
:1018F000DFF80CA199B0044616461F460D4600EBD2
:101900000B09A5EB0408B8F5307F37DD4FEAA808CE
:101910000AFB08F8002E34D1A8F102094FEA690940
:101920004FF02C0A0AFB09470FCF0DAE0FC60FCFA1
:101930000FC697E8070086E807000EAF0FCF6E4688
:101940000FC60FCF0FC697E8030086E80300424694
:101950000D9B4946204620F027FCB9F1000F08D026
:1019600009F1FF39DEE70DAB2A4629462046FDF78F
:1019700021FA2B1B2C2BA5F12C05F4DC19B0BDE8AA
:10198000F08F4FEA68080BFB084394F835C0587A8B
:1019900015F8232C8445C846A5F12C011FD202B3AB
:1019A000204622F034FD2946627A434698462C337D
:1019B00098F809009042F9D3A1F12C031946587AFE
:1019C0009042A3F12C03F9D8884510D3013E294653
:1019D0003B4632464046FFF787FF454691E7944530
:1019E00001D24946DCE7904228BF1946D8E7404675
:1019F0000B9108F12C0822F00AFD0B99D4E700BFE7
:101A0000A38B2EBA2DE9F04FBFB01FAB0122199363
:101A10000023CDE91A23CDE91E33CDE92233CDE9E8
:101A200025331C9326A98DF8503015931893A64B97
:101A3000CDE9201214AACDE91622D3E900214FF0F6
:101A40007E508A421D902490A04818BF5A6022F010
:101A5000B3FB9F4822F0BEFA9E4822F0C6F99E4B87
:101A60009B680293029B5BBB1B9C974D002C40F034
:101A70006B829A4BDFF868A2D3E9002113A88A424F
:101A8000964918BF5A6022F0E0F8964B5A681C68D5
:101A90000392039BA34240F05F828C4BDFF84882A5
:101AA0009F68002F40F03483159820F03DFD20A85A
:101AB00021F00AF819A821F007F83FB0BDE8F08F2F
:101AC000029B8A4803F1040B9B8832A91B0A8DF8FC
:101AD000C83021F0FEFE03780793029B1B69039335
:101AE000039B13B9029B1B68BBE7039B03F1040A2A
:101AF0001B690593059B13B9039B1B68EFE7059BC7
:101B00001D1D0FCD27AC0FC40FCD0FC495E80700E6
:101B100084E8070028A820F0CCFD2E9E279D8DF894
:101B2000A600002E40F03C8133463246314628461E
:101B3000FDF7BEFD3346324607990F908046284692
:101B4000FDF7B6FD32463146109001230746284680
:101B5000FDF7AEFD01233246079911900446284651
:101B6000FDF7A6FD32A91290064613A8CDE932551D
:101B700020F0E8FC9DF8A430ABB1B8F1000F03D021
:101B80000FA919A820F0B8FF1FB110A919A820F0BB
:101B9000B3FF1CB111A919A820F0AEFF1EB112A904
:101BA00019A820F0A9FF9DF8A130012B04D09DF8C1
:101BB000A530002B00F0B980B8F1000F45D1002FFF
:101BC00070D1002C40F09B80FEB112A920A820F01B
:101BD00093FF002359463D488DF8A630CDE92F46A6
:101BE00021F0D6FF514622F098FB28AE07460FCED3
:101BF00033AC32950FC40FCE0FC496E8030084E8CF
:101C0000030032A9384622F055F8394B9D4219D1CC
:101C10005946304821F09CFD514622F09AF9D0E90E
:101C200001439C42054600F0868044B128AE0FCEA9
:101C30000FC40FCE0FC496E8030084E803006B685E
:101C400028336B60059B1B6853E70FA920A820F081
:101C500053FF3FBB002C4DD11EB112A920A820F08C
:101C60004BFF59461948CDE92F8721F091FF514686
:101C700022F053FB0DF1A00C8646BCE80F0033AFF9
:101C800032950FC7BCE80F000FC79CE8030087E838
:101C9000030032A9704622F00DF8002C99D1002ED5
:101CA00097D1B2E710A920A820F026FF002C30D150
:101CB000002ED6D012A920A820F01EFFB8F1000FE8
:101CC000CFD1002FCDD184E7586700204490002069
:101CD000289000200C900020046600200865002059
:101CE00038020C00D8900020A38B2EBA606600202A
:101CF0000100070011A920A820F0FEFED8E711A9D5
:101D000020A820F0F9FE002ED4D1002C7FF461AF82
:101D10007BE711A920A820F0EFFE002ECAD1B8F170
:101D2000000F9ED1002F9CD1EFE7B8F1000F98D1A2
:101D3000002F96D1B1E7B24A0121FFF733F92F689E
:101D40008046FDF791F8A4EB070910EB090C064655
:101D50000DD00DF1A00EBEE80F00ACE80F00BEE8FC
:101D60000F00ACE80F009EE803008CE8030021465A
:101D700032463846FDF750F8214600F12802204649
:101D8000FDF74AF8044627B1A9683846C91B28F070
:101D900050FA2823C5E9006403FB0866AE6051E7EA
:101DA00032A913A8CDE9326520F0CCFB0023A94667
:101DB00006934E451BD2069B002B3FF443AF59467A
:101DC000904821F0E5FE514622F0A7FA329528AD61
:101DD00006460FCD33AC0FC40FCD0FC495E80300FA
:101DE00084E8030032A9304621F064FF2AE700238B
:101DF0001A4619464846FDF75BFC002312900799E6
:101E000004461A464846FDF753FC074632907CB11B
:101E100059467D4821F0FBFD514622F08CF912A96C
:101E200020F012FF12A920A820F066FE01230693DD
:101E30007FB15946744821F0EAFD514622F07BF902
:101E400032A920F001FF32A920A820F055FE01237D
:101E500006936E4B994532D159466D4821F078FC76
:101E6000514622F076F89DF8A1300893BDF8A230D3
:101E700009932A9B5B1B03F5E023013304932D9BFD
:101E80000A93D0E901439C4207461BD0A4B1089AAB
:101E90006270099A62804FF48072A280049A226173
:101EA0000A9A0023C4E90233C4E90523C4E90733CD
:101EB0002370A37184F824307B6828337B6009F198
:101EC000010976E701214E4AFFF76CF83B680B9059
:101ED000E21ACDE90C23FCF7C7FF0C9A0D9B811881
:101EE000804615D0002008F80200089A4A70099A26
:101EF0004A804FF480728A80049A0A610A9A887133
:101F0000C1E90200C1E90520C1E9070081F8240008
:101F10002146184642460493FCF77EFF214600F115
:101F200028022046FCF778FF049B044623B1B968D9
:101F30001846C91A28F07DF90B9A282303FB02835F
:101F4000C7E90084BB60BAE76368329332A92846C8
:101F500020F07AFE246889E5D4E905561035A5F10C
:101F600010039E4206D12B4BDA686ABB9B682BBBE1
:101F700020348EE5294619A820F077FE003818BFD6
:101F8000012005F8050C294620A820F06EFE55F822
:101F9000103C30B1534504D0A3F58032303A092AC1
:101FA0000AD81B0C1B0413F5402F14BF0023012378
:101FB00005F8043C2835D2E70123F9E721685A687F
:101FC00091422CD01B68D2E7596826681B68B6FB83
:101FD000F1F501FB156553F82530002BC8D01A68C0
:101FE0005068864218D010680028C1D01346426855
:101FF000B2FBF1F701FB17229542B9D10246EFE798
:10200000F6EE040044900020289000200100070014
:102010000C900020406500201B68002BA8D004F124
:1020200008020292D4E902218A4218BFE260D3E991
:10203000029BCB459CD059F8045B4D4827952B0E4D
:1020400032A98DF8C83021F044FC637902780BB1D5
:102050009342EED12B0C32A94648ADF8C83021F09E
:10206000DDF94368EDB2B5FBF3F803FB185812AA8B
:10207000414607468DF8485020F0E0F928B3006843
:1020800018B3214608301FF020FF0023054627A97A
:102090003948CDF8CF30CDF8D3308DF8D7301EF099
:1020A000C0FD27A903683548329320F0ECFF037880
:1020B000ADF8CC306B788DF8CE3002986B88ADF8E7
:1020C000D03032A921F0E3F9B3E7242028F0B5F8A5
:1020D0000346D8B10646002246F8042B30461C229F
:1020E00000F8045B0021049328F03EFA06F11C027C
:1020F00072604FF07E530122B260736141460092DC
:10210000049B2A4638461EF0DCFEBAE70426E5E7C3
:102110003D690DB93F68C4E4D5E902964E451AD031
:10212000A6EB0904A21008FB02F2B2FA82F2C2F195
:102130001F024FF00003520031464846FFF7D4FB20
:10214000B4F5307F0EDD09F530742146484620F0A5
:10215000DDF8A64201D12D68DBE7204620F0ACF87F
:102160002C34F6E73146484620F0D0F8F3E700BFBC
:1021700060660020E8650020946500205C65002012
:102180002DE9F04FC1B0012219A9CDE9131220A900
:10219000CDE91A1227A9CDE9211212AB2EA90024EC
:1021A000CDE928120C9335A94FF07E53CDE90D24CB
:1021B000109317931E932593CDE91144CDE915444F
:1021C000CDE91844CDE91C44CDE91F44CDE92344B1
:1021D000CDE926440F94CDE92A44CDE92F122C9362
:1021E0003393CDE92D44CDE93144CDE93444FCF7B6
:1021F00013FFFCF727FF6848DFF8A081DFF8A09104
:1022000020F0F4FB674820F0F1FB674820F0EEFB7C
:10221000664B67481C6020F022FBD8E90032654815
:10222000934218BFC8F8043020F0A6FA4FF40052C9
:102230000021614828F098F94FF4806200215F483E
:1022400028F092F95E484FF48062002128F08CF962
:102250005C4B00271F805C4BD3E90043CDE903733F
:10226000049B9C4240F0C2800120F5F703FD4C4DD9
:10227000564900200126D1E9002C624540F01C821D
:102280000130202801F10C01F5D1514C514EDFF8FD
:1022900040910120F5F7FCFCD4E90032934218BFCD
:1022A0006360D6E90032934218BF73604A4B159DB4
:1022B000D3E900218A4218BF5A60484BD3E9002174
:1022C0008A4218BF5A600DF1D808002D40F00682EE
:1022D0001C9CDFF80491002C40F02982239CDFF83D
:1022E000FC90002C40F04282DDF8A880DFF8E4A0EA
:1022F0000DF1D809B8F1000F40F05E82384E337806
:10230000002B40F081820E9D364EDFF88C80DFF886
:10231000D890002D40F02A83039839461DF087FF9E
:10232000FFF770FB319C002C40F03684309A2F98D8
:102330002146920028F018F92FA8CDE9314420F069
:1023400034FB2A9C002C40F02F84299A289821469F
:10235000920028F009F928A8CDE92A4420F01BFBB7
:1023600021A820F000FB1AA820F0FDFA13A820F005
:10237000FAFA0E9C002C40F01F840D9A0C989200E3
:10238000214628F0F1F80CA8CDE90E4420F0D7FA48
:1023900041B0BDE8F08F00BFD89000207C660020DF
:1023A0000000FFFFCC900020C0900020806700203C
:1023B00084670020E4900020A0670020F8EA002055
:1023C000F8E60020B0D20020FC6400207C630020EE
:1023D00000900020DC8F0020F48F0020E88F002088
:1023E000EE1A002018630020A4D20020616894F83F
:1023F0000EB0267B01EA090313F5502F0BF00F0AEC
:1024000000F0F9804B0C5B0413F5402F14BF5546C8
:102410000025236803EA090212F5702F15D1607BAD
:102420009AB201239340C0075AB203F00F0340F160
:10243000E48036912FA836A9059326EA020620F0FB
:1024400022FE059B0278134303702368606803EA49
:10245000090212F5402F01BF9BB2012202FA03F3D9
:102460001F4300EA090313F5402F05D182B201236F
:102470009340039A1A43039200222946FDF7DAF8A3
:1024800000285BD022684FEA1B1308A90CA8CDE9ED
:10249000082320F0A5FE20228346002138A828F03A
:1024A00063F860683690A3683793637B8DF8E5A086
:1024B00003F001028DF8E020C3F34002C3F3800370
:1024C0008DF8E23000238DF8E12029461A468DF878
:1024D000E660FDF7EDF83A90002229466068FDF7C6
:1024E00031F93B90002229466068FDF71BF90DF198
:1024F000D80A3C905146584620F0B0FE606800EA89
:10250000090313F5302F19D182B2A84B013A03EB1E
:102510008203369300231A462946FDF7C9F8D8E905
:102520000132934237906AD01BB19AE8030083E8E6
:102530000300D8F804300833C8F80430626802EAAF
:10254000090313F5502F0BD1013A9949D2B202EB8E
:10255000420201EB820351F822A05B689A4554D1F4
:102560006368369336A92FA820F08DFD0378334396
:102570000370637BD90771D59A0709D5636836A9BB
:102580001AA8CDE9363520F0FAFE037833430370FC
:10259000637B5B0709D5636836A921A8CDE9363589
:1025A00020F0EDFE037833430370627B636812F022
:1025B000060F4AD02B9BD4F804A0002B54D0DDF892
:1025C000A4C0289BBAFBFCF60CFB16A653F8260009
:1025D000002859D1102027F030FE034608B1002210
:1025E00002600122C3E902A53146009228A85246A2
:1025F00021F079FB36E000250BE71E4325E76D4807
:1026000052461946FDF752F998E79AF900B0BBF126
:10261000010F17D10AF104012FA8059320F033FD13
:102620000278059B32430270DAF8042002EA0901BD
:1026300011F5402F06D192B20BFA02FB039A42EA3F
:102640000B0203920AF10C0A88E736A913A8CDE918
:10265000363520F094FE03781E430670637B13F03A
:10266000060FA7D10F34FBE52A9B2BB9299BBAFB98
:10267000F3F603FB16A6ADE7D3E90212954208BFB5
:102680008A45EFD01B68F0E70168D1E902239D423B
:1026900008BF92450CD00A68002A9BD09368084670
:1026A000B3FBFCF10CFB11339E4293D11146ECE7D6
:1026B0000368002BD6D18DE7D2E9004EA64501D1A3
:1026C0000C32DAE554F8043B03EA050818F5402F0C
:1026D00002BF9BB206FA03F31F43EFE7D5F808A049
:1026E00095F80CB000231A4659465046FCF7E0FF17
:1026F000A8B13690002259465046FDF713F82B7CBE
:102700008DF8E030D4E901329342379009D01BB103
:1027100098E8070083E8070063680C3363602D685E
:10272000D3E5424619464846FDF722F9F7E7A56882
:1027300094F80C8000231A4641462846FCF7B8FF5F
:1027400090B1237C8DF8D830002241462846FCF712
:10275000F9FF4146379000222846FCF7E3FF36A9EF
:102760003890484620F047FE2468B4E5A56894F800
:102770000C8000231A4641462846FCF799FF90B189
:10278000237C8DF8D830002241462846FCF7DAFF3A
:102790004146379000222846FCF7C4FF36A93890FE
:1027A000484620F028FE24689BE500BF886600208C
:1027B0001C6300207C660020D8F8085098F80CB004
:1027C00000231A4659462846FCF772FF98B1369006
:1027D000002228465946CDE93844FCF7B3FFD6E934
:1027E00001539D42379009D01DB199E80F0085E84B
:1027F0000F0010357560D8F800807BE54A46294601
:102800005046FDF781F9F6E7AC4B9C68BCB9AC4B80
:10281000D3E900594D4542D14FF6FF73A948ADF8B1
:10282000D83036A920F0FAFD85684FF0000A002D57
:102830003FF469AD2C69002C68D12D68F7E7211DA4
:102840002FA820F020FC3378027833EA020824D045
:10285000002260681146FCF7EDFEF0B163680025C8
:1028600008A90CA8CDE9083520F0BAFC2022814641
:10287000294638A827F078FE4FF47A7360683793BA
:1028800029462B462A4636908DF8E680FCF710FF45
:1028900036A93A90484620F0E1FC2468B6E72C6857
:1028A000EB690794A34201D22C35B3E707A92FA8FF
:1028B00020F0E9FB3378027833EA020824D00022C2
:1028C00011462046FCF7B6FEF0B14FF0000B08A908
:1028D0000CA8CDE9084B20F083FC20228246594603
:1028E00038A827F041FE4FF47A73379359465B4678
:1028F0005A46204636948DF8E680FCF7D9FE36A974
:102900003A90504620F0AAFC0134C9E7211D2FA8B7
:1029100020F0B9FB96F80080037838EA030823D04A
:10292000002260681146FCF785FEE8B1636808A9DB
:102930000CA8CDE9083A20F053FC20228146002162
:1029400038A827F011FE4FF47A733793002360689C
:10295000369019461A468DF8E680FCF7A9FE36A98E
:102960003A90484620F07AFC246864E7D5E9024AA8
:102970001C22002137A8079427F0F6FD05F110016D
:102980003BA836948DF8DDA0FCF752FC33689B6BB6
:10299000DBB904F52023032B30D880238DF8DC30FD
:1029A000D5E904329A4248D10023CDF82730CDF83A
:1029B0002B308DF82F300C23ADF824300923CDF8BF
:1029C00020908DF8263024012EE020469847D5E946
:1029D00004318DF8DC009942DBD01A7A62B95A7A58
:1029E00052B99A7A42B95A68B2F57A7F02BFD3F8DF
:1029F00010C0C2B2CCF800202833ECE74FEA144AEA
:102A00004FEA0A4A1AF5402F26D10023CDF8273085
:102A1000CDF82B308DF82F302B4B08930423ADF8D5
:102A2000243001238DF82630ADF8284008A938A8B5
:102A300020F02DFD36A940469DE0197A51B9597A0A
:102A400041B9997A31B95968B1F57A7F02BF1969EC
:102A5000802008602833A5E71AF5202FA4D01AF5A6
:102A6000E02F11D10023CDF82730CDF82B308DF891
:102A70002F30164B0893013C0123ADF824308DF81C
:102A8000263004F00304CFE71AF5302F22D10023BB
:102A9000CDF82730CDF82B308DF82F30A4B20C4B69
:102AA0000893013C8023ADF82430640120238DF885
:102AB0002630ADF828400DEB0301B8E788900020E0
:102AC000D08F002004660020DCE60020ECE6002029
:102AD000886600203E4BD3E90030834225D13D4833
:102AE00007A91FF0D1FF044600283FD00023CDF8EE
:102AF0002730CDF82B308DF82F30374A037A52F833
:102B000023200892354A32F81330ADF82430437A46
:102B10008DF8263008A94389ADF8283038A820F070
:102B2000B6FC237B8DF8DE3020E019688C422AD376
:102B3000DA69944227D81879274A52F82020089257
:102B4000264A32F81020ADF824205A798DF8262034
:102B5000DA88ADF828209A69DB688DF82A205B1A9C
:102B6000234408A938A80B9320F091FC1AF5602F94
:102B70000BD11B4836A920F09DFC36A81FF029FF79
:102B80002D68FFF7C6BB2C33A7E71AF5702F7FF42B
:102B900051AF144836A9EEE7256820460C2127F0EE
:102BA00048FB2C46FFF7BFBB25682046102127F0C5
:102BB00040FB2C46FFF7C6BB204650F8105B1FF0C9
:102BC000FEFE2046202127F034FB2C46FFF7D2BB27
:102BD000D08F002088900020C88D0020B2D2002025
:102BE000CC900020C0900020824883492DE9F84312
:102BF000824DDFF80C82DFF80C92002401274FF0A1
:102C00007E5600F1180303602A46C0E90174C0E94A
:102C10000544C460066123F014FB7B482A46414604
:102C2000C0E90044846023F00CFB78482A46414602
:102C3000C0E90044846023F004FB75482A464146FD
:102C4000C0E90044846023F0FCFA724872490661CE
:102C500000F11803C0E900372A46C0E90244C0E980
:102C6000054423F0EEFA6D486D49066100F1180342
:102C7000C0E900372A46C0E90244C0E9054423F010
:102C8000E0FA684B68485C71C3E90444C3E907444F
:102C90009C7183F8244000F11803C0E900372A46EC
:102CA000C0E90244C0E905446049066123F0C9FA5D
:102CB0005F486049066100F11803C0E900372A4601
:102CC000C0E90244C0E9054423F0BBFA5A485B4915
:102CD000066100F11803C0E900372A46C0E9024442
:102CE000C0E9054423F0ADFA5548564984602A46A8
:102CF000C0E9004423F0A5FADFF84C8153482A4686
:102D00004146C0E90044846023F09BFA50482A46BB
:102D10004146C0E90044846023F093FA4D484E498F
:102D200084602A46C0E9004423F08BFA4B484C49A2
:102D300084602A46C0E9004423F083FA49484A499E
:102D400084602A46C0E9004423F07BFA474848499A
:102D5000066100F11803C0E900372A46C0E90244C1
:102D6000C0E9054423F06DFA4248DFF80C810661A2
:102D700000F11803C0E900372A464146C0E9024481
:102D8000C0E9054423F05DFA3C483D4984602A4689
:102D9000C0E9004423F055FA48461FF0C3FC2A4618
:102DA0003849484623F04DFA374800F11803C0E986
:102DB00000372A464146C0E90244C0E9054406619D
:102DC00023F03FFA3148324984602A46C0E9004482
:102DD00023F037FA2F483049066100F11803C0E9A3
:102DE0000037C0E90244C0E905442A46BDE8F8437B
:102DF00023F027BAE4900020B52704004C9100206E
:102E0000632A040030670020D8900020CC90002076
:102E1000C0900020A4900020112804008890002079
:102E2000C72704006090002044900020194204004D
:102E300028900020354004000C900020513E0400F2
:102E4000009000201B2604002F260400F48F002091
:102E5000E88F0020DC8F002007260400D08F0020A0
:102E6000F9260400A0870020DF25040084670020E5
:102E70009B28040064670020E928040058670020AC
:102E8000192704009F430400086700207C66002087
:102E9000F3250400606600200F290400034B1A8804
:102EA000B0EB122F04BF00221A807047B6D3002067
:102EB00070B5204C2378002B34D11F4B1888002884
:102EC00030D01E4B1B78013B032B2BD8DFE803F0DF
:102ED00002092B2E0822F3211DF0A8F901232370EB
:102EE00020E0174A174B184D12781A702A785A703A
:102EF00000219970C2EBC201144A02EBC1020333F4
:102F000002F1380152F8046B43F8046B8A42F9D19C
:102F10003F230C4AF0211DF088F9012323702B7800
:102F200001332B7070BD1022F221D5E74022F12130
:102F3000D2E700BF05F10020B6D3002004F1002045
:102F400089F6002006F1002070F5002071F50020C0
:102F500010B4064C24781CB1054C2488944202D04D
:102F600010BCFEF75FBB10BC704700BFE4E600205A
:102F7000B6D300200346F22B70B50846144630D075
:102F800005D8032B0CD0F12B0ED0204670BDF32BAF
:102F9000FBD11C4927F0ADFA1B4B00221A70F4E755
:102FA0001A4927F0A6FAF0E7194B1B780B7019495C
:102FB00000220B788270184A4370C3EBC30502EB02
:102FC000C502033002F1380552F8046B40F8046B77
:102FD000AA42F9D10133DBB2132B08BF00230B70D7
:102FE000D3E70B4B1B780B70074B1B78B3FA83F3BB
:102FF0005B091B014B700023C1F80230C1F8063099
:103000008B72C2E75AFC040046F1002061FC040008
:1030100089F6002047F1002048F10020F02810B583
:103020001AD10E4B0A781A704B78042B14D80C4A1C
:10303000C3EBC304C81C02EBC4023B3150F8044B81
:1030400042F8044B8842F9D1042B05D1054B0122EB
:103050001A70054B00221A7010BD00BF89F60020BF
:1030600071F5002004F1002070F5002030B51A4BF6
:103070001B88834227D1194B0020F229187023D0D6
:10308000F3291DD0F1291ED1154916480B78C3EB41
:10309000C304151D00EBC4003C3255F8044B40F846
:1030A000044B9542F9D10133DBB2132B0B700AD1DB
:1030B0000D4A002313700D4A0B700120107002E0BE
:1030C000094B02221A7030BD9378002BFBD1044AC1
:1030D0001370054B0422F5E7B6D3002005F100205C
:1030E00047F1002048F1002004F1002046F10020C3
:1030F000084B1B8883420BD1F02909D1064B0022D3
:103100001A70064B1B78052B02BF054B03221A7061
:10311000704700BFB6D3002005F1002070F50020F5
:1031200004F100201FB5ADF806000DF10601254899
:103130001DF054FB03230DF10B018DF80B3021F032
:1031400088F900283BD00DF106011E481DF046FB12
:10315000F02303A98DF80C3021F07BF978B30DF141
:10316000060118481DF03AFBF1230DF10D018DF811
:103170000D3021F06EF910B30DF1060111481DF06C
:103180002DFBF2230DF10E018DF80E3021F061F9C7
:10319000A8B10DF106010B481DF020FBF3230DF142
:1031A0000F018DF80F3021F054F940B1064819F0A5
:1031B000EFFA064B1A8812B9BDF806201A8005B03E
:1031C0005DF804FBCC6500203FFC0400B6D3002072
:1031D0002DE9F04F95B000AF0446BB61BB6F7A623A
:1031E000C3F3C003FB60884649B90378457880780B
:1031F00000EB83002044454519D8A0EB040894F85F
:1032000002B0E3787B61BBF1000F02D0BB6FD8073F
:1032100016D47B6953BB7B6A1BB1BA694146204611
:103220009847454628465437BD46BDE8F08F461CB2
:103230003046EAF7BBFA0130304408F10108DAE71A
:1032400023783B629B003B613B6A6268FA6104EB56
:10325000830A7B6A002B40F0008145460BEB0A098C
:10326000D0460026C14553D1DA4413E0BB6F99071D
:10327000D1D523783B629A469B003B616368FB6132
:103280007B6A04EB8A0A002B7CD14546BBF1000F18
:1032900051D15E46BB6F13F0050F7B690AEB430902
:1032A000BB6F03F002030CBF4FF0020B4FF0010B9A
:1032B0007B62CA45B6D01AF8021B1AF8013C54F8D2
:1032C0002380AB4B984502D3AA4B98453AD3FB6871
:1032D000002B44D0F86921F01DF900283FD0E846C2
:1032E0008AB06A46A44B5361A44B9361FB69C2E95F
:1032F000073140F201339384A14B42F8103FA148BB
:1033000000234FF4325101F043F9023DC546D0E7A6
:1033100018F8013B54F82300EAF748FAFB6F013034
:103320003BB1D7F880309E423EBFFB6F23F81600BA
:103330000136054496E7BB6F13F004061CBF7E6A96
:10334000DA44A7E7FB6823B1F86921F0E3F8002825
:10335000C5D1BB6FDA0705D4A5EB0B05A9E77B6ADE
:10336000002BA6D04046EAF721FAFB6F43B1D7F80D
:1033700080309E423FBFFA6F431C22F81630013660
:10338000054496E7BBF1000F6DD0BB6F13F0040648
:103390006CD0D946002607F140005A46514627F026
:1033A000A8F87B695B007B607B69DA440AEB430326
:1033B000BB60BB6F03F002033B60BB68534557D152
:1033C000B96F6378B86F890706EB030254BF4FEA01
:1033D00059010021C507D2B200F19A8010F0040F04
:1033E00014BF48460020FB616270A070E170BA69AA
:1033F00039697B6A20469847051EFFF613AF3B6A82
:103400002370FB6963707B69E3704946BA697B6A24
:1034100084F802B007F140009847B0F10009C0F20B
:10342000A4803B69BA69A8EB0B01C91A7B685046B6
:10343000C91A7B6A98470028C0F2A680A94409EB04
:1034400000054FF0000B07F1300AB34562DB0021A5
:10345000BA697B6A08469847E4E65E464FF0000981
:1034600007F1300099E75E46D9469AE7B14698E7FA
:103470001AF8021B3E4B1AF8015C54F825009842DA
:1034800002D33C4B98421DD3FB6823B1F86921F06D
:1034900041F8002891D13B68FBB909F1280307F1F5
:1034A000280209F1010003EB020C07F1500353FA63
:1034B00080F009F102090CF8101C5FFA89F900F894
:1034C000105C7AE7FB682BB1F86921F023F800283B
:1034D0007FF473AFBB6FDB0709D506F1280307F153
:1034E0002802711C9E1806F8205CCEB265E7BB6FFF
:1034F00058077FF562AF09F1280307F1280209F1A7
:10350000010103EB020909F8105C5FFA81F954E745
:10351000002068E71BF80A3087F82F3054F8239012
:10352000FB6FFBB133F81B80BA697B6A012107F19D
:103530002F009847002827DB0544B8F1000F06D17B
:103540004846EAF733F900F101081FFA88F8BA692A
:103550007B6A414648469847002815DB05440BF135
:10356000010B72E7D7F87C80DEE74D465AE600BFD4
:10357000E0A904001446050090FC040037FD040097
:10358000050000017CAE040005464BE610B5094C71
:103590000A44914200D110BD11F8013B5840030983
:1035A0000001E35CC0B2434018091B01205CDBB2A0
:1035B0005840EEE761FD0400014B1B68184700BF4F
:1035C0009C160020014B1860704700BF9C1600201D
:1035D00007B50B46002102460091034800F08CF924
:1035E00003B05DF804FB00BFB935020030B587B009
:1035F0000025CDE903010446009503A9054805957A
:1036000000F07AF9DDE904309842B8BF255407B0DC
:1036100030BD00BF554604002DE9F047858B0446B8
:103620002807904611D4022905F0070540F0CD8007
:10363000204621F026FA78B10138A18B042811D850
:10364000DFE800F0C3106D85950001290CBF45F03F
:10365000100545F02005A58388F31188BFF36F8F0F
:10366000BDE8F08701F0070AAA4500F0A680002710
:10367000B9463E46A368002B00F0BD8041F008012A
:10368000A18388F31188BFF36F8FA168002900F030
:10369000BB800D68002900F0B780D1F80480334664
:1036A00052462046C047002D76D02B6829461D463D
:1036B000F0E701F007035A1F012A1BD8002221F06E
:1036C0000701062B276889B2C4E9002209D13B46CD
:1036D00003E0E28B0132E2831B68002BF9D141F059
:1036E0000201A183204621F0CCF900287BD041F0D3
:1036F000200177E0042B0AD121F0070189B2A183D0
:10370000204621F0BEF910B141F02001A183A18B28
:1037100001F0070AAA4550D00027B946AAE7236955
:1037200021F0070141F00601062DD3F80090A18396
:103730002DD1B9F1000F40D041F00801A18388F3E9
:103740001188BFF36F8F3A492046C84729E021F01E
:103750000701236941F0040189B2042DD3F80490D4
:10376000A183E6D000273E464FF0040A82E721F00D
:103770000701236941F0050189B2052DD3F80890AE
:10378000A183D6D000273E464FF0050A72E70027F6
:103790003E464FF0060A6DE72B4687E7B9F1000F6A
:1037A000D1D14FF04003EFF3118883F31288BFF3B8
:1037B0006F8FA38B23F00803A383A58BEA062ED576
:1037C00025F01003A38305F00705A669A18B002E41
:1037D000BFF66FAF00232768C4E9003321F007016B
:1037E00041F00101A183A18B01F0070AAA454FF026
:1037F00000097FF43FAF002F9BD041F00801A18367
:1038000088F31188BFF36F8F002FC7D03D6839460A
:1038100033465246204621F060F92F46F4E7AB06C6
:103820007FF51AAF25F02003A38305F00705FFE617
:10383000074B0400F0B5094E016802460A27002034
:103840000B4601311C78355D6D0701D41360F0BD66
:1038500007FB0043A3F13000F2E700BFF14405008D
:103860002DE9F84F15469A46D378224A12F803B04C
:103870006F2B80460F460BF0030B29D024D8582B12
:103880000CBF10260A26DDF8289032460023404659
:103890003946DDF7E5FB092AD4B21ED83034B045ED
:1038A000E4B277F1000709F8014D01D3D14511D8F1
:1038B0002B789B0605D5082E15D1AB7843F008036D
:1038C000AB704846BDE8F88F03F0F703702BD7E7DD
:1038D0000826D8E780460F46D7E7BBF1010F0CBF9B
:1038E00037345734DBE7102EEBD1AB7843F01003BD
:1038F000E6E700BFF14405002DE9F04F97B082469E
:10390000039117461C460025387808B928464AE333
:103910007B1C2528049306D00399D0470028C0F2C9
:1039200042830135F0E11822002110A826F01CFE88
:103930007B78252B00F0A3800023791C98469E46B7
:103940009C4618460E4611F8012B2B2A00F0C68023
:1039500000F2BD80202A00F0C480232A00F0C48039
:103960002BB19DF8483043F040038DF84830B8F152
:10397000000F05D09DF8483043F020038DF8483003
:10398000BEF1000F05D09DF8483043F010038DF8CC
:103990004830BCF1000F05D09DF8483043F00803D3
:1039A0008DF8483028B19DF8483043F004038DF875
:1039B00048309DF8483003F04401442903D16FF3A7
:1039C00086138DF848309DF84830099643F08003FF
:1039D0002A2A8DF8483040F08C809DF8493043F019
:1039E00001038DF84930731C1A782E2A9DF849205E
:1039F0000CBF0121002161F341028DF849200CD157
:103A00005A1C09925A782A2A40F083809DF849204E
:103A100042F004028DF8492002331A786C2A00F033
:103A2000A48000F28680682A00F08C806A2A00F068
:103A3000A5804C2A00F0AA801A4612F8013B049295
:103A4000782B9DF849208DF84B3000F217816D2BB3
:103A500000F2A980692B00F21181572B00F2BE8081
:103A6000412B03D0453B022B00F208819DF84A30E0
:103A7000042262F302038DF84A300123CAE0BA1C23
:103A800004928DF84B309DF84930DA0740F1FD8003
:103A900054F8049BB9F1000F07DA9DF8482042F072
:103AA00004028DF84820C9F100095E0740F1F68054
:103AB00054F804BBBBF1000F80F2F5809DF849304B
:103AC0006FF341038DF849304FF0FF3BEBE02D2AB7
:103AD0000DD0302A7FF444AF012333E74FF0010CBF
:103AE00030E74FF0010E2DE74FF001082AE70120E3
:103AF00028E709A8FFF79EFE099BB3423FF474AF85
:103B00009DF848201390C00F60F341028DF84820C3
:103B10006AE709A8FFF78EFE9DF848301490C3F3BA
:103B2000400242EAD07262F341038DF84830099BAB
:103B300073E7742A26D07A2A7FF47EAF9DF8492055
:103B400006210CE05A78682A9DF8492006D1012107
:103B500061F3C6028DF8492002336DE7022161F35B
:103B6000C6028DF84920013366E75A786C2A9DF821
:103B7000492001D10421EBE70321F0E79DF849201A
:103B80000521ECE79DF849200721E8E7BDF848202A
:103B900022F4F04222F0020242F4804242F0020299
:103BA000ADF84820DFE76E3BD9B201238B4040F2ED
:103BB00082410B4238D113F0240F52D1D8075DD582
:103BC0009DF84A30032161F302038DF84A3002F078
:103BD0007803A3F140014B424B411BE0A3F1580194
:103BE000C9B2012000FA01F111F4624F7FF43EAF37
:103BF00040F6010631421DD111F4043F3ED09DF83C
:103C00004A3060F3020302F07802402A8DF84A300D
:103C100034D000239DF84820C2F340010B4363F3E6
:103C200041028DF848202EE79DF84A30022161F3C9
:103C30000203E8E79DF84A10022002F0780260F3E0
:103C40000201402A8DF84A1002BF9DF8481041F049
:103C500001018DF84810632BDBD1131E18BF01231F
:103C6000D8E79DF84A30032161F3020312F0780F80
:103C70008DF84A3014BF01230023CBE79DF848306C
:103C800043F001038DF84830C3E79DF94820002A2E
:103C9000B4BFDDF84C904FF0FF3906E798077FF589
:103CA00013AFDDF850B09DF849100023CDE9133370
:103CB0009DF84A3003F00703012BC1F3C30133D150
:103CC000CB1E042B04D8DFE803F021464621210057
:103CD000236801294FEAE372CDE910321CD19DF926
:103CE0004030DA17CDE9103204349DF8483013F033
:103CF000030650D0049B03993A46504620F0EAFF51
:103D00000028C0F250810544049FFDE554F8043BAF
:103D1000DA17CDE91032E8E70229E5D11AB243F308
:103D2000C033CDE91023DFE7022B24D1CB1E042BB7
:103D300004D8DFE803F0181010181800012954F80F
:103D4000043B4FF0000214D00229CDE91032CCD14F
:103D50009BB21093C9E7073424F00704F4E8022368
:103D6000CDE91023C1E754F8043B109300231193CD
:103D7000BBE7DBB2CDE7042B08D1073424F00704FE
:103D8000D4E900230834CDE91023AEE7032BACD1EE
:103D900054F8043BDDE79DF84B007828B4D862283E
:103DA0001CD825283FF4B8AD5828ADD10DF13E03FD
:103DB0000093DDE910010AAB12AAFFF751FDBBF138
:103DC000000F074680F29880002F9DD00DF13E082D
:103DD000A8EB0700002E4ED001304CE063381528C8
:103DE00092D801A252F820F0673E0200CD3E0200B8
:103DF000093D0200093D0200093D0200093D0200A3
:103E0000CD3E0200093D0200093D0200093D0200CD
:103E1000093D0200573F0200F33E0200193F020035
:103E2000093D0200093D0200413E0200093D020039
:103E3000F33E0200093D0200093D0200F33E02008C
:103E4000BBF1000F109F0ADB5946384626F0D8FB1D
:103E500007EB0008002F3FF457AF00260BE0384671
:103E6000E9F7A4FCF4E7109B8DF8283000260DF14B
:103E700029080AAF01209DF84A3013F0100205927C
:103E800000F0848002305B06DDF84CB048BF149B24
:103E9000584448BFC018B9F1000F40F391809DF815
:103EA0004820A9EB0009C2F380035007069300F1F4
:103EB000878051067AD53EB103993046D047002815
:103EC00071DB069B01351E46302270E019075CBF8E
:103ED000C3F300135E01DDE9102348BF2B26002B3E
:103EE000BFF664AF524263EB4303CDE910232D26A6
:103EF0005CE700265AE700269DF848200DF13E03B6
:103F0000DB1B6FF386129B458DF848207FF65CAF74
:103F1000ABEB0303139357E7109880B30DF13E0802
:103F20000AABCDF8008012AA0021FFF799FCBDF87A
:103F30004A3003F0EF0343F4F04343F01003BBF1C6
:103F4000000F0746ADF84A30D5DA00283FF4DCAE62
:103F5000A8EB000081E7109B07293FF6D5AEDFE80C
:103F600001F00C04060C08080C0C1D70CCE61D803A
:103F7000CAE6EA17C3E90052C6E61D60C4E6DFF8E8
:103F8000BC800646A8F10507052074E71A0748BF5C
:103F9000013078E70793104606920399D04700282E
:103FA000DDE9062304DA17B0BDE8F08F20224B4686
:103FB0001946002903F1FF33ECDC4D446D1A994694
:103FC0002EB103993046D0470028ECDB01359DF82F
:103FD0004A30DA0601D41B0705D503993020D047B3
:103FE0000028E0DB0135059B33B103999DF84B00B8
:103FF000D0470028D7DB0135AB4405E003993020DA
:10400000D0470028CFDB0135ABEB0503002BF5DCF7
:10401000039943463A46504620F05CFE0028C2DB36
:104020000544A944A9EB0503002B7FF76DAE039966
:104030002020D0470028B6DB0135F3E776FD0400E9
:1040400008B54FF04002EFF3118382F31288BFF3FB
:104050006F8F05F06DF8034820F00FFB04F01CF99A
:10406000FCE700BF77FD040013F0D8B82DE9F04756
:10407000DFF85880044607464FF0010914B9384666
:10408000BDE8F08794FAA4F5B5FA85F509FA05F3C9
:104090002E0108EB05156FEA030A24EA03042B7BC3
:1040A000002BEBD058F806301B694BB9464403226D
:1040B00073682846196807EA0A0700F055FADDE731
:1040C000284698470028D9D1F0E700BF5CAF04002C
:1040D00030B51049104889B0002225F0F5FE0F4D8B
:1040E0000F4900220023CDE9062300240E23CDE949
:1040F0000334CDE901440B4B00944FF44072284641
:1041000015F022F80849284625F02FFB204609B073
:1041100030BD00BF2D410200E04300205833002095
:104120008024012015440200A0FD0400014815F080
:1041300047BA00BFB01E00202DE9F04780461F4857
:104140000F4620F0FBFF0646002830D00025284609
:10415000BDE8F087237B73B12368DB680BB1204691
:10416000984723681B69D3B96368032219682046FE
:1041700000F0FAF9013610344C45EBD3B8F1000FDA
:10418000E5D0002DE2D02846FFF770FF0546002F4E
:10419000F7D000214FF4A47015F01AFFF1E7204684
:1041A00098470028E0D00AFA06F31D43E2E7044CE2
:1041B000DFF8109005464FF0010ADDE7109100206E
:1041C0005CAF04007CAF0400014B53F82000704743
:1041D00014C6040008B5034608462BB1044A136010
:1041E00000F000FC002008BD6FF01500FBE700BFE9
:1041F000A016002010B5044C237813B9034815F01D
:10420000DFF90123237010BD8AF60020B01E0020C4
:1042100010B50446084820F091FF5CB1BFF35B8FF6
:10422000064B53E8001F013943E80012002AF8D179
:10423000BFF35B8F10BD00BF089100200C910020E0
:104240000020064BBFF35B8F014653E8000F43E8A5
:104250000012002AF9D1BFF35B8F7047089100204C
:1042600070B5FFF7EDFF084C084E0546B44200D389
:1042700070BD63685B792BB123685B6813B1294615
:10428000204698471034F1E75CAF04007CAF04008F
:1042900010B5044C0449204620F0EDFD034B1C6092
:1042A00010BD00BF881B002000C604000091002044
:1042B00008B5074A074800231370074A4FF4004126
:1042C0001360FFF787FFBDE80840FFF7E1BF00BFBD
:1042D0008BF600203951040008910020014600228D
:1042E0000148002320F0E8BD881B0020014820F091
:1042F00081BE00BF881B0020024B0146186820F0D9
:10430000C9BE00BF00910020014820F0F7BE00BFE9
:10431000881B002070B5284B187800284BD0FFF779
:10432000E5FF054690B1BFF35B8F244B53E8001FB8
:10433000013943E80012002AF8D1BFF35B8F204C0B
:10434000204EB4422DD32846FFF7D6FF1E4B1F4CFC
:104350001B68002B19DD25F08FFD4FF47A72A0FB4E
:10436000020302FB0131C30BD4E9002043EA4143BD
:104370009B1A4FEAD13140F2E93261EB00019342DE
:1043800071F1000101D3FFF76BFFD4E9003213F59F
:104390007A7342F10002C4E90032BDE87040FFF7D1
:1043A000B3BF63685B7923B1236829461B68204645
:1043B00098471034C5E770BD8AF600200C910020A4
:1043C0005CAF04007CAF040008910020D8430020BB
:1043D00070B50D4D297861B90120FFF7ADFE0B4C8A
:1043E0000B4EB44206D3FFF795FF0028FBD1012303
:1043F0002B7070BD63685B791BB1236820469B6896
:1044000098471034EDE700BF8BF600205CAF040046
:104410007CAF040000212DE9F0470846FFF78CFE31
:10442000044648B340F267684FF0000915F0EAFD12
:104430001A4B186030B11A4B1B68092B02DD194862
:1044400015F0BEF8184FDFF85CA0002544B12046F7
:10445000FFF70CFE044618B94FF0FF384FF0FF3954
:10446000FFF758FF064628B9B5B942464B465046B5
:1044700015F0CCF83546E9E74FF0FF384FF0FF393B
:10448000D4E72B689B691BB1002211462846984748
:104490001035BD42F5D3E8E7044DFAE7049100205A
:1044A0000C910020B01E00207CAF04005CAF040023
:1044B00013B5184820F042FE174B1B787BB14FF024
:1044C0004003EFF3118483F31288BFF36F8FFFF77C
:1044D00021FF84F31188BFF36F8F02B010BD0F4B23
:1044E0001B68002BF9D050B900220023CDE900232E
:1044F0000B484FF40042002315F0C0FFEDE70A28F7
:10450000EBD1074825F0ECFC064802B0BDE81040AE
:1045100015F056B80C9100208BF600200491002075
:10452000E0430020B01E002010B5064B1B68044677
:1045300098472146A060044820F03CFDBDE81040AB
:10454000FFF7B6BFA0160020881B0020044A054BC9
:104550009B1AB1EBD30F34BF52F8310000207047E3
:1045600004AE04005CAF0400084BC31A10B41B1166
:1045700044680133237143689A7143681960436842
:1045800001225A7110BCFFF735BE00BF5CAF0400BA
:104590002DE9F04F8FB0C1F3CB44C1F3492605900C
:1045A0000D46904699461734002E3CD04FF0040B30
:1045B00009AF4FF00A0A002231460BABCDF808B024
:1045C0000197CDF800A04046CDE90B220D92079649
:1045D000FEF7FEFDC0F30903181920F0070080085C
:1045E0001E4663F352250693FFF778FE044678B122
:1045F000069B0C93103000220B900D92CDE9017BAD
:104600000C4A0799CDF800A00BAB4046FEF7E0FD41
:1046100066F3522505994B462A4620460FB0BDE861
:10462000F04F20F0B3BD24F007008008FFF756FEDE
:104630000446EDE7615104000EB403B503AB014637
:1046400053F8042B0448019320F0C7FD02B05DF835
:1046500004EB03B0704700BF03520400CA0605D440
:104660008B064CBF02490349FFF7E6BF704700BF06
:10467000B6FD0400B5FD04002DE9F04F89B09A465F
:10468000DDE913739DF848B00593159B169E0692BD
:1046900004460D460493BBF1000F00F0858006F040
:1046A0000803079320F05AFD06F00209024600288D
:1046B00049D086492046FFF7BFFF8046B9F1000F79
:1046C00008D016F0440F40D181492A462046FFF712
:1046D000B3FF804406F0010353B17E4B7E4953F88B
:1046E0002B207E4B2046002A08BF1A46FFF7A4FF66
:1046F00006F00803002B54D0794B7A4953F82B204D
:104700002046FFF799FF0546069B2BB176491A46CE
:104710002046FFF791FF0544BAF1000F05D0734919
:1047200052462046FFF788FF05444544002F49D1F3
:10473000049B002B4FD1F30700F1C1803146204686
:10474000FFF78CFFB5E08046B8E7694B1868002892
:10475000BFD0684B4FF47A791B68B5FBF3F54FF483
:104760006161B5FBF0F300FB135509FB05F54FF054
:104770003C0CB3FBF1F201FB1231B5FBF0FEB1FBD7
:10478000FCF300FB1E550CFB131109FB05F5009112
:10479000B5FBF0F55849CDE901E52046FFF74CFFA0
:1047A00097E706F00805AFE7BAF1010F06D1002F31
:1047B00065D1049B002B7CD000250CE0002FF8D0A5
:1047C0004E485DE04E484F493B4622461FF071FE81
:1047D000049B002B69D0DFF83081DFF83091049F13
:1047E0003146102F204628BF1027FFF737FF4FF024
:1047F000000A554546DC059B49461A782046FFF7D6
:104800001BFF4FF0010A1AF0070F03D14146204663
:10481000FFF712FF57453CD9059B494613F80A207C
:104820002046FFF709FF0AF1010ABAF1100FEAD199
:10483000374920464FF0000AFFF7FEFE5246059B1F
:104840009A5C344B995C11F0970F08BF2E223249C5
:104850002046FFF7F1FE0AF1010ABAF1100F1DD050
:104860001AF0070F03D141462046FFF7E5FE5745F2
:104870005246E4D841462046FFF7DEFEEBE72048EB
:104880005D46A0E741462046FFF7D6FE0AF1010A41
:10489000AFE722492046FFF7CFFEC4E7059B3B4424
:1048A0000593049BDB1B049399D1BBF1000F7FF4AC
:1048B00042AF204609B0BDE8F04F20F095BC074A52
:1048C00005492046FFF7B8FE38E700BFBDFD0400EC
:1048D000C1FD040024C60400401A0500B8FD040010
:1048E00038C60400E6FD0400ECFD0400ACD9040069
:1048F0001891002014910020CAFD040039520400D0
:1049000003520400DB510400F8FD0400F0FD040034
:10491000FAFD0400F1440500FCFD0400F6FD04006E
:104920002DE9F0410F884B688E6886B005460C462D
:104930009046C7F382175BB1134A9B1A43F3CF012A
:1049400000291FDB2078C0F3C200FFF7FFFD0346FC
:104950002146608851F8102B0097C2F34922002AA3
:1049600001EB0204C0F3CB0008BF0021CDE903082E
:10497000CDE90114002231462846FFF77DFE06B03E
:10498000BDE8F0810023E3E704AE040073B542F212
:104990000F738B4228BF0B4605680F4A044605215A
:1049A00068461FF077FE63680C495B6806460B2279
:1049B000284620F005FC63683246694628465B6855
:1049C00020F0FEFB636806495B681B22284620F046
:1049D000F7FB02B070BD00BF164305001BFE0400CC
:1049E000FFFD0400074A00210123904206D8064A31
:1049F00001B901231360054B1860704740085B0044
:104A00000121F2E740420F0014910020189100208C
:104A1000014B01221A7070478CF60020014B0020D8
:104A20001960704730910020024B034801221A7030
:104A300020F0DABB8DF6002068C604000148FFF7BD
:104A4000A5BF00BF68C6040010B5064B18680C4629
:104A5000FFF7BAFB21460346BDE8104002480F228B
:104A6000184700BF3091002068C6040010B9074BFA
:104A700018707047064B1B781BB141F2883025F047
:104A8000FDB9A420002115F0A3BA00BF8CF60020C8
:104A90008DF600202DE9F843DFF874901D4F804615
:104AA0000E46042499F8005095B914F011F92846DF
:104AB0003246414614F0BAF8054614F013F9E5B150
:104AC00001233B7099F8003073B93046BDE8F88394
:104AD00032464146002014F0A9F80546EFE720468B
:104AE000FFF7C4FF651E2C46002014F0E7F80028ED
:104AF000EBD03B78002BF2D1E7E73B78002BE4D0FA
:104B0000013C2046FFF7B2FF3B78002BCAD1DCE71F
:104B10008DF600208CF60020014B002019607047B4
:104B200048910020024B034801221A7020F05CBB20
:104B30009FF6002094C604000148FFF727BF00BF7E
:104B400094C6040010B5064B18680C46FFF73CFBF2
:104B500021460346BDE8104002480F22184700BF17
:104B60004891002094C60400F8B5074F0D4604464E
:104B70004618B44201D12846F8BD14F8011BBB68A1
:104B800001485B689847F4E778AB040038B5044CFB
:104B9000044DAC4200D338BD54F8043B9847F8E7C5
:104BA000A8AD0400B4AD040038B5054C256804EB8D
:104BB000850405B938BD54F80439013D9847F8E734
:104BC0009CAD04002DE9F7430F4606460821C06A54
:104BD000DFF8509020F0D8FB3C68241A80463C60F7
:104BE00004EA0905AC4203D8002003B0BDE8F08315
:104BF00008236A462146304620F036FB0028F4D1CF
:104C00006946304620F0CAFB40B1BDF80230BDF81D
:104C100004203C6005EA090513441D44A4EB080484
:104C2000E0E700BF0000FFFF2DE9F04F89B0044628
:104C300000AF00F11408404624F0CDFDA06A83685F
:104C4000DB689847E062B0B96C4688B06A46974B1B
:104C50005361974B9361032342F8103F95484FF4FB
:104C6000C25120F08EFB6FF01505A546284624376B
:104C7000BD46BDE8F08FA06A8368DB68984703688B
:104C8000013B1F2B04D96C4688B06A468A4BDFE78C
:104C9000A06A216807F1140224F05BF920B16C4688
:104CA00088B06A46854BD3E7A5892DB1BB69B5FBB2
:104CB000F3F203FB125525B16C4688B06A46804B6F
:104CC000C6E7E389012B04D86C4688B06A467D4B61
:104CD000BEE7E36A3D6093F804A04FF0FF334FF066
:104CE000FF32404614F084FBE06A082120F04CFBC0
:104CF000A9460646E3891FFA85FB5B4508D8E38988
:104D00004B4523D1404614F0EDFB6FF02C05ADE789
:104D1000A1892B04891B13FA81F1524608232046EE
:104D2000396020F0EFFA78B13946204620F0AAFA2F
:104D300009F1010939680823524620461FFA89F90A
:104D400020F0E0FA0028DAD00135D3E75B450BD13B
:104D5000396808235246891B204620F0D3FA18B937
:104D60003946204620F08EFA39462046FFF72AFFC2
:104D7000054618B1404614F0B5FB77E73B68636021
:104D80004FEA13494FEA0949C4F80890D4E90113DE
:104D900099420FD308233A1D204620F065FA0546B4
:104DA0000028E7D13B1D13F8012B924549D101356D
:104DB000082DF8D163681B0C1B04394620463B6064
:104DC00020F060FAA38939685246204620F09AFA0A
:104DD000051ECFDB636800F08B8006EB03094FF6FE
:104DE000FF7AA389C7F800901FFA89F29B1B9A42A9
:104DF00041D36D4688B06A46334B5361334B936160
:104E0000032342F8103F2B484FF4C65120F0B9FA63
:104E10002046AD46616820F09AFA05460028A9D1DF
:104E200063682B4AA18913400B44A3EB46036360DC
:104E30001340A360204620F093FB0546002D73D05D
:104E400098E7391D204620F0A9FA626810B9921B34
:104E500062609BE73D89F988E06AC4F808902944BC
:104E600020F092FA48449042A060F0D1002DEED09C
:104E70006FF01C05A5E0082307F10C024946204607
:104E800020F0F2F9054600287FF474AF07F10C0119
:104E9000204620F083FA30B1BB89534503D13B8AC9
:104EA000002B00F09480B1449BE700BF89FE040012
:104EB000D9FF0400A4AE0400AFFE0400D0FE04003D
:104EC000ECFE040004FF040071FF0400CDFF0400A9
:104ED0000000FFFF5B1A5246204620F013FA051E21
:104EE000FFF648AF08D0E26AA36812681344A360D3
:104EF000D4E901318B42EDD86168A38901EB460208
:104F00009A429BD1DFF80091A36801EA090293421B
:104F100094D0204620F01BFA054600287FF42AAFE3
:104F2000636803EA0903A360A389A288A3EB46038D
:104F30009A4242D0404614F0D5FA0123E8468AB09E
:104F40002374E289A3896D46DFF8C0A03049696106
:104F50002E464FF00509C5E906A22B6246F8109FC0
:104F60002C4832464FF4235120F00BFAC5466368B3
:104F7000AD46294A2748C5F81090C5E9052A1A0CFC
:104F80009BB2EA612B6232464FF4235120F0F9F9CB
:104F9000C546A368AD46214AC5F81090C5E9052A63
:104FA0001A0C9BB2EA612B621A4832464FF4235125
:104FB00020F0E7F90025C54658E6204620F0BBFA68
:104FC0000546404614F08EFA002DB6D04EE66D46EA
:104FD00088B06A46124B5361124B9361032342F827
:104FE000103F0C484FF4C65120F0CBF963681B0CFE
:104FF0001B0439462046AD463B6020F043F9396832
:10500000204620F0A4F918E70000FFFFD9FF0400B4
:105010002BFF0400A4AE040046FF04005CFF040064
:105020009CFF0400CDFF04002DE9F04F89B01D4620
:1050300000AF037C796004469146B3B96C4688B0F2
:105040006A46694B5361694B9361032342F8103FF1
:1050500067484FF4C25120F094F96FF00C06A54652
:1050600030462437BD46BDE8F08FC26A082110469D
:1050700020F08AF929468246104620F085F9A38956
:10508000A3EB8A03AB428046C0F0AB801DB1B9F1FF
:10509000000F00F0A6806368FB6007F1100207F1C3
:1050A0000C012046D7F80CB020F0B0F906460028D5
:1050B000D6D13B8A7A68934205D06268FB689A42EF
:1050C000EBD1DDB9CCE707F11001204620F066F9FD
:1050D0000028F2D0788ABB8A75B1AB420ED14FEA74
:1050E0001B41090401442B464A46204620F0D7F8CC
:1050F000002803DC0646B3E7002BB1D0B8F1000F5F
:105100003ED104F114033B604FF0FF324FF0FF3308
:1051100004F1140014F06CF9DFF8D8B0E3899E4272
:105120005CD0D4E9012308EB03018A422CD37A68CE
:105130007B83FF233A83BB7707F11800BD8320F000
:10514000D8F8A1682B464A46204620F0A9F92946FE
:105150008246E06A20F018F9A2680244A260BAF11F
:10516000000F08D107F11801204620F0D3F90028DC
:1051700014BF8246AA46386814F0B4F956466FE761
:10518000D0441FFA88F8BCE70821E06A20F0FCF858
:105190004FF6FF733B830023BB8313187B83A389E4
:1051A00002EA0B021A44101A606007F1180020F09E
:1051B000A0F807F11801204620F0ACF9211D204687
:1051C00020F060F8636803EA0B03A360204620F038
:1051D000C7F982460028CED101369FE76FF01B0A3F
:1051E000C9E76FF015063BE771FE0400C3FF04003A
:1051F000A4AE04000000FFFF2DE9F04F85B01E466D
:1052000000AF037CB7F838A0044688469146ABB996
:105210006C4688B06A46304B5361304B9361032330
:105220002F4842F8103F4FF4C25120F0AAF86FF017
:105230000C00A5461437BD46BDE8F08FC06A0821B2
:1052400020F0A2F8A389A3EB4003B34240D3D4F8E3
:1052500004B0C7F804B0002555455946D7F804B046
:1052600008D963685B451ED13B8943451BD06FF06D
:105270000100DFE707F10802391D204620F0C6F8DB
:105280000028D7D13B89434507D107F108012046C3
:1052900020F084F808B10135ADB262687B689A42AB
:1052A000DAD15946E0E7BB89002BE0D0AA45DED829
:1052B0007889090CB3424FEA014128BF33460144C3
:1052C0004A4620461FF0D0FF0028B3D1B889B1E785
:1052D0006FF01500AEE700BF71FE0400B5FF0400DB
:1052E000A4AE0400F0B40C4B0C4E5F6A0C4BB342FE
:1052F00003D36FF08500F0BC70475D68BD4209D3F1
:105300001C693CB195F802C00579AC4502D1234631
:10531000F0BC18472433EAE750910020E421002034
:10532000782100202DE9F047134CDFF85080DFF89A
:10533000509005460E461746444503D36FF085004E
:10534000BDE8F0876268D9F824309A4212D3A36985
:1053500083B190782979884205D13A46314628466A
:10536000BDE8F04718475279012A03D13A46314641
:10537000284698472434DFE778210020E4210020E4
:10538000509100202DE9F0410B4CDFF830800546AC
:105390000E461746444502D36FF0850009E0636965
:1053A0000BB92434F6E73A46314628469847002898
:1053B000F7D1BDE8F08100BF78210020E421002072
:1053C000024B00221A605A60704700BF0B92002007
:1053D00070B50B4B0B4CA34201D3002070BD196A72
:1053E0001E7F00220439D5B2AE4201D82433F2E741
:1053F000013211F832508542F5D10120EEE700BFAD
:1054000078210020E421002008B509480378C3F37F
:1054100041130A3350F823303BB100F1080200F188
:1054200010019847C043C00F08BD1846FCE700BFF5
:105430005091002080B500AF88B06A46074B536199
:10544000074B9361032342F8103F06484FF4C251C3
:1054500020F05EF94FF0FF30BD4680BDEAFF04004A
:10546000950105003CAF040090B583B000AF837890
:105470003B700379427943EA02237B80C378384644
:1054800003F003033B710FF0F5F810F1780F3B7850
:105490002DD16C4688B06A4624495161244925487B
:1054A000C2E90613042342F8103F4FF4025120F0E2
:1054B0002FF9A54638780FF097F910F1780F2DD114
:1054C0006C4688B03B786A461B49516118491948B7
:1054D000C2E90613042342F8103F4FF4025120F0B2
:1054E00017F9A546154B012083F8B90013E00028F1
:1054F000E0D06C4688B06A46114951610C490D48AC
:10550000C2E90613042342F8103F4FF4015120F082
:10551000FFF80020A5460C37BD4690BD0028E1D01D
:105520006C4688B03B786A460649E6E713000500FA
:10553000F10105003CAF040062000500509100201D
:105540003A0005008600050004282DE9F047DFF841
:105550008C8004460E4613D1FFF732FF204B93F8A0
:10556000B930ABB100F058FE1E4D454526D2D5F8F6
:10557000209000272A7FFBB29A4217D82435F4E7FF
:10558000052810D1164B93F8B9300BB100F044FE4A
:10559000144D454517D3124B1B6AE3B131462046E3
:1055A000BDE8F04718470128F2D1D7E709EBC3035C
:1055B000013718790FF042F90028DBDA084B002296
:1055C00083F8B920E4E7EB681BB132462146284650
:1055D00098472435DDE7BDE8F08700BFE4210020CF
:1055E0005091002078210020F0B583B0C4B200AF04
:1055F00063060D46FC7107D02046FFF7E9FEF8B1BF
:105600001D4B93F8BA00D8B11B4E1C4BDDB16D4653
:1056100088B06A461A49D461C2E90513042342F8E6
:10562000103F18484FF4035120F072F8AD46F87956
:105630000FF05CF8F36913B1F91D082098470120B9
:105640000C37BD46F0BD6D4688B06A460E49D46140
:10565000C2E90513042342F8103F0A484FF40351EE
:1056600020F056F8AD46F8790FF082F8F369002B78
:10567000E5D0F91D0920E1E750910020CC0105009B
:10568000AB0005003CAF0400C20005002DE9F04F5F
:10569000A14E83B0B36900AF044688461546E3B90E
:1056A000237803F01F03012B00F09D80022B00F0F4
:1056B0003F811BBB94F900102A686078002933DA17
:1056C00006280FD008282AD0C0B91070507096F85C
:1056D000C3305B001370022363E198470028DFD1D9
:1056E00000200DE06288100A011F0129844605D9B7
:1056F000072803D8716AD2B20C782CB96FF0150064
:105700000C37BD46BDE8F08F4E78664503D19A420E
:1057100000F0428101332144EEE70B7841E196F835
:10572000BA30137001233CE101380828E6D801A300
:1057300053F820F0D1570200FD560200DF57020057
:10574000FD56020059570200FD560200FD560200A8
:10575000FD56020065570200A0780EF037FF0028C2
:10576000BED0CBE76388756A6BBBFFF729FE638801
:1057700086F8BA30F369002BB2D068490320984705
:10578000AEE76B78042B11D0052B12D0022B05D17C
:1057900095F805806388434508BF01202B781D4498
:1057A0002B78002BEDD10028A8D0DEE795F80390E8
:1057B000F4E763884345F1D1B9F1000FEED12846F3
:1057C000FFF752FEEAE74FF0FF080020C146E7E787
:1057D0006388012B92D1002386F8C33080E7638869
:1057E000012B8BD1F8E796F8BA302968002B85D0C9
:1057F000756AA38894F804E02A4692F800C0BCF1C8
:10580000000F3FF47BAF5078022804D192F8049047
:10581000F14500F2C9806244EFE70A704A70C8F8A7
:1058200000005DE71544CCE00B2A7FF467AF4FF032
:10583000000B4FF0FF08C146DA4606E06B78042BF8
:1058400010D0052B23D02B781D442B78002BF5D1BD
:10585000F36913B1514607209847BBF1000F7FF45D
:105860003FAF4BE795F80280A38895F803909845E1
:10587000E9D163889945E6D1B8F1070F49D806EB1D
:105880000803AA4683F8BB904FF0010BDBE7A3881F
:105890004345D8D1A3784B4536D095F802B0584649
:1058A00000F09CFC58460EF0C9FF10F1780F13D1A0
:1058B000C7F804D088B06A461949516119491A4895
:1058C0000423C2E9061B42F8103F4FF402511FF0B7
:1058D0001FFFD7F804D0D7E70028D5D0C7F804D0E9
:1058E00088B06A46114951610E490F480423C2E944
:1058F000061B42F8103F4FF401511FF009FFD7F883
:1059000004D04FF0000B9EE72846FFF7ADFD83461D
:1059100099E7AA46F5E700BF509100200A920020BF
:10592000DB000500E20105003CAF040000010500BA
:1059300094F900206378002A18DA002B7FF4DEAE99
:1059400024792D6863060AD02046FFF741FD002820
:105950003FF4D4AE96F8BA30002B3FF4CFAE2946D0
:1059600020460EF025FF00236B70B4E6012B08D013
:10597000032B7FF4C3AE6388002B7FF4BFAE0121FD
:1059800003E0618800297FF4B9AEA088FFF72CFE00
:1059900000287FF4A5AEB1E6022829607FF4BDAEF1
:1059A0004B88C8F800309BE694F900C06278BCF1DF
:1059B000000FBFF639AF002A3FF42FAF0A2A7FF459
:1059C0009DAE2A78002A3FF499AE687804287FF4C7
:1059D00029AFA87883427FF425AF072B96BF9B1988
:1059E000002393F8BB300B709CE600BF2DE9F04F0D
:1059F000164E83B0044600AF8B4690469946042568
:105A00004B464246594620460EF03EFF10F10B0F22
:105A1000824615D1C7F804D088B06A460C4BD461D1
:105A20000421C2E905360B4842F8101F4FF4025119
:105A30001FF06EFED7F804D014F048FA013DDFD114
:105A400050460C37BD46BDE8F08F00BFFE01050093
:105A5000260105003CAF040013B5134C237DCBB9E0
:105A6000E268A168019201AB8020FFF7BFFF019AB5
:105A7000A3681344A360E3689B1AE36043B93AB197
:105A80002369E2889A4203DD9B0601D10123237535
:105A900002B010BD00231A4619468020237502B0BB
:105AA000BDE810400EF0F0BE50910020F0B585B07A
:105AB00000AF00230D467B60064600286DD100290B
:105AC00044D108220B46B91823F0E6F8002805DA7D
:105AD00080200EF00BFE1437BD46F0BD344CBA6882
:105AE0002260FA68626004F13802A26097F9082027
:105AF000FB892575002AC4E903551ADB802B14D9CC
:105B00006C4688B06A462B4B53612B4B9361032341
:105B100042F8103F29484FF4C2511FF0F9FD802090
:105B2000A5460EF0E3FD2846D3E713B1C4E90333DD
:105B3000D1E7FFF769FC0028CAD0E28823699A42BE
:105B4000D4BFE260E360FFF787FFC4E7184CD4E9F5
:105B50000212002A07F1040305DC024623F09CF838
:105B60000028B8DAB4E723F097F8002804DA802098
:105B70000EF0BCFD3046ACE77A68A3681344A3601E
:105B8000E3689B1AE360002BA5D104F13803A360FE
:105B9000FFF73AFC0028D6D19AE780289BD1044B26
:105BA000DA68002ACFD11B7D002BCCD193E700BF50
:105BB0005091002051010500A50105003CAF0400F3
:105BC000054B064A9A62064ADA62064A1A63064A90
:105BD00058629A6100207047509100208D56020053
:105BE000E5520200855302002553020010B5094B0F
:105BF00093F8B84054B900F0E5F818B9BDE8104082
:105C0000FFF718BCFFF7DCFF204610BD6FF07700F0
:105C1000FBE700BF509100202DE9F04383B004461C
:105C200000AF3D4D3D484FF0FF324FF0FF3313F0D2
:105C3000DFFB95F8B860CEB16C4688B06A46384B49
:105C40005361384B9361032342F8103F36484FF4B9
:105C5000C4511FF05DFDA5466FF077042F4813F087
:105C600041FC20460C37BD46BDE8F0832F482C622E
:105C7000E8610EF08BFF0EF06BFC041EEEDB00F013
:105C8000EFFA041EEADB402338467B803E713E700B
:105C90000EF0F0FC041EE1DB4FF08008384687F878
:105CA00000800EF0E7FC041ED8DB214930460EF0E0
:105CB00059FF041ED2DB1E4940460EF053FF041E5E
:105CC000CCDB1C4CDFF870904C450ED300200EF05E
:105CD0008BFD041EC2DB80200EF086FD041EBDDBA2
:105CE000012385F8B8300024B8E7D4F820800026D6
:105CF000227FF3B29A4201D82434E5E708EBC302CD
:105D000058F8331010790EF02DFF01360028EFD02F
:105D10004FF0FF34A2E700BF50910020641D002027
:105D20006E010500C10105003CAF040049550200A9
:105D3000AD5A020078210020E421002030B51F4B2D
:105D40008BB005AA03F1100518685968144603C4FE
:105D50000833AB422246F7D11B7823701022002172
:105D600001A824F001FC12220021154824F0FCFBBC
:105D7000102101A823F080F800281BDD0828B8BFF7
:105D80000820093801AB0E491A18002012F8013F0B
:105D90000AAC04EB131403F00F0328336B440130F7
:105DA00014F8144C13F8143C0C7008284B7001F1D3
:105DB0000201EBD102480BB030BD00BF1302050059
:105DC000A0F600202DE9F04F8E4C87B000AF0026E2
:105DD0004FF0011BB2463546B046237843B98A4B93
:105DE00002349C42F3D187481C37BD46BDE8F08F92
:105DF0006378052B05D8DFE803F0B50403B5074643
:105E0000A04623781C44E8E7E378002BF9D1A37877
:105E10007BB30AF1010A5FFA8AFAF2E76A689442F0
:105E20002AD024359D42F9D36D4688B06A46774B17
:105E30005361774BC2E90634042342F8103F75489A
:105E400000234FF40151FEF7A3FBAD466C4688B02A
:105E50006A46714B5361714B9361032342F8103FC3
:105E60006C4800234FF4C251FEF792FB0020A54678
:105E7000BAE76B4D6B4BD5E7AB68002BC9D05146E9
:105E800020469847C5E7002D6AD16C4688B06A461F
:105E9000654B53615E4B9361032342F8103F5D48AD
:105EA00000234FF4C251FEF773FBA546CEE7296AE3
:105EB000A07801EBC2010B79984208D001322B7F08
:105EC0009A42F4D36C4688B06A46584BE1E74FF0EB
:105ED0000109E07800F003003875207994F805C0D6
:105EE00040EA0C20788294F9020000285FFA89F3D6
:105EF00028DA09F110004FF0010C0CFA00F010EA5A
:105F00000B0F27D143F08000387407F11000C7E968
:105F10000131FA600EF06CFBD7E902127B68C8B958
:105F20003A7CA27012F0800F18BF10330A7118BFAC
:105F3000DBB24FF0010214BF9A4002FA09F24BEAB9
:105F4000020B5EE7012000FA09F010EA0B0F01D105
:105F50001846D9E709F10109B9F1100FB9D1ADE738
:105F60000022ACE7032E2ED1FFF7E8FE8146C8B130
:105F7000E7F71CFCF860A8B12D48E7F717FCFA68B2
:105F800082421BD0E94688B06A462A4B53612A4BAD
:105F9000936142F8106F1F4800234FF4C251FEF77F
:105FA000F7FACD4623786FF00201E218091B04EBE3
:105FB0005303D14211D50136F6B222E74946A01C5F
:105FC00024F097FAEEE7002EECD1B8F1000F0DD1D6
:105FD0006C4688B06A46194B5BE74FF0000002F848
:105FE000010C13F8010902F8020DE2E7A4EB080323
:105FF00088F80230C3F3072388F8033088F804A038
:10600000D9E700BF9C200020762100202402050053
:106010006403050034AF04001E0305007703050088
:1060200078210020E4210020480205008D020500AF
:1060300013020500AE02050041030500FD02050044
:1060400010B5094B00211A461C78844205D15C68C2
:106050001CB1482303FB012010BD0131042903F1C9
:106060004803F1D10020F7E7149200202DE9F04316
:1060700083B050F8303C10F8345C103300AF044665
:1060800011D1036950F8282C13F0020650D00ABB36
:1060900013F0040304D11A4619462846FFF7A6FC5C
:1060A000002344F8303C54F8303C10330ED054F800
:1060B000206C5EB154F8248C54F81C9C23F04FFBE8
:1060C000002874D04148214623F011FD0C37BD460D
:1060D000BDE8F08350F82C1C3B1D2846FFF786FCDA
:1060E000A8B16E468AB06A46394B5361394B156286
:1060F000C2E90630052342F8103F374800234FF429
:106100002151FEF745FAB5466FF01503C9E77A68E5
:1061100054F82C3C134444F82C3C54F8283C9B1A6B
:1061200044F8283C54F8243C134444F8243CBAE78F
:1061300050F82C1C3B1D28460EF04EFC98B1E8464A
:106140008AB06A46224B5361224B1562C2E906307F
:10615000052342F8103F204833464FF42151FEF703
:1061600017FAC546D0E77E6854F82C3C334444F80F
:106170002C3C54F8283C9B1B44F8283C54F8243C05
:10618000334444F8243C002E8AD028460EF004FD07
:10619000B6FBF0F303FB1066002E81D154F8283CC7
:1061A000002B3FF47DAF28460EF080FC7BE744F8DF
:1061B000200CA4F1180013F003FA54F8303C8C338F
:1061C00084D04A4641462846B0477FE7D85D002044
:1061D000A0030500C103050054AF040010B54FF043
:1061E0004003EFF3118483F31288BFF36F8FFFF73F
:1061F00027FF50B14368103307D16FF08B03436022
:1062000000F13401034823F072FC84F31188BFF3DA
:106210006F8F10BDD85D002070B50F4C04254FF076
:106220004003EFF3118683F31288BFF36F8F636827
:10623000103307D16FF08B030848636004F1340119
:1062400023F055FC86F31188BFF36F8F013D04F1F5
:106250004804E4D170BD00BF14920020D85D002036
:1062600070B50A4C0A4E00253146204623F012FC38
:106270000122A4F118001146013523F089FB042DF9
:1062800004F14804F0D1002070BD00BF4892002006
:106290006D60020070B5114B1C680D46DCB1104BEF
:1062A000196800238B4202DB6FF0010070BD2246AB
:1062B00012F8106B864202D001331446F2E7E06810
:1062C00010B96FF01200F1E723F07AF90028F8D046
:1062D0002C600020EAE76FF00C00E7E7A41600202E
:1062E000A4C6040070B588B005460C46C0B2694625
:1062F0001646FFF7CFFF00281BDB0098C8B14368A4
:106300000293836822680195CDE903360023CDE925
:1063100006230593C5681FF030FA6DB12846084979
:1063200001AA22F01AFE079808B9059B236008B05D
:1063300070BD6FF01500FAE76FF01200F7E700BFCD
:106340007D5704002DE9F0410F4B1C6805460E46B1
:106350001746ACB14FF0FF324FF0FF330B4813F04C
:1063600047F863683246D3F8088029463B46204602
:10637000C0470446054813F0B5F82046BDE8F08153
:106380006FF00104F9E700BF349300203C1D0020AA
:1063900000230360044B5A6812B9C3E90000704738
:1063A00010605860704700BF38930020014B1860A0
:1063B000704700BF3493002030B585B000230546F8
:1063C000CDE9023301904FF0FF330C484FF0FF321C
:1063D00013F00EF80A4B1C684CB9284600F024F95B
:1063E0000446064813F07EF8204605B030BD6368C9
:1063F00020461B6801A998472468EDE73C1D002052
:10640000389300201FB5CDE9010103924FF0FF330F
:106410000A484FF0FF3212F0EBFF094B1C682CB911
:10642000064813F05FF8204604B010BD63682046AC
:106430001B6801A998472468F1E700BF3C1D0020B4
:1064400038930020024B0022C3E90022704700BFAE
:1064500038930020024B0022C3E90022FFF7F2BF6D
:106460004093002070B51B4C1B4E0546B44212D31E
:106470001A4E1B484FF0FF324FF0FF3312F0B8FFB7
:1064800034687CB1286854F8141C143CE7F784F98C
:10649000C8B16469F5E721682868E7F77DF9A8B114
:1064A0001434E3E700226A61726805F114033AB913
:1064B000C6E9003300240A4813F014F8204670BDE2
:1064C00013607360F6E76FF01004F4E76FF01004E8
:1064D000F4E700BF7CAF0400F4AF04004093002059
:1064E0003C1D00202DE9F74307460C4609B1002367
:1064F0000B601F4DDFF87C9000264D450FD31E4BDF
:106500001D6885B355F8148C01AA41463846143DE0
:106510001FF05DF910B3D6B914BB2E461EE0D5F8B6
:10652000008001AA414638461FF051F950B116B912
:1065300054B92E4606E03168002240461FF047F964
:106540000028F5D11435D8E7019B2360F1E73168C5
:10655000002240461FF03BF90028DDD16D69D0E7ED
:10656000019B2360D9E7304603B0BDE8F08300BF4C
:106570007CAF0400F4AF0400409300202DE9F04705
:1065800084B002AF0446D7F8289078600D461646CE
:106590009846B9F1000F07D0D9F8001041BBD9F8DF
:1065A00004A0BAF1000F2AD1391D2046FFF79AFF47
:1065B00018B3D0F808907868434632462946C84751
:1065C000D8B16D468AB002AA134B5361134B1062C7
:1065D000C2E9063440F201339384114B42F8103F74
:1065E000104800234FF43151FDF7D2FFAD4604E0CF
:1065F0003A1D1FF0ECF80028D1D1002007E0D9F8AF
:10660000083000937868434632462946D047083719
:10661000BD46BDE8F08700BFE003050009040500A2
:10662000050000011CAF0400F8B5184C184F0646D1
:106630000025BC4208D3174B1C682CB3143CB6B9D8
:10664000E368E3B96469F8E72EB9E3685BB9284603
:1066500014340546EDE72068002231461FF0B7F8F4
:106660000028F2D1F3E79847002DF0D1F0E7206839
:10667000002231461FF0ABF80028E1D1E2E798474D
:10668000002D08BF0546DDE72846F8BD7CAF0400B5
:10669000F4AF04004093002010B5074C23780BB1F1
:1066A000002010BDFFF7D6FE00F066F80028F8D1F4
:1066B00001232370F4E700BFB2F600202DE9F04774
:1066C000048FDFF8B0A0013498B080468946A4B2A8
:1066D00000F10806651EADB2B5F5004F47D04A235C
:1066E00005AA294630461FF00CF804F57F543F34C4
:1066F000A4B20746214601230DF10B0230461FF0DC
:1067000000F8002F014603DC002803DC2C46E1E7FB
:10671000002816DCB8F83830AB4209D142466B1E6F
:1067200022F8383F4FF4004102233046FEF77CFC4C
:10673000294630461EF0E1FF214630461EF0DDFFBF
:10674000E4E707F160030DEB0307002307F84C3C77
:106750005246CDF8009003AB05A80396ADF8104063
:10676000FFF70CFF0028D1D018B0BDE8F08700205B
:10677000FAE700BF3F5804007FB5012369460420B3
:106780000193FFF787FD0446002834D102AA01A92E
:106790000420FFF7A7FD10F1130F04462BD038B1EA
:1067A0000C3405D0404080F311884FF0040002DF24
:1067B0000399B1F5803F23D2009A002394681846CC
:1067C000084484421AD30133082BF9D10E4DA98213
:1067D000EB825368AB602846D368EB631FF0C9F8BF
:1067E000044640B9094E6E602846FFF7D1FD2846A1
:1067F0006E60FFF7DBFD204604B070BD9BB2E5E79D
:106800006FF02004F7E700BF48930020A81600208F
:106810002DE9F84305464FF04003EFF3118683F36B
:106820001288BFF36F8F0E4B0E4F1C68DFF8388055
:106830004FF00C092CB986F31188BFF36F8FBDE8B8
:10684000F883D4E90123002D18BF13462BB198F823
:10685000142009FB02F2B85C98472468EAE700BFFD
:10686000A093002094930020B4C4002070B5194B6D
:106870001C7DBFF35B8F04F01F0301229A40164B6F
:10688000610903EB8103D04353E8001F01EA0005CF
:1068900043E80056002EF7D1BFF35B8F0A4213D0B6
:1068A0000E4B0F4D8BB10C236343EA18E85C517813
:1068B0001FF011FD0020FFF7ABFF0C235C432A19EA
:1068C00000232B51C2E9013370BD83F31188BFF35C
:1068D0006F8FEFE7B4C40020A8930020D7620400B4
:1068E000949300202DE9F041354B07461D7D4FF074
:1068F0004003EFF3118883F31288BFF36F8F0C24EA
:10690000304B314E6C431A19195D00294CD007CA1F
:1069100006EB040C8CE8070000221A5588F3118856
:10692000BFF36F8F0C236B43F218F05C002839D053
:106930007B1C10D0D2F808C0244C254A4FF40040EC
:106940000021ECFB004100232046DAF789FB0121FE
:10695000381A23F071FA13F07DFA0120FFF758FF7F
:10696000BFF35B8F1B4B6A0903EB820305F01F012A
:1069700001228A4053E8000F104343E80001002938
:10698000F8D1BFF35B8F144B3BB10C2303FB05F035
:106990003318305C59781FF092FCFFF767FF13F053
:1069A0006DFA0120BDE8F0810146284600F016F896
:1069B0000028B3D007C8344484E80700AEE700BF1E
:1069C000B4C4002088930020949300203F420F001D
:1069D00040420F00A8930020BF6204002DE9F04F51
:1069E00085B00E4603A900F043F81E4B039DD3F873
:1069F00000A0DFF87480431E1BB203EB4303044680
:106A000005EB83054FF400474FF0000B24B9A14676
:106A1000484605B0BDE8F08F6868144AC446594638
:106A2000E0FB07C100236046DAF71AFB0190A86873
:106A30000E4AC4465946E0FB07C100236046DAF718
:106A40000FFBBAF1FF3FA94601D0824505D9731C5F
:106A5000DED0019B1844B042DAD9013CA4B20C3D0F
:106A6000D4E700BFBC1600203F420F0040420F0099
:106A700008B9024B0B600020704700BFF8C6040045
:106A800080B500AF88B06A46074B5361074B9361EE
:106A9000032342F8103F06484FF4C2511EF0CEFFC8
:106AA0000020BD4680BD00BF26040500F705050097
:106AB00034AE040038B5144CD4F85833C51C25F056
:106AC000030523B1D4F860332B44742B19D97821F2
:106AD000012023F09CFB78B100230360D4F85C23F1
:106AE0005AB9C4E9D600C4F86033D4F860331A1D2B
:106AF0001D441044C4F8605338BD1060C4F85C03F2
:106B0000F1E7D4F85C03F0E7AC9300200A48BFF348
:106B10005B8F50E8003F43F0020340E80032002A58
:106B2000F7D1BFF35B8F436A1B68A0F550700BB1C0
:106B300041681847704700BFEC960020022801D931
:106B4000FFF79EBF014B185C704700BFF4050500BE
:106B50002DE9F843204CD4F83C33632B00AF0546B5
:106B60000E4615D96C4688B06A461C4B53611C4BC7
:106B70009361032342F8103F1A484FF4C2511EF0AC
:106B80005DFF4FF00008A5464046BD46BDE8F883CE
:106B900003681878FFF7D2FF81463044FFF78AFF79
:106BA00020B96C4688B06A460F4BDFE7D4F83C3317
:106BB0005A1C0333DB0003F10408C4F83C23A0444F
:106BC0001C442A8A22816B8AA3723044606029683F
:106BD0004A4623F08EFCD7E7AC9300204104050021
:106BE0002C06050034AE040061040500F8B5054626
:106BF00000AF98B96C4688B06A46114B5361114B8F
:106C00009361032342F8103F0F484FF4C2511EF026
:106C100015FFA54600242046BD46F8BD0078FFF7C5
:106C20008DFF0646FFF746FF044620B96C4688B044
:106C30006A46064BE2E73246294623F05AFCEAE769
:106C4000820405002106050034AE04009A04050004
:106C50002DE9F041734C82B02368834200AF0D46AA
:106C600015D06D4688B06A466F4B53616F4B936188
:106C700003234FF4C25142F8103F6D481EF0DEFE70
:106C80006FF00D01AD4620461EF0EFFE34E0137CA0
:106C9000032B00F0AD8005D8022B29D161486FF09D
:106CA0001501F1E7052BF9D1002979D1D4F83C334E
:106CB000012B56D9238C0133238204F108010323CD
:106CC000237609F0E1F90546B0B16E4688B06A4610
:106CD000584B5361584BC2E9063004234FF401511D
:106CE00042F8103F52481EF0A9FE2946B546CAE7B1
:106CF00021B920461EF0A5FE002065E0D1F80C80E9
:106D000028460821FFF724FF064690B96D4688B053
:106D10006A464A4B53614A4B9361032342F8103F42
:106D20004FF4C25142481EF089FEAD466FF00B0190
:106D3000A9E71EF0B0FED8F800300360D8F80430A0
:106D4000436005460068FFF751FF286020B96D4693
:106D500088B06A463B4BDDE7AB88E382B2889A4253
:106D600002D1FFF7D3FEC7E70023A36005232376F4
:106D7000B3882146013351F8080B238209F084F9C6
:106D80000028B9D06D4688B06A462F4B53612C4B12
:106D9000C2E90630042342F8103F4FF40151C1E725
:106DA000002642F6030328683E71FB80391D1FF060
:106DB000E5FA68B908212846FFF7CAFE04461EF026
:106DC0008AFE2368036001200837BD46BDE8F081D4
:106DD00031462846FFF7BCFE0028F4D12B8A6D46C9
:106DE00088B06A46194951611349C2E90613D1E7CF
:106DF0000029B6D0098A20461EF0DCFD10B96FF0DC
:106E0000020140E7EE681EF066FE336803607368B7
:106E1000436005460068FFF7E9FE28600028D2D1EC
:106E200084E700BFAC930020B304050051060500C1
:106E300034AE04006305050005060500D90405000D
:106E40003706050006050500380505009205050012
:106E5000F8B5064600AF0D4619B1097811F0FD0FDF
:106E60005AD1002A58D0BFF35B8F2E4C54E8001F34
:106E700041F0010044E8000CBCF1000FF6D1BFF373
:106E80005B8F11F001014AD1A4F55074002DC4E9C3
:106E9000006314BF01230023C4E9D61184F86833CA
:106EA000C4F86423C4F83C13C4F860130BD02878EA
:106EB000FFF744FE29460246282304F5517023F0CB
:106EC00026FB04F55175184BE360012323824FF62E
:106ED000FF73E3821549A56000233046237609F04D
:106EE000D3F80446A8B16D4688B06A46104B53618A
:106EF000104BC2E9063004230F4842F8103F4FF40C
:106F000001511EF09BFD0748AD466FF001011EF0D8
:106F100086FD2046BD46F8BD6FF01504F9E76FF019
:106F20007704F6E7EC960020516C0200B493002041
:106F3000D40505006406050034AE040070B5064CA7
:106F40000FCC86B001AD0FC501AD0FCD2668034C47
:106F50000FC4266006B070BD18C00400A8970020BA
:106F6000034B04494FF0C872C3E92712704700BFB2
:106F700020970020180028002DE9F04F2B4E8BB0F1
:106F800096F8593003920446884613B34B7896F826
:106F900081B096F858A0019300273D46574505D388
:106FA00084F83C50BBF1000F11D131E0D8F8043027
:106FB000039A02931E4B9B5C00934FF00009019BC8
:106FC000994509D3BBF1000F2CD084F83C50AA4559
:106FD00020D00BB0BDE8F08F029B009A03EB0901B3
:106FE00005A81FF0F9F90028ECD0316C05A81FF0B6
:106FF000C5F910B1009B9944E1E704EB8502316CBF
:1070000091630135EDB2BBF1000F0BD184F83C5018
:10701000002DDED0637801336370012384F83430AF
:10702000A370D6E701371836B8E700BF20970020D5
:10703000800605002DE9F0470378072B06460C462D
:107040000DD8052B10D8032B05D901223146204637
:10705000FFF792FF05E0012B03D90022F6E7FF2B93
:1070600004D00120BDE8F0870222EFE7DFF854806A
:1070700098F88030002BF4D098F87FA04746002580
:107080005545EED297F87E2073787168934216D3F7
:1070900007F15E09484623F01CFA80B905EB451557
:1070A0004544C4F84C9095F87E3084F850306378AD
:1070B00001336370012384F84830A370D1E70135B0
:1070C0002137DDE720970020F8B5094B1C680546FD
:1070D0000E46174654B154F8043C1B68043C1BB1DF
:1070E0003A463146284698476468F3E7F8BD00BF42
:1070F0001897002050B100234360054B5968021DCA
:1071000011B9C3E9002270470A605A60704700BF96
:10711000189700202DE9F043054693B00C4600294E
:1071200000F0AB804FF0FF324FF0FF33544812F0C5
:107130005FF9052D00F29E80DFE805F09999035A6A
:107140009983504E96F83C50072D00F29080371DE1
:107150004FF00008B946A84512D3C5EBC505226813
:1071600049F8052009EB0503A2889A80A2799A7153
:10717000237807AD032B35D8DFE803F00C2E30322F
:1071800039460722204623F0A4F90737E0B108F179
:107190000108E0E73C49284623F018FA0595637892
:1071A0000493A3780393E37802932379019363799B
:1071B0000093A379354A1E210AA81DF06BFA96F8B0
:1071C0003C30013386F83C3000242D4812F08AF917
:1071D000204613B0BDE8F0832D49DCE72D49DAE7FE
:1071E0002D49D8E72D4A0A2128461DF053FAD5E744
:1071F000244B93F85820002A39D12278012A0AD04A
:10720000022A0FD0B2BB20685864254A1A640122B2
:1072100083F85820D8E794E8030003F1440282E899
:107220000300F2E703F1440204F1100620686168EC
:10723000154603C50834B4422A46F7D1217829708F
:10724000E3E7104D95F87F308BB92279531E1F2B41
:1072500010D8216805F15E0023F04BF9237985F8F9
:107260007E3095F87F30013385F87F30ACE76FF0E2
:107270000B04AAE76FF01504A7E76FF01504A7E762
:10728000281D00202097002001DD040023DD0400DC
:1072900008DD04000FDD040019DD0400943C050046
:1072A0006497002010B50C4C4FF0FF324FF0FF33C5
:1072B000204612F09DF8094B00221A709A7083F84C
:1072C0003C2083F8582083F85C2083F87F202046F8
:1072D000BDE8104012F006B9281D002020970020BC
:1072E000064B00225A70DA7083F83D2083F859204B
:1072F00083F85D2083F88020704700BF209700202E
:1073000008B5830623D0FFF7EBFF124B10F0020FF6
:107310001CBF012283F83D20C20744BF01225A70DE
:10732000C20644BF0122DA70420744BF012283F83B
:107330005920020744BF012283F85D20820644BF22
:10734000012283F8802083F88110002008BD6FF0AF
:107350001500FBE72097002070B586B00E46054665
:107360001EF05CFC154B0FCB02AC84E80F0001ABA8
:10737000134A2146304605F0D1FC0835114B50B177
:107380001C68C4B154F8043C9B68043C0BB128460B
:1073900098476468F5E7019E1C684CB154F8043CBA
:1073A000DB68043C13B13146284698476468F4E72B
:1073B00001981FF0EAFA06B070BD00BF2CC00400AF
:1073C000BC970020189700202DE9F04F454D97B04D
:1073D000542206460C4601A8002123F0C5F895F872
:1073E0003D2095F881308DF8073012B101238DF8DA
:1073F000043095F8593023B19DF8043001338DF8ED
:10740000043095F8803023B19DF8043001338DF8B5
:107410000430337AD6F800A003F001038DF8083069
:10742000DAB195F83C90304F4FF00008C84514D2BF
:1074300039460722504623F04CF8BB460737002850
:107440003BD19DF80530CDF834B001338DF80530CF
:1074500001238DF830308DF80630204621F0BEFB38
:107460002249B4F80480074601AA204603F08CFEA6
:10747000A368A4F8048013FA87F71D4B2760CDE9B1
:1074800004349DF80730346803969DF80860BBB15A
:107490009DF805209DF804309A4215D1324606A980
:1074A00003A8FFF711FE95F884301BB1214601A80F
:1074B000FFF752FF17B0BDE8F08F08F10108B5E7FC
:1074C0009DF80630002BE9D10A4B1C68002CF1D046
:1074D00054F8043C5B68043C13B1314603A8984758
:1074E0006468F3E72097002024970020357002009D
:1074F000BC9700201897002070B5154C064615481B
:1075000004F0CCFC84220021204623F02DF8BEB1EB
:10751000337984F8843035685DB10FCD88340FC479
:107520002B682360B2683AB10B4B1068516803C3F3
:1075300070BDFFF703FDF5E7BDE87040FFF710BD34
:10754000FFF7FCFCFFF70CFD84F88460F0E700BF58
:1075500020970020C0160020BC970020034608B1E9
:10756000012805D10448002100F8883F04F004BC3C
:107570006FF01500704700BF2097002010B501463E
:107580000446034822F0C2F80023236010BD00BF68
:10759000F01B0020B0B500AF0D4604461EF0D5FA32
:1075A0000146A0B12A4620461EF00EFB90B96C465B
:1075B00088B06A46084B5361084B9361032342F835
:1075C000103F07484FF4C2511EF049FBA54600206A
:1075D000BD46B0BD8088FBE78F060500480C05005E
:1075E000ACAE040080B500AF88B06A46064B53616C
:1075F000064B9361032342F8103F05484FF4C251F4
:107600001EF02DFBBD4680BDDB0605007F0B05008F
:10761000ACAE0400F8B5A2F1200400AF0D46B1B144
:107620006E4688B06A46194B5361194B9361032328
:107630004FF4C25142F8103F16481EF010FB294685
:10764000B54620461EF0FDFA0020BD46F8BD398B38
:10765000012900D193B96D4688B06A460E4B53613B
:107660000B4B936103234FF4C25142F8103F09487A
:107670001EF0F5FA6FF08501AD46E2E71B7882F85F
:107680003E3020461EF0CEFADEE700BFB20605000F
:10769000D20B0500ACAE0400C40605002DE9F8438A
:1076A00090F85C208A4200AF3AD804892CB91EF0C9
:1076B000B9FA2046BD46BDE8F8832D4A0262012290
:1076C000426200220485428500F12001006809F031
:1076D000D3F804460028ECD0E84688B06D46254B28
:1076E0006B612E46244B4FF00409C5E9063046F87D
:1076F000109F224832464FF401511EF0B0FAC546A1
:10770000AD461F4B6B611F4B1C48C5F81090C5E977
:10771000063432464FF401511EF0A1FAC546C8E7BF
:10772000826D52F8212080F848101749016201212A
:107730004162B2F8502002850022428500F120010A
:10774000006809F099F804460028B2D06D4688B068
:107750006A460E4B53610B4BC2E90630042342F8D4
:10776000103F06484FF401511EF079FAAD46A0E7EC
:1077700015760200FC060500E20B0500ACAE040025
:1077800018070500040C05002D78020046070500C7
:10779000F8B500AFA2F12004388B0D46A1B16E46BA
:1077A00088B06A461D4B53611D4B936103234FF410
:1077B000C25142F8103F1B481EF051FA2946B54607
:1077C00020461EF03EFA25E0042800D19BB96D4604
:1077D00088B06A46144B5361114BC2E9063004234A
:1077E0004FF4015142F8103F0E481EF038FA6FF086
:1077F0008501AD46E4E7188822F81C0C987802F859
:107800001A0CDB7802F8193C2046FFF747FF10F00E
:10781000FF01D5D10020BD46F8BD00BF70070500AF
:10782000160C0500ACAE04008F070500F8B500AFDC
:1078300092F828003E8BA2F120040D46B1B16E46AD
:107840008AB06A462A4B53612A4B1162C2E906305C
:1078500005234FF4215142F8103F27481EF0FFF94D
:107860002946B54620461EF0ECF93EE0022E00D136
:10787000A3B96D468AB06A46204B53611D4B166210
:10788000C2E9063005234FF4215142F8103F1A484F
:107890001EF0E5F96FF08501AD46E3E7926B5D7888
:1078A00052F8202092F85710A94214D06E468AB0A0
:1078B0006A46134B53610F4B1162C2E9063505232B
:1078C0004FF4215142F8103F0B481EF0C8F96FF0F9
:1078D0001501B546C6E71B7882F85630411C204694
:1078E000FFF7DCFE01460028BCD10020BD46F8BDF4
:1078F000B7070500F00B0500ACAE0400EB07050070
:107900001F0805002DE9F04151F8244C00AF0D4649
:107910001646A1F130089CB96D4688B06A46184BEE
:107920005361184B93610323174842F8103F4FF4FB
:10793000C2511EF094F92046AD46BD46BDE8F08127
:10794000FF2B10D96C4688B06A46104B53610D4B23
:107950009361032342F8103F0B484FF4C4511EF0CB
:107960007EF9FF23A5460EB185F8283055F8244C42
:1079700055F8300C334600224146A047DDE700BFF2
:1079800052080500900B0500ACAE04007708050016
:1079900080B500AF88B06A46064B5361064B9361D1
:1079A000032342F8103F05484FF4C2511EF057F927
:1079B000BD4680BD99080500B90B0500ACAE0400BA
:1079C0002DE9F04385B000AF814688464C4807F169
:1079D0000C0115461C460022002311F055FB014600
:1079E000D0B10023FB60FB687B60D3B96C4688B0E4
:1079F0006A46444B5361444B93610323434842F826
:107A0000103F4FF4C2511EF02AF96FF00B00A5464B
:107A10001437BD46BDE8F083F8685C2222F0A4FD6F
:107A2000E1E720461EF057F882797B6812F00401E6
:107A3000064603D0022283F8572029E0D20643D518
:107A4000012283F8572042F602133973FB8107F1B4
:107A50000C02214628461EF0B7F8A8B96C4688B03B
:107A60006A462B4B5361284B9361032342F8103F26
:107A700026484FF4C2511EF0F2F8381DA546FFF714
:107A80007DFD6FF01500C3E77B688288A3F8542062
:107A900000233B7242F608137B8107F1080221465E
:107AA00028461EF091F8034680B930683B7342F6D1
:107AB0004D23FB8107F10C011EF060FC50B96C46B0
:107AC00088B06A46134BCDE70322B4E77B6882880F
:107AD000A3F850203268214628461EF075F820B9D8
:107AE0006C4688B06A460C4BBCE77B688288C3F85A
:107AF0000090A3F852207B68C8F80030002087E788
:107B0000F01B0020B7080500400C0500ACAE0400D7
:107B1000DA080500F8080500160905002DE9F04F00
:107B200089B000AF0D4680461DF0EBFF1DF0B3FF9E
:107B3000044628461EF0D8F8002320683B7741F61B
:107B40001203FB8307F11C011EF018FC044648B128
:107B50006FF0850428461EF0C7F820462437BD463E
:107B6000BDE8F08F42F64C233877FB8307F11C0108
:107B70004046FFF70FFD90B96C4688B06A46B84B97
:107B80005361B84B9361032342F8103FB6484FF45A
:107B9000C2511EF064F8A5466FF01504DAE742F60C
:107BA0004A23E8813C767B8307F118014046FFF7C2
:107BB000F1FC20B96C4688B06A46AC4BE0E742F66F
:107BC0004B23A8813C75FB8207F114014046FFF767
:107BD000E1FC20B96C4688B06A46A54BD0E742F676
:107BE000332368817B823C7407F1100140461DF00D
:107BF000ACFF0346C8B1424605F154012846FFF7E1
:107C0000DFFE0446002838D06E4688B06A46994B9D
:107C10005361944B9361032342F8103F4FF4C251D8
:107C200091481EF01CF8B54694E70446002642F63B
:107C300022233E73FB8107F10C0140461DF085FFB6
:107C400042F632233E7281467B8107F108014046AD
:107C50001DF07BFF0646B9F1000F2DD068B34B46EF
:107C6000424605F14C012846FFF7AAFE044630B112
:107C70006E4688B06A46804BCAE70124D6E7334691
:107C8000424605F150012846FFF79AFE044670B9B6
:107C900000233B7142F64E23FB80391D4046FFF71F
:107CA00079FCF0B96C4688B06A46744B68E76E465A
:107CB00088B06A46724BABE778B16E4688B06A46C8
:107CC000704B5361674B9361032342F8103F664842
:107CD0004FF4C4511DF0C3FFB546002CD8D12C8100
:107CE00000E0288100242646A14642F64D2A31466E
:107CF00040461DF008FF064630B9FF2C12D96C46ED
:107D000088B06A46604B3BE71DF0E5FE391D006810
:107D100087F80490A7F806A01EF030FB0028E6D1F3
:107D20000134E4E74FEA840A504622F06CFA8146B7
:107D300098B96C4688B0AE656A46544B5361494B5E
:107D40009361032342F8103F47484FF4C2511DF09E
:107D500086FFA5466FF00B04FCE65246314622F042
:107D600003FCB246C5F8589085F85C40B14642F62F
:107D70004D2B314640461DF0C6FE064638BB4046F8
:107D80001DF0BDFEA84648F8300B002200234046F7
:107D900011F03CFC044600287FF4DCAEAB89002BDC
:107DA0003CD16C4688B06A46394B5361394B93617C
:107DB000032342F8103F2C484FF4C2511DF04FFFEF
:107DC000A5466FF0150440461DF02AFFC2E61DF0DF
:107DD00082FE391D006887F804A0A7F806B01EF0DF
:107DE000CDFA0028C5D1A96D3346424601EB890181
:107DF0002846FFF7E5FD044668B16E4688B06A463E
:107E0000254B5361174BC2E90630042342F8103F5B
:107E10004FF4015104E709F10109AAE71F4A2A6258
:107E2000012228686A622B856E8505F1200108F021
:107E300023FD044600283FF490AE6E4688B06A46A3
:107E4000174B5361134BC2E90630042342F8103F2D
:107E500005484FF401511DF002FFB546B3E700BFDE
:107E600030090500620C0500ACAE040054090500A1
:107E70007A090500A1090500BF090500420A0500AD
:107E8000E40905000A0A05006C0A0500A40A0500B9
:107E9000F10A05002C0C0500CD0A050091770200BF
:107EA000290B050030B585B00C460899A8B1A4B1DE
:107EB00099B194F85750022D12D1A5689DB9A160CF
:107EC0000A490294CDE90051B4F85210006808F054
:107ED000A5FD00B1A56005B030BD6FF01500FAE753
:107EE0006FF08500F7E76FF00F00F4E7A75C040080
:107EF0002DE9F0410C4600AF002840D000293ED0CB
:107F0000002A3CD091F85730012B3BD1CE68002E8F
:107F10003BD1A1F84030B1F85230CA608B871C4A7F
:107F2000B1F85430CB870A6301F14403BFF35B8F90
:107F300053E8001F41F0010143E80012002AF7D185
:107F4000BFF35B8F04F13001006808F0C7FD054600
:107F500088B1E84688B06A460E4B53610E4BC2E9C1
:107F60000630042342F8103F0C484FF401511DF035
:107F700076FEC546E6602846BD46BDE8F0816FF056
:107F80001505F8E76FF08505F5E76FF07705F2E77F
:107F900005790200520B0500A30B0500ACAE0400EE
:107FA0002DE9F0410E461746044600B3F9B100F141
:107FB0003008DDE90623404611F028FB054698B954
:107FC0000C4B23620123636263892068E661238589
:107FD000678504F1200108F04FFC054620B100231D
:107FE000E36140461DF01CFE2846BDE8F0816FF0BD
:107FF0001505F9E7655C04000449431E0F3013F8CA
:10800000012F8A5C1A708342F9D170477F0C0500FA
:10801000F0B5264E07460C460FCE8DB001AD0FC50C
:108020000FCE0FC596E8070085E807003846002FF9
:1080300038D0002C38D0381F2146024610344B78F7
:108040000D781B0443EA0563CD782B438D7804310A
:1080500043EA05238C4242F8043FF0D1144C04213A
:108060008A07036916D1C3F30742A55C1A0EA25C06
:1080700042EA0562C3F30725DBB2655DE35C42EAD1
:10808000054242EA032221F0030330336B4453F8E4
:108090002C3C534050F8042F013153402C290361EC
:1080A000DED101200DB0F0BD2046FBE73CC004004E
:1080B0007F0C0500014815F0C7BA00BFF8C60400E0
:1080C00038B5044618B90F4B0F485B68984761688C
:1080D000B1F5683F0FD0B1F5680F0CD00B4DA94238
:1080E00009D011F4686107D00948214621F00EFB40
:1080F00000232360656038BD2068142222F034FA22
:10810000F8E700BF101A00207F0D05002C5F5CA966
:10811000C49C002008B520B34368B3F5683F10D174
:1081200001220368BFF35B8F53E8001F002903D1CE
:1081300043E800200028F7D1BFF35B8F0DD100206A
:1081400008BD094A93420AD000684FF0FF324FF051
:10815000FF3311F04DF90028F1D00448F0E704484E
:10816000EEE76FF4E040EBE72C5F5CA9E98FFFFFDF
:10817000EA8FFFFF08B5D8B14368B3F5683F10D167
:1081800000220368BFF35B8F53E8001F012903D16E
:1081900043E800200028F7D1BFF35B8F0BD100200C
:1081A00008BD074A934208D0006811F09BF9F6E732
:1081B0006FF4E040F4E70348F2E70348F0E700BF5C
:1081C0002C5F5CA9E98FFFFFEA8FFFFF10B5044623
:1081D00018B91D4B1D485B6898476368B3F5683F45
:1081E0002FD0B3F5680F2CD0194A934219D12368C8
:1081F00003BB18484FF0FF324FF0FF33214610F019
:1082000043FF08B923681BB90F4B13485B689847B5
:1082100020681422002122F0A7F94FF468636360FC
:1082200008E0B3F5683F0DD83A2B03D040F6BA62A8
:108230009342DED1206821F0CEFA636843F03A031E
:10824000636010BD054AF3E7101A00207F0D05009A
:108250002C5F5CA9C49C0020A50D05003A00003AE3
:1082600008B5064906484023142221F040FABDE82B
:1082700008400449044815F0ADBA00BFC497002077
:10828000C49C002000C7040014C704000149102248
:108290000A60704710ED00E072B6404080F311882C
:1082A000BFF36F8FBFF34F8F30BF62B6BFF36F8FD7
:1082B000704700BF72B6494081F3118820BF80F338
:1082C000118862B6704700BF2DE9F84F824600AFB3
:1082D0000C46002952D06E468AB0D1E90012A3683C
:1082E0006D46DFF8A8902A486861A8464FF0060B53
:1082F000C5E90691C5E9082348F810BF254842465C
:1083000000234FF44151FCF743F9B546D4E9031279
:108310006369AD4620486B62C5E90509C5E90712E6
:10832000C5F810B01B48002342464FF44151FCF7FA
:108330002FF9B54688B0E3696D46184AEB61A84647
:108340004FF0040BC5E9052948F810BF1148002378
:1083500042464FF40151FCF71BF9B546A369AD46FF
:108360000F4AEB61C5E90529C5F810B0094800239B
:1083700042464FF40151FCF70BF9B54621465046F1
:1083800010F0E6FCBD46BDE8F88F00BF7D0E05008D
:10839000D20D0500ECAE0400050E0500380E0500F8
:1083A0004B0E050040B2002807DB044A41090123B7
:1083B00000F01F00834042F82130704700E100E0E8
:1083C00040B200280CDB4309064900F01F002033AF
:1083D0000122824041F82320BFF34F8FBFF36F8FFC
:1083E000704700BF00E100E0054B420900F01F00AC
:1083F00053F82220012303FA00F01040704700BF19
:1084000000E100E040B2D30754BF02310021002850
:10841000ACBF00F16040074A4FEA4113ACBF00F522
:10842000614000F00F00DBB2B4BF135480F800339A
:10843000704700BF14ED00E008B572B6044B9A69AE
:108440001AB100229A6121F097F962B608BD00BF07
:10845000B4C4002030BFFFF7FDBF00BF0B4A08B512
:108460000B4B22F07F029A60BFF34F8FBFF36F8FE9
:10847000D3F8882022F47002C3F8882010F02AFD77
:1084800011F038FE00F046FC10F068FD000000001E
:1084900000ED00E0094A0A4993680968D96709496B
:1084A00098674B6843F080534B60002383F3118837
:1084B000BFF36F8F9368D86F704700BFB4C40020BC
:1084C00044CD040000ED00E012498A684FF030000E
:1084D0001044EFF3098C80E8F01F402080F31288ED
:1084E000BFF36F8F0C4F4FF00066CA698A603E6021
:1084F000906F0023936780F3118804B5104600F055
:10850000A5FCBDE8044002F1300090E8F01F8CF3B8
:1085100009887047B4C4002004ED00E01EF0040F89
:108520000CBFEFF30880EFF30980816911F8021C9A
:108530000229FFD001B51DF075FE01BD42F8203CB7
:10854000009B42F81C3C0A49019B42F8183C029BE4
:1085500042F8143C21F001014FF0807342F8043CD2
:1085600042F8081C0023203A02658367704700BF69
:10857000AF460400094A0346906870B113F1160F24
:10858000806E05D0A0F140029A4205D8834203D202
:10859000814228BF0020704700207047B4C40020EB
:1085A00008B5094B98600D46144600F04FFC204674
:1085B00085F30988002163B681F31188BFF36F8FBB
:1085C000002200231CF073F8B4C4002001B572B679
:1085D0000B4A906900281EBF0021916121F0CCF860
:1085E00062B6EFF30580A0F110004FEAC000054924
:1085F000014409C99847BDE8014003490847000004
:10860000B4C40020D8AB04000D860200044B996866
:10861000D869884203D003494FF080520A607047FE
:10862000B4C4002004ED00E02DE9F84300AFE846B3
:1086300088B006460D466A464D4B4E4C53614FF08E
:10864000030994614FF4C25142F8109F4A481DF04B
:10865000FDFD4A4B9B6AD904C5460CD588B06A46D5
:10866000474B4548C2E905344FF4C25142F8109FC8
:108670001DF0ECFDC546414B9B6A1A050ED5E84638
:1086800088B06A463F4B3C48C2E90534032342F8B0
:10869000103F4FF4C2511DF0D9FDC546DFF8DC9004
:1086A000D9F828309B052AD5E84688B06A46364B6B
:1086B0003148C2E90534032342F8103F4FF4C25158
:1086C0001DF0C4FDD9F83830D9F828201004C5466B
:1086D00015D588B06A462D49D3610423C2E9051433
:1086E000254842F8103F4FF401511DF0AFFDC5463B
:1086F0002EB1D9F8283023F40043C9F828301F4B95
:108700009B6A59050ED56E4688B06A46204B1A48BA
:10871000C2E90534032342F8103F4FF4C2511DF063
:1087200095FDB546154B9A6AD20518D56E4688B0A8
:108730006A46184B1048C2E90534032342F8103F3B
:108740004FF4C2511DF082FDB5460C4A936A0020D9
:1087500043F47F4393622870BD46BDE8F8839B6A6B
:108760009B04F2D56E4688B06A460B4BE2E700BF29
:10877000860E050061120500ECAE040000ED00E07D
:10878000A00E0500B50E0500CC0E0500E90E050093
:10879000020F0500210F05003D0F0500F8B500AFE1
:1087A0006D4688B06A46434B434C5361032694613F
:1087B000424842F8106F4FF4C2511DF047FD404B44
:1087C0009B6A9B01AD460CD588B06A463D4B3B4841
:1087D000C2E905344FF4C25142F8106F1DF036FD66
:1087E000AD46374B9B6ADD010ED56D4688B06A46B3
:1087F000354B3248C2E90534032342F8103F4FF4A9
:10880000C2511DF023FDAD462D4B9B6A18030ED5BA
:108810006D4688B06A462D4B2848C2E905340323CB
:1088200042F8103F4FF4C2511DF010FDAD46244BED
:108830009B6A59030ED56D4688B06A46244B1F4883
:10884000C2E90534032342F8103F4FF4C2511DF032
:10885000FDFCAD461A4B9B6A9A030ED56D4688B057
:108860006A461C4B1548C2E90534032342F8103F01
:108870004FF4C2511DF0EAFCAD46114B9B6ADB037D
:108880000ED56D4688B06A46134B0C48C2E90534D4
:10889000032342F8103F4FF4C2511DF0D7FCAD4600
:1088A000074A936A6FEA03436FEA13430020936217
:1088B000BD46F8BD700F050055120500ECAE040072
:1088C00000ED00E08C0F0500A30F0500C10F0500AF
:1088D000E30F05000C1005002A1005002DE9F84FE4
:1088E00000AF6E4688B01546804689466A465A4BA8
:1088F0005A4C53614FF0030A9461594842F810AF43
:108900004FF4C2511DF0A2FC564B9B6ADB06B546E4
:108910000CD588B06A46544B5148C2E905344FF42F
:10892000C25142F810AF1DF091FCB5464D4B9B6A09
:108930001E070ED56E4688B06A464C4B4848C2E9C1
:108940000534032342F8103F4FF4C2511DF07EFC62
:10895000B546DFF810B1DBF82830980740D46FF047
:108960001506404B9B6ADA070ED5E94688B06A4681
:108970003F4B3B48C2E90534032342F8103F4FF414
:10898000C2511DF063FCCD46364B9B6A9B060ED54B
:10899000E94688B06A46374B3148C2E905340323BB
:1089A00042F8103F4FF4C2511DF050FCCD462D4C03
:1089B000A36AD80642D4A36A99073FD40020A36AC9
:1089C000284A9B0642BF636A23F400536362936A9A
:1089D00043F0FF03936200232B70BD46BDE8F88F80
:1089E000EA4688B06A46244B1D48C2E90534032391
:1089F00042F8103F4FF4C2511DF028FCDBF8346000
:108A0000DBF828301906D546A9D588B06A461B4B35
:108A1000D661C2E90534042342F8103F10484FF4F0
:108A200001511DF013FCD546B9F1000F99D0DBF8C8
:108A3000283023F08003CBF8283092E763681A05CA
:108A4000BCD541463046FFF795FD0028B6D080F3EF
:108A500009880220B3E700BF591005006B1205001A
:108A6000ECAE040000ED00E073100500B50E05004B
:108A7000E01005003D0F0500AA100500C610050016
:108A80002DE9F047894B8AB0D3F8048000AF044643
:108A9000C8F30805002686F31188BFF36F8F02F034
:108AA0007F43B3F17F4F13D102F00C03082B1ED18B
:108AB0006C4688B06A467E4B53617E4B93610323BC
:108AC00042F8103F7C484FF4C2511DF0BFFBA54651
:108AD000002634460023FB71EB1E092B00F2C880F0
:108AE000DFE803F00AAEB1AAC6C6C6C6C6B4100710
:108AF0004CBF0C460126EDE7E84688B06A466F4B4E
:108B0000DFF8BC9153614FF0030AC2F818906A482D
:108B100042F810AF4FF4C2511DF098FB0023634D93
:108B2000FB71EB6A9A07C5460DD588B06A46654B5E
:108B3000C2E9053942F810AF4FF4C2515E481DF04A
:108B400085FBC54692E0EB6A002B03DA88B06A46E3
:108B50005D4BEDE7EB6A5B0040F1888088B06A46C8
:108B60005A4B5548C2E905394FF4C25142F810AF8B
:108B70001DF06CFB6B69A26943F48073C5466B61A1
:108B8000BFF34F8FBFF36F8F6B6932F8022C23F462
:108B900080736B61BFF34F8FBFF36F8F4DF602731E
:108BA0009A4209D0AB6ADBB2002B38D0FA1D012102
:108BB0002046FFF793FE41E088B023686A464449A7
:108BC000D3610423C2E905193B4842F8103F4FF432
:108BD00001511DF03BFB2368C546FA79DAB907F16C
:108BE000080504F1200C206861682A4603C2083495
:108BF00064451546F7D17A6A002E52D0C2F30801B7
:108C000021B96FEA52226FEA42227A6207F1080123
:108C10001846FFF759FB2837BD46BDE8F087AB6A19
:108C200013F47F4F04D0F91D0120FFF7FDFC05E090
:108C3000AB6AB3F5803F19D3FFF7B0FD0346CCE72D
:108C4000FA1D0021B4E7F91D0020EEE76D4688B05B
:108C50006A46204B5361204B9361032342F8103F37
:108C600015484FF4C2511DF0F1FAAD460023B4E7A8
:108C70001A4A1B4B18F4F87FE8468AB018BF13460F
:108C80006A46184951611849C2E9061340F2013396
:108C90009384103D154B15624FF4315142F8103F4B
:108CA0004CE722F4FF7222F00102AEE700ED00E093
:108CB0003111050087120500ECAE040060110500BB
:108CC0007C1205007B110500A0110500B211050002
:108CD000D5110500F5110500471205001811050012
:108CE000031105001D1205003412050005000001E6
:108CF000024A536943F010035361704700ED00E0EE
:108D0000EFF30880EFF3098101B57246FFF7B8FE73
:108D100001BD00BF044800234021C2180133302B9D
:108D200082F80013F9D1704700E100E0002080F3E1
:108D30001488BFF36F8FFBF797F900200D49086087
:108D4000BFF34F8F0C4880F3088800F02BF84020C9
:108D500080F3118809484FF40461401880F30988B2
:108D6000EFF314800221084380F31488BFF36F8F60
:108D7000FFF774FB94ED00E0C05A01200049012088
:108D80000749D1F890200023C2F3072218469342E6
:108D900000DB7047C1F89830C1F8A0000133F6E756
:108DA00000ED00E008B572B6002383F31388FFF7E7
:108DB000E7FF144B4FF0FF32C3F88020C3F8842044
:108DC000C3F88820C3F88C20C3F89020C3F89420FF
:108DD000C3F89820C3F89C20C3F88021C3F88421ED
:108DE000C3F88821C3F88C21C3F89021C3F89421DB
:108DF000C3F89821C3F89C2162B6BFF34F8FBFF32D
:108E00006F8F08BD00E100E0084B9B6883420BD1E7
:108E1000EFF3058343B1064B5A6842F080525A6023
:108E20005A6A22F400425A6211F0F2B8B4C4002027
:108E300000ED00E0024B034A0348012100F09AB81C
:108E4000000004200000002024C70400826E054BAF
:108E5000403A1A60044A4021C3E901121846012130
:108E600000F092B8E49C002000000B152DE9F041C1
:108E7000DFF8BCE09C4600AF154600238B421CDAAD
:108E80004468002C51D0BCF1000F1FD0661E344244
:108E900017D06C4688B06A46264951612649C2E916
:108EA0000613042342F8103F244800234FF40151D5
:108EB000FBF76EFB6FF01505A5462846BD46BDE8DD
:108EC000F0811F2CE5D902681642E2D1202C0268FD
:108ED00086685FFA85F816D9B4F1004F15D8013CC1
:108EE000B4FA84F4C4F11F046400B8F1070F46EA31
:108EF00004060CD96C4688B06A46114B5361114B7D
:108F0000C2E90635CDE70824EFE73E24EDE722F07D
:108F10001F022A4342F0100246F00106CEF8985094
:108F2000CEF89C200135CEF8A06001330C30A5E7C7
:108F300000ED00E093120500FD120500D4AE040020
:108F4000BA120500E4120500044B0522C3F8942070
:108F5000BFF34F8FBFF36F8F704700BF00ED00E08E
:108F6000BFF35F8F024B0022C3F89420704700BF0D
:108F700000ED00E010B5034C01232278FFF776FFE7
:108F8000207010BDB3F6002008B5094A00231278FE
:108F9000FFF76CFF10F1160F03D0064B00220728D5
:108FA00000DD08BDC3F89800C3F8A0200130F6E743
:108FB000B3F6002000ED00E014490868082810B559
:108FC00021D8FFF7CDFF124C49680022904201F1F1
:108FD0000C0105D10F4B1870FFF7B6FF002010BD34
:108FE000C4F8982051F80C3C23F01F03134343F0BE
:108FF0001003C4F89C3051F8043C43F00103C4F85A
:10900000A0300132E2E74FF0FF30E8E730C704005C
:1090100000ED00E0B3F60020014B1860704700BF80
:10902000F0160020F8B5084F06460D460024AC4265
:1090300008DA3B6898470A28305504F1010401D04A
:109040000D28F4D12046F8BDEC160020F8B50A4FE3
:109050000D46461EC0F10104A3199D4201DC2846BD
:10906000F8BD73780A2B02D13B680D2098473B6806
:1090700016F8010F9847EFE7F016002008B50248F0
:109080000521FFF7E3FFFEE71313050010B5074CBA
:109090002368C2180648C0F1005101F580218A42B8
:1090A0003ABF2260C0184FF0FF3010BDF09C002086
:1090B0009843022008B51D210448FFF7C7FF404030
:1090C00080F311884FF0030002DF00BF1913050081
:1090D00010B54FF04003EFF3118083F31288BFF314
:1090E0006F8F114A0123C2F840354FF080424FF094
:1090F0008051C2F87835D1F83041082C08D1D1F828
:109100003411052904D8094C615C09B1C2F838361C
:109110004FF080430122C3F8802580F31188BFF30C
:109120006F8F002010BD00BF00E001404613050016
:109130004FF08043C0B2C3F81C05BFF34F8F054901
:10914000054BCA6802F4E0621343CB60BFF34F8F54
:1091500000BFFDE700ED00E00400FA0520B1034B7D
:10916000800143F001031847704700BF60C104004D
:109170000E4B402970B528BF40210D4C46181D46A6
:10918000B04203F1020304D1002305F8113007486F
:1091900070BD02781209A25C03F8022C10F8012BB2
:1091A00002F00F02A25C03F8012CE9E7D2F60020DE
:1091B0006313050030B503788BB0044607AD032B6D
:1091C00021D8DFE803F0021A1C1E1249284621F0BC
:1091D000FDF9059563780493A3780393E3780293EC
:1091E0002379019363790093A3790B4A0B481E21DD
:1091F0001BF050FA09480BB030BD0949E6E70949B0
:10920000E4E70949E2E7094A0A2128461BF042FA45
:10921000DFE700BF01DD040023DD0400B4F6002019
:1092200008DD04000FDD040019DD0400943C050096
:10923000B0B500AF6C4688B06A46144B5361144D0C
:109240009561032342F8103F12484FF4C6510023A2
:10925000FBF79EF910491148CA79A546C2EBC20234
:10926000FDF770F878B188B06A460D4BD061C2E95D
:109270000535042342F8103F064800234FF40151FE
:10928000FBF786F9A546BD46B0BD00BF7B130500C0
:10929000D61405006CAE04005804002089130500A4
:1092A0008F1305002DE9F043374D83B0BFF35B8F7B
:1092B00099462B68BFF35B8FD90700AF04469046F1
:1092C00038D598B96D4688B06A46304B5361304BFB
:1092D0009361032342F8103F4FF4C25103462D48D7
:1092E000FBF756F9AD466FF0010024E0391D1CF084
:1092F00092FA29490246204621F070F903460028D7
:10930000F1D1BFF35B8F2A68BFF35B8FC2F3C00656
:10931000120714D56C4688B06A46204951611C4931
:109320009161032142F8101F1A484FF4C451FBF712
:109330002FF9A54600200C37BD46BDE8F083A5F106
:10934000CC04072221464846C047062816D8E846DE
:1093500088B06A46124B53610D4B9361032342F868
:10936000103F0C4833464FF4C251FBF711F945F852
:10937000CC6CC546C4F80360E671DBE70723B0FB9D
:10938000F3F0E071D6E700BF24050020AE1305001E
:10939000CB1405006CAE040016DD0400D3130500E9
:1093A000FB1305002DE9F04188B09C79DDF8388089
:1093B0005D791E79DF7893F802C093F801E01B789D
:1093C000B8F1000F0ED0CDE90638CDE904CE134632
:1093D000CDE90267CDE90045084A1BF05BF908B00A
:1093E000BDE8F081CDE905E3CDE9037C1346CDE985
:1093F0000156034A00941BF04DF9F0E724140500D0
:1094000048140500014810F079BA00BFF416002096
:109410002DE9F843274DBFF35B8F2B68BFF35B8FBC
:1094200013F0010F00AF2E4642D015F8C58CA5F100
:10943000CC09B8F1000F22D102F002FA0446A0B123
:109440006D4688B06A461C4B53611C4B93610323E5
:1094500042F8103F1A4843464FF4C251FBF798F8C0
:10946000AD462046BD46BDE8F88399F80780B8F1BF
:10947000000F04D102F05EFA04460028E0D1BFF3E9
:109480005B8F2B68BFF35B8F5A0701D401F0E2FCBE
:10949000BFF35B8F56E8003F23F4803246E800219B
:1094A0000029F7D1BFF35B8FDB0301D5FFF7AAFFDC
:1094B0000024D6E72405002069140500CF14050018
:1094C0006CAE0400B0B500AFFDF7E6F8044688B115
:1094D0006D4688B06A46094B5361094BC2E90630B4
:1094E000042342F8103F074800234FF40151FBF7D3
:1094F0004FF8AD462046BD46B0BD00BF91140500F3
:10950000BA1405006CAE040030B50A4D0A4B85B0A4
:10951000002428460293039420F0FAFA02AB009349
:10952000284606490A234FF4A36210F0EDF92046BD
:1095300005B030BD18440020ED140500C0270120FF
:109540000146014810F018BA1844002001460148AD
:1095500010F042BA184400200378012B30B513D024
:10956000022B27D07BB9194B0A4603F1100453F89C
:10957000045B42F8045BA342F9D11B781370438863
:109580004B731B0A8B7330BD104B0A4603F110045A
:1095900053F8045B42F8045BA342F9D11B781370C3
:1095A00043684B73C3F307221B0CCB731B0A8A73EC
:1095B0000B74E8E700F1100350F8042B41F8042B7A
:1095C0009842F9D103780B70DDE700BF1315050051
:1095D00010B5034686B01C78012C0846114609D008
:1095E000022C0AD0FCB95B88124A06B0BDE81040D4
:1095F0001BF050B85B68104AF7E7B3F801200492FB
:10960000D3F803200392B3F807200292B3F809209D
:109610000192B3F80B200092D3F80D30074A1BF0EB
:1096200039F806B010BD002106B0BDE8104020F0AA
:109630009BBF00BF48280500000E0500F61405007A
:1096400038B5054605481FF0DAF9044620B1002177
:1096500008301FF0F9F92575204638BD3C20002060
:1096600010B50B460A490246D1F8380120B9BDE8C9
:1096700010400120FFF7E4BF1FF041FA0123002151
:1096800003758181044608301FF0DEF9204610BDC5
:109690005804002070B504460F2C0D46104619469C
:1096A00005D80D2C0DD9BDE87040FFF7D9BF132C9C
:1096B00007D10C481FF0A3F9044638B9002420460E
:1096C00070BD02460B4645B10748F3E7002108305C
:1096D0001FF0BAF901232375F1E7BDE870400120BE
:1096E000FFF7AEBF6C200020AC1F002070B50B4D03
:1096F00006460FCD8EB001AC0FC40FCD0FC40FCDF9
:109700000FC40C2E2B6823609BBF0EAB03EB8606A9
:10971000034856F8340C0EB070BD00BF68C004009A
:109720002B150500F8B506460F4603F071FA0446FE
:1097300040B18378012B24D013211DF0C0F92046BD
:109740001DF023F93946304609F00EFD054628BBC9
:109750003946304607F0E8FB144B1B6823B31C68FE
:1097600004B10C3C53F8043C13B1394630469847D9
:10977000D4B12346E4689B68A4B10C3C002BF4D11F
:10978000F7E70023D0F8BC50C0F8BC3013211DF01F
:1097900096F920461DF0F9F8002DD3D0284609F09F
:1097A0001BFDD5E7002BE0D1F8BD00BFAC9E00202B
:1097B00038B58368B3F801401B788BB9204602F0B6
:1097C000BBFF054668B96FEA04500A4A08236FEAEE
:1097D000105032F8021B09B922F8020C013BF8D1F3
:1097E00038BD012102F0B0FF2846BDE838401DF029
:1097F000CCB800BFB8D3002080B5836800AF88B074
:109800001B786A460749516107490848C2E90613AF
:10981000042342F8103F4FF402511CF056FEBD469F
:1098200080BD00BF33150500461F05003CAE040097
:1098300080B500AF88B06A46064B5361064B936112
:10984000032342F8103F05484FF4C2511CF03DFE7F
:10985000BD4680BD5F1505000E1E05003CAE040030
:10986000F0B583B08568B5F8016000AF304602F00E
:1098700063FF044698B96C4688B06A461D4B536135
:109880001D4B1E48C2E90636042342F8103F4FF430
:1098900001511CF01AFEA5460C37BD46F0BD2B78D1
:1098A0008BB9B5F80330A0F8A630B5F80530A0F8AC
:1098B000AC30B5F80730A0F8AE3003F0A7F820467A
:1098C0001DF063F8E8E71A2BF9D1C378012BF6D124
:1098D0004FF4007104301CF0D8FD8305EFD4D4F8A8
:1098E000A8303B60D4F8B0307B603946204603F0A6
:1098F00059FEE4E77D150500DE1D05003CAE0400C1
:1099000098B5014600AF0E481FF0A2F80D490E4869
:1099100020F0EDF8002810DA6C4688B06A460B4B50
:1099200053610B4BC2E90630042342F8103F09484B
:109930004FF401511CF0C9FDA546BD4698BD00BFBE
:1099400094050020CC17002038450020A5150500FF
:10995000031F05003CAE0400B0B50B468D8900AF77
:10996000044629469868FFF703FC8CB06A460A4B08
:1099700053610A4BC2E9063440F203531385084B86
:10998000C2E908504FF4525142F8103F05481CF00C
:109990009CFDBD46B0BD00BFC61505002C1F0500CF
:1099A000060000013CAE040080B5012100AF083084
:1099B0001FF0FCF888B003786A46074951610749EF
:1099C0000748C2E90613042342F8103F4FF401513F
:1099D0001CF07BFDBD4680BDEC150500D81E0500C2
:1099E0003CAE0400B0B583681C8800AF204602F08E
:1099F000A3FE90B96D4688B06A46094B5361094B86
:109A00000948C2E90634042342F8103F4FF40151DB
:109A10001CF05BFDAD46BD46B0BD1CF0B6FFFAE7DD
:109A20007D150500381E05003CAE0400B0B5836806
:109A3000B3F8014000AF204602F07EFE90B96D46BB
:109A400088B06A46094B5361094B0A48C2E906349B
:109A5000042342F8103F4FF401511CF036FDAD468F
:109A6000BD46B0BD1CF091FFFAE700BF7D150500B3
:109A70004B1E05003CAE0400B0B502EBC30300AFC3
:109A80000446934203D12046FFF766FF1AE01046D2
:109A900010F8085BA5421BD18B895078984213D9E6
:109AA0006D468AB06A460B4951610B491462C2E99E
:109AB0000613052342F8103F08484FF421511CF0CB
:109AC00004FDAD46BD46B0BD536808469847F9E76A
:109AD0000246D6E712160500181F05003CAE04002A
:109AE000F8B5594800AF1EF0D1FF0446002870D0E9
:109AF000037D012B6FD0032B40F09F808389032BC4
:109B00000CD8524A5249534840F2ED131BF0F9F871
:109B1000404080F311884FF0030002DF042104F17C
:109B200008001FF043F8A18943880688FF22C6F386
:109B30000B008B42E082627512D06D468AB06A4695
:109B400045485061454813620523C2E9060142F8C1
:109B5000103F4FF4215142481CF0B7FCAD4668E07D
:109B600002F0EAFD054670B96D4688B0E38A6A46A0
:109B70003C4951613949C2E90613042342F8103FB8
:109B80004FF40151E7E702F01FFF320B60752146E9
:109B9000284602F063FC28461CF0F7FE324BD3F84F
:109BA0003C31B3B1314932481FF0A1FF002810DA2F
:109BB0006C4688B06A462F4B53612F4BC2E9063082
:109BC000042342F8103F26484FF401511CF07DFC5D
:109BD000A546BD46F8BD8389012B0CD81B4A1C49FC
:109BE0001C484FF416631BF08CF8404080F311883A
:109BF0004FF0030002DF022104F108001EF0D6FF3F
:109C0000054600781CF016FC83070CD40F4A1B494C
:109C1000104840F664131BF074F8404080F311883C
:109C20004FF0030002DF164A287806232146FFF78B
:109C300023FF204609F01CFDB0E76D4688B06A4658
:109C4000104951610C4996E794050020381605002B
:109C50006C16050085160500A2160500EB1E050012
:109C60003CAE0400CA16050058040020CC170020A2
:109C700038450020A5150500F31E0500F016050067
:109C8000D8C704001E17050010B50121044608308E
:109C90001EF08CFF2146034A0078BDE810400B23DC
:109CA000FFF7EABE08C80400F8B58568B5F801609A
:109CB00000AF304602F040FD044690B96C4688B0D3
:109CC0006A46114B5361114B1148C2E90636042311
:109CD00042F8103F4FF401511CF0F7FBA546BD467A
:109CE000F8BD2B783BB9D5F80330C0F8B430D5F8BF
:109CF0000730C0F8B8304FF48051201D1CF0C5FB70
:109D000020461CF042FEEAE77D150500F61D050021
:109D10003CAE04002DE9F843064600AF9079454D6E
:109D20008846144609F0DCFB85421AD0A479204607
:109D300009F0D6FBE8468CB06A463F4B53613F4B77
:109D40009562C2E906360723C2E908404FF4625122
:109D500042F8103F3A481CF0B8FBC546BD46BDE886
:109D6000F883204609F0C4FB364D4FF00C0909FB7F
:109D700000504388B34218D0204609F0B9FB09FBD4
:109D800000506C468AB043886A462F4951612B497E
:109D900013620523C2E90616294842F8103F4FF422
:109DA00022511CF092FBA546D8E7284ED6F8380180
:109DB00020B109F05DFC0023C6F83831204609F0D7
:109DC00097FB0C2606FB00504368ABB1B8F1000FBF
:109DD00012D1204609F08CFB06FB0050012142689D
:109DE000D2E90003127A03F01F06B1405B09DAB131
:109DF00000EB83001CF049FB204609F079FB0C26A0
:109E000006FB00508368002BA8D0204609F070FBA9
:109E1000704305F80080204609F06AFB06FB0055F8
:109E2000A8680FF0CDFB99E7C94300EB83001CF055
:109E30004FFBE1E70C20002036170500391F050015
:109E40003CAE0400F49C00206F170500580400206D
:109E500038B50421044608301EF0A8FE4578017884
:109E600040882246FFF756FF25B10348BDE8384039
:109E70000FF0A6BB38BD00BF7805002038B5032120
:109E8000044608301EF092FEA36805781978B0F8F1
:109E900001002246FFF73EFF25B10348BDE83840E8
:109EA0000FF08EBB38BD00BF780500202DE9F84FBC
:109EB0000025D0F80880DFF80CA100AFA94698F87B
:109EC00000309D4202DBBD46BDE8F88F08EB8503FC
:109ED000B3F801B0B3F80360584602F02DFC044615
:109EE000D8B100F1280B002E40D04FF04003EFF323
:109EF000118283F31288BFF36F8FE36903B3013BD1
:109F0000E36182F31188BFF36F8F204602F070FA8D
:109F1000013E0FF055FBB6B2E5E76C4688B06A46E5
:109F2000294B5361294B2A48C2E9063B042342F8D6
:109F3000103F4FF401511CF0C8FAA5460135BEE7A9
:109F40006369BBB982F31188BFF36F8F6E4688B027
:109F50006A461E4B93610323C2F814A01C4842F8C2
:109F6000103F4FF4C2511CF0B0FAB54620461CF029
:109F70000CFDE3E7A169186860618B4208BFA0612E
:109F800082F31188BFF36F8F4FF04002EFF311811E
:109F900082F31288BFF36F8FDA68E261C3F80C9026
:109FA000C3F80090626A4AB9C4E9083381F31188A2
:109FB000BFF36F8F58460FF0A1FCA6E713606362F2
:109FC000F4E700BFC6170500A61705005C1F0500D3
:109FD0003CAE04002DE9F0418668357800AFBDB98C
:109FE000B6F80180404602F0A7FB044698B96C46DB
:109FF00088B06A46154B5361154B1648C2E90638BE
:10A00000042342F8103F4FF401511CF05EFAA546BC
:10A01000BD46BDE8F081F3780373294602F094FB56
:10A02000A378012B03D020461CF0AFFCF0E7BFF370
:10A030005B8F6368BFF35B8FDB07F4D5204602219B
:10A0400002F082FB284601F055FDECE7E117050020
:10A050008F1E05003CAE040010B5C1E900239DF839
:10A0600008300B720C4609F043FA034B0C2202FB3A
:10A0700000335C6010BD00BFF49C00202DE9F04768
:10A080004FF0FF324FF0FF3306461748174D0F468B
:10A090001EF0B5FC044600F1080A00214FF000084C
:10A0A00050461EF0D1FC84F81480204609F020FAB6
:10A0B0004FF00C0909FB00504680204609F018FAC1
:10A0C00009FB0050C0F80880204609F011FA09FB8E
:10A0D00000550321C5F8048050461EF036FD068069
:10A0E00087702046BDE8F0870C200020F49C0020FB
:10A0F0002DE9F04387B0804600AF15460C4621B9E4
:10A10000FFF7BCFF044600285CD00122002138463E
:10A110001FF03EFC204609F0EBF9DFF8B0900C236D
:10A1200003FB0090876020461EF0E9FC01462848AA
:10A130001EF0D8FC4FF4A022002338460FF066FA38
:10A14000064680B1234A2449244840F249131AF0B4
:10A15000D8FD234831461AF0D4FD404080F31188E1
:10A160004FF0030002DF204609F0C2F90C235843E8
:10A1700019F80060F6B16D468AB06A46194B536112
:10A18000194B1662C2E90638052342F8103F1748FA
:10A190004FF422511CF099F92046AD4609F068FAB7
:10A1A000092E14BF6FF004006FF06E001C37BD461F
:10A1B000BDE8F08315B12C600020F7E7204609F0D8
:10A1C00057FAF9E76FF06800F0E700BFF49C002051
:10A1D0009C050020381605000B18050085160500A3
:10A1E0001418050034180500BD1F05003CAE04001E
:10A1F000F0B583B000AF06460D463A1D002142F28D
:10A200002F00FFF775FF044698B16D4688B06A4687
:10A210000D4B53610D4B9361032342F8103F0C48E3
:10A220004FF4C2511CF051F9AD4620460C37BD46E3
:10A23000F0BD78688368B3F801203280B3F803304A
:10A240002B8009F015FAF0E754180500EE1F050001
:10A250003CAE0400F7B5144B93F99330002B054640
:10A260000C461DDA14B9204603B0F0BD082C01AA33
:10A270004FF0000142F21800264628BF0826FFF7DB
:10A2800037FF0028F0D1019FB968324601312846D6
:10A2900020F02FF9384609F0EBF93544A41BE1E72B
:10A2A0006FF08500E0E700BF58040020F0B587B0EC
:10A2B00006460DF10B01002001F06AFB054600285F
:10A2C00048D1192142F20D00FFF7D8FE07460028B9
:10A2D00043D0192108301EF038FC294604461922C3
:10A2E00020F042F906F19E059DF80B301C492373BE
:10A2F0000722284620F0EDF808B906F19005194A22
:10A300002946601D00251CF0D4F82571938923800F
:10A31000D3896380B6F8A830A4F80D30B6F8AA3017
:10A32000A4F80F30B6F8AC30A4F81130B6F8AE305F
:10A33000A4F81330012300930C230DEB0301CC325E
:10A340003846FFF789FE2A46394642F20D00FFF7EC
:10A35000CFFE0546284607B0F0BD6FF06805F9E767
:10A36000501305005804002030B5002187B042F298
:10A370000E00FFF783FE00250C2304460DEB0301BE
:10A38000054A0095FFF768FE2A46214642F20E0074
:10A39000FFF7AEFE07B030BD240500202DE9F047E1
:10A3A00088B0B0F80180BA496FEA08536FEA1353D6
:10A3B000054602AF1FFA88F69BB20022084631F824
:10A3C000024BA34229D1002320F812304FF001099B
:10A3D00001F01AF92C78002C4AD0022C36D1002139
:10A3E0000622084602F06CFC0546E0B96C4688B0CF
:10A3F00002AAA84B5361A84B9361032342F8103F74
:10A40000A6484FF4C2511CF060F8A546002001F0A8
:10A4100071FB1837BD46BDE8F0870132082ACED15E
:10A420004FF00009D4E70473002102F08DF9BFF367
:10A430005B8F6B68BFF35B8FDE0703D52146284631
:10A4400002F082F928461CF0A0FADFE76D4688B0DA
:10A4500002AA934B5361934B9048C2E906340423FC
:10A4600042F8103F4FF402511CF02FF8AD46D0E7F0
:10A470002B79023B012B05F1040A2DD8514607F137
:10A4800010001CF016F83B7C05F11101023B07F1AE
:10A4900009003B741CF014F801233B72E87880B388
:10A4A0005046FEF787FE6C468AB002AA7E4B536187
:10A4B0007C4BC2E9063040F2013313847B4B42F8F7
:10A4C000103F76484FF411511BF0FFFF1F21A546A6
:10A4D00030461CF019F89CE7EB78012B04BF744B55
:10A4E00093F86740514620461CF051F9014607F1A8
:10A4F00010001BF0DEFF514607F108001BF0D9FFEA
:10A50000CCE7062207F1100102F0DAFBEB780446F3
:10A5100023B968486FF480511BF0DAFF002CBFD0DC
:10A52000204607F1100120F8908B1BF0C2FFB5F810
:10A530001730A4F8A630B5F81930A4F8AC30B5F847
:10A540001B30A4F8AE30EB78E3700022227373B9AD
:10A5500007F1080104F19E001BF0ABFF217A544B78
:10A56000C1EBC101194404F197001BF0A2FF0721C0
:10A57000204602F0E9F8B9F1000F03D0012120468E
:10A5800002F0E2F820461CF003FA637B072B77D138
:10A59000BFF35B8F6368464DBFF35B8F13F4805F3F
:10A5A0002CD1E3781BB195F8D030180726D50221BD
:10A5B00042F21600FFF762FD0646002800F0848094
:10A5C000022108301EF0C1FA2388038000223146A0
:10A5D00042F21600FFF78CFD80B16E4688B002AAE9
:10A5E000354B5361354BC2E90630042342F8103F26
:10A5F0002A484FF401511BF068FFB54695F8D13059
:10A60000D90718D50021022300911A4620461BF0D5
:10A61000B4FF80B16E4688B002AA294B5361274B24
:10A62000C2E90630042342F8103F1C484FF40151A0
:10A630001BF04BFFB54695F8D0309A0620D5D5F8DB
:10A6400060319B689B071BD5B91D381DFFF7D0FDF6
:10A65000B0B9FA88B98820461BF071FF80B16D4609
:10A6600088B002AA174B5361144BC2E90630042389
:10A6700042F8103F09484FF401511BF026FFAD4648
:10A6800020461CF082F9E378002B7FF4C2AEBDE6D1
:10A69000B8D3002078180500891F05003CAE0400DF
:10A6A0009A180500A11F0500B71805000400000155
:10A6B0005804002024050020D7180500761F050047
:10A6C000FC180500171905006FF0680085E700BF4A
:10A6D00000B5816889B00B788DF80030B1F8013091
:10A6E000ADF80130CB788DF80330B1F80B30ADF810
:10A6F0001730B1F80D30ADF81930B1F80F30ADF8B2
:10A700001B304B7C8DF81D3001A804311BF0D1FEAD
:10A7100007490DF10B001BF0D3FE0DF111001BF0EA
:10A72000CFFE6846FFF73AFE09B05DF804FB00BFB4
:10A730005D13050013B50C468DF80700B8B949B98B
:10A740000C499DF807000DF1070208F057FC0020A6
:10A7500002B010BD0849072220461FF0BAFE0028AB
:10A76000EED09DF807002146FEF7DCFFEFE76FF023
:10A770001500EDE7A96404005013050029289ABFCD
:10A78000014B185C09207047841C0500F8B58368EC
:10A79000B3F801601D7800AF304601F0CDFF0446EC
:10A7A00090B96C4688B06A46214B5361214B2248D0
:10A7B000C2E90636042342F8103F4FF401511BF062
:10A7C00084FEA546BD46F8BD5DB12846FFF7D6FF1D
:10A7D00029460246204602F0C3F920461CF0D5F86F
:10A7E000F0E78378012BF0D108F0C8FA20461BF07F
:10A7F00033FE0028E9D10520FFF7C0FF05210246FE
:10A80000204602F0ADF96D4688B06A460B4B5361A5
:10A81000084B9361032342F8103F07484FF4C2519D
:10A820001BF053FE0521AD4620461CF048F9D4E745
:10A83000E1170500B71E05003CAE040037190500FE
:10A840002DE9F0418668B6F80180357800AF4046C2
:10A8500001F072FF044698B96C4688B06A46274BEF
:10A860005361274B2748C2E90638042342F8103FBA
:10A870004FF401511BF029FEA546BD46BDE8F0810D
:10A880005DB12846FFF77AFF29460246204602F0CE
:10A8900067F920461CF079F8EFE78278F378C37205
:10A8A000012A05D00020FFF769FF00210246EDE7ED
:10A8B0000BB108F063FA20461BF0CEFD0028F1D161
:10A8C0000520FFF75BFF05210246204602F048F90C
:10A8D0006D4688B06A460C4B5361094B9361032364
:10A8E00042F8103F07484FF4C2511BF0EEFD05211E
:10A8F000AD4620461CF0E3F8CBE700BFE1170500AA
:10A90000A41E05003CAE040037190500024BD3F825
:10A9100060315B69184700BF58040020F8B5054650
:10A9200000AF0C4619B9FFF7A9FB044628B340F65F
:10A9300035439D421BD12046FFF7E8FF054698B1FD
:10A940006E4688B06A460E4B53610E4BC2E9063024
:10A9500004230D4842F8103F4FF401511BF0B5FDA0
:10A960002046B54608F084FE2846BD46F8BD074897
:10A9700021461EF0B7F80025F6E76FF06805F3E70B
:10A9800061190500D21F05003CAE04009C050020A3
:10A990002DE9F04186B085682E881FFA86F802AF4F
:10A9A000404601F0C9FE0446A0B96C4688B002AA30
:10A9B000334B5361334B3448C2E90638042342F821
:10A9C000103F4FF401511BF080FDA5461037BD46E6
:10A9D000BDE8F081D5F80220D5F8063001976989E5
:10A9E00000911DF057FE98B3122142F21A00FFF7B2
:10A9F00045FB054698B96D4688B002AA234B5361C2
:10AA0000234B9361032342F8103F1F484FF4C25178
:10AA10001BF05BFDAD4620461BF0B7FFD6E71221C9
:10AA200008301EF092F803463A4623F8026B07F10D
:10AA3000100C164603CE664518605960324603F185
:10AA40000803F6D1294642F21A00FFF767FFE2E752
:10AA5000022142F21B00FFF711FB054630B96D469B
:10AA600088B002AA094B53610A4BCAE70221083099
:10AA70001EF06BF82946068042F21B00E5E700BF96
:10AA80007D150500801E05003CAE040087190500F9
:10AA9000731E0500621E0500F0B583B08368D97887
:10AAA0009A781E8800AF42EA01223A8059791A79D1
:10AAB00042EA01227A809A79D97942EA0122BA805F
:10AAC0001A7A5B7AB4B242EA03232046FB8001F093
:10AAD00033FE0546B8B96D4688B06A461F4B5361D0
:10AAE0001F4B2048C2E9063404234FF4015142F8B9
:10AAF000103F1BF0EAFC0221AD4620461BF089FD09
:10AB00000C37BD46F0BD394601F0C2FF38B91E21F1
:10AB100020461BF07EFD28461BF037FFF0E70E2194
:10AB200042F22000FFF7AAFA04460028F3D00E21D3
:10AB300008301EF00AF800230680C0F80A303B886F
:10AB400043807B888380BB88C380FB880381214648
:10AB500042F22000FFF7E2FEDDE700BF7D150500B1
:10AB6000261E05003CAE04002DE9F04FDFF86C8195
:10AB7000DFF86C9183B008F1140A00AFD8F80C30FC
:10AB800050466FF39433C8F80C3001F095FD451C26
:10AB900052484FF0FF324FF0FF3329460FF0BAFC16
:10ABA00060B15049504840F6DA134A461AF0A9F805
:10ABB000404080F311884FF0030002DF474E15B983
:10ABC0000FF084F9DAE7F368C3F38633012B69D910
:10ABD000042B71D1337B002B67D144480022002322
:10ABE0001DF012FF044660B941493F4840F6731317
:10ABF0004A461AF086F8404080F311884FF003006F
:10AC000002DFDFF8F0B03C484FF0FF324FF0FF3387
:10AC10000EF0FCFCDBF83821C2B1C7F804D088B0D4
:10AC20006A463649516136499161032142F8101F45
:10AC300034484FF4C2511BF048FCD7F804D0DBF87D
:10AC4000380108F015FD0022CBF8382120461DF010
:10AC500056FFCBF838012046FFF758FE10B3EB46FD
:10AC600088B06A46284B5361254BC2E9063004235D
:10AC700042F8103F23484FF401511BF026FCDD46FB
:10AC80001D480EF09DFC204608F032FC1F4B0C22A4
:10AC900002FB00301F2140882246FFF73BF8204688
:10ACA00008F0E6FC1436013D89E7012BFAD1306942
:10ACB000383802F0FBF9F5E76C4688B06A4614496B
:10ACC000516114490F48C2E90613042342F8103FAA
:10ACD0004FF402511BF0F9FBA546E3E704170020EF
:10ACE000381605000B180500851605009C05002088
:10ACF000271505005804002078050020A21905003A
:10AD0000BC1C05003CAE040061190500F49C002049
:10AD1000C1190500C51C05002DE9F041044600F1EC
:10AD2000080630461DF05AFFB4F80C80B8F1010F48
:10AD300005460CD81C4A1D491D4840F6775319F0AA
:10AD4000E0FF404080F311884FF0030002DF3046FF
:10AD500002211DF02BFF074600781BF06BFBC2079A
:10AD600006460CD4104A1349114840F67B5319F09B
:10AD7000C8FF404080F311884FF0030002DF052335
:10AD80000D4A38782146FEF777FEB30707D52369C9
:10AD9000A4F80C8013FA85F5A560BDE8F081204683
:10ADA000BDE8F04108F064BC381605006C160500DB
:10ADB00085160500E6190500B0C70400B0B5037D8F
:10ADC000012B00AF044606D0032B12D1FEF798FDED
:10ADD0000020BD46B0BD836818781BF02BFBC2076E
:10ADE000054602D52046FFF797FFAB07F0D5204672
:10ADF000ECE76D4688B06A460949516109490A483D
:10AE0000C2E90613042342F8103F4FF401511BF02E
:10AE10005CFB2046AD4608F02BFC6FF01500D8E730
:10AE2000FF190500101F05003CAE0400084A034648
:10AE3000D2F8600130B9D96839B1596929B1C2F87D
:10AE4000603170476FF0770070476FF01500704702
:10AE5000580400202DE9F04F83B00421494D4A48A1
:10AE60004A4C00AF1BF011FB002000F043FEEA79D2
:10AE7000474B2846012A88BF1C46E846FEF79AF948
:10AE80008AB06B464349444E596144497960C3E9ED
:10AE90000664186203F11002381D03F1230103F167
:10AEA000270410F801CB01F801CFA142F9D13C49A8
:10AEB00019613C48DFF8F090DFF8E8A04FF4435107
:10AEC0001BF003FBC546DFF8BC800124EA799442FD
:10AED00008F107083DDB95F868804046FEF706FC60
:10AEE000EA468CB0B5F86A20B5F86E306C462F494A
:10AEF000C4E90708A046C4E9092340F201392C4BF4
:10AF0000A4F82C90C4E9051648F8103F4FF473518B
:10AF1000424624481BF0D9FAD54695F869A0504618
:10AF2000FEF7E4FBB5F86C30A546224A6362224B7B
:10AF3000A4F82890C4E90526C4E9070A2361194842
:10AF400042464FF453511BF0C0FA0C37BD46BDE8E2
:10AF5000F08F4046FEF72EF9EB468AB06A46174B53
:10AF600040F20241C2E907409184C2E905364FF43C
:10AF7000335142F8109F50461BF0A7FA0134DD46CA
:10AF8000A4E700BF580400202405002045EF04007A
:10AF9000171A05001B1A0500CD1D05000103020448
:10AFA000050000023CAE040005000001431A050044
:10AFB00007000001851A0500060000012E1A050091
:10AFC00098B50F48C37900AF93B96C4688B06A460C
:10AFD0000C4B53610C4B9361032342F8103F0B4819
:10AFE0004FF4C6511BF071FAA5460020BD4698BD2E
:10AFF0000821CC301BF049FAFFF72CFFF5E700BF22
:10B0000058040020B01A0500182005003CAE0400CA
:10B0100010B5E7F79DF9034B1B6813B1BDE810406D
:10B02000184710BD0C9D0020F0B5424D89B0D5F8F1
:10B03000603108AF0646ABB96C46224688B03E4B3D
:10B0400063613E4BA361032342F8103F3C484FF439
:10B05000C2511BF03AFAA5466FF01204204604379D
:10B06000BD46F0BD6FF0020105F1CC001BF030FAD7
:10B0700001211BF00AFAC30758D4FEF723FA04464D
:10B080000028EBD12F4B1E600122114605F5907070
:10B090001EF07EFC05F5A2701EF017FC00220023B6
:10B0A000CDE906236FF00803CDE90243CDE9004462
:10B0B000254B264904944FF4C06225480EF044F80D
:10B0C000244923481EF051FB23481EF021FD23494B
:10B0D000214800946FF0070340F698020EF014FC2C
:10B0E0001F491D481EF041FBD5F86031DB689847C9
:10B0F000044688B16D462A4688B01A4B6B610F4BE7
:10B10000C5E90630042342F8103F0D484FF40151C1
:10B110001BF0DBF9AD46A1E71EB9E7F719F90446C4
:10B120009CE705F1BC000EF0E9FB97E76FF07704B0
:10B1300094E700BF580400201C1C0500D41C050027
:10B140003CAE04000C9D002069AB0200402D0120A4
:10B15000B8440020391C0500384500208033012008
:10B160003F1C0500451C0500044BBFF35B8F1868AE
:10B17000BFF35B8FC0F38000704700BF2405002041
:10B180000048704720E904002DE9F04182B00446F0
:10B1900000AF0E469046A388012B17D920461DF01C
:10B1A0000DFD054690B1A388834213D26C4688B04A
:10B1B0006A46114B5361114B9361032342F8103FD0
:10B1C0000F484FF4C4511BF080F9A5460837BD461F
:10B1D000BDE8F08120461DF0F1FC013D2368387088
:10B1E000414638467D707B60B0470028EED0294646
:10B1F00020461DF0D3FCCEE7651C0500AE1C050003
:10B200003CAE0400F8B50A4F06460025FB79ECB2C7
:10B21000A34202D86FF0010009E0C4EBC401394435
:10B2200030461BF01CFA01350028EFD02046F8BD4F
:10B2300058040020034BBFF35B8F1868BFF35B8F8C
:10B24000704700BF2405002037B504460D46A1B164
:10B25000154928461BF003FA78B91448C4EBC40416
:10B26000294620441BF008FAFFF7E4FF430701D505
:10B27000FEF7C8F8002003B030BD68461BF0CCF8DC
:10B280000028F8D16846FFF7BDFF0028F5DA074B24
:10B29000C4EBC400184469461BF0EEF9002DE3D05E
:10B2A00001462846DEE700BF501305005804002081
:10B2B0002DE9F047002182B0062200AF044608467F
:10B2C00001F0FEFC0246B0B1BFF35B8F604B53E868
:10B2D000001F41F4004143E80012002AF7D1BFF3F8
:10B2E0005B8F237A43F0010323721BF04EFB083778
:10B2F000BD46BDE8F087FFF79DFF4106C0F380160D
:10B3000002D510461BF08FFA524D95F81931A3B1B2
:10B3100000201BF0F7F980B16C4688B06A464E4BAE
:10B3200053614E4B9361032342F8103F4FF4C451D5
:10B330004B481BF0E4F9A5462CE095F8192195F847
:10B3400018319A4239D1E84688B06A46454BDFF851
:10B350000CA153614FF00309C2F818A0404842F80D
:10B36000109F4FF4C4511BF0CAF90022C546114684
:10B3700042F22900FEF7BCFEA8B188B06A463A4BFB
:10B380003748C2E9053A4FF4C25142F8109F1BF00A
:10B39000B6F9C54601201BF0B5F9002EA7D0012053
:10B3A0001BF041FAA3E795F81931013385F81931FB
:10B3B000237A43F004032372ECE7224604F10109E7
:10B3C00012F82A0B49461BF05EF9804660B16C46C4
:10B3D00088B06A46254B5361204B9361032342F8A2
:10B3E000103F4FF4C251A3E795F81931013385F8A6
:10B3F0001931237A43F00403237295F89F305B07D9
:10B4000006D46C4688B06A46194B5361194B89E7DC
:10B41000494638461BF030F90123082142F24E001C
:10B42000FB71FEF72BFE044660B10822394610443A
:10B430001DF091FB4246214642F24E00FEF758FEB7
:10B440000028A7D06C4688B06A460B4BC3E700BF04
:10B45000240500205804002020200500B522050006
:10B4600044AE0400492005007E200500A22005000E
:10B47000C6200500A1220500F420050038B51249B8
:10B48000062205461FF025F8C8B1062142F2050044
:10B49000FEF7F4FD0446A0B10622294608301DF04F
:10B4A0005AFB0022214642F20500FEF721FE38B980
:10B4B000054829461BF0DBF8012300F8013C002079
:10B4C00038BD6FF06800FBE7B90400202DE9F047B4
:10B4D0000021062200AF0446084601F0F1FB0246B7
:10B4E000A8B1BFF35B8F414B53E8001F41F400410B
:10B4F00043E80012002AF7D1BFF35B8F237A43F0B1
:10B50000020323721BF041FABD46BDE8F087FFF746
:10B5100091FE4306C0F3801602D510461BF083F956
:10B5200000201BF0EFF8324D804690B16C4688B099
:10B530006B46304A5A61304AC3E906201A46042352
:10B5400042F8103F4FF401512C481BF0D8F8A546A3
:10B5500011E095F8193195F818219A4217D2013B5C
:10B5600085F81931237A264923F004030246237211
:10B57000022007F061FD95F8193113B101201BF08D
:10B58000C1F8002EC0D001201BF04DF9BCE7072107
:10B5900042F22800FEF772FD04F1010A814660B90B
:10B5A0006C4688B06A46174B5361134B9361032373
:10B5B00042F8103F4FF4C251C6E7072108301DF092
:10B5C000C4FA51461BF058F84246494642F2280058
:10B5D000FEF78EFD0028E3D195F81931013B85F87F
:10B5E0001931237A23F004032372C4E724050020D1
:10B5F00058040020132105009722050044AE0400E2
:10B60000E9660400442105000A4BBFF35B8F53E851
:10B61000002F22F4004143E800100028F7D1BFF3C7
:10B620005B8F130404D504490022022007F004BDF7
:10B63000704700BF24050020D767040007B500232A
:10B64000CDE9000304496A46022007F0F5FC0198A1
:10B6500003B05DF804FB00BF3567040010B4034677
:10B6600070B10A4991F8184191F819210CB194422E
:10B6700008D2013281F819211A7A42F004021A72B2
:10B6800010BC704710BCFFF713BE00BF5804002069
:10B6900010B4034698B10B4C94F8181194F8192182
:10B6A00029B101318A4203DC10BCFFF70FBF12B190
:10B6B000013A84F819211A7A22F004021A7210BC95
:10B6C000704700BF5804002038B50D460649CC79B4
:10B6D00038B12B689C4228BF1C46C4EBC4021EF044
:10B6E00008FF2C6038BD00BF58040020F8B50D4697
:10B6F00000AF044620B94DB36FF01500BD46F8BD4C
:10B7000022491AF0ACFF0028F5D12378012B04D18F
:10B71000A37903F0C003C02B10D06C4688B06A46F2
:10B720001B4B53611B4B9361032342F8103F1A4894
:10B730004FF4C2511AF0E3FFA546DDE72046FFF7BC
:10B7400061FD0028D7DB6FF07700D7E7134DEB7969
:10B75000012B18D0FFF76EFDC3070BD5EE792146FC
:10B760003046FFF771FD0028C8D1EB790133304630
:10B77000EB71C3E7002CBFD0044920461AF06FFFDD
:10B780000028EBD0B8E76FF00B00B7E750130500C7
:10B790006D2105008A22050044AE040058040020F3
:10B7A000F0B583B0044600AF98B96C4688B06A46DD
:10B7B0001D4B53611D4B9361032342F8103F1C48FE
:10B7C0004FF4C4511AF09BFFA54600200C37BD462C
:10B7D000F0BD3A1D002141F20900FEF789FC064642
:10B7E00020B16C4688B06A46124BE2E77B6812498A
:10B7F0009D680135062228461EF06BFE18B9786850
:10B8000007F036FFE1E70D49062228461EF061FEEB
:10B810000028F4D02946601C1AF029FF78682670A9
:10B8200007F026FF0120D1E79F21050073220500C4
:10B8300044AE0400BC2105005D130500571305004C
:10B8400007B56846FFF7ACFF044BD87118B16946DD
:10B850000020FFF7F9FC03B05DF804FB580400205A
:10B860002DE9F0412D4B82B093F8BA30DB0700AFE1
:10B8700005460E4615D46C4688B06A46284B53617F
:10B88000284B9361032342F8103F27484FF4C451DB
:10B890001AF035FFA546002420460837BD46BDE80E
:10B8A000F0813A1D00214FF60940FEF721FC0346C6
:10B8B00020B16C4688B06A461C4BE0E77868826825
:10B8C0005478B44228BF344602324FF0160C9C42E2
:10B8D00014DC07F0CDFE002CDED16D4688B06A4640
:10B8E000134B53610F4B9361032342F8103F0E48F3
:10B8F0004FF4C4511AF003FFAD46CDE711460CFBDF
:10B90000035602F1140E51F8048B46F8048B71456E
:10B91000F9D10988318001331632D8E75804002064
:10B92000DE2105005F22050044AE04000E22050062
:10B930003222050070B5154DEC7988B02CB9012183
:10B9400002A8FFF78DFFE871C0B90021084608B0D2
:10B95000BDE87040FFF7CABE02AB06FB02310DF135
:10B9600001001AF084FE0123694610468DF800306C
:10B97000FFF76AFC013410B108B070BD1626EB79F0
:10B98000E2B29342E8D80020F6E700BF5804002056
:10B9900038B50C4669B1084D2B78012B03D02B78B4
:10B9A0002370002038BD681CFFF768FD0028F6D022
:10B9B000F8E76FF01500F5E75804002010B50C46C5
:10B9C00049B1064B1B780B7000201AF0ECFE08B949
:10B9D0000123237010BD6FF01500FBE75804002011
:10B9E000034BBFF35B8F1868BFF35B8F704700BFDB
:10B9F0002405002030B5022187B0044642F20C0035
:10BA0000FEF73CFB054600B3022108301DF09DF80F
:10BA1000012C024617D1FFF7E3FFC0F34020631E5D
:10BA200014705C425C41507003A9094A0094284696
:10BA30000623FEF711FB0022294642F20C00FEF716
:10BA400057FB07B030BD0020E9E76FF06800F8E76A
:10BA50002405002073B50023ADF80530431E8DF892
:10BA6000000005465842ADF8011058410DF105019E
:10BA7000ADF80320FFF7A2FF044638BB072142F2CE
:10BA80000B00FEF7FBFA064648B30722694608306A
:10BA90001DF061F82246314642F20B00FEF728FB0A
:10BAA000044698B90120FFF7A5FF044670B9012D9F
:10BAB0000FD1BFF35B8F0B4B53E8001F41F4807134
:10BAC00043E80012002AF7D1BFF35B8F204602B093
:10BAD00070BD6FF4807103481AF08FFEF6E76FF0C7
:10BAE0006804F3E724050020014B00221A60704728
:10BAF000189D002038B50546FFF772FF0106C0F318
:10BB0000C01233D4FFF76CFF430627D4002106226E
:10BB1000084601F0D5F8044630BB0222014601F088
:10BB2000CFF818B3BFF35B8F114B53E8001F41F4FC
:10BB3000007143E80012002AF7D1BFF35B8F1AF0BF
:10BB400024FF002D204608BF1222BDE8384016BF52
:10BB500030224FF400616021FFF77CBF1046FFF7F1
:10BB600049FF0028D2D038BD1AF00FFF0020FAE7B5
:10BB7000240500202DE9F04F00F108088BB00446A1
:10BB800000AF40461DF01AF8DFF8D0A18146B9F1A8
:10BB9000000F13D0A389082B14D86C4688B06A46CE
:10BBA0006F4B53616F4B9361032342F8103F6E4814
:10BBB00000234FF4C251F8F7EBFCA5462C37BD46E5
:10BBC000BDE8F08F092140461CF0F0FF0123BB8443
:10BBD0007F23BB77037A034406465B7A7B77FF2398
:10BBE0003B7700237B840278FA77042A9CBF5F4B63
:10BBF0009B5C3B84431CBB60037AFB60FFF7F0FE59
:10BC000005060CD53B8C580709D5317A40460131E1
:10BC10001CF0C4FF09F1FF335FFA83F9B7E77378CB
:10BC20009A1E012A4ED8711C07F110001AF0F4FD7B
:10BC30003B7C023B3B74DAF80030A3B140461CF079
:10BC4000CDFFFB68A589FA7FA3818346434697F918
:10BC50001D10DAF800C007F11000E0472369A58144
:10BC600013FA8BF3A36007F11003BB61404B1B6811
:10BC7000002B37D01A6802B1083A53F8081CC1B13A
:10BC80001546A3F1080240463A601CF0A7FFA389BD
:10BC90003A687B60FB68A38112688346414607F1DE
:10BCA0001800904722697B68A38112FA8BF2A26088
:10BCB0002A46BAB19568136895B1083D002BE2D1C8
:10BCC0002A46F7E7FF2B05D12A4907F110001AF0A1
:10BCD000A3FDB0E7711C00201AF059FD0146F4E7FE
:10BCE000002BD0D100233A8CBB61FFF779FE01060F
:10BCF000C0F3C01B89D4D20787D5022207F11001F7
:10BD0000584600F0DDFF054600283FF47EAFFFF700
:10BD100067FE430610D405F19E00B9681AF07CFD59
:10BD20002846FEF7C3FA60B92846062100F00CFD4C
:10BD300028461AF02AFE68E75846FFF75BFE0028FF
:10BD4000E9D01F232B730021284600F0FDFC284674
:10BD50001AF01BFE0020FFF7CDFE56E7189D0020CD
:10BD6000C5220500E722050064AE0400E2220500BA
:10BD7000109D002050130500F8B50546FFF730FE72
:10BD800040070F466CD52A78012A03D96FF01504B5
:10BD90002046F8BD6B680F2BF8D82889031F9BB28B
:10BDA00043F6FC74A342F1D869890B1F9BB2A342EE
:10BDB000ECD88842EAD392B9BFF35B8F2A4E56E89B
:10BDC000000F40F0800346E80032002AF7D1BFF3AD
:10BDD0005B8F10F0800207D06FF07704D8E71AF07D
:10BDE000F8FC0028E8D1D1E7FFF7FAFD41060AD5B3
:10BDF0001046FFF7FFFD044628B16FF08001304682
:10BE00001AF0FBFCC4E76B68DB0715D5BFF35B8F4B
:10BE100056E8003F43F4007346E80032002AF7D1A9
:10BE2000BFF35B8FAB896BB10F486FF080011AF0E5
:10BE3000E4FC6FF08504ABE76FF400710A481AF078
:10BE4000DCFCEFE76A8929892878FFF703FE0446BE
:10BE500018B105486FF08001D2E7044B1F6097E7E7
:10BE60006FF00A0494E700BF24050020189D00200D
:10BE700008B508486FF080011AF0BFFC030606D52C
:10BE8000054B00201860BDE80840FFF733BE6FF097
:10BE9000770008BD24050020189D00200023836042
:10BEA000054B596800F1080211B9C3E90022704737
:10BEB0000A605A60704700BF109D002008B5044911
:10BEC00040221EF006FBB0FA80F0400908BD00BF1A
:10BED000B02305002DE9F8434C4B93F89A3003F05A
:10BEE0000603062B00AF16D06C4688B06A46484B56
:10BEF0005361484B9361032342F8103F46480023A7
:10BF00004FF4C451F8F744FB6FF08505A546284669
:10BF1000BD46BDE8F883002875D0404E3268D2B1E6
:10BF2000131F834213D16C4688B06A463C4B536161
:10BF3000384B9361032342F8103F374800234FF4F6
:10BF4000C451F8F725FB6FF07705A546DFE75B687E
:10BF50000BB1043BE5E742607268031D336002B930
:10BF60007360304CBFF35B8F54E8008F48F02003C0
:10BF700044E80032002AF7D1BFF35B8F18F02008A5
:10BF800001D00025C3E7BFF35B8F54E8003F23F0E7
:10BF9000100344E80032002AF7D1BFF35B8F42461A
:10BFA000414642F22500FEF7A3F805460028E8D0F6
:10BFB000E94688B06A461C4B5361164B93610323D4
:10BFC00042F8103F144843464FF4C251F8F7E0FAE4
:10BFD000BFF35B8FCD4654E8003F23F0200344E8D5
:10BFE0000032002AF7D1BFF35B8F34683CB154F8BC
:10BFF000043C043C0BB1002098476468F6E700233A
:10C00000C6E9003383E76FF0150580E75804002088
:10C01000FC220500A12305001CAE0400209D002089
:10C020001F230500240500203F230500054BBFF317
:10C030005B8F1B680448BFF35B8F13F0100F08BFC2
:10C04000002070472405002053F70020F8B52B4E40
:10C0500033688B4200AF044649D023B16FF00F0420
:10C060002046BD46F8BD264BBFF35B8F1A68BFF371
:10C070005B8F9206F2D4BFF35B8F1B68BFF35B8FBD
:10C08000DB0637D5316042F226004021FDF7F6FF8E
:10C09000054648B3402108301CF057FD234604F103
:10C0A000400253F8041B40F8041B9342F9D10022CC
:10C0B000294642F22600FEF71BF804460028CFD09E
:10C0C00000236D4688B033606A460E4951610E49BF
:10C0D000C2E90614042142F8101F0C484FF4025123
:10C0E000F8F756FAAD46BBE76FF06804E8E76FF083
:10C0F0007704B5E76FF07C04B2E700BF1C9D002019
:10C10000240500206D230500932305001CAE0400C8
:10C11000F8B51D4B8568BFF35B8F53E8002F22F005
:10C12000200243E800210029F7D1BFF35B8F2A7872
:10C13000AAB916496A1C05F1410052F8044B41F8AE
:10C14000044B8242F9D1BFF35B8F53E8001F41F0EB
:10C15000100143E80012002AF7D1BFF35B8F0C4EA9
:10C1600034686CB1094F043C23682BB12A78002A4B
:10C170000CBF38460020984764680CB1043CF3E7D4
:10C180000023C6E90033F8BD2405002053F7002042
:10C19000209D002005490B6833B1826800200860AB
:10C1A000117801B9501C1847704700BF1C9D002032
:10C1B00070B50B4B1D68044625B90A4D0A4EB542B1
:10C1C00007D370BD2B6813B1217B20469847AD691A
:10C1D000F2E72B6813B1217B204698471C35EEE728
:10C1E000A89E0020D8AD0400F4AD040080B500AFD7
:10C1F00088B06A46074B5361074B9361032342F8AB
:10C20000103F06484FF4C4511AF046FB0020BD46CB
:10C2100080BD00BFF72305006126050014AE0400B1
:10C220002DE9F041154F04464FF000084FF0400251
:10C23000EFF3118382F31288BFF36F8F216A29B95C
:10C2400083F31188BFF36F8FBDE8F081606A0A68DD
:10C250002262814208BF626283F31188BFF36F8F4D
:10C26000D1E90156C1F80C80C1E9018838461DF0BA
:10C2700039FB002231462046A847D7E7441F00205B
:10C2800070B5D1E901560022C1E901220446CA6015
:10C2900005481DF027FB314620462B466FF06D0206
:10C2A000BDE87040184700BF441F00202DE9F0474B
:10C2B00004464D6900AF0E46924699464FF0FF3353
:10C2C00047484FF0FF320DF0A1F9637B072B7AD17D
:10C2D0004FF04003EFF3118283F31288BFF36F8FA7
:10C2E000002D50D000232B60A369002B48D1C4E956
:10C2F000055582F31188BFF36F8F042106F1080002
:10C300001CF044FC23880AF0FD0A43EA0A3AA0F82C
:10C3100000A0B389043B4380022333753046FEF707
:10C32000F5FA002859D0EA4688B06A462D4B536189
:10C330002D4BC2E90630042342F8103F2B484FF43E
:10C3400001511AF0A9FAD5464FF04003EFF3118AD4
:10C3500083F31288BFF36F8F15B3294604F11400DD
:10C360001AF063FA8AF31188BFF36F8F1C480DF03F
:10C3700027F90023736129462046FFF781FF1BE060
:10C380001D60A561B5E7A36933B103F10C08DB6853
:10C390000133C8F80030ACE7E36904F11C08F7E7A3
:10C3A000D8F80030013BC8F800308AF31188BFF399
:10C3B0006F8F0B480DF004F9B9F1000F09D100207F
:10C3C000BD46BDE8F08706480DF0FAF8002DD0D143
:10C3D000F2E7304607F04CF9F1E70120F0E700BF43
:10C3E00058050020611905008E26050014AE0400D2
:10C3F000004870475805002038B5002204468A429C
:10C4000002D10024204638BD04F1C0030120BFF34F
:10C410005B8F53E8005F002D04D143E8000CBCF1B2
:10C42000000FF6D1BFF35B8F02D0C8340244E6E7B9
:10C43000002CE6D0C022002120461EF095F804F121
:10C44000600004491DF06AFB034904F128001DF057
:10C4500021FBD7E781CF0200B76804002DE9F04146
:10C46000164600AF04460D46FFF7DAFE012E38D01F
:10C47000022E7BD1236993B16E4688B06A46484B41
:10C480005361484B93610323474842F8103F4FF4F0
:10C49000C2511AF001FA2046B5461AF00FFA25618A
:10C4A00021698889012837D98B681B8804339BB29E
:10C4B000984231D36DD96D468AB06A463B49516185
:10C4C000384913620523C2E9061042F8103F364886
:10C4D0004FF421511AF0E0F92046AD461AF0EEF97A
:10C4E0001AE0206998B96E4688B06A46304B5361AD
:10C4F0002C4B9361032342F8103F2B484FF4C25159
:10C500001AF0CAF9B54620461AF0D8F901E0AE890A
:10C510002EB9284607F0ACF8BD46BDE8F0810830DA
:10C520001CF060FB864217D96E4688B06A46214BE4
:10C5300053611C4B9361032342F8103F1A484FF498
:10C54000C2511AF0A9F900222169B546204600F02F
:10C55000E7FF00232361DCE72069AA89A968083086
:10C560001CF0F9FA284607F083F899E7E84688B006
:10C570006B46114A5A610B4A0B48C3E906261A4614
:10C58000042342F8103F4FF401511AF085F9C546D3
:10C59000B9E7002323610122204600F0C1FFBBE779
:10C5A00024240500A826050014AE0400B4240500C8
:10C5B0004524050067240500922405002DE9F84371
:10C5C0009946437B072B00AF05468846164612D096
:10C5D0006C4688B06A46314B5361314B93610323FB
:10C5E00042F8103F2F484FF4C2511AF055F9A546B2
:10C5F0006FF07F0023E0002A4DD00DF003FD2A4BA1
:10C6000083422A4807BF002200234FF0FF324FF039
:10C61000FF330CF0A3FF0446A0B96C4688B06A460D
:10C62000234B53611E4B936103231E4842F8103F76
:10C630004FF4C2511AF030F96FF06800A546BD46BC
:10C64000BDE8F8836B7B072B18D06D4688B06A462F
:10C65000184B5361124B9361032342F8103F11486A
:10C660004FF4C4511AF018F90023C4E901330F48FC
:10C67000E360AD4621461DF035F9B9E7C0E901692F
:10C680000023C36005F13800C8F8144041461CF08F
:10C6900029FA0020D3E71446F4E700BFD3240500AD
:10C6A0009826050014AE0400D85D0020441F002029
:10C6B000E6240500082505002DE9F84306461C4838
:10C6C0001C4C1DF07EFD1A4B0022012130461DF04E
:10C6D0005BFD002701254FF0140904F1C00009FBA0
:10C6E00005681AF0CCF858B1637B8BB96FF0400144
:10C6F000201D1AF0B5F843060AD520461AF0E7F8CF
:10C700000137082F04F1C804E7D12846BDE8F883B3
:10C71000637B072BF4D104F1380300220421404647
:10C720001DF032FD012388F80C301D44E8E700BFFE
:10C73000DC170020D84500200246082101481AF0E5
:10C7400004B900BFD8450020F8B5457B8D4200AF45
:10C7500004460E461AD1082D96BF7F4B7F4B53F8E7
:10C7600025306C468AB06A467D4951617D49C2E9EF
:10C77000061340F2013313847B4B42F8103F4FF411
:10C7800012517A481AF088F8A54641E0417365B124
:10C79000062D10D0637B082B00F2D980DFE803F070
:10C7A0003A1238383838922A38008378082BF1D07A
:10C7B0001AF0B0F8EEE78378012BEBD160301DF072
:10C7C000BBF9E7E76A4D00264FF04002EFF3118313
:10C7D00082F31288BFF36F8FE269002A00F0938022
:10C7E000013AE26183F31188BFF36F8F28460CF0A2
:10C7F000E7FEE9E7A378042B0AD004F138001DF026
:10C8000064F85C4800210DF0E1FE0023C4E9153313
:10C81000BD46F8BDA378042B04D104F1C0001AF082
:10C820003EF8F5E7082DF3D801A353F825F000BF33
:10C83000A9C8020055C802009BC802001BC802001C
:10C840001BC802009BC802009BC8020011C802005E
:10C85000A9C802002046FFF7E3FCA378012B0AD108
:10C8600004F1600528461DF065F910F00C0F02D0A8
:10C8700028461DF061F9BFF35B8F043454E8003F94
:10C8800043F0400344E80032002AF7D1BFF35B8F46
:10C89000002138480DF09AFEBAE7237B002BBCD06C
:10C8A0002046FFF785FCB8E76C4688B06A46324BF5
:10C8B00053612C4BC2E90636042342F8103F4FF473
:10C8C00002515EE7A378012BA2D12C4B988A6034E9
:10C8D000B8B10A2358430021C90341EA504140F24C
:10C8E000E733C003C0184FF47A724FF0000341F1F0
:10C8F0000001D4F7B5FB02460B4620460DF066F862
:10C9000086E70146E8E7616921B983F31188BFF33F
:10C910006F8F7DE7A0690A686261814208BFA261EA
:10C9200083F31188BFF36F8F4FF04002EFF3118351
:10C9300082F31288BFF36F8FCA68E261CE6083F31F
:10C940001188BFF36F8F2046FFF79AFC4EE76C46C5
:10C9500088B06A460A4BABE770C804003225050070
:10C960003C2505007C2605000400000114AE0400EF
:10C9700058050020DC170020512505005804002030
:10C980006C2505002DE9F047DFF8389005460E4686
:10C99000174600244FF0C80808FB049019F0BAFFAE
:10C9A00038B183782B4200F1C00A07D1504619F004
:10C9B00076FF0134082CEFD1BDE8F0873946B04747
:10C9C000F4E700BFD8450020034BC01A034BC0104A
:10C9D0005843C0B2704700BFD8450020295C8FC2C1
:10C9E00038B50D460849002808BF08461CF007F86E
:10C9F000044618B9BDE83840FFF7F8BB291D0830D8
:10CA00001CF022F8204638BD7C1F0020F8B5031D1D
:10CA10000446184619F033FFC20512D5B4F8A62013
:10CA2000B4F8A81091420CD8B4F8AA10914208D3D7
:10CA3000D4E92B12914204D16FF48071184619F099
:10CA40000FFF104B1D6825B90F4D104FBD420CD381
:10CA5000F8BDEE683EB1B4F8AE30B4F8AC20B4F82E
:10CA6000A6102046B047AD69EDE7EE683EB1B4F8D8
:10CA7000AE30B4F8AC20B4F8A6102046B0471C3550
:10CA8000E4E700BFA89E0020D8AD0400F4AD040088
:10CA90002DE9F041074608460C4619F099FD054678
:10CAA00018B900252846BDE8F081134B1E6846B929
:10CAB000124EDFF84C804645F4D2B36883B91C3679
:10CAC000F9E7B3680BB9B669F1E7214638469847EC
:10CAD0000028E6D0204619F07BFD0028F3D1E0E7DE
:10CAE0002146384698470028DBD0204619F070FDD3
:10CAF0000028E4D1D5E700BFA89E0020D8AD0400EF
:10CB0000F4AD04002DE9F041C378044673B900F197
:10CB10009E06104B1D6804F1900755B90E4D0F4F3E
:10CB200004F19008BD420CD3BDE8F08100F19706F6
:10CB3000EFE72B691BB13A46314620469847AD696D
:10CB4000EBE72B691BB142463146204698471C351E
:10CB5000E8E700BFA89E0020D8AD0400F4AD0400B3
:10CB6000F8B5437A8372044615461AF054F8134B0D
:10CB70001E688EB9124E134FBE4215D3E5B9637AC3
:10CB8000012B19D9A378012B16D1207A04F1900139
:10CB9000BDE8F84006F090BC73691BB1617A2A4683
:10CBA00020469847B669E4E773691BB1617A2A4663
:10CBB000204698471C36DFE7F8BD00BFA89E00203E
:10CBC000D8AD0400F4AD0400024B1A68826118600D
:10CBD000704700BFA89E002038B505460C460A489D
:10CBE0000821FFF709FC024658B105722146903032
:10CBF00019F04BFE0123537293729370034BC2F8EA
:10CC0000A830104638BD00BFD845002018002800C5
:10CC10002DE9F0410F4E074688460025304619F0B1
:10CC200079FE044630B18378012B0AD004F1C000AC
:10CC300019F035FE0135082D06F1C806EED10024A5
:10CC400005E04246394619F018FF0028EED020468C
:10CC5000BDE8F081D8450020B0B500AFFFF7D8FFA0
:10CC60000446F8B1437B082B96BF0F4A0F4B52F88E
:10CC700023306D468AB06A460D4951610D490E4810
:10CC8000C2E9061340F2013313840C4B42F8103F03
:10CC90004FF4125119F000FE04F1C000AD4619F036
:10CCA000FEFD0120BD46B0BD70C804003225050060
:10CCB0008C2505004F26050014AE04000400000179
:10CCC0002DE9F047DFF850A006460F4690460025B4
:10CCD0004FF0C80909FB05A019F01CFE044630B14D
:10CCE0008378012B08D004F1C00019F0D8FD01357C
:10CCF000082DEFD100240CE02FB13A46314619F04F
:10CD0000BCFE0028EFD0637B4345ECD1237AB342CD
:10CD1000E9D12046BDE8F087D84500202DE9F34150
:10CD20000446434819F0ABFD0E46410715461F4621
:10CD300005D46FF00A05284602B0BDE8F081104620
:10CD400019F046FC10B96FF01505F4E7384819F0F2
:10CD500096FD0206EDD4364819F091FDC304C0F3E8
:10CD600000385ED419F035FD0028ECD0214640464D
:10CD7000FFF772FF0028E6D12378023B012B214602
:10CD800046D8684619F081FD9DF80030023B8DF8C9
:10CD9000003069460020FFF71FFF0446002843D0FB
:10CDA0002B88A0F8A8306B88A0F8AA30AB88A0F830
:10CDB000AC30EB88A0F8AE3096E80F001D4D05F1C1
:10CDC000080C8CE80F00AB8A002B08BF4FF4967359
:10CDD000AB822B8A03B9AB892B826B8A03B9EB89AF
:10CDE0006B8206212046FFF7AFFC2046FDF75EFA76
:10CDF0000546A0B10026204626733146FFF7A4FC65
:10CE000004F1C00019F04BFD3046FEF773FE92E7C7
:10CE100019F0BDFC0146684619F037FDB9E73C60E2
:10CE200089E76FF0770586E76FF00B0583E700BFB2
:10CE3000240500205804002070B50646354819F036
:10CE40001EFD40070D465ED529B919F0C2FC40B958
:10CE50006FF0150070BD084619F0BAFB0028F4D138
:10CE6000F6E731460020FFF7D3FE044628B93146E5
:10CE7000FFF7B2FE0446002848D0201D04F1C0068A
:10CE800085B32B88A4F8A8306B88A4F8AA30AB88A7
:10CE9000A4F8AC30EB88A4F8AE30BFF35B8F50E859
:10CEA000003F43F0010240E800210029F7D1BFF321
:10CEB0005B8FD90702D4204619F02CFD637B63B940
:10CEC000144819F0DCFC430707D51DB102212046A8
:10CED000FFF73AFC0020FEF70DFE304619F0DFFCAC
:10CEE0000020B7E76FF0010119F0BAFCC207E5D5E1
:10CEF000304619F0D4FC637B022BDFD12946204653
:10CF0000FFF722FCDAE76FF00A00A3E76FF00B00EF
:10CF1000A0E700BF2405002038B5044608460D46AA
:10CF200019F056FB38B3154B93F8D030990707D456
:10CF3000E37873B129462046BDE8384000F032BBA3
:10CF400094F8B4309A07F3D5201D19F098FC8305A6
:10CF5000EED42946204619F0E9FD58B92B88A4F8EB
:10CF6000A8306B88A4F8AA30AB88A4F8B030EB885E
:10CF7000A4F8B23038BD6FF01500FBE7580400206C
:10CF8000F7B510F8533C0446A0F1600503BB2846F2
:10CF900019F029FE244B1E6856B9244E244FBE4278
:10CFA0000ED304F1600003B0BDE8F04019F077BC87
:10CFB00073681BB114F8541C28469847B669EBE710
:10CFC00073681BB114F8541C284698471C36E6E7D2
:10CFD00010F85E3C012B24D110F85D3C23B903B05E
:10CFE000BDE8F040FDF7C0B9A0F15C066FF48071B8
:10CFF000304619F035FCC30507D5A36C009369468C
:10D00000236D01932846FFF787FFBFF35B8F56E838
:10D01000003F43F0800346E80032002AF7D1BFF317
:10D020005B8F03B0F0BD00BFA89E0020D8AD040008
:10D03000F4AD040001460148FFF7D2BCDC1F00201C
:10D040002DE9F04106464FF0FF334FF0FF3200204C
:10D050000C46FFF7EFFF737B072B05464FF00006EA
:10D0600005D006F005FB35462846BDE8F08146614F
:10D0700000F108070C4E3846B6F8FC801BF0B2FDF4
:10D0800080450CD2B6F8FC6054F8081F324638468A
:10D090001BF061FD314620461BF080FDE4E7384679
:10D0A0001BF0A0FD86B2EFE75804002070B5437B6B
:10D0B00004465BB96FF04001043019F0D1FB430620
:10D0C00004D52046BDE8704019F001BC00220023C1
:10D0D00004F138001BF098FC054660B9234A244946
:10D0E00024484FF4477317F00CFE404080F311883A
:10D0F0004FF0030002DF204EAA89B6F8FC309A42B6
:10D1000007D80023022229462046FFF7CFF868B946
:10D1100005E029462046FFF793FF014638B96E69BE
:10D1200000236B61284606F0A3FACEB970BD012337
:10D1300000222046FFF7BAF80028F0D0AA89B6F8F6
:10D14000FC309A4202D800230322DCE7294620461D
:10D15000FFF776FF01460028E1D001231A46E8E7F1
:10D1600031462046BDE87040FFF78AB8B325050078
:10D170002715050085160500580400200B4B58B1F3
:10D180001A6862B902693AB902685AB942684AB97A
:10D1900082683AB942692AB91860002070476FF076
:10D1A000770070476FF01500704700BFB49E0020F5
:10D1B00068B10023C360074B596800F10C0219B92C
:10D1C000C3E90022002070470A605A60FAE76FF056
:10D1D00015007047AC9E0020F8B51948194D184E3F
:10D1E0001CF073FB00242946304601341CF07AFB06
:10D1F000182C05F11005F6D101F06EF905F060FE6E
:10D200000546D8B919F072FD0F4F2E46384619F071
:10D2100081FB044668B1043019F031FBC30704D523
:10D22000257202212046FFF78FFA04F1C00019F0A1
:10D2300036FB0136082E07F1C807E7D12846F8BDAE
:10D24000441F0020289D0020D845002080B500AF55
:10D2500088B06A46074B5361074BC2E90630042386
:10D2600042F8103F05484FF4015119F088FC0020A6
:10D27000BD4680BDB42605009928050054AE0400C3
:10D2800080B500AF88B06A46084B5361084BC2E9CD
:10D290000630042342F8103F06484FF4015119F0BC
:10D2A0006EFC6FF00B00BD4680BD00BFE0260500A0
:10D2B0008C28050054AE040070B40A4D0023942657
:10D2C00006FB03F25419AA582AB10133082BF7D1EF
:10D2D00070BCFFF7D5BF044B636010460C6070BC98
:10D2E000704700BFB89E0020B4C80400F7B5244DB5
:10D2F000244F04460026BD4201D303B0F0BD6B6845
:10D3000001A920469847002834DB019B2A889A828D
:10D310009A8403F11002A868BFF35B8F52E8001FE4
:10D3200042E8006CBCF1000FF8D1BFF35B8F9E6048
:10D33000A16D03F10802F9B9C4E915221C60D86097
:10D34000019843681B6803B19847019BBFF35B8F4B
:10D35000103353E8001F41F0010143E80012002A96
:10D36000F7D1BFF35B8F01984368DB6913B100F11C
:10D37000100198470C35BEE70A60A265DEE700BFE2
:10D38000B4AD0400D8AD04002DE9F04184B08B8920
:10D39000032B02AF06460D460CD86C4688B002AA95
:10D3A000544B5361544B9361032342F8103F4FF4A5
:10D3B000C25117E0042105F108001BF0F7FB438878
:10D3C0000446A889984216D06C468AB002AA4B49F6
:10D3D0005161494913620523C2E9061042F8103F22
:10D3E0004FF42151464819F0CAFBA54600200837E2
:10D3F000BD46BDE8F081617821B96C4688B002AACB
:10D40000404BCEE72378122B20D0132B15D0012BC5
:10D41000ECD06D4688B002AA3B4951613649384884
:10D42000C2E9061304234FF4025142F8103F19F0E9
:10D43000A6FBAD466178306829E00128D6D86C4655
:10D4400088B002AA314B5361314BACE707283468EE
:10D45000AA6806D86C4688B002AA2E4B53612E4BA0
:10D46000A1E7637B072B0CD06C4688B002AA2B4B3C
:10D470005361294B9361032342F8103F4FF4C45189
:10D48000B0E794F80380B8F1000F03D0204619F0FC
:10D49000FBFBABE713883B8053887B809388BB8082
:10D4A000D388FB800222132019F06CFB054600286C
:10D4B0009CD039462046FFF7EBFA0221064605F1DB
:10D4C00008001BF042FB86F00103DBB203802A4612
:10D4D000CDF8008043460521204619F0BCFB10B171
:10D4E000284606F0C5F8002E80D03946204619F0AF
:10D4F0001DFB7BE70B270500812805002D27050074
:10D5000054AE040052270500D027050077270500F8
:10D510006F2805009727050056280500BE2705003F
:10D52000B0B58B89032B00AF05460C4614D86D4669
:10D5300088B06A46174B5361174B9361032342F837
:10D54000103F4FF4C251154819F019FBAD46204663
:10D5500006F08EF8BD46B0BD042104F108001BF0B2
:10D5600025FB4188284619F0B7FB68B96D4688B09D
:10D570006A460B4B5361084BC2E90631042342F85B
:10D58000103F4FF40251DEE7436821465B6998473C
:10D59000DDE700BFFC270500B128050054AE0400FC
:10D5A0001D28050073B5174B0E4619780131C9B215
:10D5B000012938BF0121054608221220197019F0EF
:10D5C000E1FA0446D0B1082108441BF0BEFA3388C2
:10D5D000038073884380B3888380F388C3800023EB
:10D5E000284600932246052119F035FB054610B167
:10D5F000204606F03DF8284602B070BD6FF00B05DE
:10D60000F9E700BF93F7002023281FD81A2804D871
:10D61000431E182B0ED906207047A0F11B03082BC0
:10D620001ED8DFE803F0051D1B231D19251D05006D
:10D63000032070470F4A012383401A40C2B90E4AA3
:10D640001A40002A14BF01200620704700F07F0313
:10D65000522B05D1002070470120704705207047EC
:10D6600010F0400F0CBF06200020704704207047C8
:10D6700002207047AAAA8A025455450107B504380A
:10D68000019001A902481CF041F803B05DF804FBC9
:10D69000101C002010B50021044614221CF064FF69
:10D6A00021460248BDE810401CF01CB9281F00208C
:10D6B0002DE9F04F93B0D2F800A002AFDAF80430B1
:10D6C0007B60002542F6010380460E46006887F81D
:10D6D0002C50FB8507F12C01144618F04FFE002852
:10D6E00072D04FF42053D8F8000087F82C50FB85F7
:10D6F00007F12C0118F042FE38B1A3681BB15A881B
:10D70000B24200D25E80012009E06168084619F04B
:10D71000F8FABAF82A301B1A032B04D80020443731
:10D72000BD46BDE8F08F08461BF0EDF90546606880
:10D7300019F0E7FABAF82AB005F10809ABEB000BCB
:10D7400048461BF04FFA584541D9606819F0D9FA9C
:10D75000BAF82A30181A70B96368987905F0C0FED3
:10D76000002200231BF04BF905460028D6D00146C5
:10D7700060681BF0D9F900230093D8F804A07868FA
:10D780004146102307F10802D047B0F100081BDB27
:10D79000227CE068424543D0014607F12C0018F096
:10D7A0001BFEC0B96D4688B0237C02AA1F49516197
:10D7B0001F49C2E90613042342F8103F1D484FF4E5
:10D7C000025119F0A9FBAD460023A3609BE7484630
:10D7D0001BF008FABFE75FFA88F207F1080107F1CA
:10D7E000180018F0F9FD40B96D4688B002AA124B36
:10D7F00053610F4BC2E90638DDE707F1180107F165
:10D800002C0018F0BBFD0028DED100236374042136
:10D8100005F108001BF099F9A0600680A36871E784
:10D8200007F108011CF055FEEDE700BFBF28050019
:10D83000D22A050004AE0400E22805002DE9F047D5
:10D8400082B0D1F814908B6802AF06460C4698302F
:10D85000022119F070FA002849D01B78D22B20D170
:10D860003368214618681AF09FFF0546C8B16E4616
:10D8700088B002AA1F4B53611F4B9361032342F8E8
:10D88000103F1E484FF4C25119F046FBB54660697F
:10D89000FFF700FF204605F0EBFE2846BD46BDE839
:10D8A000F08704F108001BF099F9B4F80CA0C9F84E
:10D8B000006033681D68A36880461878FFF7A4FEEF
:10D8C000052896BF0E4B0F4B53F82030CDF8009033
:10D8D00028462246042119F0BEF905460028DCD06E
:10D8E0002369A4F80CA013FA88F3A360D5E76FF0BE
:10D8F0001505D2E705290500FA2A050004AE040043
:10D90000DCC804000D73040098B5437B072B00AFFF
:10D9100012D06C4688B06A46114B5361114B93612B
:10D92000032342F8103F4FF4C4510F4819F0F4FAA2
:10D930000020A546BD4698BD042119F0CDF960B977
:10D940006C4688B06A46094B5361064B93610323CA
:10D9500042F8103F4FF4C251E7E750F8040CE9E7F2
:10D96000BE2705001F2B050004AE04001C2905007E
:10D970002DE9FF4105460E464FF000084FF42053B5
:10D98000006817688DF8088002A91446ADF80A30BF
:10D9900018F0F4FCA0B142F6010328688DF80C8061
:10D9A00003A9ADF80E3018F0E9FC48B123691BB1AA
:10D9B0005A88B24200D25E80012004B0BDE8F081F6
:10D9C0006168286818F0DAFC10B100232361F3E7DE
:10D9D000E368A0681A7832B17B8D81895B1A934223
:10D9E00001DA0020E9E7042108301BF0AEF82061DD
:10D9F000068023695E80084B00930194A26800238F
:10DA00002946384619F0CCFA0028EADB20690038AC
:10DA100018BF0120D1E700BF596E040010B500F116
:10DA200094030446BFF35B8F53E8001F41F00401E9
:10DA300043E80012002AF7D1BFF35B8F1723E3847A
:10DA4000E382201F19F099F904F1BC0003491CF08E
:10DA500065F82068BDE8104003F06AB955E7020098
:10DA60002DE9F743176805468846006851687E68C7
:10DA7000144618F083FC814600283CD1304695229C
:10DA800029461AF0E9F90646207540B1E3681B788B
:10DA90000BB184F81490002003B0BDE8F083A068B7
:10DAA0001BF031F8022108301BF04FF8134B2061B6
:10DAB000A0F8008000930194A268334629463846B6
:10DAC00019F06EFA002807DA10F1FF0F26BF404266
:10DAD000C0B20E202075DEE72369002BDBD0A068E2
:10DAE00019F00FF97B8D181AE3681B78984294BFE0
:10DAF00000200120D0E70120CEE700BF136D040015
:10DB00002DE9F04182B000AF04460E463F480022A6
:10DB1000002339460BF0B8FA0546B8B16D4688B017
:10DB20006A463B4B53613B4B3B48C2E906340423F6
:10DB300042F8103F4FF4015119F0EEF9AD466FF085
:10DB40000B0528460837BD46BDE8F0810CF05AFAAF
:10DB5000324BD7F80080186029462C2208F10400C7
:10DB60001CF002FDC8F800403C682D487D60C4E907
:10DB70000155C4E90A5500220023391D0BF084FA2F
:10DB8000054690B123686C4688B06A4625495161C4
:10DB900025492148C2E90613042342F8103F4FF4F7
:10DBA000025119F0B9F9A546C9E77B680146F82288
:10DBB00018461CF0D9FC1D4A8260A0301BF085FE7F
:10DBC0007B68BFF35B8F983353E8002F43E8005125
:10DBD0000029F9D1BFF35B8F7B681C60A36AD7F87B
:10DBE00004801BB904F10C001BF06FFEA26AC8F898
:10DBF000F020E26A08F1F003A36202B9E3627B68F5
:10DC0000002B9CD0043333609BE700BFD01B002067
:10DC10003B290500112B050004AE040038A50020A7
:10DC2000101C002064290500042B0500EC170020BF
:10DC30002DE9B0430D46418D531C8B4200AF16D9E0
:10DC40006C468AB06A462E4850612E4813620523FE
:10DC5000C2E9060142F8103F4FF422512A4819F058
:10DC60005BF9A54600242046BD46BDE8B0832846A2
:10DC7000FFF7CAFC02281BD0042819D04FF0FF3848
:10DC80004FF0FF39002142464B46084618F0E0FFAE
:10DC9000044690B96C4688B06A461C4B5361194BD8
:10DCA000C2E90635042342F8103F4FF40151D5E78D
:10DCB0004FF470284FF00009E4E7154842464B4600
:10DCC0000BF04CFC98B96D4688B06A46114B536115
:10DCD0000C4B9361032342F8103F0B484FF4C4519F
:10DCE00019F01AF92046AD4605F0C2FCBAE76061AA
:10DCF000012104F108001AF028FF0570B3E700BF06
:10DD00008D290500392B050004AE0400B42605005A
:10DD1000281F0020B62905002DE9F84F8B8900AF98
:10DD2000054689469BB96C4688B06A46524B53619A
:10DD3000524B9361032342F8103F4FF4C2515048B5
:10DD400019F0EAF8A5460020BD46BDE8F88F01218C
:10DD500009F108001AF02AFF55F8043C0446002B8C
:10DD6000F1D00178DFF81CB12E1F00231BF833001F
:10DD700088424FEAC30A0BEBC30218D192F8028023
:10DD8000B8F1010F37D1002105F1940019F0AEF977
:10DD900000283ED06C4688B06A463B4B5361374BF7
:10DDA0009361032342F8103F4FF4C451C7E7013396
:10DDB0001E2BDBD16D4688B06A46344B53612F4B26
:10DDC0002F48C2E9063104234FF4025142F8103FB4
:10DDD00019F0A2F82178AD460846FFF715FC002897
:10DDE000B1D00528AFD00029ADD00623002230469F
:10DDF00019F014FBA7E7B8F1050F0AD1012105F1CD
:10DE0000940019F073F920B16C4688B06A46204B33
:10DE1000C4E7DA44B9F80C309AF801209A4219D9CB
:10DE2000E8468AB021786A461A4850611348116260
:10DE3000C2E90603052342F8103F11484FF421516F
:10DE400019F06AF89AF80230012BC5467FF47BAFCF
:10DE500004230CE0DAF80430494630469847B8F11C
:10DE6000010F03467FF46FAF00283FF46CAF2178B9
:10DE700000293FF468AFB9E7D9290500EE2A05006B
:10DE800004AE0400F4C80400162A0500F8290500B1
:10DE9000362A0500592A0500F0B51E4603680D46CE
:10DEA000003987B0044618BF0121186817461AF0D8
:10DEB0004BF948B9052104F1980019F017F9002829
:10DEC00048D0002007B0F0BD002E45D01822002118
:10DED00068461CF049FB67BB2368204A1B68009317
:10DEE0000023ADF812300C9B0393BDF83430ADF82D
:10DEF000103001238DF8143031466B4630468DF8D2
:10DF0000085018F09EFF9DF81430E3B1002FD8D0D0
:10DF1000019B5869FFF7BEFB019805F0A9FB9DF82E
:10DF20001430002DCDD032462946204619F076FA1D
:10DF3000C7E7002239462046FFF77AFE0190002805
:10DF4000CAD10E20BEE701990029BAD0204619F0A7
:10DF500019F8B6E71220B5E70120B3E7E16D040038
:10DF6000F8B500AF0E461546FFF7CEFCF0B1836A58
:10DF700018461BB150F8F03903B1F03B6C1C224637
:10DF800018B1418DA1421CD293B96D4688B06A4642
:10DF9000104B5361104B1148C2E90634042342F878
:10DFA000103F4FF4025118F0B7FFAD4600200CE0CF
:10DFB0001846D3F8F03053B1418D8A42A3F1F003F3
:10DFC000F6D82A463146FFF733FEBD46F8BD144663
:10DFD000D7E700BF7C2A0500272B050004AE04000C
:10DFE0002DE9F0418E89043EF6B2022E04468CB033
:10DFF000084601D0102E6AD1042108301AF0D6FD4F
:10E000000DF1080805884788011D3246404618F082
:10E01000E3F900285DD0002D3AD00026002F36D03D
:10E02000BD4235D84FF4205301A940468DF8046015
:10E03000ADF8063018F0A2F970BB66681422002112
:10E0400007A81CF091FA012211213046FFF788FF42
:10E05000099000283DD001210830CDE907481AF089
:10E0600074FD00230A901C4A037039460B9328461E
:10E0700007AB18F0E6FE0A9B1B781BBB099B58698F
:10E08000FFF708FB099805F0F3FA0A2301E03D4683
:10E0900001232A4610210EE042F6010307A940465B
:10E0A0008DF81C60ADF81E3018F068F90028C4D057
:10E0B00010232A461946204619F0B0F900200CB06A
:10E0C000BDE8F0810999204618F05CFFF6E70420CE
:10E0D000F5E70E20F3E700BF71D902002DE9F04308
:10E0E000466885B004460D46304601211AF02CF8EA
:10E0F00050B9052104F1980018F0F8FF00283BD131
:10E10000122005B0BDE8F0831022002168461CF003
:10E110002BFA002221213046FFF722FF029068B33C
:10E12000DFF85C90009405F108074FF00108AB8917
:10E13000012B04D80299204618F024FF1CE0384631
:10E140001AF044FD6B464A46014606468DF80C809F
:10E1500018F077FE9DF80C30002BE8D0029B586930
:10E16000FFF798FA029805F083FA9DF80C303246D2
:10E170002021204619F052F90020C2E70E20C0E706
:10E180005D7104002DE9F043466885B004460D46F4
:10E190003046012119F0D8FF50B9052104F198004B
:10E1A00018F0A4FF00283BD1122005B0BDE8F08391
:10E1B0001022002168461CF0D7F900220F213046BA
:10E1C000FFF7CEFE029068B3DFF85C90009405F193
:10E1D00008074FF00108AB89012B04D802992046AB
:10E1E00018F0D0FE1CE038461AF0F0FC6B464A46A8
:10E1F000014606468DF80C8018F023FE9DF80C3081
:10E20000002BE8D0029B5869FFF744FA029805F00A
:10E210002FFA9DF80C3032460E21204619F0FEF8F8
:10E220000020C2E70E20C0E7177104002DE9FF416E
:10E23000D0F8048004460E464046012117461D468C
:10E2400019F082FF48B9052104F1980018F04EFF3B
:10E2500078BB122004B0BDE8F0818DB310220021FC
:10E2600068461CF081F9002239464046FFF778FEE7
:10E27000029038B3BDF82830ADF8043001238DF892
:10E280000C30114A00946B462946284618F0D9FDF7
:10E290009DF80C307BB1029B5869FFF7FBF902989F
:10E2A00005F0E6F99DF80C302A463146204619F073
:10E2B000B5F80020CEE70299204618F063FEF8E793
:10E2C0000120C7E70E20C5E7177104002DE9F041D2
:10E2D0008D89043DEDB2022D04468CB0084601D074
:10E2E000102D50D1042108301AF060FC0DF1040803
:10E2F00006884788011D2A46404618F06DF888B107
:10E300009EB18FB1B74210D31822656800210DEB82
:10E3100002001CF029F9012209212846FFF720FEFE
:10E32000089060B90E2007E03E46012332460821DE
:10E33000204619F073F800200CB0BDE8F0810121EF
:10E340000830CDE906481AF000FC0023099003705C
:10E350000A238DF82C300D4A06AB3946304618F0AA
:10E3600070FD9DF82C304BB1089B5869FFF792F96E
:10E37000089805F07DF99DF82C30D7E708992046DC
:10E3800018F000FED7E70420D6E700BF61DA0200EC
:10E390002DE9F0470F4686B00446062107F1080034
:10E3A0001AF004FC0588B0F802808288D7F808903B
:10E3B000C5B10023B8F1000F13D0454512D88DF830
:10E3C00000308DF8043001A94FF420536846ADF8B1
:10E3D0000220ADF8063017F0D1FF064660B10A23DF
:10E3E00001E0454601232A460621204619F016F889
:10E3F000002006B0BDE8F087D4F804A03F7B0146BA
:10E40000142201A81CF0B0F8324607215046FFF74D
:10E41000A7FD0290F8B10A238DF815300F4A019438
:10E4200001AB41462846CDE903698DF8147018F018
:10E4300008FD9DF815304BB1029B5869FFF72AF98A
:10E44000029805F015F99DF81530CCE702992046A1
:10E4500018F098FDCCE70E20CBE700BFB1D6020044
:10E46000F0B58B681D885E8885B0044695B186B18D
:10E47000B5420FD847681022002168461CF074F896
:10E48000002205213846FFF76BFD019058B90E2098
:10E4900007E0354601232A460421204618F0BEFF36
:10E4A000002005B0F0BD6B460A4A0094314628466C
:10E4B00018F0C7FC029B43B9019B5869FFF7EAF8C3
:10E4C000019805F0D5F80A23E5E70199204618F0F0
:10E4D00059FDE5E7796E040070B50948094D084E0D
:10E4E0001BF0F3F900242946304601341BF0FAF9F9
:10E4F000182C05F11405F6D1BDE8704000F0FEBF00
:10E50000281F002058A3002037B5002305460C46DD
:10E5100001930BF077FD0C4B1B68834204BF002571
:10E520002C4601A909482A4623460AF0ADFD0146BA
:10E5300040B9019B1C2218461CF016F803461846E9
:10E5400003B030BD0023FAE738A50020501C00209E
:10E5500007B5836801904BB15869FFF79BF8019BA1
:10E56000986805F085F8019B00229A60034801A98C
:10E570001BF0CCF803B05DF804FB00BF501C00207A
:10E580002DE9F04F044683B0C03002AF0E469046EE
:10E590001D461BF0D1FAD4F89C00B8B96D4688B07E
:10E5A00002AA1C4B53611C4B9361032342F8103F9A
:10E5B0001A484FF4C45118F0AFFCAD46206818F06B
:10E5C00039FE00200437BD46BDE8F08F144B984259
:10E5D0004FF0000902D1C4F89C90EFE7D0F804A0F6
:10E5E000C0F80490D4F89C00D0F818B0FFF7B0FF42
:10E5F0002068C4F89C9018F01DFEBAF1000FE0D01E
:10E600002068CDF800B00068434632462946D0471E
:10E61000D7E700BF9B2A0500DF2A050004AE0400EF
:10E620003CA5002070B5D0F89C308A68054613B32D
:10E6300015498B421FD0D478ECB1052C406806D028
:10E640000F2C19D1437A012B16D8022107E0437A07
:10E65000012BFAD9022B0CD0032B0DD1042118F079
:10E66000DAF948B9D5F89C20137C43F00103137400
:10E6700070BD0321F3E70E240022234628461146ED
:10E68000BDE87040FFF77CBF3CA500202DE9FF41AD
:10E6900050F8046C0446002E56D000F1EC0106F14F
:10E6A000280018F008FD271F04F19C080022002311
:10E6B00040461AF0A9F9054628BBD4F898302BB18A
:10E6C000024601460E233846FFF75AFF002344F85E
:10E6D000043CB36A002B37D1039603980022002331
:10E6E0000C301AF091F90546A0B903984568C5B9F0
:10E6F000056003A916481BF009F8206804B0BDE8BE
:10E70000F04102F09DBC6869FEF7C4FF284604F0A2
:10E71000AFFFCBE76869FEF7BDFF284604F0A8FF0E
:10E72000DBE782682B684360954208BF83606E68B0
:10E7300036B1AB690093002300681A460E21B0473A
:10E740002846FFF705FFD0E704B0BDE8F08100BF21
:10E75000D01B0020B0B500AF6D4688B004466A46B5
:10E76000094B5361094B9361032342F8103F4FF467
:10E77000C251074818F0D0FBA4F1BC00AD46FFF72A
:10E7800085FFBD46B0BD00BFB62A0500C62A0500FC
:10E7900004AE040010B50C4638B331B3FFF7B4F83B
:10E7A00018B3836ADBB153F8F02902B1F03AD3F819
:10E7B0009C108C420BD092B11346D2F8F020002A64
:10E7C000F5D0D3F89C108C42A2F1F002F4D1074AA4
:10E7D000C3F89C202046BDE81040FFF7B9BE0430C6
:10E7E000214618F068FC2046F5E710BD3CA5002046
:10E7F0002DE9F0410D4CDFF838800546002627460C
:10E80000621C6DB94146104619F059F828B9013615
:10E81000282E04F11004F2D100273846BDE8F0811B
:10E820002178284618F029F9F0E700BF18A6002043
:10E8300050130500F8B50C4D06460F46002415F898
:10E84000013CB34207D13946284619F038F810B1D7
:10E8500006482044F8BD0C34B4F5F07F05F10C05F2
:10E86000EDD10020F6E700BFC9D30020C8D30020B7
:10E87000F8B50C4F06464C1C01F151056EB114F869
:10E88000011C2246304618F0F8F808B1601EF8BDA9
:10E890000A34AC42F2D10020F9E73946204619F09B
:10E8A0000EF8F2E7501305002DE9F0410D4CDFF8AA
:10E8B0003880054600262746621C6DB94146104641
:10E8C00018F0FDFF28B90136282E04F11004F2D10A
:10E8D00000273846BDE8F0812178284618F0CDF8A9
:10E8E000F0E700BFA8A8002050130500F8B50C4DB4
:10E8F00006460F46002415F8013CB34207D12946CD
:10E90000384618F0DCFF10B106482044F8BD10343A
:10E91000B4F5207F05F11005EDD10020F6E700BF2A
:10E9200019A6002018A6002038B50C4619466BB170
:10E9300003F118059B698AB9E268A360954200D18A
:10E94000E36000230D688B611A46A847A3685BB992
:10E95000601C0649BDE8384019F096B81360E368BA
:10E960009D4208BFE260ECE738BD00BF50130500D0
:10E9700070B5204B144682689A420FD1A568C668CC
:10E9800075B922792168304618F0A1FF024628B1F6
:10E990001949013019F078F815701581012070BD02
:10E9A000E0680028FBD02B888B420AD0F6D2E068C2
:10E9B000A36801380433E0600038A36018BF012069
:10E9C000EDE722792168304618F081FF024660B9F0
:10E9D0000949304618F07BFF02460028E7D021683D
:10E9E000013019F051F823791370A3685B88138103
:10E9F000DDE700BF59F302005013050080B500AFFA
:10EA000088B06A46074B5361074B9361032342F872
:10EA1000103F06484FF4C25119F004F96FF0150089
:10EA2000BD4680BD572B05002E3005002CAE0400DE
:10EA3000B0B5082100AF104818F069FF0F48002258
:10EA40000023FAF783FD041E13DA6D4688B06A4688
:10EA50000B4B53610B4B0C48C2E90634042342F8BC
:10EA6000103F4FF4015119F0DDF8AD462046BD4688
:10EA7000B0BD0024FAE700BF304D0020884C0020D4
:10EA8000672B0500F72F05002CAE04002DE9F0439D
:10EA900085B00E4600AF90469946044680B96C4654
:10EAA00088B06A46484B5361484B9361032342F850
:10EAB000103F4FF4C251464819F0B4F8A54619E08A
:10EAC00007F1080117F036FC0546D0B16D468AB053
:10EAD0006A46404B53613D4B3D48C2E9063440F223
:10EAE000013313843C4B42F8103F4FF4115119F09D
:10EAF00099F8AD466FF0150528461437BD46BDE8B8
:10EB0000F083391D204616F086FE786890B10A22FF
:10EB100029460DF0E1FE68B16C4688B06A462F4B7D
:10EB200053612A4BC2E90630042342F8103F4FF4E8
:10EB30000151C0E707F108010020FFF77BFE044602
:10EB400000283AD1002ED7D02549FFF773FE04469E
:10EB500090B96C4688B06A46224B53611B4B936157
:10EB6000032342F8103F1A484FF4C25119F05AF8E3
:10EB70006FF00B05A546BFE7002300F8013B07F146
:10EB8000080118F081FF04F1080104224846C0473B
:10EB9000041EB1DA6D4688B06A46134B53610B4BC5
:10EBA0000B48C2E90634042342F8103F4FF40151E8
:10EBB00019F038F8AD4625469EE7002EE3D10660F1
:10EBC0004660866098E700BFAE1305000D30050073
:10EBD0002CAE04009F2B050004000001BF2B050094
:10EBE00050130500DE2B0500042C05002DE9F84329
:10EBF00000AF88463C6A05466FF0040104F114003A
:10EC000018F094FEB8F1000F20D02846FFF74CFE14
:10EC1000014688B183684BB11A6804F118062BB11C
:10EC2000B3420CD123462846FFF77EFE6668BEB18C
:10EC3000224641462846B047BD46BDE8F8831AB192
:10EC4000106813460246EAE71046FAE7238A002BCB
:10EC5000ECD126684346424621462846B047E5E7C0
:10EC6000A368002BE8D0E94688B06A46094B536197
:10EC7000094B9361032342F8103F08484FF4C451F5
:10EC800018F0D0FF3246A368CD4641462846984743
:10EC9000D2E700BF292C0500653005002CAE04002A
:10ECA000B0B58CB002AFFFF7C5FD044630B30546E2
:10ECB00015F8012B32B30421384615F050FC0097AB
:10ECC000381D114A2B462421FAF76CFB381D16F02B
:10ECD0007AFD80B16D4688B002AA0C4B53610C4B93
:10ECE000C2E90630042342F8103F0A484FF40151AC
:10ECF00018F098FFAD46204618F0CDFE00202837CA
:10ED0000BD46B0BD0092DBE7E4310500642C050090
:10ED10008D3105002CAE0400B0B500F1900504461D
:10ED20002946007A00AF17F091FC03462946207A65
:10ED3000ABB1FFF7B5FF80B16C4688B06A460B4BAC
:10ED400053610B4BC2E90630042342F8103F0948D7
:10ED50004FF4015118F066FFA546BD46B0BDFFF760
:10ED600069FD0028F9D018F096FEF6E7852C05001D
:10ED70009E3105002CAE0400B0B505468CB015F8E8
:10ED8000012B02AF04462AB30421384615F0E7FBF5
:10ED90000097114A2421381D2B46FAF703FB042261
:10EDA00004F10801B818F7F7CDFA80B16C4688B0C5
:10EDB00002AA0A4B53610A4BC2E90630042342F807
:10EDC000103F08484FF4015118F02CFFA546283792
:10EDD000BD46B0BD0092DCE7E43105009F2C050084
:10EDE000A73105002CAE04002DE9F84300AF8146A1
:10EDF000884616461D46FFF71DFD0446E0B91B492F
:10EE0000FFF718FD044690B96C4688B06A46184B67
:10EE10005361184B9361032342F8103F16484FF497
:10EE2000C25118F0FFFEA546BD46BDE8F88300F8C4
:10EE3000019B414618F028FE228963896AB973B99B
:10EE400026816581214611F8010B17F0FFFB002890
:10EE5000EAD02046FFF790FFE6E7964202D39D42B4
:10EE6000EFD8E1E79D422681ECD9EAE7501305008F
:10EE7000BF2C0500B03105002CAE04002DE9F8438D
:10EE800000AF98463B8C012B0646914644D843443C
:10EE9000012B454643DCFFF7ABFC0446C8B9FFF73E
:10EEA000A7FC0446A8B96C4688B06A461F4B53615C
:10EEB0001F4B9361032342F8103F1E484FF4C45187
:10EEC00018F0B0FE6FF01005A5462846BD46BDE817
:10EED000F883B8F1000F12D0217A99F800200023AE
:10EEE00021FA03F0C00703D522FA03F0C00719D5B1
:10EEF0000133032BF4D102F007021143217206F112
:10EF00009001601C18F0C0FD2046337A00F80C3BDD
:10EF1000012118F0FCFCD8E76FF00605D5E76FF08B
:10EF20000C05D2E76FF01205CFE700BFE22C050019
:10EF3000B83105002CAE040098B50D490D4800AF5E
:10EF40001022F7F7FFF980B16C4688B06A460A4B89
:10EF500053610A4BC2E90630042342F8103F0848C7
:10EF60004FF4015118F05EFEA546BD4698BD00BFA6
:10EF7000684C0020122D05001A2D0500C131050036
:10EF80002CAE0400B0B50F49144600AF102218464D
:10EF9000A047041E13DA6D4688B06A460A4B5361D7
:10EFA0000A4B0B48C2E90634042342F8103F4FF4E1
:10EFB000015118F037FEAD462046BD46B0BD0024D5
:10EFC000FAE700BF784C0020042C0500EB2F050069
:10EFD0002CAE0400024608B50849013018F054FD73
:10EFE000002313720C32BFF35B8F52E8001F42E81C
:10EFF00000300028F9D1BFF35B8F08BD5013050026
:10F000002DE9F04385B0894600AF16469846044680
:10F0100080B96C4688B06A46464B5361464B936153
:10F02000032342F8103F4FF4C251444818F0FAFD50
:10F03000A54619E007F1080117F07CF90546D0B1A3
:10F040006D468AB06A463E4B53613B4B3B48C2E932
:10F05000063440F2013313843A4B42F8103F4FF428
:10F06000115118F0DFFDAD466FF015052846143735
:10F07000BD46BDE8F083391D204616F0CCFB78680C
:10F0800090B10A2229460DF027FC68B16C4688B081
:10F090006A462D4B5361284BC2E90630042342F8DF
:10F0A000103F4FF40151C0E707F108010020FFF7BE
:10F0B0001DFC0446E8B9FFF79BFB044690B96C467B
:10F0C00088B06A46214B53611B4B9361032342F87E
:10F0D000103F1A484FF4C25118F0A4FD6FF00B0511
:10F0E000A546C3E7002300F8013B07F1080118F02B
:10F0F000CBFCB9F1000F19D004F108010122404600
:10F10000B047041EB2DA6D4688B06A46104B5361B0
:10F11000094B0A48C2E90634042342F8103F4FF471
:10F12000015118F07FFDAD4625469FE72046FFF7C9
:10F1300051FF9BE7AE130500063005002CAE04001E
:10F140009F2B050004000001BF2B0500442D050086
:10F15000042C050008B513468168074A914209D17D
:10F160001A791968C06818F0B2FB18B1002303605F
:10F1700043600381012008BD59F3020070B50B4BB9
:10F18000164682689A420ED1C5686C1C51353168AA
:10F19000204618F094FB18B17168204618F074FCF2
:10F1A0000A34AC42F3D1012070BD00BF59F3020014
:10F1B00038B50C4B144682689A420D460FD122791D
:10F1C0002168C06818F083FB48B1D4F8C83004EB5C
:10F1D00083020133158101895181C4F8C8300120AF
:10F1E00038BD00BF59F30200F0B58DB002AF05463F
:10F1F000FFF7FEFA05F19006044690B32A7A083428
:10F2000062B10421384615F0AAF93346174A00972F
:10F210002421381DFAF7C6F82B7A23BB01250023D9
:10F220000093124A33462421381DFAF7BBF82A46C8
:10F230002146381DF7F786F880B16C4688B002AADF
:10F240000B4B53610B4BC2E90630042342F8103FCD
:10F2500009484FF4015118F0E5FCA5462C37BD468E
:10F26000F0BD0546DBE70125E1E700BFDE31050023
:10F270006A2D05007C3105002CAE040007B5122371
:10F280000A460421CDE90031034B044918F01DFD65
:10F2900003B05DF804FB00BF4B7D0400EDEB020002
:10F2A0002DE9F84F294B164682689A42074630D11D
:10F2B000C568B5F8503063B3DFF894B06C1C05F145
:10F2C000510A4FF0000806F19009B4F807309BB1DD
:10F2D00014F8011C2246304617F0CFFBE0B914F8B1
:10F2E000010C2146FDF794FC30B1437B072B08BF8E
:10F2F0004FF0010817F049FB0A345445E5D1B8F145
:10F30000000F06D16B6DA5F8508013B14146384609
:10F3100098470120BDE8F88F307A494617F096F9F2
:10F3200070B95D4502D13046FFF7F6FC0949204629
:10F3300018F0AAFB002304F8013CA4F80730DBE72F
:10F340004946204618F0A0FBD6E700BF59F302005B
:10F3500048180020501305002DE9F84F00AF9846DB
:10F360003B8DD1F80CA005468946002B75D108F1DC
:10F37000FF33012B74D8B8F1010F5146167818BF2E
:10F380001688FFF775FA044618BB1EB94046BD46FD
:10F39000BDE8F88F5146FFF76BFA044690B96C460A
:10F3A00088B06A46304B5361304B93610323304839
:10F3B00042F8103F4FF4C45118F034FC6FF01000C5
:10F3C000A546E4E705F19001013018F05DFB2B7ACA
:10F3D0002370DAF85830A3BBB4F808B02681BAF825
:10F3E0005030B34203D05146484618F0E0F9B345D7
:10F3F0001ED02846FDF7E8FADFF8789059F820305B
:10F400009D4215D0287A05F1900117F01FF978B1C7
:10F410002846FDF7D9FA8246284617F07BFA4FF4C2
:10F42000004249F82A00002309F120000AF002FBFB
:10F43000002EABD11049601C18F026FB26702681E7
:10F44000A4E7324649462846984700289FDB013802
:10F450000128C1D96FF00D0099E76FF0060096E71B
:10F460006FF00C0093E700BF972D05006531050094
:10F470002CAE0400184C00205013050008B50948B4
:10F480006FF0020118F052FA064818F03AFAC30772
:10F4900005D505484FF4A47200230AF0CBFA0020EA
:10F4A00008BD00BF304D0020004D002010B56FF0AA
:10F4B000020104460F4818F039FA0E4818F021FAF4
:10F4C000C20704D50C48002200230AF0B3FA2046F4
:10F4D00018F03CF960B12046FFF78AF940B1037A91
:10F4E000DB0705D5BDE8104001210C3018F00FBA3C
:10F4F00010BD00BF304D0020004D002010B5264B40
:10F50000BFF35B8F012253E8001F002903D143E8BA
:10F5100000200028F7D1BFF35B8F3BD1BFF35B8F97
:10F520001E4B53E8001F002903D143E800200028A8
:10F53000F7D1BFF35B8F08D119491A4A0B881A4CCF
:10F540000020A24220D300B10B80184B1849194863
:10F550000022C3E900221AF0E1FA4FF4A47200235A
:10F560001448F9F7EDFF144914481AF0D7FA0221AC
:10F57000134818F0CCF9134813491AF0CFFABDE834
:10F5800010401248FDF720BB506803449BB208327C
:10F590000120D6E710BD00BF9CA8002098A800203D
:10F5A000A8D50020F4AD040004AE0400A0A80020FB
:10F5B00005F80200884C002045FC0200004D0020A8
:10F5C000304D0020384C0020B18104001418002078
:10F5D0002DE9F041034648B1008A38B91249DFF8F5
:10F5E0004CE001244FF0140C714501D3BDE8F081CB
:10F5F000D1E90076BB4204D30CFB0672143A934265
:10F600000ED93444A2B208311446EDE70CFB05785C
:10F61000434507D001356219B54292B2F6D1F2E7FF
:10F620000025F8E71046E1E7F4AD040004AE04005D
:10F630002DE9F74FBDF83050009199464FF6FF7312
:10F64000002D08BF1D46244B1B8883420746904669
:10F650003CD203B0BDE8F08F73682344BB4232D282
:10F660009CB208361D4B9E42F6D3F2E789580193AF
:10F67000404616F083FE019B90B101340AF1010A65
:10F68000A4B273685345ECD9009B9C42E1D8BC42BC
:10F690003168F2D30BFB0AF28B18B8F1000FE5D1F9
:10F6A000B9F1000F0BD1013DADB218460E9A0D9B7A
:10F6B00021469847002DCCD00028DED1C9E7DA6872
:10F6C0009145DAD1EFE74FF0000ADAE7044E012462
:10F6D0004FF0140BC6E700BFA8D5002004AE04000D
:10F6E000F4AD0400B0B5C8B000AF0024054607F182
:10F6F0007002394607F11000C7E90044C7E9024427
:10F7000016F0C2FC98B96C4688B06A461B4B536130
:10F710001B4B9361032342F8103F1A484FF4C25128
:10F7200018F080FAA54607F59077BD46B0BD4FF6B4
:10F73000FF710120144A07F1100318F080FB1348F1
:10F7400007F1100116F035FD20B96C4688B06A4605
:10F750000F4BDCE70D4B03F110020134197812F85E
:10F76000010D03F8010B082C1170F6D10DB1FFF754
:10F77000E3FB0421074818F0CAF8D4E7B52D0500CB
:10F78000CF3105002CAE040019780400684C00202D
:10F79000D22D0500304D00202DE9F0411649BDF86D
:10F7A00018700446A1F1300015461E461AF0D8F92B
:10F7B000124818F0A6F8410702D40120FFF792FF83
:10F7C0002046FFF715F868B1037ADA070AD500F189
:10F7D0000C04204618F095F8C30703D402212046F4
:10F7E00018F095F8102306933A4631462846044B04
:10F7F000BDE8F04118F08EB9B84C0020304D002023
:10F80000684C00206FF0080108B5264818F08EF803
:10F81000010742D5234818F074F803465A07C0F38D
:10F82000800001D4FFF75EFF1F49102288181AF0EC
:10F8300050FE48B91D481AF07FF9BDE80840194844
:10F840006FF0010118F072B81648012118F05FF846
:10F8500010F0010F164B10D1164A9A61114818F09A
:10F8600050F8830705D411484FF4A47200230AF01E
:10F87000E1F8BDE80840FFF75FBB1A8B588B012AFF
:10F880004FF6FF7205D89042F3D04FF6FF725A83BD
:10F89000E4E790421983E1D0F7E7BDE80840012092
:10F8A000FFF720BF304D0020684C0020004D0020A5
:10F8B000E04C00200100FFFF2DE9F047B8B000AF99
:10F8C0000C4690464349D7F800013A46994615F050
:10F8D0007EFF38B9FFF792F805462846E037BD4667
:10F8E000BDE8F0873E68391D304615F094FF9EB99B
:10F8F0006C4688B06A46384B5361384B936103239A
:10F9000042F8103F4FF4C251354818F08BF9A54624
:10F910006FF015042546E0E77868D0B907F1080ACA
:10F920000023514630463B7516F004FD054620B3D2
:10F930006C468AB06A462B4B5361284BC2E90636A7
:10F9400040F201331384284B42F8103F4FF4115119
:10F95000DAE70A2200210CF0BFFF0028DED06C4657
:10F9600088B06A46214B53611C4BC2E90630042320
:10F9700042F8103F4FF40151C6E7C7F810A034B366
:10F98000C02207F120014846C047041E11DA6D4627
:10F9900088B06A46164B5361104B1148C2E90634D1
:10F9A000042342F8103F4FF4015118F03BF9AD46E3
:10F9B000B0E7A40807F12003C7E906340D4A07F1B0
:10F9C00010034FF6FF71012018F039FA85E723463E
:10F9D000F2E700BFEF2D0500AE130500263005004D
:10F9E0002CAE04009F2B050004000001BF2B050076
:10F9F000042C050071E9020007B500230193FFF70D
:10FA0000E7FD411C89B20846034A01AB18F017FA1A
:10FA1000019803B05DF804FBA97704002DE9F84FC5
:10FA2000154600AF8A4694226968064618F014FA13
:10FA30008146A8B16C4688B06A46404B5361404B42
:10FA40009361032342F8103F3E484FF4C45118F02D
:10FA5000E9F84FF0FF35A5462846BD46BDE8F88FCA
:10FA600069680222304618F02BFA90B96C4688B0CB
:10FA70006A46354B5361324B9361032342F8103F82
:10FA800030484FF4C45118F0CDF86FF01505A54675
:10FA9000E2E74FF470200021B5F81480FEF734FD42
:10FAA00008F10208044608B3284BC0F814801D2151
:10FAB0004174C0F80C904360856142463046FEF7C1
:10FAC0004FFA8046A8B96D4688B06A46204B53610C
:10FAD0001B4B936103231B4842F8103F4FF4C45162
:10FAE00018F0A0F82046AD46FEF732FD6FF00B058A
:10FAF000B2E701234A46494608F1080B17F04DFECC
:10FB00000221584619F021F88146584629F802ABDF
:10FB1000A98A19F01AF8AA8A296948461AF0E9FC54
:10FB2000C4F808802146304617F0E1FD054600285C
:10FB300092D02046FEF70CFD8EE700BFF62D0500A3
:10FB40004D3105002CAE0400102E0500E1770400B5
:10FB50003F2E050030B504468BB0374817F0D1FE74
:10FB600042070D4661D514B1637B072B60D16868ED
:10FB70000590FFF72DFD2A68ADF818003AB305A9E6
:10FB800002912E4901910121002300914FF6FF714E
:10FB90000593FFF74DFD059B1BB96FF001000BB0FE
:10FBA00030BD6B60059B186800238DF8103004A9E8
:10FBB00042F60303ADF8123016F0E0FB70B9059879
:10FBC000C3689B799B0605D46FF01500E7E7002812
:10FBD000E8D1E2E718F0ECF8ADF81800BDF818002D
:10FBE0003CB101230146AB752A462046FFF716FFBC
:10FBF000D5E76FF07F0307930223ADF8203042F67C
:10FC00000213ADF8123005ABAC7502930C4B0193A7
:10FC10000123009304AA23464FF6FF7109958DF83E
:10FC20001040FFF705FD0798B9E76FF00A00B6E747
:10FC30006FF07F00B3E700BF2405002007780400C1
:10FC4000DDFE020073B500F13005044650F8083CB3
:10FC50000193A0F120066FF00101284617F066FE1F
:10FC60000D4B44F81C3C0D4B44F8183C01AB0020F4
:10FC700044F8103C042324F8080C24F8060C24F85B
:10FC80000C3C3146FFF766FF18B90221284617F0F1
:10FC90003EFE02B070BD00BF0CCA0400ADF402000D
:10FCA0002DE9F04F83B01468444B904682689A4225
:10FCB00000AF05467CD1D0F80C9009F1010609F19E
:10FCC000510AB6F8073003B316F8011C3246204635
:10FCD00016F0D3FEC8B14FF495722946204618F0AD
:10FCE000BBF840B3032814D1EB4688B06A46344BC6
:10FCF0005361344B3448C2E90635042342F8103FBF
:10FD00004FF4025117F08EFFDD460A36B245D8D1C6
:10FD10004EE0052820460CBF4FF0030B4FF0020BBE
:10FD200016F0A9FE834506D998F804305B45ECD25D
:10FD300088F804B0E9E74946284617F038FD234B18
:10FD4000994535D1207A04F19001FEF773FD002822
:10FD50002ED00289438952EA030129D0BA80FB8060
:10FD60002046FCF731FE1A491A4A182303FB0013F8
:10FD700000B25A60184A9A603A1D00EB40001A61BE
:10FD8000042201EBC0019A822046FFF7E3FE78B11E
:10FD90006C4688B06A46114B5361114B9361032343
:10FDA00042F8103F08484FF4C25117F03BFFA546F8
:10FDB00001200C37BD46BDE8F08F00BF59F30200AB
:10FDC0006A2E0500483005002CAE040048180020BB
:10FDD00058A500200CCA0400757D0400822E050081
:10FDE0003D3005002DE9F047144600AF89469422C6
:10FDF0006168064618F030F8A0B16C4688B06A46D3
:10FE0000314B5361314B93610323314842F8103F2A
:10FE10004FF4C45117F006FF4FF0FF30A546BD4622
:10FE2000BDE8F08761680122304618F049F890B9C2
:10FE30006C4688B06A46274B5361244B9361032379
:10FE4000234842F8103F4FF4C45117F0EBFE6FF017
:10FE50001500A546E3E7A2891B2102323046FEF7D2
:10FE60007FF8054690B96C4688B06A461A4B5361D4
:10FE7000164B93610323164842F8103F4FF4C451C8
:10FE800017F0D0FE6FF00B00A546C8E700F1080A96
:10FE90000221504618F059FE8046504628F8029B31
:10FEA000A18918F052FEA289A16840461AF021FBF0
:10FEB000D4E904122846012317F06FFC2946304686
:10FEC00017F0D7FBABE700BFF62D05004131050069
:10FED0002CAE0400102E0500A32E05002DE9F04FD6
:10FEE00083B04C4B154682689A4200AF80463AD1A7
:10FEF000D0F80CA0484B9A451DD1484CDFF8209112
:10FF000000264946204617F0DAFC78B914F8010CAF
:10FF100007222146FCF7D4FE40BB2B6914F8010CE4
:10FF20001A69214653881288FEF75EFF0136282E93
:10FF300004F10C04E5D10AF101060AF1510BB6F8FF
:10FF40000720AB899A420BD116F8010C3146FCF719
:10FF50005FFE044620B1437B072B0AD016F015FD47
:10FF60000A36B345EBD14FF001094EE016F00DFD16
:10FF7000DCE7DAF85C3023B14146984708B92046FF
:10FF8000ECE794224146204617F066FF814680B197
:10FF9000E94688B06A46234B5361234B93610323A0
:10FFA00042F8103F21484FF4C45117F03BFECD46B4
:10FFB000E5E7AB89022B15D1B6F807309A0705D4CF
:10FFC000204616F0E2FC0023AB60C9E72A69A98845
:10FFD0002046FFF723FD034680B92A69937D01334C
:10FFE0009375EDE7012BEBD1B6F80730DB07E7D5CA
:10FFF0002A69A9882046FFF7F5FE034620467B6064
:020000023000CC
:1000000016F0C3FC7B68002BDDDA48460C37BD4692
:10001000BDE8F08F59F3020048180020C9D3002032
:1000200050130500F62D05005B3105002CAE0400D1
:1000300073B5437B072B04460D461AD1061D4FF4BA
:100040000061304617F063FC030515D40223CDE9A7
:10005000003320460A4B0B492A4617F036FE044669
:1000600020B16FF40061304617F060FC204602B00A
:1000700070BD6FF07F04F9E76FF07704F6E700BF1B
:100080004B7904000F780400F0B587B0437B072B51
:1000900002AF05460C4640F0A8800B7C062B00F210
:1000A0009D80DFE803F004045E5E669433000B6815
:1000B00023B31B789BB1022B1ED06C4688B002AADA
:1000C0004B4951614B494C48C2E90613042342F89D
:1000D000103F4FF4015117F0A5FDA54654E0082349
:1000E0000193062300934549454B2246284617F0C5
:1000F000ECFD1437BD46F0BD1623F1E710230421B3
:10010000CDE9003122463F4B3F49EFE70868002820
:100110003AD00678002E37D14FF424533E707B80BE
:10012000394616F02BF9E0B142F6021320683E7111
:10013000FB80391D16F022F998B142F603132068AE
:100140003E727B8107F1080116F018F948B142F6BA
:10015000041320683E73FB8107F10C0116F00EF9C1
:1001600090B908230422CDE900322849284B2246C1
:10017000BCE7086858B300264FF420533E707B80DC
:10018000394616F0FBF810B96FF01500B1E742F6EA
:10019000010320683E71FB80391D16F0EFF800283E
:1001A000F2D042F6020320683E727B8107F108011B
:1001B00016F0E4F80028E7D042F6030320683E7307
:1001C000FB8107F10C0116F0D9F80028DCD00423DC
:1001D000CDE900330F49104B224687E76C4688B0C3
:1001E00002AA0E4951610E496DE76FF07F0080E76A
:1001F000D02E0500073105002CAE04000B80040052
:10020000497C0400BB79040025020300510303006C
:10021000EB7904000107030077790400E92E05005B
:10022000163105002DE9F04F8FB000AF0646D7F824
:100230006080914641B1D8F8043042460021984789
:100240003C37BD46BDE8F08F1078062819D0142839
:1002500016D06C4688B06A463A4B53613A4BC2E9B5
:100260000630042342F8103F38484FF4015117F08C
:10027000D9FCA546D8F80430424600213046DEE7D6
:100280000221013B002539749CB209F1010BAA46F9
:1002900099F80030A34209D9002CEBD1002DE9D008
:1002A00042462946304617F092FEC9E71422002143
:1002B00007F124001AF058F9BBF8002093B2002B84
:1002C000D8D0BBF802108DB2002DD3D0AB42D1D81C
:1002D0003B7C2BB3022B27D098F81030B981002B30
:1002E00042F6010308BF4FF42053FB8007F11003CF
:1002F000BB603B1D7B6207F10803BA863B6387F84E
:1003000004A0D8F80430424607F12401304698474B
:10031000002895D099F80030E41AA4B29B44B7E7BE
:10032000BBF804307B82D7E70BF1040307F111001F
:100330000BF1140C53F804EB40F804EB6345F9D1CE
:10034000CAE700BF082F0500F93005002CAE0400F5
:100350002DE9F04F93B002AF8046BD6E164621B135
:100360006B682A46002198476EE02A7C022A40F0FA
:100370008C803078062817D0082816D06C4688B0B4
:1003800002AAA94B5361A94BC2E90630042342F8E3
:10039000103FA7484FF4015117F044FCA5466B6885
:1003A0002A4600214046DEE711465C1E3976A4B29B
:1003B00006F1010B4FF000093378A3420AD9002C53
:1003C000EDD1B9F1000FEAD02A464946404617F070
:1003D000FEFD39E0BBF800A01FFA8AF9B9F1000F61
:1003E000DDD0BBF80200B8823A7EBBF80410F98277
:1003F0006AB1022A16D0296851B307F1180015F026
:10040000BDFF28B33378E41AA4B29B44D4E707F1C4
:1004100018023A619BF806209BF8071042EA012275
:100420007A83E8E70A236881A981A5F808A08149B1
:10043000019200932A46804B404617F046FC1FFA73
:1004400080F9B9F1000FBFD14437BD46BDE8F08F48
:100450004FF000033B7342F60203FB8110220021A0
:1004600007F130001AF080F807F10C02FA6207F188
:100470001002BA636B68A7F83CA02A4607F12C016A
:10048000404698470028BDD1DEE7032A69D130787D
:10049000072809D0152806D06C4688B002AA624BFE
:1004A0005361664B70E702215C1E3976A4B206F1F7
:1004B000010A4FF000093378A34280D8BAF800B09F
:1004C0001FFA8BF9B9F1000F3FF469AF3B7E6BB1B6
:1004D000022B13D02968F1B107F1180015F04EFF77
:1004E000C8B13378E41AA4B29A44E4E79AF8053024
:1004F0009AF8062043EA02237B83EBE70AF105031F
:1005000007F119020AF1150153F8040B42F8040B24
:100510008B42F9D1DEE79AF80230BB754FF0000349
:10052000BAF803203B7307F1180142F6030339615F
:10053000BA82FB811022002107F130001AF014F872
:1005400007F10C03FB6207F11003BB63A7F83CB093
:100550006B682A4607F12C01404698470028C0D115
:1005600072E729680A78002A7FF419AF49885C1E6F
:10057000A1F52453A4B206F1010A91467B603378B9
:10058000A3423FF61CAFBAF800B01FFA8BF9B9F1DD
:10059000000F3FF404AF7A68042A3FF600AF01A3CE
:1005A00053F822F0B90503009F030300B9050300C7
:1005B000B9050300F9050300BAF802303B832B6844
:1005C0003B601022002107F1300019F0CDFF3B689D
:1005D000FB6207F11803BB63A7F83CB06B682A46BF
:1005E00007F12C014046984700283FF42DAF33789F
:1005F000E41AA4B29A44C2E79AF802303B769AF819
:1006000003307B769AF805209AF8043043EA0223F7
:100610007B839AF806303B779AF807309AF80820DF
:1006200043EA0223FB83CAE7082F0500EB300500ED
:100630002CAE04004106030063790400C0300500BD
:10064000F0B58FB000AF102B3C6D054618D06E464C
:1006500088B06A462749516127492848C2E90613EC
:10066000042342F8103F4FF4015117F0DBFA224601
:100670006368B5460021284698473C37BD46F0BD23
:100680006389BB81A389FB8107F1100002232689BE
:100690003B74B86007F1110302F1100152F804CB6A
:1006A00043F804CB8A42F9D12168E9B9002142F626
:1006B00002033971FB80102207F1280019F054FF62
:1006C0003B1D7B6207F108033B63BE8663682246DD
:1006D00007F12401284698470028CED021892246D8
:1006E000284617F074FCC8E715F048FE0028DDD056
:1006F000F4E700BF082F0500D53005002CAE04003C
:100700002DE9F04F91B000AFBD6EF860A9B9107837
:10071000012818D0022830D06C4688B06A46534B66
:100720005361534BC2E90630042342F8103F51484D
:100730004FF4015117F076FAA5466B68F8682A461F
:10074000002198478DE04FF00409013B9BB24B45D7
:100750003976F2D3B3FBF9FB4FF00008541CC7F80D
:100760000880C24607F11806BBF1000F09D1D7E98E
:1007700002102A4617F02BFC73E001464FF01209D5
:10078000E3E723887B60BB88BB60B8F1000F51D1E1
:100790003B7E002B37D0022B3BD02968002944D167
:1007A0002B7C042B4CD14FF4205387F810A07B8274
:1007B00007F11001304615F0E1FD00283AD042F66D
:1007C000010387F814A0FB8207F11401304615F0ED
:1007D000D5FD78B342F6020387F82CA0FB8507F11C
:1007E0002C01304615F0CAFD20B342F6030387F80A
:1007F0002CA0FB8507F12C01304615F0BFFDF8B9A0
:100800004FF0010818E0A378E27843EA02237B83E3
:10081000C3E7A31C07F1190204F1120153F8040BFA
:1008200042F8040B8B42F9D1B7E7304615F0A6FD2C
:100830000028B5D04FF000080BF1FF3B4C4493E784
:100840001022002107F1300019F08EFEBB88BB8713
:10085000F8686B68FE622A4607F12C019847002869
:10086000EAD14437BD46BDE8F08F00BF202F050018
:10087000AD3005002CAE040007B5437B072B0A46BC
:100880002CD14B683BB908234FF0040ECDE9003E54
:10089000144B154909E0012B11D0097B5B00019332
:1008A00041B1202300931149114B17F00EFA03B008
:1008B0005DF804FB0E2300930E490F4BF5E74B89BF
:1008C00033B10C234FF0040CCDE9003C0B4BE0E7B7
:1008D0000A230221CDE90031094BDAE76FF07F00EE
:1008E000E5E700BF957C040005090300A17A040038
:1008F0004F7A0400537A0400277A0400A379040095
:100900008F7904002DE9F04782B002AF80463C6A3F
:1009100091461D460E4601B93BB900230093256858
:10092000224631464046A8471BE06368002B4FD162
:10093000013DADB202F1010A65B3BAF8002093B2ED
:1009400093B96C4688B002AA314B5361314B936125
:10095000032342F8103F30484FF4C25117F062F9B8
:10096000A546BD46BDE8F08799F800302281AB422C
:100970008CBFAB1E023B9BB2009326680AF10203B8
:10098000224600214046B0470028EAD099F80030BE
:10099000AB420BD921464046FFF76EFF0028E0DA54
:1009A00000230093256822460E21BBE72389628934
:1009B0009A4205D100230093256822461946B1E7E3
:1009C0000133238199F80030ED1AADB29A44B3E7B0
:1009D00000951346D4F800C02246E0470028C0D056
:1009E000404616F0B6FD0138854203DA00962568C8
:1009F0003346E2E763891D44658121464046FFF79F
:100A00003BFF0028ADDA009625683346CBE700BFF0
:100A1000362F05009A3005002CAE04002DE9F04376
:100A200085B09146427B04AF072A1D46064697F8DB
:100A30002030884649D1C27A002A37D1B3B305F1B4
:100A40000E02D221FDF78CFA044648B30221083089
:100A500018F07BF80022A0F8008000234FF0000877
:100A6000CDE90023CDE902884A462946204602F016
:100A700033FE85421ED06E468AB004AA144B5361E1
:100A8000144B1062C2E906350523134842F8103FA3
:100A90004FF4225117F0C6F82046B54602F0E8FDA3
:100AA0006FF00B000437BD46BDE8F083AA1C52214D
:100AB0003046C7E7D7E909122046434616F06DFED7
:100AC0002146304616F0D5FDECE76FF07F00E9E7F0
:100AD000492F0500783005002CAE040070B5437B2B
:100AE000072B06460D463BD1FDF7DEFE044658B9FE
:100AF000FDF7DAFE0446002835D006F190010130FA
:100B000016F0C2FF337A2370A3687BB1183B002232
:100B10009D422BD09889A989884204D1188A298AB4
:100B2000884228BF01229B6973B97AB929463046A9
:100B3000FEF7A4FB024648B1A3681BB90D49601C2F
:100B400016F0A2FF104670BD183BE1E7A268AA614B
:100B5000E26805F11803A36002B9E3600022F1E73F
:100B60006FF07F02EEE76FF00B02EBE76FF07702BA
:100B7000E8E700BF501305002DE9F041437B072B48
:100B800007460D465BD1FDF78FFE0646002859D07B
:100B90008468002C56D00023183C9846A54209D002
:100BA000A189AA89914208BF4FF00108A4691CB12C
:100BB000183CF3E70123F9E7002B43D005F11400BB
:100BC00016F09FFE430703D52946384617F06AFA08
:100BD000B8F1000F19D0B36805F1180253B19A4269
:100BE00023D1AB69DCB9F168B3608A4200D1F3600C
:100BF0000023AB61B3681BB91449701C16F044FFA5
:100C0000B8F1000F14D1002007E0A5F810802946A4
:100C10003846FEF733FB0028DDD0BDE8F0812360C5
:100C2000F3689A4208BFF460E2E71C461B68D5E708
:100C300000232C681A4629463846A047E3E76FF0A0
:100C40007F00EAE76FF01500E7E700BF50130500EB
:100C50002DE9F04F87B000AF80460C467A60FDF773
:100C600023FE814640B37A68214607F10C0017F055
:100C7000E5FE3B8A042B1FD9042107F10C0017F075
:100C800095FF3A8AB0F802A0B0F800B05245054688
:100C900016D26C468AB06A4622497B685161224965
:100CA00013620523C2E9061A204842F8103F4FF4A8
:100CB000215116F0B7FFA5461C37BD46BDE8F08FA1
:100CC000D9F8086026B3346804B1183C36F80C2C07
:100CD0005A451AD1183E07E02646A469B289ECB1FC
:100CE0005A45A4F11804F7D1B07C98F80920904235
:100CF0000BD8D6F800C053462A1D31464046E0477F
:100D000018B931464046FFF737FF2646002CE4D19C
:100D1000514607F10C0017F049FFAAE75A45E3D006
:100D2000F6E700BF7C2F0500273105002CAE04003C
:100D3000F0B58FB002AF00F1900604467860012351
:100D4000007A3B72314615F081FCA0B1227A002A6C
:100D50004BD00421384613F002FC0097254A242189
:100D600007F10C003346F8F71DFB07F10C0222498E
:100D70001046F5F747FB4FF6FF71204A3B1D012057
:100D800017F05DF8204615F076FE397A884214D2C5
:100D9000204615F040FE80B16D4688B002AA184B7F
:100DA0005361184BC2E90630042342F8103F16483D
:100DB0004FF4025116F036FFAD462046FDF774FDA4
:100DC000A8B185689DB1207A3146183D15F03EFCEA
:100DD00048B105F1140016F094FD830703D42946A9
:100DE0002046FEF74BFAAD69ECE70092B6E73437E0
:100DF000BD46F0BDF22D0500B9F80200A1FC0200CD
:100E0000992F0500533005002CAE0400F8B5084BAF
:100E10001C6805460E4617464CB154F8043C043C89
:100E20001BB13A463146284698476468F4E7F8BD56
:100E3000A0A8002007B5064A00906B4601204FF697
:100E4000FF718DF8040016F0FAFF03B05DF804FBA3
:100E5000A1FC0200F0B5C1B002AF002304460D466C
:100E6000F96287F83000C7F8F4301E4A07F12C0306
:100E70004FF6FF71012016F0E2FF74B33E1D2246CB
:100E80000421304613F06BFB0096174A2B462421B1
:100E900007F10800F8F786FAD7F8F420FAB19200C3
:100EA00007F1340107F10800F5F74CFA044680B168
:100EB0006D4688B002AA0D4B53610D4BC2E9063056
:100EC000042342F8103F0B484FF4015116F0AAFEDC
:100ED000AD462046FC37BD46F0BD0094D5E711462F
:100EE000E0E700BFB1F10200F22D0500C92F0500B7
:100EF000143005002CAE040013B50446CDE90012F1
:100F00006B46084A4FF6FF71012016F098FF04F176
:100F10009001207AFFF79EFF2046FEF765F902B0A8
:100F200010BD00BF7DF10200F0B58FB003AE0446E6
:100F30000D4603918DF810003C4A33464FF6FF7181
:100F4000012016F07CFF002C3FD002AF2246042186
:100F5000384613F004FB0097354A2B46242105A898
:100F6000F8F720FA05A814F02EFC00282BDB294600
:100F70002046FDF795FE002825DB29462046FDF793
:100F8000B5FC08B1FEF726F80CB322460421304622
:100F900013F0E5FA0096274A2B46242105A8F8F716
:100FA00001FA05A814F00FFC00280CDB224F0026E4
:100FB00017F8013CA3420CD01036B6F5207F07F19C
:100FC0001007F5D100200FB0F0BD0094C4E70094E5
:100FD000E1E73946284616F072FC0028ECD0174DA0
:100FE0003544AB68002BEDD01C6804B1183C0027D9
:100FF00023F8087C3A46183B29463846FDF794FC0E
:1010000054B9DFE7A2F118060022278223462946B9
:101010001046FDF789FC3446A269002AF2D12282EB
:10102000234629461046FDF77FFCCBE755F1020029
:10103000F22D0500DE310500A9A80020A8A8002097
:101040002DE9F3470346494A494E04464FF6FF71DE
:10105000012016F0F4FE2046FBF7B6FC054656F8D4
:10106000200020B115F091FC002346F82530404ABD
:10107000002352F8041B29B90133082BF9D13D484C
:1010800018F05AFD04F19006207A314615F0DEFA88
:1010900030B1207A3146FFF7DDFE2046FEF7A4F896
:1010A000207A314615F0D2FA50B1237A8DF8043007
:1010B000314A00966B464FF6FF71012016F0BFFED5
:1010C0002046FDF7F1FB074640B92046FDF790FBAF
:1010D0000546002837D102B0BDE8F0878568002DAD
:1010E000F3D055F81889B8F1000F01D0A8F118080D
:1010F0004FF00009CA4601E045469846207A31463D
:1011000015F0A4FA80B9A5F810A02B464A46394636
:101110002046FDF709FCB8F1000FD6D0D8F81830FA
:10112000002BE9D0183BE7E705F1140016F0E9FBC6
:10113000C307E8D47B781BB13146781C16F0A4FCB9
:1011400005F11809E7E7207A314615F07FFA28B94A
:10115000284602B0BDE8F047FDF73CBF3146681CA9
:1011600002B0BDE8F04716F08FBC00BFA1F202004C
:10117000184C0020384C002055F10200084A10B5E8
:1011800001460023141DE01817F03CF808B1981828
:1011900010BD03F5DC73B3F55C6FF4D1F8E700BF65
:1011A000384D002010B50C4A11680C4ABFF35B8F14
:1011B00000F5D87353E8004F944204D143E8001C73
:1011C000BCF1000FF6D1BFF35B8FBFF35B8FD0F89C
:1011D000B001BFF35B8F10BDB49E0020384D0020DE
:1011E00008B5FFF7DFFF0346C8B1D0E9001221B907
:1011F000002A0CBF0320022010E032B1836813B92B
:10120000094B1B7833B9042008E00749087828B156
:101210009B6833B9003A18BF0122500008BD032073
:10122000FCE70120FAE700BF94F7002080B500AF8B
:1012300088B06A46074B5361074B9361032342F81A
:10124000103F06484FF4C25117F057F80020BD4632
:1012500080BD00BFEF3105002938050074AE0400E1
:1012600080B500AF88B06A46084B5361084BC2E9AD
:101270000630042342F8103F06484FF4015117F09E
:101280003CF86FF00B00BD4680BD00BF0E3205007C
:10129000B437050074AE040030B40D4C0023224670
:1012A000D4F8EC503DB10133082B04F5DC74F7D1D0
:1012B00030BCFFF7D5BF4FF4DC704343D018054C6A
:1012C000C0F8F040EC331A4428460A6030BC70473E
:1012D000384D0020E8CA04002DE9F04391B0D0F861
:1012E000EC60F57804AF0446002D40F08180D1F821
:1012F00008801022294607F1200019F035F9237AD9
:10130000052B35D8DFE803F0060303063423D4F8B1
:10131000D8303B6206F1970307F1100902939E361D
:1013200004F111030093CDF80C90019607F120030E
:1013300004F1270204F1370104F1C70016F0F9FFA8
:1013400040B3082528463437BD46BDE8F083D4F8BD
:10135000E030002BDED007F1200C03F1100E1868EE
:101360005968624603C2083373459446F7D1D1E702
:101370006C4688B004AA1F4951611F49C2E906138F
:10138000042342F8103F4FF401511C4816F0B5FFFA
:10139000A546D6E710224146484619F09AF828BBE0
:1013A000227D637BB880C7E902009A4294BF009215
:1013B0000093D4F8EC0004F147033A1D07F108014B
:1013C00015F0EFFA00280CDA6C4688B004AA0C4B32
:1013D0005361094B9361032342F8103F4FF4C2510C
:1013E000D3E70121201D17F019F8ABE70B25A9E77A
:1013F0000025A7E7373205009837050074AE0400D2
:1014000057320500B0B5051D00AF04460821284637
:1014100017F004F80E4904F15700FAF717FEA0B1CF
:101420000821284616F018FF6C4688B06A46094B1A
:101430005361094B93610323084842F8103F4FF46E
:10144000C25116F05AFF0820A546BD46B0BD00BFE8
:1014500085880400763205007637050074AE0400F6
:10146000F8B5054600AF0B4604300D2116F0CAFE54
:1014700078B39C68D5F8EC3003F19006197A3246BF
:10148000022017F0A7FAC8B93046F7F793FE6C466A
:101490008AB06A46124B5361124BC2E9063040F2E1
:1014A00001331384104B114842F8103F4FF411518F
:1014B00016F023FF0820A546BD46F8BD224600F1E0
:1014C0002A0304F1100152F8040B43F8040B8A427A
:1014D000F9D12846092116F0A1FF0020ECE700BF52
:1014E00093320500FD3605000400000174AE0400CF
:1014F000F8B5054600AF0B4604300D2116F082FE0C
:1015000078B39C68D5F8EC3003F19006197A32462E
:10151000042017F05FFAC8B93046F7F74BFE6C4667
:101520008AB06A46124B5361124BC2E9063040F250
:1015300001331384104B114842F8103F4FF41151FE
:1015400016F0DBFE0820A546BD46F8BD224600F198
:101550001A0304F1100152F8040B43F8040B8A42F9
:10156000F9D12846072116F059FF0020ECE700BF0B
:1015700093320500DA3605000400000174AE040061
:101580002DE9F04788B00446D0F8EC00D0F8BC3024
:1015900000AFDBB99030F7F70DFE6C468AB06A46B3
:1015A0004E4B53614E4BC2E9063040F20133138477
:1015B0004C4B4D4842F8103F4FF4115116F09DFE30
:1015C0000820A5462037BD46BDE8F08704F1040891
:1015D0000521404616F016FE08B10020F2E794F807
:1015E000E830DB07F9D5D4F8EC301A21381DD3F8F0
:1015F000BC5005F0B1FA814680B16C4688B06A46AD
:101600003A4B53613A4B9361032342F8103F3648FB
:101610004FF4C25116F071FEA546DEE706212046C2
:1016200016F010FF064620B96C4688B06A46314B6A
:10163000E7E71021083017F088FA2A7B391D824627
:1016400018F057FF287B0F2805D8C0F11002494633
:10165000504418F089FF31460022204616F030FE33
:101660000721204616F0EEFE064620B96C4688B0EB
:101670006A46214BC5E70A21083017F066FA07F1E0
:101680001402034603CAC3F80200C3F80610BA8B5B
:101690001A8020463146194A16F012FE0D214046A6
:1016A00016F0B0FD07F11404002896D00121284659
:1016B00017F0A0F905F14A063B1D1A4603CAA242DB
:1016C00030607160134606F10806F6D1234603CB5D
:1016D000BB8B28646964A5F848307EE7B132050009
:1016E000233705000400000174AE0400CA3205006F
:1016F0000C370500E9320500143305008589040024
:101700002DE9F041054616F0FBFD0446002800F0E7
:10171000B780071D0421384616F074FD002840F0FC
:10172000B2800221384616F06DFD002840F0A380FB
:101730000321384616F066FD18B16FF00F00BDE8C2
:10174000F0810121384616F05DFD0028F5D12046D4
:10175000FFF728FDD4F8EC309B7A032B064615D012
:1017600005D8013B012B1BD96FF01500E7E7042BCF
:10177000FAD12046FFF734FD032804D1002EF3D020
:10178000F368002BF0D0414B1B7807E02046FFF7B1
:1017900027FD032804D1002EE6D0F368002BE3D008
:1017A000D5F8BC306BB10021EC22204618F0DCFEED
:1017B000102104F1270005F0CFF970B16FF0680037
:1017C000BDE7287A05F1900101F090FBC5F8BC0057
:1017D0000028E8D16FF00B00B1E70521204616F094
:1017E0001DFEFAF723FC2A4B01211860204616F053
:1017F00029FE80460028E1D00621083017F0A5F91F
:10180000224B1B780546002B204614BF09260126D3
:10181000FFF7E6FC1F4B1B78032818BF46F00406B1
:101820005BB346F00106AE702046FFF7D9FC1A4BB9
:1018300028701B786B701023EB700326012340F295
:1018400001322B716E71A4F8E82063722B68C4F822
:101850000A30AB88E38100224146204616F030FD75
:101860002046022116F0DAFD0B2116F0D7FD314695
:10187000384616F0D3FD002061E706F00C06D2E7EB
:101880006FF07F005BE76FF0040058E794F70020EB
:1018900028AB0020701B002095F700202DE9F043B5
:1018A00083B0061DD0F8EC408B6802AF8046022161
:1018B000304616F0A7FC002840F093800321304604
:1018C00016F0A0FC002840F08C800121304616F074
:1018D00099FC002840F085801D78434B1B787BB134
:1018E00005F00F05D4F8BC306BB1DB8903F024039D
:1018F000D3B92046FFF704FF002869DB0F216DE014
:1019000005F00705EEE704F19009217A4A46202008
:1019100001F0B2FBC4F8BC0030B9217A4A46042079
:1019200001F0AAFBC4F8BC00D4F8BC100029E0D038
:101930006B0725D54B7BD80722D44046FFF750FCD8
:1019400003282A4BE8460BD088B002AA28495161E7
:10195000C2E90635042342F8103F4FF403510AE070
:1019600088B002AA2349D561C2E90513042342F8CD
:10197000103F4FF40251204816F0BFFCC546B8E7AF
:101980002A0709D5CB899B0606D4E84688B002AA67
:10199000174B5361154BDBE70B7B009301F11802EA
:1019A00001F11A032046103114F0FBFF002814DA6D
:1019B0006C4688B002AA114B53610C4B9361032310
:1019C00042F8103F0C484FF4C25116F096FCA54661
:1019D00008200437BD46BDE8F0830121304616F0EB
:1019E0001DFD0020F5E700BF94F7002061370500DA
:1019F000403305006B33050074AE04005732050018
:101A0000F0B583B0047A022C02AF054623D844B166
:101A100090F8DC30D0F8D840DC4004F0010444F009
:101A200080040321284616F00DFD064630B3102130
:101A3000083017F08AF8009019482346006805F12D
:101A4000270205F1570116F0C4FC0446E0B1304608
:101A500001F00EFE12E0032C14D06D4688B002AAED
:101A6000104B5361104B1148C2E90634042342F86D
:101A7000103F4FF4015116F040FCAD4608200437EA
:101A8000BD46F0BD0024CCE702463146284616F09C
:101A900017FC281D214616F0DFFB2046EFE700BFAC
:101AA00028AB0020373205001038050074AE040062
:101AB0002DE9F04182B00E4600AF0446FFF772FBFD
:101AC000B36804F157080546424603F1200153F874
:101AD000040B42F8040B8B42F9D104F1770203F1B5
:101AE000200153F8040B42F8040B8B42F9D1404615
:101AF000FAF7E4F928BBD4F8EC30DB78002B51D1AD
:101B0000261D0E21304616F07DFB00284CD16E4B71
:101B100020221968404618F0DCFC002844D16C46AD
:101B200088B06A46694B5361694B9361032342F85D
:101B3000103F4FF4C451674816F0DFFBA54608205C
:101B40002CE06E4688B06A46634B5361604B9361EC
:101B5000032342F8103F5F484FF4C65116F0CDFB07
:101B60000E21B546201D16F059FCD4F8EC60D6F8CD
:101B7000BC3033B9307A06F1900101F0B7F9C6F8FC
:101B8000BC00D6F8BC30002BB5D0DA8902F02402B4
:101B9000002AB0D05B7B9907ADD403200837BD463F
:101BA000BDE8F0810020F9E7237A052B7CD8DFE837
:101BB00003F0034408037B4E0321204616F02EFC5D
:101BC0002EE02046D4F8EC80FFF7ECFA042105461D
:101BD00004F1D80004F0C0FF0028B0D1D4F8D83008
:101BE0003E4AB3FBF2F102FB1133C4F8D83084F85B
:101BF000DC0055B12B6843B10B21304616F00EFCCA
:101C00002B68D4F8D810404698470321204616F098
:101C100005FC0E2116F002FCFFF7F2FE0028BDD1F4
:101C20003046072116F0FAFB0820FFF7A7FA002834
:101C3000B8D12046FFF7E6FBB0E70A21304616F0A0
:101C4000EDFB6B68D4F8EC0098470E21B5E7102146
:101C500004F1270004F080FF00287FF470AF8DB3FB
:101C6000EB687BB3D4F8EC101D4BC9781B88BB80A4
:101C7000E27AA37CB1B9D20703F0010310D4002BA0
:101C800008BF03200023C4E9383378710C213046A3
:101C900016F0C4FBEB68D4F8EC00391D9847BFE799
:101CA000581CEFE70320EDE76C4688B06A460D4903
:101CB00051610749C2E90613042342F8103F4FF46B
:101CC000015138E7022069E728AB0020C333050043
:101CD0008937050074AE04009E33050040420F00B2
:101CE0001FC104003732050070B50C21054616F0FF
:101CF000A9FB0446F8B14021083016F026FF0F4B2F
:101D00001B680246014603F1200053F8046B41F8BA
:101D1000046B8342F9D1203203F1200153F8040B04
:101D200042F8040B8B42F9D128460022214616F0D6
:101D3000C7FA002070BD0820FCE700BF28AB0020D8
:101D40002DE9F047A2B0044604AF10220021384626
:101D500018F00AFC237A052B4AD8DFE803F00603C3
:101D600003064939D4F8D8303B606B4BD4F8EC60AB
:101D700007F1400203F1300E154618685968944681
:101D8000ACE80300083373456246F6D118681B7946
:101D9000CCF800002022B8188CF8043004F1970128
:101DA00016F024FA20225D4807F11003B91816F046
:101DB00062FA002832D06C4688B004AA584B5361AE
:101DC000584B9361032342F8103F4FF4C2511CE07B
:101DD000D4F8E430002BC8D03D4603F11006186853
:101DE00059682A4603C20833B3421546F7D1BCE707
:101DF0006C4688B004AA4C4951614A49C2E90613AD
:101E0000042342F8103F4FF40151484816F075FA88
:101E1000A54608207837BD46BDE8F08704F12709BC
:101E20001022494607F1450004F1370A16F0DEF9A1
:101E30001022514607F1550016F0D8F996F8973060
:101E400087F86530062206F1980107F1660016F062
:101E5000CDF996F89E3087F86C30062206F19F0186
:101E600007F16D0004F1C70816F0C0F943463522AA
:101E7000294607F1100016F0FEF900289BD14046D4
:101E800016F049FA04F14706012387F8403035225D
:101E90003346294607F1100016F0EDF900288AD1E3
:101EA000304616F038FAD4F8EC30039503F19E0270
:101EB0009733019304F10A030292009352463B4682
:101EC0004946404616F035FA20B16C4688B004AA5F
:101ED000174B74E70D21204616F0A0FA0D2116F0DD
:101EE000B1FA0646002894D01021083016F02DFED5
:101EF00007F1500C03462A4603CA62451860596030
:101F0000154603F10803F6D120460022314616F0AB
:101F1000D7F900207EE700BF21C10400D5370500B6
:101F2000E2330500E53705003732050074AE0400E2
:101F3000FB33050038B50B490446A0F1EC0594309D
:101F400017F0ECFD284616F0F2FABFF35B8F064B54
:101F5000C43454E8002F44E800310029F9D1BFF31C
:101F60005B8F38BD312D0300384D00202DE9F04343
:101F70000D4683B000AFD0F8EC800446FFF712F9AD
:101F8000D5F8089099F80330073B092B064604D989
:101F900006200C37BD46BDE8F08399F8042094F87C
:101FA000E830134084F8E83099F8052094F8E930D7
:101FB000134084F8E93002232374D9F80030C4F8C0
:101FC0001130B9F80430A4F8153099F802301B0725
:101FD00004F1040506D5237B180703D505212846FF
:101FE00016F01CFA99F80230990606D5237B9A065A
:101FF00003D51421284616F011FA99F80230DB07B0
:1020000006D5237BD80703D50D21284616F006FAFE
:102010000521284699F8009016F0F4F840BBB9F174
:10202000040F45D8E37AA27C1340D9073ED4217B24
:10203000E37C194311F0040111D02046FFF7D0F8DA
:10204000994B09EB8909994419F80010042906D124
:10205000D4F8EC30DB78002B14BF0121022121726F
:10206000D8F8BC10204616F0D6F818BB032090E72D
:10207000237BE07C03EA0002120706D5E27A94F89B
:1020800012C042EA0C02D207E9D4B9F1040F0FD80A
:1020900043EA000111F00401E1D02046FFF7A0F867
:1020A000824B09EB89094B44195CD8E70621D6E736
:1020B0000021D4E7D4F8EC309B7A032B15D004D858
:1020C000013B012B14D9082063E7042BFBD1237DAE
:1020D000627B934228BF1346102B7FF459AF052132
:1020E000284616F08FF80028C0D0237A002BBDD0E8
:1020F0000521284616F086F8002840F0AC802046DE
:10210000FFF750F880462046D4F8EC90FFF74AF8E5
:1021100009F19001064699F8080001F025F8237AA4
:10212000A0B1427BD20711D583B96C4688B06A460C
:102130005F4B53615F4B9361032342F8103F4FF4B1
:10214000C2515D4816F0D9F8A546BCE7062B5ED80B
:10215000DFE803F017552F5D5D5D0400002E64D0AD
:10216000F368002B61D00023BB800A21284616F0BB
:1021700055F9F368D4F8EC00391D9847237A002B01
:1021800055D10F21284616F03DF800284FD0B8F160
:10219000000F4CD0D8F81430002B48D028460A2124
:1021A00016F03CF9D8F81430D4F8EC009847002029
:1021B000EFE60421781804F0CFFC002883D17B6877
:1021C0003E4AB3FBF2F102FB11337B604EB1336840
:1021D0003BB10B21284616F021F93368796848464F
:1021E00098477B6884F84730C3F307221B0C84F8B8
:1021F00049301B0A84F8482084F84A30BEE7284654
:102200000A2116F00BF9736848469847B6E76C4602
:1022100088B06A462A4951612649C2E90613042357
:1022200042F8103F4FF401518BE70220B1E60A213A
:10223000284615F0E7FF48B92046032116F0EEF8CE
:102240000E2116F0EBF816F0F5F9A2E6002128466B
:1022500016F0E4F8ABE7002384F8E83094F8E930AE
:1022600003F0020384F8E930237A73B90F2128467A
:1022700015F0C8FF48B146B1736933B128460A2149
:1022800016F0CCF87369404690E70E4B1B680BB90B
:102290000621DCE720460C2116F0C0F80B2115F0D2
:1022A000DBFFFFF721FD74E64F38050036380500E7
:1022B000223405007736050074AE040040420F005A
:1022C0003732050028AB00202DE9F04F9FB00D46B6
:1022D00004AF0446FEF766FFAB6804F13708814699
:1022E000424603F1100153F8040B42F8040B8B42F1
:1022F000F9D1261D0521304615F084FFD4F8ECA055
:10230000002862D10AF19E0304F1470B07F1180976
:1023100001930AF197030093CDF8089004F110039C
:1023200004F109024146584616F029F9002841D126
:102330001022494604F1170018F0CBF8002840F0AD
:1023400084809AF80350002D40F0D980D4F82700FB
:10235000D4F82B104B4603C3D4F83700D8F8041038
:1023600007F1200303C34A464946584616F050FF7A
:1023700000BB227D637BB880C7E9020007F108013A
:102380009A4294BF0092009350464B463A1D14F077
:1023900008FBA8B16C4688B004AA644B5361644B37
:1023A0009361032342F8103F4FF4C251614815F086
:1023B000A4FFA546082528466C37BD46BDE8F08F2A
:1023C0000121304616F02AF8F5E79AF80350002D5F
:1023D00040F0A980237A052B20D8DFE803F02D03F5
:1023E000032D1F3894F8DC20D4F8D830D34003F004
:1023F000010343F08003504907F1180ACDF800A00B
:102400000968424604F1570015F0E3FFB0B16C468D
:1024100088B004AA494B5361494BC1E76C4688B068
:1024200004AA484951614649C2E90613042342F807
:10243000103F4FF40151B9E70023DCE71022514669
:1024400004F1170018F045F808B10425B3E7237A22
:10245000052B56D8DFE803F05C3D3D03555C364B59
:102460002022196807F1180015F0C0FE202204F19F
:10247000570107F1380015F0B9FE1022414607F167
:10248000580015F0B3FE102204F1270107F10800EF
:1024900015F0ACFE07F10803502207F118011846A9
:1024A00015F0E9FE002885D17B6930460A2193FAB0
:1024B00083F815F0B3FF092115F0B0FF224BD9F8CE
:1024C0000820B8FBF3F1D4F8EC0003FB118190472E
:1024D00071E794F8DC300133DBB2142B84F8DC3084
:1024E00016D0102104F1270004F036FB00287FF4F9
:1024F00061AF0321204615F091FFFFF781FA0546F1
:1025000059E76C4688B004AA0E4951610F498BE720
:102510000721304615F076FE08B1092151E7204623
:10252000FFF70EFCEBE70D4645E700BF573205000D
:102530009E36050074AE040028AB0020533405001D
:10254000893605003732050040420F00B4360500D9
:10255000F8B50646D0F8EC50041D61BB0D212046AD
:1025600015F050FE074618B1D5F8BC0000F068FF22
:10257000364B1B689BB11C6804B10C3C53F80C3CF7
:1025800013B13946284698474CB12346E4681B6886
:102590001CB10C3C002BF4D1F7E7002BF1D13046F5
:1025A00015F0C5FF6A7AAB7A9A424DD02846BDE84D
:1025B000F84016F0FCB80139C9B20E299CBF244B73
:1025C0005F5CD5F8BC3088BF092743B11B7B2BBBB0
:1025D000D5F8BC0000F000FE0023C5F8BC30022195
:1025E000204615F00FFE40B9072F96BF194B1F214B
:1025F000D95D3A462846FAF7B3FA0321204615F08A
:1026000001FE0028CBD0114B1B68002BC7D01C68E3
:1026100004B10C3C53F8083C4BB90BE002212046B6
:1026200015F0F0FD0028D3D1D9E70C3C23B1394691
:1026300028469847002CB2D02346E4685B68002CFB
:10264000F3D1002BF3D1AAE7F8BD00BFAC9E002068
:102650004A360500393605002DE9F041031D82B0E8
:10266000054602AF88461846022115F0CBFD044608
:1026700020B1B5F8E840B4FA84F46409032118469F
:1026800015F0C0FDE8B141462846FFF761FF2CB3C5
:102690006C4688B002AA204B5361204B9361032300
:1026A0001F4842F8103F4FF4C45115F026FE052193
:1026B000D5F8EC00A54614F002FA0020BD46BDE8AE
:1026C000F0810121184615F09DFD0028DBD10F2176
:1026D000184615F097FD0028D5D1D8E705212846E2
:1026E00015F0B0FE064698B10121083016F02DFA1B
:1026F00080F800800094D5F8EC002346324606218D
:1027000014F0A9FA0028D8D0304600F0B1FFD4E781
:102710006FF06800D2E700BF70340500063805008E
:1027200074AE04002DE9F0418B8900AF80460D4660
:102730009BB96C4688B06A46464B5361464B9361E1
:10274000032342F8103F4FF4C251444815F0D5FD21
:10275000A5460020BD46BDE8F081012105F1080035
:1027600016F024FA04210646A8F1E80015F04AFD07
:10277000A8F1EC04337860B16C4688B06A463848FA
:1027800050613548C2E9060342F8101F4FF4025168
:10279000DBE70E2B04D96C4688B06A463148EFE778
:1027A000DFF8C48058F83320A2B96D4688B06A4675
:1027B0002E4850612848C2E9060342F8101F2748F6
:1027C0004FF4025115F099FD0721AD462046FFF761
:1027D00043FFBEE71946204615F093FE3378A8B9AB
:1027E0006D4688B06A46224951611B491B48C2E9BF
:1027F0000613042342F8103F4FF4025115F07DFDFB
:102800003378052BAD46A4D00821DFE708EBC302DF
:10281000A98912798A4213D06D468AB06A46154852
:1028200050610D4813620523C2E906014FF421519E
:1028300042F8103F094815F060FD0A21AD46C5E792
:10284000294658F83330204698470146002880D062
:10285000BCE700BFCC340500A837050074AE040007
:10286000EB3405002035050010CB0400463505008B
:1028700064350500592A0500B0B51B4B00AF186040
:1028800088B96C4688B06A46184B5361184B9361FF
:10289000032342F8103F17484FF4C45115F02DFDA3
:1028A000A546BD46B0BD1448144C06F089FE00256F
:1028B0000621201D15F0A6FC78B1D4F8EC30DB78A9
:1028C0005BB92046FFF710FA014610B12046FFF72A
:1028D000C3FE0C21204615F0A1FD0135082D04F59D
:1028E000DC74E5D1DDE700BF28AB002083350500AF
:1028F0005936050074AE0400C81E0020384D002073
:102900002DE9F84F90F8E930D1F80880D0F8EC5074
:1029100023F0020380F8E93098F8003000AF044655
:1029200005F19009C3B398F8063003F0C003C02B3B
:1029300032D04046F6F73EFC6E468AB06C46DFF871
:102940008CB1634BDFF88C816361254640F2013A1C
:10295000C4E906B0A4F820A045F8108F4FF4115137
:102960002A465D4815F0C9FC4846B546F6F722FCF4
:10297000A5465A4BE061C4E9053B5748A4F820A09E
:10298000C4F810802A464FF4115115F0B6FC0A2005
:10299000B546BD46BDE8F88F07224146484617F0C8
:1029A00098FD68B1287A414600F0DEFB064638B152
:1029B0000146204615F02FFC30B3304600F00CFCE9
:1029C0000D21201D15F01EFC002862D0297A4A46F0
:1029D000022015F0FFFF0646C0B94846F6F7EAFBAD
:1029E0006C468AB06A463E4B5361384BC2E90630AA
:1029F00040F201331384374B42F8103F36484FF40E
:102A0000115115F07AFCA5460820C2E7EB78002B9F
:102A100039D105F19E031A78012A1ED19A7902F064
:102A2000C002402A19D1D3F80120C6F83A20B3F8E1
:102A30000530F38795F890307BB195F8963003F028
:102A4000C003C02B09D04146701C15F032FC48462B
:102A500015F02FFC2846FAF755F83046F8F7EEFD4A
:102A6000A0B16D4688B06A461E4B536103241E4BCD
:102A7000194893614FF4C45142F8104F15F03DFCD2
:102A80002046AD4685E705F19703C4E73046F8F7E1
:102A9000E5FD94F8E9305B0703D50A21204615F0DF
:102AA000BDFCEB7823B1B4F8E81059B1002070E711
:102AB00094F8E930002BF6D12046FEF761FD00289E
:102AC000F1D066E72046FFF743FDEFE74D370500FD
:102AD000A03505000400000174AE0400B8350500FF
:102AE00093320500C43505003A3705002DE9F04161
:102AF0000B46D0F8EC5000AF04460D21043015F021
:102B000081FB60B305F19008297A9E684246042053
:102B100015F060FFD0B94046F6F74CFB6C468AB022
:102B20006A46214B5361214BC2E9063040F2013322
:102B300013841F4B1F4842F8103F4FF4115115F0FA
:102B4000DCFB0820A546BD46BDE8F081324632F8E0
:102B5000023B0383D6F8023003615368436194F863
:102B6000E93023F0010284F8E9209A070AD5082108
:102B7000204615F053FCEB7843B1B4F8E81079B176
:102B80000020E0E75B07F6D50A21F1E794F8E93089
:102B9000002BF2D12046FEF7F3FC0028EDD0D2E75F
:102BA0002046FFF7D5FCEBE793320500EB36050036
:102BB0000400000174AE04002DE9F8430E4600AF96
:102BC000D0F8EC800446FEF7EDFAB668E94688B026
:102BD000337805466A461549516115491548C2E9D9
:102BE000061304234FF4015142F8103F15F085FB02
:102BF000CD4604F104090A21484615F082FC40B193
:102C000075B920463178FFF7A3FC0020BD46BDE82A
:102C1000F8830B21484615F074FC0028F0D1F0E74A
:102C20002B69002BEDD040469847EAE703360500B4
:102C3000C736050074AE04002DE9F0410546A0F149
:102C4000E80604460F463046012155F8EC8915F098
:102C500058FC00285FD0CFB10321304615F0D2FADE
:102C6000002858D03846F7F789FD0138C0B2082847
:102C70009ABF2E4B1C5C00240221304615F0CEFB7F
:102C800021462846BDE8F041FFF762BC98F80B30BA
:102C9000002B40D00321304615F0B4FA20B9284665
:102CA000BDE8F04115F043BC0521304615F0AAFA05
:102CB000B8B114F8043C1F0707D514F8033C1807F3
:102CC00003D51121304615F0A9FB14F8043C23F07C
:102CD000080304F8043C14F8033C23F0080304F848
:102CE000033C14F8033CD90717D50621284615F0F4
:102CF00095FB0221304615F091FB98F8033013B98B
:102D000014F8033C3BB92846FEF73AFC18B934F8EE
:102D1000041C0029B5D0BDE8F0819A0701D508212F
:102D2000E4E75B07E5D50A21E0E700BF413605008F
:102D3000B0B500AF6D4688B004466A460C4B53618F
:102D40000C4B9361032342F8103F0B484FF4C251E0
:102D500015F0D3FAA4F5C070AD460821FFF7F8FBD3
:102D60000421A4F5BE7015F059FBBD46B0BD00BFEF
:102D7000293605006B36050074AE04002DE9F041DC
:102D800000AF044615F0BCFA054670B3061D0321DA
:102D9000304615F037FA40B3D4F8BC0008B100F063
:102DA0001BFA04F19008207A414600F09FF8C4F81D
:102DB000BC00E8B94046F6F7FDF96C468AB06A46B1
:102DC0003B4B53613B4BC2E9063040F20133138465
:102DD000394B3A4842F8103F4FF4115115F08DFA33
:102DE0000821A5462846FFF737FCBD46BDE8F0811F
:102DF0000E21304615F006FA28B1D4F8BC20537BDA
:102E000043F0020353732A7AD4F8BC10032A4B7B95
:102E10003AD8002A3FD0D4F8BC20537B43F00103BA
:102E200053732B7D697BD4F8BC208B4228BF0B46A3
:102E300013730521304615F0E5F9D4F8BC305A7B00
:102E400090B342F010025A730D21304615F0DAF9B2
:102E50000028CAD0D4F8BC00202115F0CBFDD4F84E
:102E6000BC3005F147021A33573552F8041B43F8BA
:102E7000041BAA42F9D1D4F8BC200023136153618A
:102E8000D4F8BC201383B0E7053A012A03D843F0F5
:102E900020034B73BFE723F020034B73D4F8BC200F
:102EA000537B23F00103BBE722F010025A739CE727
:102EB00093320500C23705000400000174AE04001F
:102EC00008B5074B074893F89A3003F006039A1F9A
:102ED00053425341044A1370F8F7FCFF002008BD29
:102EE00058040020B818002094F700202DE9F74F6F
:102EF000DFF8EC80DFF8EC9007460E460025202432
:102F000018F8013CBB4247D0202C06D14946404628
:102F100015F04FFD002818BF2C460135202D08F173
:102F20006008EDD1202C304D49D14FF00008DFF87A
:102F3000BCB0A9464446C2466A4659460F208DF8A1
:102F400000A08DF80180F9F71DFD9DF8003033B920
:102F500084B3D9F85C20E36D9A4238BF4C4608F13F
:102F60000108B8F1200F09F16009E5D194B104F12D
:102F700001086846414615F026FD01462078F7F71E
:102F8000D9FB1849404615F014FD18B1641BB4F57F
:102F90003A6F11D9002209E03146404615F009FD8B
:102FA0000028B1D0104A602303FB0522104603B06D
:102FB000BDE8F08F4C46D2E70D4B64115C436023B3
:102FC0005C432A192F5501343146281915F0FBFCB2
:102FD00008490B6801330B60D365074B1A60E5E7BE
:102FE00035AB00205013050034AB0020A5310300A1
:102FF000ABAAAAAA30AB00202CAB00202DE9F341EC
:103000000C4C05460E46174604F54068B4F80D30E2
:103010004BB114F8013CAB4205D12146684615F08E
:10302000D2FC3946B04760344445EFD102B0BDE828
:10303000F08100BF35AB00202DE9F041084C05467A
:103040000E46174604F54068E3892B4202D0394604
:103050002046B04760344445F6D1BDE8F08100BF5A
:1030600034AB002008B5034900220220FFF7E4FF3B
:10307000002008BDC38904002DE9F0410E4D06462D
:103080000F4690460024B5F80D3033420CD015F8A9
:10309000013CBB4208D14146284615F08AFC18B1D4
:1030A00006482044BDE8F0816034B4F5406F05F176
:1030B0006005E8D10020F5E735AB002034AB0020F7
:1030C0002DE9F0410B78012B07460D4602D0002078
:1030D000BDE8F0818B7903F0C003402BF7D11F4E80
:1030E000002401F1010836F82C3C9A070CD516F89B
:1030F0003A3CBB4208D106223146404617F0E9F976
:1031000010B917482044E3E76034B4F5406F06F186
:103110006006E8D1134E002405F1010836F81C3C86
:103120009B0714D516F82A3CBB4210D141463046C5
:1031300013F0D7F858B10A4BD5F8010004F13A0260
:10314000D1189850B8F804208A80E018C0E760349D
:10315000B4F5406F06F16006E0D1B8E76EAB002031
:1031600034AB00205EAB0020F8B50C4D06460F4690
:10317000002415F8013CB34207D13946284615F022
:1031800018FC10B106482044F8BD6034B4F5406F17
:1031900005F16005EDD10020F6E700BF35AB00205A
:1031A00034AB002038B5427B072A0C4611D1057A92
:1031B00013F083FC01462846FFF7D6FF48B1637839
:1031C000044A03EB430302EB4313984204BF012379
:1031D000237038BD34AB002070B5037A5B078CB028
:1031E000044601D5F8F754FA254615F8012BB2B17B
:1031F00002AE0421304611F0B2F90096094A2B467E
:10320000242103A8F6F7CEF803A812F0DCFA602216
:10321000002120460CB0BDE8704017F0A5B900921F
:10322000ECE700BF7FD804002DE9F04399B01446C5
:1032300000AF054688B96C4688B06A46744B536146
:10324000744B9361032342F8103F4FF4C25103467D
:103250007148F1F79DF9A54618E0542207F10C01D9
:103260001846A047041E18DA6D4688B06A466B4BB4
:103270005361684BC2E90634042342F8103F6648A4
:1032800000234FF40151F1F783F9AD466FF01506B5
:1032900030466437BD46BDE8F083391D284613F03B
:1032A00049F8064688B16C468AB06A465C4B536161
:1032B000584BC2E9063540F201331384594B42F8AA
:1032C000103F00234FF41151C2E73946284612F04F
:1032D000A2FA386898B10A22314609F0FDFA70B1B5
:1032E0006C4688B06A46504B53614A4BC2E906307F
:1032F000042342F8103F4FF401513346A8E71CBBAA
:103300003A1D21463F20FFF7B7FE20B1602221463B
:1033100017F02AF9BCE7381DF5F74CFF6D468AB067
:103320006A46424B53613B4BC2E9063040F20133DF
:1033300013843C4B42F8103F374823464FF4125158
:10334000F1F726F9AD46A3E7391D0020FFF7CEFDC2
:103350000546D0B9381DF5F72DFF6C468AB06A4690
:10336000334B53612B4BC2E9063040F201331384D7
:103370002C4B42F8103F28482B464FF41151F1F7DF
:1033800007F96FF00B06A54682E7542C1AD0502C93
:10339000DFF8809024D1381DF5F70CFFE8468AB09D
:1033A0006A46244BD061C2E9053940F201331384E7
:1033B0001C4B42F8103F184800234FF41251F1F70C
:1033C000E7F8C546224607F10C0105F10C0017F09D
:1033D00090F8194BEA6D19688A4288BF1A6057E75E
:1033E0006E468AB06A46154BD461C2E9053954234A
:1033F0001362052342F8103F074800234FF4215180
:10340000F1F7C6F82846B546FFF7E6FE3EE700BFEF
:10341000AE130500453905004CAE04006F380500B9
:103420009F2B050004000001BF2B0500923805000A
:10343000B9380500DC38050030AB00200239050042
:10344000B0B505468CB015F8012B02AF044642B367
:103450000421384611F083F80097134A2B462421A3
:10346000381DF5F79FFF04F10C015422381DF2F7C7
:1034700069FF044688B16D4688B002AA0B4B5361C0
:103480000B4BC2E90630042342F8103F09480023E1
:103490004FF40151F1F77CF8AD4620462837BD4680
:1034A000B0BD0092D9E700BF7FD8040024390500E1
:1034B0004E3905004CAE040008B5FFF755FE48B183
:1034C000054A1368834205D0044910600B68013334
:1034D0000B60C36508BD00BF2CAB002030AB0020E3
:1034E000024B302202FB0030704700BF7C1F0020DF
:1034F0008279074B302101FB0233DA6A93F82230DC
:103500001733801A23F00303B0FBF3F0704700BFBA
:103510007C1F002038B50A4B8279302404FB02332B
:103520000C689B6A5B681A68944294BF0C600A60DE
:10353000D3E90054FFF7DCFF05FB004038BD00BFB6
:103540007C1F00202DE9F74F0546019110461946D2
:103550009146984617461E4616F094FC82468B46C6
:103560004FF04003EFF3118183F31288BFF36F8FA5
:103570002B8C002B5BD0EA8B9A423DD90091002224
:103580000023284605F0EAFF00990446002833D0BE
:1035900081F31188BFF36F8F019B002B58D058EA3D
:1035A00009030FD0B8F1FF3F08BFB9F1FF3F09D0C1
:1035B00006F0E0FEBAEB00076BEB0106002EBCBF85
:1035C00000273E46A379284D302202FB035301A970
:1035D0009B6A1B683A46D3F8008020463346C047B2
:1035E0002061002835D1A07900EB4000214605EB91
:1035F000001016F082F926E0288C431E2B8481F3FC
:103600001188BFF36F8F95F82230EA8BEC6A17337D
:1036100023F00303121A02FB0344134B134AEB1A61
:103620001B115343A37195F82230E371B4E781F382
:103630001188BFF36F8F4A464346284605F08EFF38
:1036400004460028A8D10024204603B0BDE8F08F2E
:103650002361002323600122A280A381019A2369B0
:10366000E281A360F0E700BF7C1F0020ABAAAAAAFA
:103670002DE9F041174D0446002630270CB9BDE86E
:10368000F0812379D4F80080013BDBB22371002B59
:10369000F5D1216959B163799B0707D4A37907FB59
:1036A000035320469B6A1B689B6898472661A07954
:1036B000A66007FB005326605B6A1BB12046984753
:1036C0004446DBE700EB4000214605EB001016F016
:1036D00014F9F5E77C1F00202DE9F84FDDF8309054
:1036E00006460D461746044621462468002CFBD1A9
:1036F000DFF860B001F10808404615F073FA854222
:103700002CBF1FFA80FA1FFA85FA39465246404606
:1037100015F021FAB5EB0A055444574417D0B9F116
:10372000000F09D0DDE90A010D9AC847014670B1C2
:10373000304615F0F9F9DDE7B07900EB4000DDE93E
:103740000A2329460BEB0010FFF7FCFEEEE72046AC
:10375000BDE8F88F7C1F002080B500AF88B06A46B6
:10376000074B5361074BC2E90630042342F8103F70
:1037700005484FF4025115F043FABD4680BD00BF25
:103780006C390500093B050044AF040080B500AF6B
:1037900088B06A46074B5361074BC2E906300423E1
:1037A00042F8103F05484FF4025115F029FABD4682
:1037B00080BD00BF913905006D3B050044AF04009A
:1037C00070B504460D4601460A4811F0C0FF20B905
:1037D0002046BDE87040FFF7D9BF012D08D150F851
:1037E0000C3C2BB15B691BB1BDE870400068184709
:1037F00070BD00BF6CB700202DE9F84390F9003090
:10380000002B00AF04460D46164604DB6FF0150092
:10381000BD46BDE8F883038823F0E0039BB240F285
:1038200001629342F2D190F80490B0F802801C48F3
:1038300049464FEA182811F07CFF88B96C4688B0D9
:103840006A46184B5361184B1848C2E906390423DD
:1038500042F8103F4FF4025115F0D2F9A546D5E7D2
:10386000B8F1210F05D0B8F1220F0FD06FF085000D
:10387000CEE70368E1885B685B6813F8092F914223
:1038800094BF29602A6033600020C1E7E38850F8C4
:10389000102C9A4294BF2A602B6050F8143CF2E737
:1038A0006CB70020BB3905004C3B050044AF040059
:1038B00080B500AF88B06A46074B5361074BC2E939
:1038C0000630042342F8103F05484FF4025115F02A
:1038D00097F9BD4680BD00BF91390500623B0500E8
:1038E00044AF040070B504460D4601460A4811F085
:1038F0002EFF20B92046BDE87040FFF7D9BF022D4A
:1039000008D150F80C3C2BB11B691BB1BDE87040CD
:103910000068184770BD00BF6CB700202DE9F84360
:10392000054600AF884601793F48914611F001FFF6
:103930000446B0B96C4688B0AB886A463B495161D1
:103940003B493C48C2E90613042342F8103F4FF4B8
:10395000025115F055F96FF01200A546BD46BDE8BD
:10396000F88395F9003000686E78002B2EDA022E6D
:103970000DD0032E1FD0012E4CD154F80C3CD3B1E6
:103980001C68C4B14B4642462946A047E6E7AB78DF
:10399000012B13D96C4688B06A46274951612749E3
:1039A000C2E90613042342F8103F22484FF40151A4
:1039B00015F026F9A5466FF08500CFE7033C0123FB
:1039C000C9F80040C8F800300020C7E70A2E09D027
:1039D0000B2EF0D0092E1DD154F80C3C002BEAD050
:1039E0005C68CEE76B881A0ADBB2012B06D96C46FD
:1039F00088B06A46104951611149D1E7002304F8A3
:103A0000032C44F8083C6B88003B18BF012304F8E2
:103A1000043CD9E76C4688B06A460A4B5361044BB4
:103A2000C2E90636BEE700BF6CB70020BB3905000F
:103A3000373B050044AF0400E6390500273B05008D
:103A4000173B0500053A05002DE9F041064600AF99
:103A50000D4601465B4811F060FE044628B9304629
:103A6000FFF77AFEBD46BDE8F081A0F114060A2DED
:103A700000F2A280DFE805F006173035495F71A03B
:103A8000A0A097006C4688B06A464F4B53614F4BDD
:103A90009361032342F8103F4D484FF4C65115F08F
:103AA000AFF8A546DEE76D4688B06A46494B5361DC
:103AB000464B9361032342F8103F45484FF4C651EB
:103AC00015F09EF80023AD4604F8023C04F8013CD2
:103AD000304615F098F8C5E76C4688B06A463E4B0C
:103AE000D4E76D4688B06A463C4B5361374B9361CF
:103AF000032342F8103F36484FF4C65115F080F8C2
:103B00000123AD4604F8023CACE76D4688B06A4636
:103B1000334B53612D4B9361032342F8103F2C48E4
:103B20004FF4C65115F06CF80023AD4604F8023C82
:103B300004F8013C96E76D4688B06A46294B53610C
:103B4000224B9361032342F8103F21484FF4C651A2
:103B500015F056F80123AD46EAE76D4688B06A468F
:103B6000214BDFF8688053610326C2F8188018489B
:103B700042F8106F4FF4C65115F042F814F8013CAA
:103B8000AD46002B3FF46EAF88B06A46174B104825
:103B9000C2E905384FF4C65142F8106F15F030F8FD
:103BA0000023AD46C4E710F8043C002B3FF45AAFA5
:103BB000304615F02CF855E76C4688B06A460C4B39
:103BC00064E700BF6CB70020223A0500F83A050010
:103BD00044AF0400333A05004D3A0500623A05004F
:103BE000783A0500903A0500A53A0500B83A050074
:103BF000C93A050010B50469C4E90012A3600023A6
:103C0000A361064B6061596804F1180211B9C3E958
:103C1000002210BD0A605A60FBE700BF6CB70020AD
:103C2000B0B544680069857C00AF3DB1C07C28B95F
:103C3000206A0079F1F7DAFEBD46B0BD6C4688B067
:103C40006A46084B5361084B93610323074842F8C7
:103C5000103F4FF4C45114F0D3FF6FF00A00A54693
:103C6000EAE700BFDB3A0500793B050044AF0400FA
:103C700008B5044815F0A4FC00280CBF6FF0120032
:103C8000002008BD48AB0400020600F07F0312D5F7
:103C9000082B05D1010700F00F0306D50E48704729
:103CA00010F0780F12D100F00F034C2000EB4310FE
:103CB0000A4B18447047082B05D1020700F00F0388
:103CC00006D50748704710F0780FF6D000207047EF
:103CD000044800EB43107047C0B8002074B70020C0
:103CE000E0B90020E0B800200146014815F0FABD17
:103CF000601F00200149024815F0F9BE9CB7002062
:103D0000F85A002013B50B4803F04EFF00240A4870
:103D100003F090FF4FF0FF334FF4806207490848EB
:103D2000009405F0F1FD0749074815F0B3FE204661
:103D300002B010BD253E050098CB0400803C012058
:103D4000F85A0020814103009CB70020024800225D
:103D5000002305F003BC00BF601F002010B5054C18
:103D6000FFF7F4FF20B1011D204615F0CFFCF7E767
:103D700010BD00BF301C0020F0B583B000AF1E485E
:103D800000220023391D05F07FF980B36C4688B00E
:103D90006A461A4B1A4E536103259661194842F838
:103DA000105F4FF4C25114F070FFA546FFF7D6FF25
:103DB000114800220023391D05F066F970B188B062
:103DC0006A46114B0F48C2E905364FF4C25142F81A
:103DD000105F14F05AFFA54600200AE0786804231B
:103DE00040600374FFF780FFFFF784FFF4E7786813
:103DF00040600C37BD46F0BD301C0020923B0500F2
:103E0000B93E05004CAF0400B43B05002DE9F0417C
:103E100090F80280064600AF4046FFF735FF18F0E5
:103E2000800FF478054627D0ACB1032C21D06D4625
:103E30008AB06A462B4B53612B4BC2F82080C2E9F3
:103E40000634052342F8103F28484FF4215114F05E
:103E50001CFFAD460DE0FFF78FFF034648B101227E
:103E6000AC770274032202739D60FFF73DFFFFF7FA
:103E700041FFBD46BDE8F08154B1012CD7D1FFF719
:103E80007BFF03460028F4D06C7704740473EBE7DF
:103E9000FFF772FF0028ECD0B278154B12F0800FBC
:103EA00002F0080111D041B1D3F8A836EB6001232C
:103EB0000374022303738560D7E702F00F02142115
:103EC00001FB0233D3F80836F0E711B1D3F8A83775
:103ED000ECE702F00F02142101FB0233D3F808379C
:103EE000E4E700BFD43B0500C83E05004CAF04002A
:103EF0000070024098B5022800AF11D8114B1C5C2D
:103F0000FFF73AFF50B1002202740472FFF7ECFE93
:103F10000D4B93F824300BB1FFF7ECFEBD4698BD76
:103F20006C4688B06A46094B5361094BC2E90630BA
:103F3000042342F8103F07484FF4015114F0A5FE46
:103F4000A546EBE7DC3D050074B70020043C050006
:103F50009E3E05004CAF040010B50E49BFF35B8FC9
:103F6000002351E8002F012A03D141E80030002846
:103F7000F7D1BFF35B8F0CD151F8044C14392046B4
:103F800010F05FFE783004D12046BDE8104010F0FC
:103F900033BE10BD94B700202DE9F04188B006462D
:103FA00000AF1422002107F10C0016F0DDFA33787F
:103FB000062B24D8DFE803F0A2041216169418008A
:103FC0000224FFF7D9FE0346C8B1047400F10802C9
:103FD000D7E9050182E8030018463AE003233B7560
:103FE0000024EEE70423FAE796F802804046FFF744
:103FF0004BFE837A054633B1013B022B6CD9203747
:10400000BD46BDE8F08118F0800FF47826D0ACB141
:10401000032CF4D06D468AB06A46394B5361394B54
:10402000C2F82080C2E90634052342F8103F364822
:104030004FF4215114F029FEAD46E0E7FFF79CFE56
:1040400003460028DBD00122AC77027403220273FE
:104050009D60FFF749FEFFF74DFED0E754B1012CFC
:10406000D8D1FFF789FE03460028C8D06C770474C6
:104070000473EDE7FFF780FE04460028BFD001235C
:104080000374022303738560B07805F10C0115F009
:1040900061FA80B16E4688B06A461C4B5361194B79
:1040A000C2E90630042342F8103F17484FF401518B
:1040B00014F0EBFDB546164AE968B2F88C328B4233
:1040C00006D95B1AA2F88C3204F008FB2046C0E740
:1040D0000023A2F88C32F9E73046FFF797FE8EE70F
:1040E000381D04F0D9FA7B79052B03D13B7913F005
:1040F000600F84D0074B7B61012462E7032460E7F3
:10410000D43B0500E13E05004CAF0400233C050014
:1041100074B70020E0B8002038B5002464F07F00B8
:10412000C0B2FFF7B1FD013414F09CFD082CF5D1AD
:104130000E4D0024E0B2FFF7A7FD036903B9056146
:10414000013414F08FFD082C05F14005F2D1084828
:1041500014F088FD074BD3F87C2212B9064AC3F845
:104160007C22064814F07EFD002038BD04BE0020ED
:10417000C0B8002074B7002004BA0020E0B90020C5
:104180002DE9F047A44CDFF894A284B0804600AF3C
:10419000FFF7DCFD064618B91037BD46BDE8F087CD
:1041A00094F82520337C06F104093AB9002B00F07D
:1041B000B1809A48494615F0A9FAE9E7042B00F2C4
:1041C000A581DFE813F0A700050041015701830135
:1041D00018F8043C93B9B3686D4688B05B7A6A46B8
:1041E0008F4951618F499048C2E90613042342F870
:1041F000103F4FF4015114F048FDAD46337BB568D4
:10420000032B37D8DFE803F0023D6E736E69874BEE
:10421000002232607260D3F880143170D3F88414B5
:104220007170D3F88814D3F88C0441EA00217180AE
:10423000D3F89014D3F8940441EA0021B180D3F864
:104240009814D3F89C3441EA0323F3800823EB60ED
:1042500030687168764B03C311462B68687A9847BB
:1042600096F90030002B08DBF38833B1A4F88C32C8
:1042700004F034FA494650469DE70023A4F88C32F6
:10428000F8E76B7F002BF5D02B7F002BF2D00026B8
:1042900068486E774FF0FF324FF0FF332E7714F0FF
:1042A000F7FC6B697B606B68C7E90236391D687A79
:1042B00004F01EF8604B984210D06D4688B06A46F4
:1042C0005E4B53615E4BC2E90630042342F8103F57
:1042D00055484FF4015114F0D8FCAD46554814F040
:1042E000D9FCC7E72B680121687A9847C2E7AB7A07
:1042F0006BB9EB7F5BB94F484FF0FF324FF0FF33A4
:1043000014F0C6FC04F01AFA4A4814F0C3FC2B68F7
:104310000221E9E7337A042BACD8DFE803F0590334
:104320002367730003F098FF05460028A2D103F02D
:10433000CFFEBFF35B8F4349012351E8002F002AD2
:1043400003D141E800300028F7D1BFF35B8F91D152
:1043500041F8085C41F8105CE0696361143910F0C1
:10436000F3FB87E7002565F07F00C0B2FFF78CFC08
:10437000037A13B1407A04F0C5FB0135082DF2D160
:1043800094F854311BB194F8550104F0BBFB00259F
:10439000E8B2FFF779FC037A13B1407A04F0B2FB7C
:1043A0000135082DF4D194F874321BB194F87502DC
:1043B00004F0A8FB012003F031FF012384F825302D
:1043C0002368002B3FF456AF00210220984751E7A5
:1043D000002584F8255004F023FBFFF7BDFD23687A
:1043E000002B3FF447AF29460420EFE7002A3FF4B3
:1043F00041AF04F02DFB2368002B3FF43BAF0021BD
:104400000520E3E72368002B3FF434AF002A3FF494
:1044100031AF00210620D9E774B70020301C0020FE
:10442000473C0500133E05004CAF040000700240FD
:1044300078B70020ACB700200000AD0B713C050040
:10444000F93D050094B7002008F110054FF0FF3347
:104450004FF0FF32284614F01BFCFFF75DFE2846A4
:1044600014F018FC58F8283C002B3FF403AF00214F
:104470000120ABE794F87432BBB1012584F889526E
:1044800084F88852FFF778FCB8B96D4688B06A4660
:10449000274B5361274B9361032342F8103F264873
:1044A0004FF4C25114F0F1FBAD4658F8283C002BF4
:1044B0003FF4E0AE00210A2088E7204A0574057326
:1044C0008260FFF711FCFFF715FCEEE76D4688B040
:1044D0006A461B4B53611B4B9361032342F8103F09
:1044E0004FF4C251144814F0D0FBAD4614F0A9FFAC
:1044F00004F096FA03F0E2FDFFF730FCFFF70CFE44
:1045000014F098FF104803F0B1FEB3E66D4688B092
:104510006A460E4951610B490748C2E90613042354
:1045200042F8103F4FF4015114F0AFFBAD46A1E645
:104530009B3C0500DF3D05004CAF0400E0B90020C6
:10454000B33C0500133E0500993F0300CE3C050037
:1045500038B51A4D95F824405CBB05F1380015F0CC
:104560003AF9204600F016FC2246E8610121272096
:10457000F3F748FF124803F079FE124B98421AD124
:1045800014F058FFFFF7C8FD044610B9012385F861
:1045900024300D4B1B680BB1FFF7ACFB4FF0804391
:1045A000D3F83834DB0702D50020FFF7A3FC204600
:1045B00038BD0024FBE76FF00404F8E774B700206F
:1045C000993F03000000AD0B601F0020074B93F8DC
:1045D00024203AB193F82530002B14BF00206FF04F
:1045E000120070476FF01200704700BF74B70020D0
:1045F00098B5034602781B7900AF02F00F00A3B90B
:1046000088B16C4688B06A46154B5361154B93616F
:10461000032342F8103F4FF4C251134814F035FB06
:104620004FF0FF30A546BD4698BD082804D96C461A
:1046300088B06A460D4BE8E7012B0ED113070CD466
:104640006C4688B06A460A4B5361064B936103235C
:1046500042F8103F4FF4C451DFE70020E3E700BF0A
:10466000EA3C05008A3E05004CAF04000D3D050004
:10467000303D0500B0B5194B93F8243000AF044627
:104680004BB305782846FFF7FFFAE0B1457223796E
:104690008372638843602078618810F0080F16D118
:1046A0004B1E0B4213D06C4688B06A460C4B5361CC
:1046B0000C4B9361032342F8103F0B484FF4C25157
:1046C00014F0E3FAA5466FF01500BD46B0BD14F036
:1046D0003CFF0020F9E76FF01200F6E774B7002006
:1046E0004A3D0500763E05004CAF0400B0B51C4BBA
:1046F00093F8242000AF054672B393F825305BB3DE
:10470000FFF7C2FA044618B96FF01500BD46B0BDF8
:10471000837A012B0FD007D9023B012B07D963699C
:10472000A3610020E060F1E704F010F8F7E7284605
:1047300003F084FFF3E76C4688B06A46094B536187
:10474000094B9361032342F8103F08484FF4C251CC
:1047500014F09BFAA546D7E76FF01200D6E700BF2A
:1047600074B70020763D0500623E05004CAF0400A2
:1047700038B50E4B93F82420054682B193F82530C6
:104780006BB1FFF781FA68B115F008040AD1284629
:1047900003F076FF284604F009FA204638BD6FF092
:1047A0001200FBE76FF01500F8E700BF74B70020B8
:1047B00038B50C4B93F8242005460C4662B193F8AB
:1047C00025304BB1FFF760FA48B144B1284603F0F9
:1047D0003DFF2070002038BD6FF01200FBE76FF046
:1047E0001500F8E774B7002070B5134E96F8243022
:1047F0000446C3B1FFF748FA0546B8B1230705D40C
:10480000204603F03DFF204604F0D0F92B7A83B90F
:1048100001232B7296F825300BB9002070BD20467D
:1048200004F070F9F9E76FF01200F7E76FF0150088
:10483000F4E76FF07700F1E774B7002038B5114B5B
:1048400093F8242004469AB193F8253083B1FFF7FA
:104850001BFA054678B1037A83B12046002404F0A0
:1048600025F92846AC7714F0FDF92C72204638BDA6
:104870006FF01200FBE76FF01500F8E76FF07700BC
:10488000F5E700BF74B700202DE9F047DFF82C9161
:1048900084B01E4699F8243000AF80468A461546FB
:1048A000002B00F0888099F82530002B00F08380E1
:1048B00010F0800F16D0FFF7E7F9044690B1037AA5
:1048C000BBB96C4688B06A463D4B53613D4B3E4890
:1048D000C2E90638042342F8103F4FF4015114F0A6
:1048E000D4F9A5466FF0150420461037BD46BDE843
:1048F000F0874FF0FF334FF0FF3209F1380014F02A
:10490000C7F9A37F33B109F1380014F0C3F96FF090
:104910000A04E9E7A37A65B3002B3AD00123A37711
:104920004FF00009391D4046C7E901A5C7F80C90B2
:1049300003F0DEFC254B984239D084F81E900EB16E
:10494000C6F800906C4688B06A46214B53611D4BF7
:10495000C2E90630042342F8103F1B484FF40151CE
:1049600014F093F9A5466FF004041A4814F092F974
:10497000BAE7E27F02B1E577002BCFD103F0EEFE7C
:104980008045CBD003F0DAFE124814F083F90024FE
:10499000AAE7B9F80A309D42F0D26268B5FBF2F39B
:1049A00002FB1353002BE9D10123E377E6E706B1BD
:1049B00035600024D9E76FF0120495E774B7002042
:1049C0009C3D0500523E05004CAF04000000AD0BBD
:1049D000BF3D0500ACB700202DE9F8431D462E4B26
:1049E000904693F8242000AF81460E46002A4FD00F
:1049F00093F82530002B4BD010F0800F1BD111B94C
:104A0000B8F1000F17D14846FFF73EF9044690B1C0
:104A1000037A9BB96C4688B06A46204B5361204BA1
:104A20002048C2E90639042342F8103F4FF40151EF
:104A300014F02BF9A5466FF0150015E04FF0FF3389
:104A400019484FF0FF3214F023F9E3689845C14646
:104A500028BF99465EB9B8F1000F08D105B12B60A7
:104A6000114814F017F90020BD46BDE8F883A1698C
:104A70004A46304615F03DFDA3694B44A361E36807
:104A8000A3EB0903E360002DEAD0C5F80090E7E747
:104A90006FF01200E8E700BF74B700209C3D0500EE
:104AA0003E3E05004CAF0400ACB70020F8B5284DE1
:104AB00095F8243000AF0646002B46D095F82530F7
:104AC000002B42D0030616D4FFF7DEF8044690B15F
:104AD000037AA3B96C4688B06A461E4B53611E4BDD
:104AE0001E48C2E90636042342F8103F4FF4015134
:104AF00014F0CBF8A5466FF01500BD46F8BD4FF099
:104B0000FF334FF0FF3205F1380014F0C1F8E368CD
:104B1000B3B9012663692677A361637F83B1FFF789
:104B20002BF930B905F1380014F0B4F86FF00B0030
:104B3000E3E7067484600673FFF7D6F8FFF7DAF848
:104B4000074814F0A7F80020D7E76FF01200D4E769
:104B500074B700209C3D0500263E05004CAF0400C4
:104B6000ACB7002010B5084B93F824300C462BB19D
:104B7000FFF78AF828B10460002010BD6FF0120022
:104B8000FBE76FF01500F8E774B70020014B1860E1
:104B9000704700BF74B7002008B5074B93F8243066
:104BA00023B1FFF771F820B1406808BD6FF0120023
:104BB000FBE76FF01500F8E774B7002070B50D46FD
:104BC0000649411A044649110548402214F08FF85D
:104BD0002B4601462046BDE87040184718C000200B
:104BE000D0AA040037B50C460A490B4A411A4023A3
:104BF0000093491105462346084814F0A4F8011E05
:104C000005DA2846234603B0BDE83040184703B014
:104C100030BD00BF18C00020B18D0400D0AA040030
:104C2000002270B5012104461046F3F7EBFB0F4854
:104C300002F0D0F90E4B984215D114F075FB26699D
:104C40000C4930460FF06DFF00280BDB0125B564E1
:104C50002469084904F120000FF063FF002801DBFC
:104C60006565002070BD6FF00400FBE7AD4C0300EC
:104C70000000AD0B9CCB040070B501460C23094825
:104C80004B43C418D4E91056002248332264184418
:104C900014F01AF82DB132462B460348BDE8704097
:104CA000184770BD18C00020D0AA040010B1012818
:104CB00004D07047034B9B6C5B0701D1FFF7DCBF4F
:104CC000704700BF18C0002008B54FF04003EFF355
:104CD000118183F31288BFF36F8F124A136843F078
:104CE00002001060DA0708D481F31188BFF36F8FD8
:104CF0000120BDE8084002F05DB94FF08043D3F8D1
:104D00000C24D3F80C34D307EED5074813F0DCFF9E
:104D100081F31188BFF36F8F0020BDE80840FFF7D3
:104D2000ABBF00BF70C0002060C000207FB5002274
:104D30000123CDE9022304ABCDE90433094ACDF8C0
:104D400000D06B46CDF804D014F02BF8002805DB1A
:104D50004FF480420023684604F058FC07B05DF829
:104D600004FB00BFC98D0400094BBFF35B8F53E800
:104D7000002F22F0020143E800100028F7D1BFF312
:104D80005B8FD30702D4012014F0C9BA704700BF6B
:104D900070C00020024BC0B203EB4010704700BF50
:104DA00018C000202DE9F0413849BFF35B8F07465A
:104DB000012251E8003F41E800200028F9D1BFF36B
:104DC0005B8F33B9324933484B60CB608A600FF058
:104DD000BBFE7B1E012B2BD8012F07D14FF0804348
:104DE000D3F81C3403F00303012B21D014F0B7FCDB
:104DF0000546F8B9284B1B78E3B14FF080430222F7
:104E0000C3F808230646DFF894804FF08044D4F8B6
:104E10001834D4F81824D20316D503F00303012B59
:104E200001D0012F10D15DB386F31188BFF36F8FCE
:104E3000BDE8F0814FF04003EFF3118683F3128851
:104E4000BFF36F8F0125DEE7ADB13046F3F732FADD
:104E5000D4F81835002BDAD1D4F80421002AD6D0A2
:104E6000C4F80431D4F804310123C4F81835C8F863
:104E70008031A360CBE70021212005F0A9F8E7E706
:104E80004FF080430222C3F80423D1E714C000206E
:104E900004C0002038C000204424012000E100E0CC
:104EA00008B5074814F08CFB38B10648F4F7B4F89D
:104EB0000448EEF787FB002008BD6FF01200FBE707
:104EC00078AB0400C94E03000A2838B5074D0446E4
:104ED00004D1AB680D215B6828469847AB6803484E
:104EE0005B68E1B29847204638BD00BF78AB04004C
:104EF00030B54068057B01F01F04B2F5001F85B096
:104F000044EA451405D1204602F0EAFC002005B031
:104F100030BD0025B2F5800FCDE9025514D1B3F1B3
:104F2000007F0CBF042305238DF8083000231946A9
:104F300002AA204602F012FB1F4B984239D10121F0
:104F4000204602F085FCE1E7B3F1C06F26D0B3F153
:104F5000007F14BF012302238DF808308368CB4003
:104F6000D907E3D4B2F1A07FE0D16209012A04F0AD
:104F70001F03124A03F5E07318BF4FF0A04252F826
:104F80002330DB07D2D40DF107052946204602F075
:104F90000BFC0B4B984203D00395C7E70323DBE7D9
:104FA000284602F04FFC044B9842F5D06FF00B00FE
:104FB000ADE76FF01500AAE70000AD0B000300504D
:104FC0000400AD0B10B502F02DFC044668B902F0E8
:104FD00001FC084B98420AD10748214602F0DEFB4B
:104FE000224605210620F3F70DFA002010BD6FF0D0
:104FF0000400FBE70000AD0BFD4F0300420970B554
:10500000034602D0012A17D070BD0D4E3269516897
:105010000029F9D003F01F0301250C689D400029E9
:10502000F2D08A682A4002D04B68304698472CB1AB
:10503000236821461C46F2E7024EE7E72346F8E7DD
:1050400000AB0400E8AA04002DE9FF4147683B7B60
:1050500001F01F0545EA43150E4628460DF10301F0
:10506000144602F0A1FB14F4403F80460BD12846C1
:1050700002F05EFC3D4B984503D19DF8030002F021
:10508000DBFB00200CE00023194602AA2846CDE9EC
:10509000023302F063FA354B984204D06FF01500EA
:1050A00004B0BDE8F081804503D19DF8030002F013
:1050B000C3FBA3034BD540F206332340B3F5837FF4
:1050C00019D00CD8062B17D004D8ABB1022BE5D1E0
:1050D000042311E0B3F5807FE0D101230CE040F21E
:1050E0000222934227D0B3F5407F26D0B3F5007F4C
:1050F000D4D1022300E007238DF8043084F48033F8
:10510000C3F30043E0068DF8053054BFC4F34013E9
:10511000032321038DF8063011D57A680123B340AB
:10512000C2F80835002201A9284602F0C5FA0F4B43
:105130009842A6D0B2E70523DEE70323DCE762034B
:1051400041BF01237A68B340C2F80C35EAE7E306B1
:105150004FF0000354BFC4F3401403241A4601A9BE
:1051600028468DF8044002F0F9F9E0E70000AD0BA5
:10517000024B0B6001231360704700BF8CC00020FE
:105180000048704734CC040080B500AF8AB06A464E
:10519000094B5361094B1162C2E90630052342F8FD
:1051A000103F074800234FF42151EFF7F1F96FF05A
:1051B0001500BD4680BD00BF483F0500AE3F05005D
:1051C00094AE040010B5012211460748074C14F0B4
:1051D000DFFB01F049FF14F01DF9206014F016F90F
:1051E0006060002010BD00BF94C000208CC0002073
:1051F0004FF08042D2F81015D2F8103501F01E01A0
:1052000023F01F030B4343F00103C2F81035024B98
:1052100000221A70704700BF96F700204FF08053AD
:10522000D3F83031082B20D14FF08042D2F810153E
:10523000CB071AD5D2F8103501F01E0123F01F0359
:105240000B43C2F81035D2F808315BB1D2F81035F3
:1052500023F01F030B4343F00103C2F810356FF036
:105260008B007047024B01221A700020704700BF6C
:1052700096F70020F8B5044614F0C8F8237B0546DD
:105280000BB114F056F8134F0026FFF7C7FFE8B92B
:10529000606802F05BFCA3685B1BA36063682B443F
:1052A00063603B780BB1FFF7A3FF237B01363BB96B
:1052B000A368002BE9D1A068003818BF0120F8BD11
:1052C000304601F07DFF0028F2D0F4E76FF08B004C
:1052D000F5E700BF96F7002070B5037B04460BB1DD
:1052E00014F027F8194E0125A368032B06D8184A95
:1052F000D2F80034DB07FBD5002070BDFFF78EFF2E
:1053000008BB23686068196802F040FC33780BB171
:10531000FFF76EFF63680433636023680433236020
:10532000A368043BA360237B0135002BDCD0284617
:1053300001F046FF0028D7D0054AD2F80034D9073B
:10534000FBD50120D9E76FF08B00D6E796F7002058
:1053500000E001402DE9F04186B000AF0E46154651
:1053600014F054F829468046304613F099FD034660
:1053700000283BD0B6FBF8F308FB136323B9B5FB59
:10538000F8F408FB1454CCB16C468AB06A46294B39
:105390005361294B1562C2E90636052342F8103FD6
:1053A000002326484FF42151EFF7F2F8A5466FF09D
:1053B000150420461837BD46BDE8F0814545F8D3B1
:1053C0004FF0FF334FF0FF321D4804F01FF913F088
:1053D000AEFF07F108030146A8B91022184615F0E0
:1053E000C3F8C7E90365FFF745FF1EE06C468AB0C6
:1053F0006A461449516110491562C2E90616052131
:1054000042F8101FCDE710222146184615F0ACF8DF
:1054100001223A750C4AC7E90365C7E900200B4829
:1054200001F02AFE384601F02DFE0446044804F03F
:10543000C7F8BEE7693F0500CD3F050094AE040004
:1054400094C00020483F050075520300645E0100CF
:10545000F0B50D4687B0194600AF28461C461646E3
:1054600013F01EFD0346B8B96E468AB06A46274956
:10547000516127491462C2E90615052142F8101F3F
:1054800024484FF42151EFF783F86FF01504B54627
:1054900020461C37BD46F0BD45EA04039B070DD0EE
:1054A0006E468AB06A461C4B5361194B1462C2E9BE
:1054B0000635052342F8103F0023E1E7002CE7D032
:1054C0004FF0FF334FF0FF32144804F09FF813F011
:1054D0002EFF0346C7E9026507F108003C6183B16E
:1054E00001233B750E4BC7E9003041F64C5001F0EB
:1054F000C3FD384601F0C6FD0446084804F060F8D4
:10550000C6E73B75FFF7E8FEF6E700BF483F05003A
:10551000BD3F050094AE04008C3F050094C0002000
:10552000D9520300F0B54B79012B26D0032B21D1A2
:1055300010258B79032B1DD1CE790EB1012E19D1F7
:105540000A7912B1022A15D10E220B684468B3F50C
:10555000164F276867D02DD8B3F5165F66D016D8DA
:10556000B3F5966F64D00AD8B3F5967F63D0B3F5E0
:10557000167F63D06FF0850054E00025D9E7B3F5BE
:10558000166F5ED0B3F5965FF4D1384B3CE0B3F5BF
:10559000E14F59D007D8B3F5615F57D0B3F5964FB7
:1055A000E8D1334B30E047F61224A342E2D14FF466
:1055B000000329E0B3F5613F4AD013D8B3F5963F15
:1055C00049D009D84DF6C024A34246D0B3F5614F67
:1055D000D0D14FF46B0317E0B3F5E13FCAD14FF0E0
:1055E000EB7311E0B3F5612F3AD008D8214CA342F8
:1055F00039D0B3F5E12FBDD14FF0E86304E01E4C84
:10560000A342B7D14FF080530469C7F824354368EB
:1056100035431B682A43C3F86C2503C9231D83E85F
:1056200003000020F0BD4FF41D03EDE7134BEBE743
:105630004FF49E23E8E74FF4A033E5E74FF41C3323
:10564000E2E74FF41D23DFE70D4BDDE70D4BDBE712
:105650004FF06C73D8E70C4BD6E74FF46503D3E7F4
:105660004FF07063D0E74FF08063CDE700B01300D8
:1056700000A04E0090D0030040420F0000502700D1
:1056800000C0750000F03A0000903A012DE9F047A3
:1056900082B0D0F804800669D8F800400021C4F830
:1056A00000153060D8F80CA000AF81463A1D504676
:1056B00013F04CFD051E2CDB7B68DAF8002019790D
:1056C000186800F065FC051E23DB311D4846FFF716
:1056D00029FF0546E8B9D8F80430990732D506F114
:1056E000180002F001FB2D4B984217D06C4688B091
:1056F0006A462B4B53612B4B9361032342F8103FB7
:1057000029482B464FF4C251EEF742FF6FF00405D3
:10571000A54628460837BD46BDE8F087337EDB0046
:1057200003F1804303F5F83304F10C0204F59071A2
:10573000C3F81015C3F81425327E012393401B4A89
:10574000C2F804350823C4F8003598F8083053B976
:10575000C4F81031D4F810317369C4F8343501231A
:10576000C4F838352360D8F804309A075CBF4FF48A
:105770008073C4F80433D8F80430DB0644BF4FF418
:105780008003C4F804333369C4F844350023C4F8F3
:1057900048350123A360E360BBE700BF0000AD0B09
:1057A00001400500244005002CAF040000F001403A
:1057B000F8B5044607690D4613F0D1FFB0B92E4B7A
:1057C0001B789BB16426606813F016FC00BB0120B7
:1057D00013F0BCFD013EF6D10021212004F0F8FBBE
:1057E000F0E786F31188BFF36F8FF5E74FF04003C2
:1057F000EFF3118683F31288BFF36F8F6068314631
:1058000013F0FAFB90B986F31188BFF36F8FEDE7C1
:105810004FF04003EFF3118683F31288BFF36F8FCD
:105820006068314613F0E8FB0028DAD03B691D7050
:10583000626838691368C3F844050120C3F8480555
:105840000020C3F82001D3F82051C3F85801526852
:10585000D3F85801D20608D5626812680820C2F849
:1058600000054FF48002C3F8042301229A6081F3FB
:105870001188BFF36F8FF8BD442401204FF040031F
:10588000EFF3118283F31288BFF36F8F094BD3F8C4
:10589000001161B10021D3F80805C3F80011D3F855
:1058A0000031C0B282F31188BFF36F8F70476FF081
:1058B0000A00F7E700D00040F0B5034610469C7898
:1058C00093F803C04FF04005EFF3118285F312887F
:1058D000BFF36F8F1F7893F801E0E41B04EA0C0418
:1058E000A04288BFA0B23E180CEA06063D461E70D4
:1058F00082F31188BFF36F8F0A188A4217D1774558
:105900000DD14FF04001EFF3118281F31288BFF304
:105910006F8F1978597082F31188BFF36F8F1B79DD
:10592000241AA34222BF064B01221A60F0BD5E1961
:105930000135767901F8016B05EA0C05DDE700BF5A
:1059400000D00040DB432DE9F04713F001050E467F
:10595000144604D02148FFF7AFFFBDE8F087A2B39B
:105960004FF04003EFF3118883F31288BFF36F8F7A
:105970000D20F2F739FD07460D20F2F721FD88F3DF
:105980001188BFF36F8FDFF85880DFF85890C8F8A0
:105990000051D8F800314FF4005A0123C8F8003004
:1059A0002546C9F880A1D8F8003183B1FFF766FF1A
:1059B000031EC9F880A1F6DB013DADB27355002D81
:1059C000F1D117B10D20F2F7EDFC2046C5E7BFF38A
:1059D0004F8F20BF40BF20BFE5E700BFDCC00020E5
:1059E00000D0004000E100E02DE9F041124F0D46EB
:1059F000144607F1450814B92046BDE8F0814FF080
:105A0000FF334FF0FF32384603F000FE22462946AE
:105A10004046FFF751FF0646384603F0D1FD3EB938
:105A20004FF0FF324FF0FF33044803F0EFFDE6E79D
:105A3000A41BA4B23544DEE7ACC00020C4C00020E3
:105A400038B5194C01221146204613F0A1FF01225E
:105A5000002104F1180013F09BFF40F20743A4F863
:105A600048304FF0706323630C2384F834300025F2
:105A70000E4B84F84550A4F84650D3F8042522F084
:105A80000102C3F804250121C3F80051D3F8002115
:105A9000C3F804132A4619600D20F2F7B3FC0D2059
:105AA000F2F780FC284638BDACC0002000D0004092
:105AB00010B5FFF7E3FE002820DB174B93F83220E8
:105AC00093F8314093F83310141B31EA0404C0B248
:105AD0000DD193F8472093F8464093F84810141BD3
:105AE00031EA04040BD10D4B01225A600EE09C18E0
:105AF0000132114084F8350083F8321010BD9C1833
:105B00000132114084F84A0083F847100448BDE888
:105B1000104003F055BD00BFACC0002000D00040D5
:105B2000C4C0002070B5012383400E4ABFF35B8FD1
:105B3000DC4352E8001F01EA040542E80056002E4B
:105B4000F7D1BFF35B8F4FF4803282400648C0F834
:105B50000823BFF35F8FBFF36F8F0B4214BF012089
:105B6000002070BD04C1002000100140F8B51B49A1
:105B7000044622F07F450868C1E90023A5F500131B
:105B8000101AB3F5400F0FD304F09AFBA30003F1F2
:105B9000804303F58833D3F8402595421DD14FF457
:105BA0000002C3F8402512E00D4B1B681A0A1B06C1
:105BB0005E190C4B42F10007C3E9006704F080FB5B
:105BC000094A04F5A87352F823309D4205D1064ACC
:105BD0004FF48033A340C2F84433F8BDA85B0020E3
:105BE00008C10020B05B00200010014011B3BFF3DA
:105BF0005B8F0123104A834052E800CF4CEA030C2C
:105C000042E800C10029F7D1BFF35B8F0B4A4FF484
:105C100080338340C2F80433094BBFF35B8F1B68AA
:105C2000BFF35B8FC340DB0742BF064B4FF400322C
:105C3000C3F80021704700BF04C1002000100140DC
:105C400000C1002000E100E00D4B1868010A0006C9
:105C5000BFF35F8F0B4BD3F80435181841F10001E7
:105C6000B3F5801F0AD2084BD3E90023904271EBB1
:105C7000030303D210F1807041F10001704700BFAF
:105C800008C1002000100140B05B00202DE9F74F53
:105C900014461D460746FFF745FF0090FFF7D4FF67
:105CA000A04271EB05037AD2464B201A65EB010145
:105CB000984271F1000180F08180434B03EB0713A0
:105CC000D3E902239D4208BF944253D04FEA870A8A
:105CD0000AF1804A07F150090AF5883A4FEA890922
:105CE0001FFA89F924F07F4809F180494FF4803385
:105CF000DAF84005354A09F58839BB404646D2F8FE
:105D000004B5A0EB0B0020F07F402BF07F41012871
:105D1000CAF8401505D10193132014F0AFF82B4AAF
:105D2000019B0BF1020CA6EB0C0020F07F40B0F5BC
:105D3000000F88BF66460020C9F80000D9F80000AF
:105D4000C2F8443326F07F40CAF84005D2F8040573
:105D5000834506D0301A023820F07F40B0F5000F9E
:105D60001BD8A6EB080626F07F46361945F100033E
:105D700034461D4614490C983B0101EB0712C850EC
:105D80000D9B5360C2E90245002438460099FFF795
:105D90002DFF204603B0BDE8F08F3046AFE701236A
:105DA0000B4ABFF35B8FBB4052E8000F184342E839
:105DB00000010029F8D1BFF35B8FDBE76FF015041A
:105DC000E3E700BF01000001985B002000100140E4
:105DD00000C1002073B5194B194D00244FF0FF305E
:105DE0004FF0FF31C5F80845C3E902014FF4803395
:105DF000C5F80433134B02264FF400320121C5F8D5
:105E000004631120C3F880212246F2F7FBFA112027
:105E1000F2F7C8FA0C4A0123AB602B6013600B4BFE
:105E20000B4A0093019400232046FFF72FFF3046D2
:105E3000FEF7B8FF204602B070BD00BF985B00209F
:105E40000010014000E100E004C100206D5B030090
:105E5000FFFF7F002DE9F7432B4CD4F804339A075A
:105E60000BD5D4F8043143B1284A0023C4F80431D7
:105E7000D4F80431136801331360EFF3108272B663
:105E8000D4F80433DB0322D5BFF35B8F204B53E8F8
:105E9000001F21F0010043E80005002DF7D1BFF3FA
:105EA0005B8F11B9D4F840318BB10025C4F8405153
:105EB000D4F8403182F31088FFF7C6FEEFF310826A
:105EC00072B6144BD3E90267B042B94104D282F3EF
:105ED000108803B0BDE8F0834FF0FF384FF0FF3972
:105EE000D3E90010C3E902891D604FF48033C4F880
:105EF000483382F310880029EBD0009032463B46AD
:105F000028468847E5E700BF0010014008C100208F
:105F100000C10020985B0020431C13B521D001284C
:105F200021DDB0F5000F20DA441EFFF78DFE104B87
:105F3000D3E90013421AB2F5000F0E4828BF00241F
:105F400001322244824228BF024652184FF000001C
:105F500009490190009143F10003FFF797FE02B059
:105F600010BD0448E0E70024DFE7024CDDE700BF96
:105F7000A85B0020FFFF7F006D5B030008B5FFF703
:105F800063FE024B1B68C01A08BD00BFA85B00205F
:105F90002DE9F0415A4E00EB81010127814202D1E7
:105FA0000020BDE8F081046804F07F03C4F34325BA
:105FB0007F2B4FEA144408BF4FF0FF33222C00F22E
:105FC0009B80DFE804F0122429442C4044999999DD
:105FD000994770999999999999999999737B7E8123
:105FE000999999848A8D90939600C2F80C354FEA5E
:105FF000531CBCF1010F03F01F0414BF4FF0A04C61
:10600000B44607FA04F4CCF80845012402E0C2F8CB
:1060100014350024A64624E0C2F80835E7E7C2F8A4
:10602000083500244FEA531EBEF1010F14BF4FF094
:10603000A04EB64603F01F0C07FA0CFCCEF80CC5B8
:106040004FF0010E0DE0C2F80C350124EAE7C2F86A
:106050001035DEE7C2F80835002DDAD10024A64657
:10606000062550F804CB0CF40058B8F1000F4FEAA5
:106070000525CCF3C11803F01F0C4FEA53131CBFC6
:1060800001244FF0000E45EA8805012B0CBF334672
:106090004FF0A04345EA0E050CF5E07C45EA4405C7
:1060A00043F82C507AE7C2F80C35D5E7C2F86035D2
:1060B0000468C4F38034002CC7D098E7C2F8643574
:1060C000F6E7C2F86835F3E7C2F86C35F0E7C2F8D6
:1060D000243501244FF0000EC3E7C2F8283586E7C7
:1060E000C2F83035F5E7C2F83435F2E7C2F8383592
:1060F000EFE7C2F83C35ECE76FF0850051E700BFF1
:106100000003005002460B46014803F071B900BF7E
:10611000D81C0020014803F0E5B900BFD81C0020BE
:1061200098B500AFEEF754F96C4688B06A46084B54
:106130005361084B9361032342F8103F0648002344
:106140004FF4C251EEF724FA0020A546F2F7F0FF13
:1061500095400500AA4005008CAE040098B500AF3C
:106160006C468AB06A460D4B53610D4B1162C2E911
:10617000063040F2013393840A4B42F8103F0A483C
:1061800000234FF43151EEF703FAA546404080F367
:1061900011884FF0030002DFBD4698BDD0400500D6
:1061A0001D420500050000010CAF040038B504468F
:1061B000074883685D680A4635B100232146A84731
:1061C00020EAE070C0B238BD6FF08500F8E700BF8C
:1061D00018AB04000149024813F089BC0CC100202F
:1061E000385C002010B403460A46034881680C68F6
:1061F0001946234610BC184718AB040090B583B06D
:10620000384800AFF4F712FE3748CFF739FACFF726
:10621000B5FA20B16FF085000C37BD4690BDCFF7C1
:10622000BFFA0028F6D1CFF7CBFA0028F2D1CFF78A
:10623000D7FA04460028EDD108233A1D01213B710D
:10624000CFF792F90028E7DB3A1D022120463C7186
:10625000CFF78AF90028DFDB244B7B603A1D03214E
:106260002046CFF781F90028D6DB41F64C533A1D82
:10627000042120467B60CFF777F90028CCDB3A1D5C
:10628000052120463C71CFF76FF90028C4DB0323BA
:106290003A1D062120463B71CFF766F90028BBDB8B
:1062A00042F2EE6398421BDD6C468AB06A461049A2
:1062B000516110491062C2E90613052342F8103FEC
:1062C0000D4800234FF42151EEF762F9A5464040F6
:1062D00080F311884FF0040002DF6FF00B009BE7A2
:1062E000002099E7C8CC04005D6103001B1B03027A
:1062F000F9400500CD4105000CAF0400B0B588B0F1
:106300003249334800AF13F0C5FB00F04DFD07F1F3
:106310000C00CFF71BF96C468AB06A462D4B5361CF
:106320002D4BD36140F2013313842C4D2C4B9561DE
:1063300042F8103F2B492C4807F10C03EEF728F9DF
:10634000A5462A4813F03CF9034698B988B06A4636
:106350002749C2E90515032142F8101F22484FF4CE
:10636000C251EEF715F9A5466FF01204204620370A
:10637000BD46B0BD1F4A07CA87E807003846CFF7B9
:1063800093FA90B188B06A461B4BD061C2E90535DB
:10639000042342F8103F144800234FF40151EEF754
:1063A000F7F8A5466FF01504E0E74FF0FF304FF027
:1063B000FF31FFF7A7FE04460028D7D10F49104848
:1063C000CFF736F90446FFF7A5FECFE70D9204009C
:1063D0000CC10020271A05001F410500E4410500FB
:1063E00004000001C024A0000CAF040018AB04009E
:1063F000464105009CC004006A4105009AF800204F
:10640000D5610300F0B583B04FF0FF3000AF4FF01F
:10641000FF31FFF777FE68BB2F4DF91D284600F0CE
:1064200085FB0446FFF776FE24BBFB79042B38D1AD
:1064300028783E2821D0FF2826D04FF0FF324FF099
:10644000FF332146F3F726F9064600BB84B96D46B3
:1064500088B06A46214B5361214B9361032342F874
:10646000103F204823464FF4C251EEF791F8AD4655
:10647000FFF7B0FE0C37BD46F0BDAB78022BDCD188
:10648000002200230124DCE7AB78802BF7E76A7851
:1064900011490232083012F05EFB3046F4F78EFCF0
:1064A000E6E7022BE6D14FF0FF324FF0FF33032037
:1064B000F3F7C6F8044630B96D4688B06A460A4B11
:1064C00053610A4BC9E76A8829460432083012F042
:1064D00042FB2046E2E700BF9BF700209241050007
:1064E000084205000CAF0400B0410500F44105006E
:1064F000F7B5954E33780546002B40F01183042301
:106500008DF80730914B04881F68A7B10DF1060381
:106510000DF10702711CB84701280CD09DF8063018
:10652000ABBB9DF80730B3700E2201237270F3707D
:10653000B480B07134E0B4F5105F4FEA94230DD20B
:106540007BB1013B072B19D8DFE813F00D001800D1
:106550003F00810018001800180006013F2B00F0D2
:106560003582012013E0284640F2064230F9033B11
:10657000934205D040F21D42934216D0012001E023
:10658000D8F778FA40F206439C4240F0BE820F23CF
:1065900073700423B3700123F0703371A6F80540C3
:1065A00001233370002003B0F0BDD8F765FA42F242
:1065B0000C039C42E6D9A4F50053654A0D3B9BB2FF
:1065C00022FA03F3DB0716D5E1E7284640F66342DB
:1065D00030F9033B93422ED010DC40F60342934245
:1065E0001DD040F62D4293421CD040F6014293420A
:1065F000B7D1D8F70BF90128B3D092E740F67B4228
:1066000093421BD040F67C429342AAD19DF80730BA
:10661000504902338DF80730D8F702F9EBE7CFF78E
:106620002FFAE8E79DF807304A4903338DF8073021
:10663000D8F7EAF8DFE7D8F7EEF8DCE79DF807309F
:10664000444904338DF80730D8F7DCF8D3E72B88BA
:10665000A3F58053013B082B83D801A252F823F005
:1066600085660300976603001567030063650300F2
:1066700063650300636503006365030063650300EE
:10668000356703009DF80730324808338DF807302E
:10669000D8F7B7F9AFE79DF807302E4840332F22DF
:1066A00000218DF8073013F05FFF2023F371802362
:1066B00073726FF03F03337304237374282373756D
:1066C0000223B37504237377172386F820306FF005
:1066D000030386F82130FF2386F82230792386F8D9
:1066E0002330302386F827306FF03F0386F82830B8
:1066F000072386F829306FF0070386F82A30012334
:1067000086F82B30802386F82D30042386F830302D
:10671000002006E79DF8073008338DF807300D4B51
:1067200000221A605A60F37A23F0600343F060039A
:10673000F372EDE79DF80730064806338DF8073011
:10674000D8F75DF957E700BF881F01201CC1002062
:10675000411200038F1F0120284642F24B0130F8FE
:10676000033B1AB28A4242F2260554DCB2F5005FBE
:1067700056DDA3F50053013B4A2B51D8DFE813F057
:1067800057005B007B005000950050005000500007
:106790005000500098009B009E00A100A400AD0096
:1067A000B000B300B600B900BC00C500C800D100FD
:1067B000DA0050005000DD00500050005000500042
:1067C0005000E700F000F900FC00FF00500050000E
:1067D00050005000500050005000500005010E01C4
:1067E00017011A0150005000500050005000500096
:1067F0005000500050005000500050005000500019
:106800005000500050005000500050005000500008
:10681000500050001D0142F25E039A4200F0B28027
:10682000AC4200F27B8142F20C0301206AE1D8F70E
:1068300010F9AC420AE09DF80730BB4803338DF8ED
:106840000730D8F7F0F842F226039C4240F2638109
:1068500042F277039C423FF49AAE00F2F88042F293
:1068600032039C423FF493AEA4F50153033B012B4A
:106870003FF6C1AE8BE69DF8073008338DF8073040
:10688000A94B00221A601A71F37963F04203F37185
:10689000337A23F0410343F04103337242F226037B
:1068A0009C4240F22C810020D2E7D8F7DBF8C0E709
:1068B000D8F7DCF8BDE7D8F7D7F8BAE7D8F7A9F8E2
:1068C000B7E7D8F7A8F8B4E79DF807309648013342
:1068D0008DF80730D8F7ABF8B5E7D8F796F8A8E702
:1068E000D8F791F8A5E7D8F7AEF8A2E7D8F78FF870
:1068F0009FE7D8F7B3F89CE79DF807308A4907333C
:106900008DF80730D8F791F89DE7D8F796F890E71B
:106910009DF80730844910338DF80730D8F77FF899
:1069200091E79DF80730804808338DF80730D8F795
:1069300078F888E7D8F771F87BE79DF807300833D7
:106940008DF807307023F3714023F372A6E79DF8AA
:106950000730754902338DF80730D8F776F872E7BB
:106960009DF80730704804338DF80730D8F767F882
:1069700069E7D8F77DF85CE700F046FA59E712F0CE
:1069800086FC56E712F086FC53E79DF80730664810
:1069900008338DF80730D8F74CF854E79DF80730E6
:1069A000614904338DF80730D8F745F84BE7D8F73D
:1069B0004EF83EE7D8F754F83BE79DF807305A48C1
:1069C00002338DF80730D8F73CF83CE728464FF6FD
:1069D0000B4230F8033B934222D8B3F57C4F01D8E9
:1069E000012034E0A3F57C43013B0A2BF8D801A237
:1069F00052F823F03F6A03005B6A0300E169030079
:106A0000E1690300E1690300AB6A0300E169030087
:106A1000E1690300876A0300996A0300B16A030011
:106A200003F5407292B2052ADAD8A3F57D43013B03
:106A3000042B46D8DFE803F054575A5D60009DF8F8
:106A4000073039480C338DF80730CFF72DF824F094
:106A500008034FF6025293425AE09DF80730403344
:106A60008DF80730304B00221A80F37923F023038E
:106A700043F02303F371337A23F0070343F0070352
:106A800033720020E3E79DF80730274817338DF86D
:106A90000730D7F763FFDAE79DF807302248203345
:106AA0008DF80730D7F70DFFD1E7D7F7A6FFCEE770
:106AB0009DF807301C4801338DF80730D7F7EDFEFD
:106AC000C5E79DF8073040338DF80730164B00229C
:106AD0001A80F37923F03F0343F03F03F371D0E7CB
:106AE000D7F7D4FEB3E7D7F7A5FEB0E7D7F79AFEFE
:106AF000ADE7D7F7CDFEAAE7D7F7C6FEA7E742F284
:106B00000C0300209C423FF656AD40F21D439C42D0
:106B10007FF471AD3BE542F20C03F3E7012097E609
:106B20004FF0FF303FE500BF8F1F012038B5094C03
:106B300023780D461BB9BDE83840D7F753BEA2787D
:106B4000611C023213F0D5FC0020042320702B704E
:106B500038BD00BF881F012070B505460E46084CA1
:106B6000204612F02DFD38B1A368B2B22946204666
:106B70001B68BDE8704018476FF0120070BD00BF81
:106B800018AB0400F8B5254B254903F12002002875
:106B900008BF194600AF104603F080FD044690B1CF
:106BA0006D4688B06A461F4B53611F4BC2E90630E1
:106BB000042342F8103F1D4800234FF40151EDF724
:106BC000E7FC1224AD464FF0FF324FF0FF330120B7
:106BD000F2F736FD00F1080602210546304611F0B5
:106BE000B4FF3E230370222343700121304611F08D
:106BF000ACFF092303702121304611F0A6FF00F8F5
:106C0000014B34B12022FF2113F0AEFC2846BD46D3
:106C1000F8BD074912F031FBF8E700BFCF1F012094
:106C2000D942050074420500BA42050024AE0400B2
:106C3000EF1F01202DE9F041444CBFF35B8F236827
:106C4000BFF35B8F022B00AFA04658D0042B5BD064
:106C5000012B5BD13E4C3F4E20212046FFF77CFFAD
:106C6000002841D120223146204613F032FC002872
:106C7000F2D03948214603F0FDFC05460028EBD14F
:106C80004FF0FF324FF0FF330120F2F7D9FC00F153
:106C9000080602210446304611F057FF3E230370D8
:106CA000422343700121304611F04FFF0823037047
:106CB0004121304611F049FF064600F8015BADB1B5
:106CC0004022002113F050FCBFF35B8F002358E8F3
:106CD000002F48E800310029F9D1BFF35B8F8CB356
:106CE0002046F4F76BF82DE01F25C9E71A4912F08A
:106CF000C4FA203106F1210012F0BFFAE4E70020C7
:106D0000FFF740FF0446DFE70120F9E76D4688B052
:106D10006A46124B5361124B9361032342F8103FB2
:106D2000002310484FF4C451EDF732FCBFF35B8FE2
:106D3000AD46002354E8002F44E800310029F9D182
:106D4000BFF35B8FBD46BDE8F08100BF30C10020BE
:106D5000CF1F0120D9420500EF1F012099420500F5
:106D6000C842050024AE040010B586B010220021F0
:106D700001A813F0F9FB0B4C059401238DF8113099
:106D80004FF0FF324FF0FF33012101A803F0C2FBA7
:106D9000204613F01BFA049B6FF394330493FFF720
:106DA00049FFEDE720C1002010B588B00E4813F070
:106DB00008FA0E4C0E4900220023CDE906230023D9
:106DC0000A22CDE90323CDE9013300934FF4627227
:106DD000084B204602F0B8F90749204608B0BDE844
:106DE000104012F0C2BC00BF20C10020B85B0020E0
:106DF000C0400120696D0300AD4205000148F2F773
:106E000003B800BFB85B002008B50B4BBFF35B8F26
:106E1000012253E8001F002903D143E80020002885
:106E2000F7D1BFF35B8F05D10448002103F0CEFBFF
:106E3000002008BD0C20FCE730C1002020C100204C
:106E400010B50029114BBFF35B8F04460CBF022223
:106E5000042253E8001F002903D143E80020002842
:106E6000F7D1BFF35B8F0ED12146094812F005FA26
:106E7000084804F1200112F000FA0748002103F04D
:106E8000A5FB002010BD0C20FCE700BF30C1002096
:106E9000EF1F01200F20012020C1002001490248DE
:106EA00012F025BE64C10020385C002037B53223C3
:106EB000ADF80430134A00230125192168468DF8E6
:106EC0000630ADF800508DF80230CEF71DF90446BB
:106ED000A0B90D482946D6F7B0FE044670B9014660
:106EE0002A460820F1F78EFA2A4621460B20F1F7B0
:106EF00089FA2A4621462846F1F784FA204603B04B
:106F000030BD00BF0D6F030034C1002098B500AF45
:106F10006C468AB06A460D4B53610D4B1162C2E953
:106F2000063040F2013393840A4B42F8103F0A487E
:106F300000234FF43151EDF72BFBA546404080F381
:106F400011884FF0030002DFBD4698BD01430500E4
:106F50002343050005000001CCAE040037B50D4DFC
:106F60000D49002400946FF009034FF48062284615
:106F700002F0CAFC0949284612F0F7FB0849094803
:106F800012F088FD224604211920F1F73BFA204631
:106F900003B030BD385C0020C04401201943050017
:106FA000C392040064C10020014B00201B681847F5
:106FB00074C1002020B1012806D10448CDF738BFA4
:106FC000034B01201B681847704700BFA96F0300DF
:106FD00074C10020014B18600148704774C1002043
:106FE0000000AD0B10B51D48BFF35B8F0368BFF306
:106FF0005B8F23B9062904D8042923D839B100208E
:1070000010BD0729FBD1403802F0DAFAF7E750F853
:10701000203CA0F14004D3E900209047012805D08E
:107020000223E06384F834300D48E9E747F2305337
:107030002363032384F8343004F1240384F8290003
:10704000A363F1E700F8173C064B40F8103CA0F1B1
:107050001C014038007ED6F794FDD0E7B8C100206F
:10706000ACC10020FF3F420F02480122002112F074
:107070008FBC00BF78C10020014BD861704700BFB2
:1070800078C100202DE9F0414FF0FF3100AF0546F7
:107090004FF0FF30FFF736F841494248CAF7BCFCD1
:1070A0000446FFF737F8002C16DA6D4688B06A46BA
:1070B0003D4B53613D4BC2E90634042342F8103F77
:1070C0003B4800234FF40151EDF762FA6FF00B00DB
:1070D000AD46BD46BDE8F081364C40F20113238534
:1070E000E36925626433E36247F230532363002689
:1070F0006FF0730384F82460E36304F14005BFF389
:107100005B8F55E8003F45E80062002AF9D1BFF3E4
:107110005B8F4FF0FF314FF0FF30FEF7F3FF04F1CC
:107120002401207ED6F72DFDFEF7F4FF224A00232E
:10713000204602F06BFAB0421BDAE84688B06A4695
:107140001E4B5361194B9361032342F8103F1848BB
:1071500033464FF4C251EDF71BFABFF35B8FC546C0
:10716000012355E8002F45E800310029F9D1BFF38C
:107170005B8F4FF0FF314FF0FF30FEF7C3FF207EF3
:10718000D6F73AFDFEF7C6FFBFF35B8F236CBFF364
:107190005B8F13B1074802F061FAE06B99E700BF1B
:1071A00090C10020E56F03003E43050074430500D5
:1071B0009CAE040078C10020447B0B0068430500AE
:1071C000074B01221A64D3F84035B3FBF0F01844A2
:1071D000044BDB69984234BF00200120704700BF98
:1071E0000080004078C100204FF08053D3F8302158
:1071F000082A06D1D3F83431052B02D8024AD05CD4
:1072000070470020704700BF9D430500024AD2F836
:107210000034002BFBD0704700E0014010B54FF068
:107220008053D3F83021082A4ED14FF080420021FC
:10723000C2F80C11C2F81011C2F8381502F540421C
:10724000D3F80414C2F82015D3F80814C2F8241592
:10725000D3F80C14C2F82815D3F81014C2F82C1562
:10726000D3F81414C2F83015D3F81814C2F8341532
:10727000D3F81C14C2F84015D3F82014C2F84415F2
:10728000D3F82414C2F84815D3F82814C2F84C15C2
:10729000D3F82C14C2F85015D3F83014C2F8541592
:1072A000D3F83414C2F86015D3F83814C2F8641552
:1072B000D3F83C14C2F86815D3F84014C2F86C1522
:1072C000D3F84434C2F87035FFF78EFF18B13B4B4A
:1072D0003B4AC3F88C26FFF787FF18B1394BFB22D6
:1072E000C3F81825FFF780FF70B14FF080414FF0D1
:1072F0008053D1F8E42ED3F8583222F00F0203F075
:107300000F031343C1F8E43EFFF76EFF20B12E4B8D
:107310004FF40072C3F840264FF08053D3F8303159
:10732000082B1AD14FF08043D3F80024D20744BF72
:107330006FF00102C3F800244FF08053D3F83431CA
:10734000052B02D8214AD35C3BB14FF01023D3F870
:1073500008224FF08043C3F858254FF01023D3F88C
:107360000022002A03DBD3F80432002B22DA18496A
:1073700001234FF01020C1F804351224FFF746FF17
:10738000C0F80042FFF742FFC0F80442FFF73EFF9B
:107390000023C1F80435FFF739FFBFF34F8F0D49C4
:1073A0000D4BCA6802F4E0621343CB60BFF34F8F0A
:1073B00000BFFDE7094B0A4A1A6010BD00500040AB
:1073C0004881030000F00040009002409743050010
:1073D00000E0014000ED00E00400FA05181900206B
:1073E0000090D00370B501250268BFF35B8FB2FA3D
:1073F00082F3C3F11F03DBB205FA03F422EA0404AB
:1074000050E8006F964204D140E8004CBCF1000FF8
:10741000F6D1BFF35B8FE7D101480B7070BD00BFA1
:107420000000AD0B10B50368CB40DB0714D401237B
:107430008B400268BFF35B8F43EA020150E8004FC4
:10744000944204D140E8001CBCF1000FF6D1BFF318
:107450005B8FEED1014810BD0148FCE70000AD0B89
:107460000400AD0B036803F01F025B09012B0260EF
:10747000024818BF4FF0A040704700BF0003005003
:10748000034B083033F81000C0F34010704700BFC2
:107490001C19002070B500F108030C4C34F81330AF
:1074A000DA0505460E4607D5C3F3432304EBC302B2
:1074B00054F8333052689847A3682BB1E2683146DC
:1074C0002846BDE87040184770BD00BF1C19002059
:1074D00010B4124A083032F81030D9051BD5C3F366
:1074E000432123F4F85322F8103002F10E04002057
:1074F00034F8023F13F4807F03D0C3F3432399424F
:1075000009D001303028F3D1002342F8313004484B
:1075100010BCFFF787BF10BC704700BF1C190020CC
:107520009019002038B50246FFF7AAFF094C02F176
:10753000080540B134F8153007495B0B03F5A27319
:10754000002041F823001046FFF7C2FF002324F873
:10755000153038BD1C190020006000402DE9FF41A6
:10756000044616461D4601B34E4F00F1080837F891
:1075700018309B0702D5FFF783FF10BB0023CDE92E
:1075800000338DF80E308DF80F300DF10F020B46E1
:1075900020460DF10E0111F0DBFE37F8183023F014
:1075A000020343F0010327F8183046B33D4B96F829
:1075B00000C0726804F1080733F81710880702D575
:1075C000AAB139481DE021F02001C904C90C23F8F3
:1075D000171062B1BCF1030FF3D872681678BCF1D2
:1075E000000F11D1314A06F5A27642F826C033F8D1
:1075F000172022F01C0242EA8C0223F8172045BB18
:107600002B4804B0BDE8F081B20002F1804202F5DF
:10761000C04241EA4631D2F8100520F00300C2F81A
:107620001005D2F8100520F44F3020F44070C2F855
:1076300010052002D2F810E500F47C5040EA0C401E
:1076400040EA0E0041F0200123F81710C2F810059F
:10765000CDE7D5E900672046FFF73AFF002ECFD0EF
:10766000104DD5E90023964201D19F4218D0114810
:107670000DF10F01FFF7B6FE0D4B9842C1D19DF8F9
:107680000F2045F8326005EBC20308345F6035F81F
:10769000143043EA422343F4807325F81430AFE7F3
:1076A0000022EEE71C1900200400AD0B0060004032
:1076B0000000AD0B90190020F0B5044685B01546CA
:1076C00019B3334E00F1080736F81720930703D497
:1076D000FFF7D6FE002858D112F01C0F02D04B78CD
:1076E000012B52D001238DF80F300023CDE9001378
:1076F0004A1C8B1C20460DF10F0111F029FE36F8B3
:10770000173043F0030326F8173015B9214805B0A8
:10771000F0BD1F4E04F1080736F81700830734D573
:1077200095F800C06146890020F0200001F18041F9
:10773000C00401F5C041C00C26F817000023C1F8B1
:1077400010356A78002AE1D0D1F81035AD7823F4ED
:10775000991323F4F853C1F81035D1F810E523023A
:1077600003F47C53120402F4403243EA0E03134341
:107770002A0502F4801240EA4C30134340F0200006
:1077800026F81700C1F81035C0E70348BFE700BF6F
:107790001C1900200000AD0B0400AD0B014BC3E928
:1077A000020170471C19002008B50246FFF768FE69
:1077B00038B1054B0548083233F812305B0B0B70BB
:1077C00008BD0348FCE700BF1C1900200000AD0BFA
:1077D0000400AD0B38B50F4C94F87850BDB9602259
:1077E000294604F1100012F0BFFE0620F0F7DAFD82
:1077F000094B0A48C3F87C51D3F87C214FF0004272
:10780000C3F80423012384F87830636738BD044843
:10781000FCE700BF1C190020006000400000AD0B19
:107820000500AD0B034B93F87800003818BF01201A
:10783000704700BF1C19002001460148FFF7F2BD48
:107840008C19002001460148FFF7CCBD8C1900209F
:1078500037B50446FFF714FE04F108021E4B33F857
:107860001230E8B113F002051AD15B0B9A0002F155
:10787000804000F5C24002F1804202F5C04205603E
:107880000068D2F8100540F00100C2F8100529B1D7
:10789000012202FA03F3114AC2F8043303B030BDE7
:1078A000C3F38203042B12D0052B12D001A801943C
:1078B000FFF7D8FD019BD0F81015D94001F0010168
:1078C0000231204603B0BDE8304011F08ABD0321EB
:1078D000F7E70221F5E700BF1C1900200060004017
:1078E00008B50246FFF7CCFDC0B102F108010E4B0E
:1078F00033F81130990711D45B0B01229A409B0099
:107900000A4903F1804303F5C043C1F80823D3F8C3
:10791000102522F00302C3F8102508BDBDE8084079
:107920000021104611F05DBD1C19002000600040D0
:1079300013B50E4B00F10802044633F81230DB0792
:1079400011D5FFF7CDFF2046FFF7ECFD01A801940C
:10795000FFF788FD019B03F5E073022240F8232026
:10796000034802B010BD0348FBE700BF1C1900200C
:107970000000AD0B0400AD0B2DE9F04F684B6948DA
:107980006949002687B0012234461D6835B1D0F818
:10799000045315421EBF1C601D68164304338B42FE
:1079A0004FEA4202F1D1DFF87C91D9F87C31002B0B
:1079B00000F099804FF0A043D3F820250492C3F83B
:1079C0002025D3F820280592C3F820284FF000087E
:1079D0000DF1100A4FEA481300934FF0010B49E0F4
:1079E000009B524A94FAA4F4B4FA84F41C44E008CC
:1079F00004F10803039432F813701AF8003004F00D
:107A000007020BFA02F223EA02030AF8003003A885
:107A1000FFF728FD039B03F5E073B90850F8233006
:107A2000C7F382054A072F46C3F301432CD52046EE
:107A30003946DDB2FFF72EFD03A80394FFF712FDD0
:107A4000039B03F5E07350F82330C3F301439D42D9
:107A500007D10021204611F0C4FC2946204611F030
:107A6000C0FC03A80394FFF7FDFC039B0BFA03F390
:107A7000C0F820355AF82840002CB1D1B8F1000FD9
:107A80001DD14FF00108A5E7022B0CD103212046A0
:107A900011F0A7FC05F00503012BE2D13946204681
:107AA000FFF7F8FCDDE702212046019311F099FC75
:107AB000032DF3D0019B032BD3D1022DEDE74FF023
:107AC000A042C9F87C41D9F87C311949D2F8203557
:107AD0000493C2F82035D1F8202505921343C1F84C
:107AE00020257FF473AF012416B907B0BDE8F08FED
:107AF00096FAA6F3B3FA83F304FA03F29B0003F1B8
:107B0000804303F5C04326EA0206D3F81005D3F8F4
:107B10001015C0F30520C1F30141FFF7BBFCE3E7FB
:107B20000061004000600040206100401C190020FE
:107B300000030050044AD2F80034DB07FBD5016093
:107B4000BFF35F8F704700BF00E001404FF08053EC
:107B50001A69B0FBF2F302FB130373B9084B02225C
:107B6000C3F80425C3F80805D3F80024D207FBD5D1
:107B700000220448C3F8042570470348704700BF3B
:107B800000E001400000AD0B0A00AD0B10B5054C44
:107B90000123C4F80435FFF7CDFF0023C4F80435F2
:107BA00010BD00BF00E0014010B5184C237853BB56
:107BB0000278C2F34003920712D54FF08053D3F8F6
:107BC0003021082A0BD1D3F83431052B07D8104ABD
:107BD000D35C23B14FF080430122C3F83826012340
:107BE0004FF08042C2F88035037803F00103C2F8F9
:107BF00078350020F0F7F8FB08B9F0F7D3FB012344
:107C00000448237010BD0448FCE700BF2F2001206A
:107C1000A34305000000AD0B0C00AD0B4FF08043FB
:107C20004FF46072C3F80823014B00221A607047BA
:107C3000BCC1002008B5FFF7F1FF03680BB1014A92
:107C4000136008BDBCC1002010B54FF08043D3F8CD
:107C50000443620707D54FF4847011F0DFFB10B1C5
:107C60001E4B1B689847A30608D54FF48A7011F085
:107C7000D5FB18B11A4B00201B689847600608D541
:107C80004FF48C7011F0CAFB18B1154B01201B6822
:107C90009847210608D54FF48E7011F0BFFB18B13C
:107CA000104B00201B689847E20508D54FF49070F0
:107CB00011F0B4FB18B10B4B01201B689847A305CA
:107CC0000AD54FF4927011F0A9FB28B1054BBDE81D
:107CD00010401B680220184710BD00BFC4C100201F
:107CE000C0C10020BCC1002001460148FFF77ABB9B
:107CF000981900204FF08053D3F83021082A06D17C
:107D0000D3F83431052B04D8034AD05C70470020E7
:107D100070470120704700BFA9430500054B10F0D4
:107D2000800FA3F1900208BF134600F00F0003EB91
:107D30000010704770C3002007B5074A0023137076
:107D4000064A137001230193054B01A81B6898474D
:107D500003B05DF804FB00BF322001203120012078
:107D600008C4002013B5194BD3F80044C3F80044ED
:107D7000E105D3F8003408D5154B01221A7002230F
:107D80000193144B01A81B689847A20508D5104B16
:107D900000221A70032301930E4B01A81B68984719
:107DA000630510D50A4B1A786AB100221A70074B86
:107DB0000122C3F808259A659B6D04230193054BA6
:107DC00001A81B68984702B010BD00BF00700240B8
:107DD0003220012008C400204FF04003EFF311804F
:107DE00083F31288BFF36F8F0A4BD3F8001C032272
:107DF00061B949F27531C3F8001CC3F8142DC3F8FA
:107E0000001C80F31188BFF36F8F7047C3F8142DE7
:107E1000F7E700BF00E006404FF04003EFF31180AA
:107E200083F31288BFF36F8F0A4BD3F8001C61B93C
:107E300049F27532C3F8002CC3F8141DC3F8002CA6
:107E400080F31188BFF36F8F70470022C3F8142DA1
:107E5000F6E700BF00E00640F8B54B680B4F9A42CA
:107E600028BF1A460C461546064609684023384680
:107E700012F04DFBC6E9007560682368401B2B4477
:107E800060602360003818BF0120F8BDC8C1002021
:107E900070B54B689A4228BF1A4606460D461446EE
:107EA0008AB140230968094812F031FB074BC6E943
:107EB00000346B681B1B6B602B682344201E2B60F7
:107EC00018BF012070BD1346F1E700BFC8C10020F4
:107ED00007B500238DF804300B4BD3F82025ADF8FF
:107EE0000620D3F8C034094A002B136814BF4FF0A2
:107EF00001214FF480710B431360054B01A81B68EF
:107F0000984703B05DF804FB0070024004C40020F1
:107F100008C40020064BBFF35B8F53E8001F0140ED
:107F200043E80012002AF8D1BFF35B8F704700BF0F
:107F300000C400204FF08053D3F83031082B02BF2B
:107F4000034B0022C3F81C2C024B00221A7070470E
:107F5000007002403020012008B5FFF7EBFF084B0E
:107F600093F89E20032A05D1BDE808406FF0010078
:107F7000FFF7D0BFD3F89030002BF5D008BD00BF7D
:107F8000E0C2002073B5012202FA01F51C491D4E22
:107F90000B6810F0800F43EA050304460B6024D001
:107FA00000F00F02184B33F8123003F1804303F551
:107FB0001C331A6832B100221A6080281B6811D065
:107FC00011F094FA33682B400AD106228DF8042070
:107FD0008DF806408DF807300C4B01A81B689847B8
:107FE00002B070BDFFF7B8FFECE733681D42F7D170
:107FF00006238DF804308DF806008DF80720EBE796
:1080000004C4002000C400206AD8040008C4002072
:1080100008B5054B1A78104611F05FFABDE8084024
:1080200001461046FFF7AEBF3120012007B5FFF72C
:1080300081FF0C4B93F88E20032A10D0D3F88030A8
:108040006BB96FF08070FFF765FF06238DF8043081
:108050000823ADF80630044B01A81B68984703B00D
:108060005DF804FBE0C2002008C4002007B5FFF75C
:1080700061FF104B93F81E21032A06D16FF4807024
:1080800003B05DF804EBFFF745BFD3F810316BB9CF
:108090006FF48070FFF73EFF06238DF804308823CD
:1080A000ADF80630044B01A81B68984703B05DF893
:1080B00004FB00BFE0C2002008C40020024A0023E5
:1080C0001360024A1370704708C400203320012057
:1080D00008B54C4B4FF40062C3F80024D3F80034C9
:1080E000FFF708FE08B1FFF777FE4FF08053D3F893
:1080F0003031082B19D14FF04003EFF3118083F397
:108100001288BFF36F8F404BD3F8001CC0220029A8
:1081100070D149F27531C3F8001CC3F8142CC3F8B0
:10812000001C80F31188BFF36F8F364B0122C3F818
:108130000025D3F80025D3F800241205FBD54FF411
:108140000062C3F80024D3F800344FF08053D3F812
:108150003031082B18D14FF04003EFF3118083F337
:108160001288BFF36F8F284BD3F8001C002944D12D
:1081700049F27532C3F8002CC3F8141CC3F8002C64
:1081800080F31188BFF36F8FFFF7B4FD30B1FFF7B5
:1081900043FEFFF7AFFD08B1FFF71EFE4FF080531F
:1081A000D3F83031082B174B0AD140F2E372C3F8F1
:1081B00000284022C3F80428BFF36F8FBFF34F8F0E
:1081C00000218022C3F81C25C3F830150F4B40F264
:1081D000FF121A600E4B1960FFF7ACFE0D4B1970C1
:1081E0000D4B02221A70FFF785FD50B1BDE8084023
:1081F000FFF712BEC3F8142C93E70022C3F8142C27
:10820000BEE708BD0070024000E0064004C4002044
:1082100000C4002031200120332001200A4B00221D
:1082200010B51A70094A0A4B0A4C002808BF1346B9
:10823000C4F804332720F0F7B5F80123C4F8043557
:10824000D4F8043510BD00BF322001200714C0014E
:108250000714E00100700240034B1878012894BF16
:1082600000200120704700BF33200120F8B51C4BCF
:108270001C7894BB1B4A106001221A7040F2FF1751
:10828000264664F07F0514F0080FEDB214BF39469E
:108290004021284611F059F92846FFF73FFD0134E7
:1082A000092C867306608660EBD1002440F2FF172C
:1082B000254614F0080FE6B214BF39464021304677
:1082C00011F043F93046FFF729FD0134092C85737D
:1082D00005608560EDD10448F8BD0448FCE700BFA7
:1082E0003320012008C400200000AD0B0500AD0BB9
:1082F0002DE9F84304464FF04003EFF3118683F372
:108300001288BFF36F8F10F00F0903D1274B1B7832
:10831000834247D1264B274F1A683B68D24392B21B
:1083200020461A4311F0D9F84FF0010808FA00F876
:1083300012EA080F38D12046FFF7F0FC0C23220682
:10834000054603FB09F329D50A68886802F06042F4
:10835000B2F1005F00F001001DD1174A174C002850
:1083600008BF2246164803442A6007C983E807006D
:108370006B600023AB60AB733B68124843EA0803B1
:108380003B60114B8022C3F8042186F31188BFF3B0
:108390006F8FBDE8F8830D4A0D4CE0E70D4A13449A
:1083A0000D4AE1E70D48F0E70D48EEE731200120E6
:1083B00004C4002000C40020B3940400919404007D
:1083C00074C200200000AD0B00E100E0917E0300CC
:1083D000597E030008C200205F9404000A00AD0B20
:1083E0000B00AD0B10F0080F074B06D0D3F8C004FC
:1083F00010F4803F18BF0020704700F00F0000F518
:10840000947053F820007047007002402DE9F04F3F
:10841000594E337885B0002B73D1DFF86081584D09
:10842000D8F800402B681C406BD014F0012314BF17
:1084300093FAA3F494FAA4F4B4FA84F44FF0010983
:1084400009FA04F90F2C6FEA09095DD9103CE4B26E
:108450002046FFF763FC82462046FFF7C3FFDAF8A9
:108460000070BAF80C20DAF804100346834602A81C
:10847000B847029B002B53D108B9CAF800004FF04F
:10848000805361B2D3F83031082B02BF3D4B8222BA
:10849000C3F81C2C012333702B68039A029803EA5B
:1084A00009032B60DAF8083000291344CAF80830B1
:1084B00004F00805334B04F00F044EDA002D44D0CD
:1084C000C3F8A006C3F8A426042303EB840303F136
:1084D000804303F51C3301221A601B682A4A2B4B88
:1084E00013EA210338BF1346264933F8143003F149
:1084F000804303F51C331A681AB9D1F80021002A09
:10850000F9D005B0BDE8F08F44F080042046FFF7B5
:1085100005FC036882894168824602A89847ABE758
:10852000039B9B45A8D9022748468AF80E70FFF79F
:10853000F1FC06238DF80430154B8DF806401B68BE
:108540008DF8077001A898476AE7142505FB0433E6
:10855000C3F80006C3F80426B6E72DB1C3F8A00798
:10856000C3F8A4272823B0E7142505FB0433C3F878
:108570000007C3F80427F5E73020012000C40020DD
:1085800004C400200070024058D804006AD80400D7
:1085900008C4002038B50F4BD3F86C44C3F86C44C2
:1085A00001251CB9BDE83840FFF730BF94FAA4F3A9
:1085B000B3FA83F30F2BC8BFA3F110001946D4BF41
:1085C00043F08000C0B205FA03F324EA0304FFF786
:1085D000D9FCE6E70070024037B5FFF7ABFC044674
:1085E000FFF79CFB837B032B0DD1204610F075FF1A
:1085F000012303FA00F0C043FFF78CFC03B0BDE891
:108600003040FFF703BF0568002DF7D1204610F07A
:1086100064FF012303FA00F0C043FFF77BFC06234D
:108620008DF80430044B8DF806401B688DF8075018
:1086300001A89847E2E700BF08C40020024B40F4BD
:108640008070C3F81805704700700240020713D409
:1086500000F00F0310F0800F084A0BBF03F588737A
:1086600003F5847302EB830252F8230008BF5068BD
:10867000431E584258417047002070470070024026
:10868000044BC3F80C0540F48070C3F80C05D3F814
:108690000C357047007002400023036043600E4BAE
:1086A000D3F880240270D3F884244270D3F888244D
:1086B000D3F88C1442EA01224280D3F89024D3F8F4
:1086C000941442EA01228280D3F89824D3F89C348F
:1086D00042EA0323C380704700700240024B01222C
:1086E000DA64DB6C704700BF0070024013B5FFF71F
:1086F00021FC104B9A7B032A06D16FF4803002B024
:10870000BDE81040FFF706BC1C6874B96FF48030F8
:10871000FFF700FC06238DF80430074BADF8064048
:108720001B6801A8984702B010BD02B0BDE8104018
:10873000FFF7D4BFE0C2002008C40020024B012292
:108740001A651B6D704700BF00700240024B01228A
:108750005A655B6D704700BF00700240014B18788E
:10876000704700BF3120012010B502464FF0400392
:10877000EFF3118483F31288BFF36F8F10F0ADFE17
:108780000D49012303FA00F00B6823EA00030B6094
:1087900012F008010AD102F00F039B0003F180439D
:1087A00003F51C33C3F8A014D3F8A03484F3118864
:1087B000BFF36F8F10BD00BF04C40020F7B50146A2
:1087C0004FF04003EFF3118583F31288BFF36F8FEF
:1087D000FFF7A4FA0646084610F07FFE012211F0CA
:1087E000800F02FA00F22E4819D1036832EA03031F
:1087F0000AD00846FFF7B8FF0323B37385F3118847
:10880000BFF36F8F03B0F0BD33600368254923EADF
:10881000020303600B6823EA02030B60ECE70B071B
:1088200015D48029204B2FD001F00F0404F2DA3444
:108830006400C3F80048D3F80448D3F80478E4B2DD
:1088400044F002043C43C3F80448D3F80438154FFD
:1088500004683B6864EA030C1CEA020FCED01343A1
:1088600024EA02043B600023046033600323B373F3
:108870008DF807300D4B8DF8061006221B688DF819
:10888000042001A89847B9E740F2B474C3F800483F
:10889000D3F80448D3F80478E4B244F00404D1E7F0
:1088A00000C4002004C400200070024008C400205E
:1088B00073B5144B144CD3F880542368134EDA4329
:1088C000134B31781B6892B208461A4310F005FE2C
:1088D00001238340134202D00846FFF76FFF25F0C3
:1088E0007F056FF001103570FFF714FB236843F02C
:1088F0000103236005230193064B01A81B689847D9
:1089000002B070BD0070024004C40020312001207C
:1089100000C4002008C400202DE9F0411A4BD3F810
:108920000403002301241D4670B9184F03F4000608
:1089300023F400044FF00108BCB9FFF767FD06B34C
:10894000BDE8F041FFF7B4BF90FAA0F2B2FA82F2AC
:108950000F499600314404FA02F20E6816B10D6018
:108960000968134320EA0200DEE794FAA4F5B5FA99
:1089700085F557F8253008FA05F5984724EA0504E7
:10898000DAE7BDE8F08100BF00700240E0CC0400EF
:1089900000710240F8B5114E114B34681B68240C6D
:1089A00024041C4301271CB940F2FF133360F8BDB7
:1089B00094FAA4F5B5FA85F50F2D2846C6BFA5F1A2
:1089C0001000C0B240F08000030701D4FFF7F6FEAC
:1089D00007FA05F524EA0504E5E700BF04C4002012
:1089E00000C400200C4B802210B52720C3F884213E
:1089F000EFF7FAFC70B1094CFFF7CCFF0023C4F885
:108A000004352720D4F80435EFF7DAFC4FF0FF33B4
:108A1000C4F8083310BD00BF00E100E00070024060
:108A200008B5FFF7DFFF084BD3F80423C3F808238A
:108A30000022C3F80025D3F80035FFF77BFA034B7B
:108A400001221A7008BD00BF0070024033200120CF
:108A500038B54FF04003EFF3118583F31288BFF36D
:108A60006F8F104B1B7803F0FF04A3B1FFF792FF49
:108A70000D4BD3F8002412F400720CD10121C3F87D
:108A80002C15D3F82C15D3F80014890504D5C3F898
:108A90002C25D3F82C35002485F31188BFF36F8F74
:108AA000204638BD322001200070024010B5044637
:108AB000FFF784FE104A14F0800F04F00F004FF00F
:108AC000010314BFD2F81015D2F8141503FA00F3FD
:108AD0006FEA030315BF0B400B40C2F81035C2F814
:108AE000143514BF054B064B1A5C01239340024A10
:108AF000C2F8083310BD00BF00700240B843050043
:108B0000AF43050010F0800F70B52449044600F013
:108B10000F034FF0010512D0214AD25C05FA02F290
:108B2000C1F80423D1F81025DA40D00706D4D1F8D3
:108B3000102505FA03F31343C1F8103570BD194A27
:108B4000D25C05FA02F2C1F80423D1F81425DA4008
:108B5000D207F3D4D1F8146505FA03F23243C1F811
:108B60001425002BEAD00307E8D44FF04003EFF3BD
:108B7000118683F31288BFF36F8FFFF7F5FD204650
:108B800010F0ABFC084A136805FA00F023EA000372
:108B9000136086F31188BFF36F8FCFE70070024038
:108BA000B8430500AF43050000C40020030610B51C
:108BB000044605D4FFF74AFD10B12046FFF7D4FD67
:108BC000014BC3F8184510BD00700240114B12490B
:108BD00003221A615A61114A9961DA614FF4806285
:108BE0001A6200229A625A62DA6219660C49596660
:108BF000102199661A67DA665A670A4A1268C3F83A
:108C00000720094A106892889A80202218609A7179
:108C1000704700BF0CC40020C14305004420012060
:108C200034200120CA430500CE4305002DE9F84F4A
:108C3000214F4FF0180B14460BFB00720646936A47
:108C4000556AAB42884631D8D2F820A0AAEB050974
:108C500009F1FF32944211D8182306FB03333B4439
:108C6000224658684146284411F043FC2C441823FE
:108C700003FB067301205C62BDE8F88F13449C423D
:108C800018D800FB0BBBBB444A46DBF804002C445D
:108C9000284411F02EFCB4EB0A04E8D0DBF8040001
:108CA000224608EB090111F024FCE0E7013B5B1BC5
:108CB000A342D1D20020DFE70CC40020034B1822CE
:108CC00002FB00339A6A586A801A70470CC400206D
:108CD00003484FF0FF324FF0FF3300F089BB00BF75
:108CE000141D0020014800F0FDBB00BF141D002032
:108CF00070B5054610B90024204670BD0378002BDE
:108D0000F9D00E4C0E4EB44208D10C4CB442F2D005
:108D1000204610F055FC50B91834F7E7204610F003
:108D20004FFC10B12368AB42E6D01834EBE7216862
:108D30002846D4F731FD0028EED1DDE7D0AA0400A3
:108D4000D8AB0400014B986864307047B4C400206D
:108D50002DE9F84F054600AF0E464FF04003EFF304
:108D6000118A83F31288BFF36F8F01F04BF9042D42
:108D700096BF2F4B2F4B53F82530E9468CB0044655
:108D80006A46DFF8B480136240F2024313852B4930
:108D90002B4B51614FF0000BC2E90685C2F824B09D
:108DA00042F8103F27485B464FF45151EBF7F0FB78
:108DB000CD4696B1F369C3F3080373B188B06A4630
:108DC000214BC2E90538032342F8103F1D485B469A
:108DD0004FF4C251EBF7DCFBCD462CB1204610F02E
:108DE000C7FC08B1037803B91848E9468AB06A4657
:108DF000174BC2E9053840F202439384154BC2E990
:108E0000074042F8103F00230E484FF43151EBF772
:108E1000BFFB3146CD462846FDF782F98AF311881B
:108E2000BFF36F8F2046EFF7EFFFBD46BDE8F88F29
:108E300048CD0400D54305009A440500E3430500EE
:108E400006000001ECAE04000F4405002B150500E0
:108E500034440500050000010F4B70B553F8204065
:108E6000013053F82060A64200D870BDD4E9003527
:108E7000284698476DB138B10028B8BF4042EB682A
:108E8000FF28A8BFFF201870EA68537843F0010359
:108E900053700834E7E700BF5CCD040008B50B4B06
:108EA000012203201A70FFF7D7FF01F0DDFB0CF061
:108EB000D2F90420FFF7D0FF00F072F9DEF7F2FEDE
:108EC000034A137B23F00103137308BD44240120DC
:108ED000585D002008B50348034A0021121A10F01B
:108EE0007AFB08BDE82100204C24012070B5002346
:108EF00086B00122CDE90423134E144D01930F22B5
:108F0000CDE902321249182303FB005506EBC016C7
:108F100004464FF4C07000FB04110E4B00954FF453
:108F2000A072304600F0DEF8737B0B4AEE6023F04F
:108F3000040373734FF4046304FB033313442C756D
:108F40006B6006B070BD00BFD85C0020B4C40020C8
:108F500040510120599203000049012080B50020B2
:108F6000A6B0FFF779FF2F4B83F308882E4C2F4EC6
:108F700063692F4F43F400736361E02384F8223068
:108F800000252023E37725766576A57684F82050A2
:108F9000636A43F4E023636284F82350EFF7A8FE8A
:108FA000EFF774F94FF0FF33A362E36206ACF0F71A
:108FB00003F8EFF73FFFEBF77BF940F20113204690
:108FC000ADF82430CDE9205501F030FBB46010F04D
:108FD000F6FA0120FFF740FF0220164CFFF73CFF96
:108FE00000F068FF144BF4610593012313490095C9
:108FF000CDE903534FF400623B46CDE901552046CD
:1090000000F070F8627B064622F00402204662738C
:1090100010F03CFE2846FFF769FF3A4631462046ED
:10902000EFF7BEFA4051012000ED00E0B4C400208B
:109030009D8E0300585D002037E90400C0520120D6
:1090400038B5064C064DAC4201D3002038BDD4E9FA
:109050000112204610F0C3FA1834F4E7701C002007
:10906000881C002038B5064C064D0020AC4200D3C9
:1090700038BD204610F025FB0028F9DB2034F5E749
:10908000D01B0020701C002073B50C464FF040052B
:10909000EFF3118185F31288BFF36F8F85695DB19E
:1090A00025602B688361C3690133C361002081F3AC
:1090B0001188BFF36F8F11E052EA030603D12560D8
:1090C0006FF00B00F3E7CDE900230246083000F013
:1090D000FBFD18B9024B9B685B69236002B070BD51
:1090E000B4C400202DE9FF410E9E0673042646738A
:1090F0000D9E867300F158050F46D61DC0E9165522
:109100000C9A002526F007064037C0E90655C0E94D
:109110001A768560C573056706F1400802920B9ABE
:10912000019288440A9A009242460446EFF706FAF2
:10913000044B65659B6803B15B6F6367404604B091
:10914000BDE8F081B4C40020F0B587B000250595D6
:10915000109D04950F9D03950E9D0295DDE91276F5
:109160000D9D01950C9D00950446FFF7BBFFB6F1E0
:10917000FF3F08BFB7F1FF3F05D056EA070305D10F
:10918000204600F017FE204607B0F0BD03493A46DE
:10919000334604F1180001F015F8F4E7F99B0400D8
:1091A0002DE9F043294C2A4D87B02646AE4204F102
:1091B00030040FD300F04EFE244CDFF898904FF4AB
:1091C000004640F2E737AC4220D307B0BDE8F04399
:1091D00000F054BE54F8043C059354F8103C04933A
:1091E00054F8143C039354F8183C029354F81C3C74
:1091F000019354F8203C009354E90A2354E90C01EC
:10920000FFF770FF54F8303C5E65CEE7636A5A1C86
:109210000DD023EAE37300213846C3FB060151EA6F
:10922000C333D4F8008004D1404600F0C3FD30348D
:10923000C9E74FF47A720023C7F712FF02460B46C4
:1092400008F11800494600F0BDFFF0E758AD0400F2
:1092500058AD0400F99B040008B50B4C0B4D4FF0C2
:109260004002EFF3118382F31288BFF36F8F10F087
:10927000D3FD2B78A06113B9EFF70EF8EFE7EDF708
:1092800031FB0028EBD1F7E7B4C4002044240120CF
:109290002DE9F34104460E4600F108084FF0400165
:1092A000EFF3118781F31288BFF36F8F456A01696D
:1092B0008D422FD210F021FDE2680546314678B18B
:1092C0000024406911F015F92846EC6710F0DEFC27
:1092D0004046394600F05CFD204602B0BDE8F08112
:1092E000206A11F006F9236AE2681344A269236236
:1092F000934204BF63692362636A013304F1280067
:109300006362102110F04FFF002087F31188BFF334
:109310006F8FE2E752EA03010AD0074989684E617C
:10932000CDE9002339460246404600F0CDFCD4E7A3
:109330006FF02200E9E700BFB4C40020F7B504468F
:1093400004F1080708464FF04001EFF3118681F35E
:109350001288BFF36F8F616A002931D0E268E1693A
:1093600011F0C7F8E369E2681344A269E36193422C
:1093700004BF6369E361636A013B6362204610F0E6
:10938000BCFC054660B34169E268206A11F0B1F89F
:10939000236AE2681344A2692362934204BF6369AB
:1093A0002362636A0133636200242846EC6710F08D
:1093B0006DFC3846314600F0EBFC204603B0F0BDB2
:1093C00052EA03010AD0094989684861CDE90023BE
:1093D00031462246384600F077FCEFE76FF0220076
:1093E00086F31188BFF36F8FE8E700BFB4C4002095
:1093F0002DE9F341044617461E464FF04003EFF3B4
:10940000118883F31288BFF36F8FC368334A7BB12F
:1094100080689168884219D057EA060318D188F30A
:109420001188BFF36F8F6FF00F0002B0BDE8F081BD
:10943000916891F90E1021610133E3609368A36094
:1094400088F31188BFF36F8F0020EEE72169F2E700
:1094500091F90E1090F90E309942A8BF19466FF09D
:109460007E029142B8BF11468B422EDD10F0ABF95F
:109470000546CDE900761A482246414600F024FC14
:109480000028E1D04FF04003EFF3118683F31288F8
:10949000BFF36F8FA068D0B1236821699C420AD0C6
:1094A0004BB193F90E309942A8BF19466FF07E0375
:1094B0009942B8BF194610F086F940B108483146C4
:1094C00000F066FC6FF00A00AFE70025D1E7002D41
:1094D000F4D186F31188BFF36F8FF3E7B4C4002093
:1094E0004524012038B5836804466BB3194A926855
:1094F00093422CD1C368012B03D9013BC3600020E8
:1095000038BD4FF04003EFF3118583F31288BFF3AA
:109510006F8F0169806810F056F9204610F0EDFB5E
:10952000A06058B190F90E2022610022C26710F0AD
:10953000ADFB0948294600F02BFCE0E7E06085F32D
:109540001188BFF36F8FDAE76FF01500D8E74FF09F
:10955000FF30D5E7B4C400204524012037B54FF0D3
:109560004001EFF3118581F31288BFF36F8F046818
:109570009CB12368426823F003039442036008BF50
:1095800043600121204610F094F9044685F31188C8
:10959000BFF36F8F204603B030BD52EA0301F5D010
:1095A000CDE90023294600F10C02083000F08CFBC5
:1095B0000028EFD1014B9B685C69EBE7B4C4002045
:1095C00038B504464FF04003EFF3118583F312885A
:1095D000BFF36F8F10F091FB48B10022C26710F00B
:1095E00055FB29460848BDE8384000F0D1BBD4E916
:1095F00002329A4218BF0133A360022104F1100025
:1096000010F0D1FDEDE700BF4624012013B54FF067
:109610004004EFF3118184F31288BFF36F8F8468E5
:1096200044B1013C846081F31188BFF36F8F002047
:1096300002B010BD52EA030406D181F31188BFF3D2
:109640006F8F6FF00F00F3E7CDE900230246024869
:1096500000F03AFBECE700BF4624012070B5044659
:109660004FF04003EFF3118583F31288BFF36F8F40
:109670006FF00A06204610F040FB18B1C66710F0E4
:1096800005FBF7E7A060022104F1100010F08BFD4C
:1096900029460248BDE8704000F07ABB462401200C
:1096A0001FB5094B029302AB0024009307490848F9
:1096B0008DF80C404FF0FF334FF4804200F024F956
:1096C000204604B010BD00BFAB440500005B012084
:1096D000D85D00202DE9F04F4A4E85B004464FF08A
:1096E000FF384FF0FF394FF04003EFF3118783F35A
:1096F0001288BFF36F8FD4F880508DB9022104F126
:10970000980010F055F9002843D10023CDE90089D5
:10971000029304F1880239463B4800F0D9FCE2E7A5
:10972000D4F884202B68C4F88030954208BFC4F870
:109730008430D4F8983043F00203C4F89830EB68D2
:1097400023F0040343F00103EB606B6887F3118897
:10975000BFF36F8F284698474FF04003EFF3118B0C
:1097600083F31288BFF36F8FEB68990723F0010230
:1097700019D4EA60D4F8983023F00203C4F8983082
:109780008BF31188BFF36F8FDB05ACD400F09EFB29
:10979000A9E704F1900500220121284610F003FBFF
:1097A0000028F8D1B1E7306823F00303EB6000280C
:1097B000E0D00027D0F800A03B460028DAD042686D
:1097C000954201460CD101689FB9726831608242AE
:1097D00000D1716040F8083BFFF7F2FE39460023E4
:1097E000BAF1000F0BD0DAF8002050460F4692462F
:1097F000E3E739607268824208BF7760EAE7524661
:10980000F3E700BFDCC400204724012070B5C36823
:10981000C3F340069B0705460C460DD501220021E7
:1098200004F1080010F0B4F800232360054B6560D4
:109830005A681AB9C3E90044304670BD14605C60D0
:10984000FAE700BFDCC40020F8B5C3689A070446F5
:109850000F46C3F340062CD45B071AD40B680BB930
:1098600083680B60E368DD0744BFA3683B603D6825
:109870004CBF02260126002D3AD01F4B9B68AB42FD
:109880000AD0D5F89830D807C3F3800214D46FF00B
:10989000120600233B6025E00FF061FFD5F89830F9
:1098A0000028F0D1D907C3F3C002F0D552B15B074D
:1098B00008D46FF00F06ECE7002AFAD1C3F3C00317
:1098C000002BF6D100232360D5F8843063B9C5E9B5
:1098D0002044284610F085F8E36843F00403E36071
:1098E0003B68A3603046F8BD1C60C5F88440F0E7D3
:1098F0006FF01506CDE700BFB4C400200146014853
:1099000010F0F5B8D85D0020F0B589B0044600200D
:10991000C4E920000E9D04F18800C4E9220004F18E
:109920009000C4E924001DB32879002840F20110FA
:1099300008BF0120C4F8980000204FF0FF364FF018
:10994000FF37CDE90330CDE90100CDE90667094BCA
:1099500000942046FFF7F8FB25B1296811B1204695
:109960000FF003FF204609B0BDE8F0400FF002BF42
:109970000120DFE7D596030037B5019008464FF088
:109980004001EFF3118481F31288BFF36F8FC16838
:1099900011F00E0F16D153EA020508D101A9FFF705
:1099A00053FF84F31188BFF36F8F03B030BD41F0D4
:1099B0000801C160019981621030034900F002FC86
:1099C0000120EEE70020ECE7579A04000146014829
:1099D000FFF7D2BFD85D0020F7B50C4601901646C0
:1099E0001D464FF04003EFF3118783F31288BFF356
:1099F0006F8F08460FF0E7FF55EA060309D101A96A
:109A00002046FFF721FF87F31188BFF36F8F03B064
:109A1000F0BDE368064943F00803E360019BA362DD
:109A200004F1100032462B4600F0CCFB0120EAE79F
:109A3000579A040001460148FFF7CEBFD85D0020C9
:109A400038B5074D2C6854B1FCF798FA054B04441F
:109A50001C6128680021BDE8384010F0EDB938BD20
:109A6000ECC40020B4C4002038B50D4D2B4653F88B
:109A7000204F9C4200D004B9EC68AB6838B95A7BDF
:109A8000D20604D1A26912B9DA897F2A05D89C428C
:109A900002D02046FFF7D4FF2346EB6138BD00BF5C
:109AA000B4C4002070B590F90D20437B002A014614
:109AB00004DA03F07F03437310F083F84B7B154AFD
:109AC00063F07F0310464B7350F8203F546A834283
:109AD00008BF002323B9C1E90004216051620CE0F2
:109AE00091F90E5093F90E60B5420ED0AE420CDDE6
:109AF0005868C1E90030016059609068431A5842C3
:109B0000BDE870405841FFF7AFBF9C42E3D01B68EF
:109B1000E0E700BFB4C4002070B490F90D30427B80
:109B2000002B29DBD30627D183692BBB134962F0B5
:109B30007F0242730A4652F8204F944218BF2346D0
:109B40004C6A23B9C0E90024206048620CE090F917
:109B50000E5093F90E60B5420AD0AE4208DD5A6845
:109B6000C0E900321060586070BC0020FFF77CBF75
:109B7000A342E7D01B68E4E770BC7047B4C4002080
:109B800008B590F90D20437B002A014604DA03F062
:109B90007F03437310F015F8044B9868431A58423A
:109BA0005841BDE80840FFF75FBF00BFB4C40020C4
:109BB00070B515461C46064610F040F8B4F1FF3F5C
:109BC00008BFB5F1FF3F08D02A46234606F118002A
:109BD0000249BDE8704000F0F5BA70BDF99B040081
:109BE000F8B504460D464FF04003EFF3118783F3B9
:109BF0001288BFF36F8F00264FF4004C40F2E7301D
:109C000031464FF47A720023E4FB0C01C7F728FABF
:109C1000B44202DD0228B8BF0220074A074B106099
:109C2000074A98681E611560FFF70AFF87F31188DD
:109C3000BFF36F8FF8BD00BFECC40020B4C4002098
:109C4000E8C4002038B54FF04003EFF3118583F3EB
:109C50001288BFF36F8F174B174A9C6811688C42AC
:109C600007D12046FFF7ECFE85F31188BFF36F8F15
:109C700038BD00211160114A1268C2B1E2897F2A01
:109C800015D8627BD20612D10D4A94F90E101268D3
:109C900091420CDB0B4A944209D01A69824203DCE0
:109CA0002046FFF7FFFEDCE7121A1A61DCE700220C
:109CB000FBE700BFB4C40020E4C40020ECC40020D3
:109CC000E8C40020D85C002070B50C480C4D8668B4
:109CD0002E600C461146DDE904234FF04006EFF3F9
:109CE000118586F31288BFF36F8F8068FFF760FFDE
:109CF0002046BDE87040EEF7CDBB00BFB4C40020E5
:109D0000E4C40020F8B504464FF04003EFF3118699
:109D100083F31288BFF36F8F437BDA0649B219D100
:109D20008569BDB903F07F0343730FF04AFF437B9E
:109D3000164A817363F07F034373134653F8200F71
:109D4000984218BF0546506A5DB9C4E90030046006
:109D5000546211E0A173002086F31188BFF36F8F66
:109D6000F8BD95F90E70B9420BD08F4209DD6B68D2
:109D7000C4E900531C606C600120FFF775FE0120F0
:109D8000EAE7A842E1D02D68DEE700BFB4C40020B6
:109D900049B9EFF3058030B9054BDA699B689A42FF
:109DA00001D0EEF777BB81F31188BFF36F8F704757
:109DB000B4C4002010B54FF04002EFF3118482F3D9
:109DC0001288BFF36F8F427B510704D484F311884C
:109DD000BFF36F8F10BD22F004024273FFF79CFEA9
:109DE00021460248BDE81040FFF7D2BF48240120B9
:109DF00070B5044618300FF0F9FF4FF04003EFF351
:109E0000118683F31288BFF36F8F94F90D20637B63
:109E1000002A05DA03F07F03637320460FF0D1FEBA
:109E20000B4D637BA86843F010036373031B584218
:109E30005841FFF719FE86F31188BFF36F8FAB68A7
:109E4000A34203D1BDE870400FF093BF70BD00BFC7
:109E5000B4C400204FF04003EFF3118183F3128864
:109E6000BFF36F8F044B9A68D37B013BD37381F3AD
:109E70001188BFF36F8F7047B4C4002010B54FF046
:109E80004003EFF3118483F31288BFF36F8F084B05
:109E90009A68D37B0133D3730020FFF7E5FD84F389
:109EA0001188BFF36F8FBDE810400FF062BF00BF95
:109EB000B4C40020044B002103F12002C3E90822AE
:109EC0000846FFF78DBE00BFB4C40020F8B54FF0C0
:109ED0004003EFF3118583F31288BFF36F8F1949A5
:109EE0008868437B03F07F0343730FF06AFE8B683F
:109EF0005A7B084662F07F025A7350F8202F4C6A52
:109F0000824208BF002222B9C3E9000423604B62E9
:109F10000CE093F90E6092F90E70BE420ED0B7427B
:109F20000CDD5168C3E900210B6053600120FFF78D
:109F30009BFD2846BDE8F840EEF7ACBAA242E3D05C
:109F40001268E0E7B4C4002050EA01032DE9F041B3
:109F500005460E4603D1FFF7B9FF00202CE0831C15
:109F600071F1FF332ADB0FF083FF44194FF04003F8
:109F7000EFF3118883F31288BFF36F8F114F124BE9
:109F8000B8681860FFF7FCFDB86810492A463346E8
:109F9000183000F017F9BA68537B43F0100353737D
:109FA0004046EEF777FA0FF063FF201A63EB0303E6
:109FB000012873F10003D0DBBDE8F0816FF00104EC
:109FC000241AD3E7B4C40020E4C40020F99B0400A1
:109FD000B1F1FF3F08BFB0F1FF3F08B506D1084B14
:109FE0009868FFF705FF4FF0FF3008BDFFF7ACFFA3
:109FF0004FF47A7380FB0303C00B40EA4340F4E75D
:10A00000B4C40020014B9868704700BFB4C400205E
:10A010002DE9F04104464FF04003EFF3118683F33E
:10A020001288BFF36F8F037BD9070BD586F3118896
:10A03000BFF36F8F404080F311884FF0040002DFC0
:10A04000BDE8F081437B1A0704D586F31188BFF37E
:10A050006F8FF5E723F0200242F00801D20920D1EA
:10A060004173A36813B120460FF0B3FD04F118004B
:10A070000FF0BCFE04F158074FF00008A56DBD427B
:10A0800000D0B5B90120FFF7EFFC104B9B68A3424D
:10A09000DBD1EFF30583002BD7D13046EEF7FAF989
:10A0A000D3E703F05F0343F0080343730FF089FD28
:10A0B000D7E728460FF08DFD05F118000FF096FE4A
:10A0C000C5F87C802846FFF727FDD7E7B4C40020F9
:10A0D000D3B5DDE90667089CCDE90067FFF7F4FD1D
:10A0E0001CB1034B9B685B69236002B0D0BD00BF0D
:10A0F000B4C4002008B50648064A0749121A0FF0F2
:10A100006CFABDE80840054A054906480FF065BAF3
:10A1100000000020E421002014460500000000009B
:10A120001446050000000020034B1B680BB9FBF729
:10A1300025BF0020704700BFF0C4002010B5114BB0
:10A140001C689C420AD1FFF7EFFF6FF000400E4BF6
:10A150001B6913B19842A8BF184610BDFFF7E4FF72
:10A16000002CF2D0D4E904321B1A62EBE072B3F196
:10A17000004F72F10001E8DA002AACBF1846002057
:10A18000E5E700BF9C190020B4C4002030B570B1D1
:10A190000B4B5B6898420AD0036843B1D3E90421B2
:10A1A000D0E90445121941EB0501C3E90421D0E9C6
:10A1B000003213605A600023C0E9003330BD00BF95
:10A1C0009C190020B3F1FF3F08BFB2F1FF3FF8B583
:10A1D00004461D46164661D081604FF04003EFF300
:10A1E000118783F31288BFF36F8F013275F1FF334C
:10A1F00024DA3049D1E900206FF001039B1A4FF0B7
:10A20000FF3262EB00009E1B60EB0500012E70F137
:10A21000000301DA01260020C4E90460264ED6F8C6
:10A2200000C07568B44508BF4FF0000CBCF1000FCA
:10A230000DD1C4E900652C6074601CE0FFF774FF69
:10A24000013645F10005361845EBE070E4E7DCE93E
:10A250000420D4E90431934271EB000E1FDAD21AC4
:10A26000DCF8043060EB0100CCE90420C4E900C351
:10A270001C60CCF804403368B3420BD09C4209D137
:10A28000FFF75CFF18B10D4B1B69834202D0002120
:10A29000FBF742FE87F31188BFF36F8FF8BD9B1A5F
:10A2A00061EB0001AC45C4E90431C2D0DCF800C068
:10A2B000BCE700BF785E00209C190020B4C40020D9
:10A2C0002DE9F8430446FFF7BDFC4FF04003EFF3E0
:10A2D000118683F31288BFF36F8F234FDFF88C80D2
:10A2E000D8F80000224A3C604045D2E9003E4FEADF
:10A2F000E4710BD050B1D0E9045CAC4271EB0C09B5
:10A3000016DA2D1B6CEB010CC0E9045CE3184EEB74
:10A3100001010024C2E900313C60FFF70FFF214634
:10A32000FBF7FAFD86F31188BFF36F8FBDE8F88362
:10A33000EB184EEBE571C2E9003100220023C0E9C1
:10A340000423FFF723FF86F31188BFF36F8F836821
:10A3500098474FF04003EFF3118683F31288BFF361
:10A360006F8F3C68641BBBE7F0C400209C19002081
:10A37000785E002010B54FF04003EFF3118483F3B3
:10A380001288BFF36F8FFFF7CFFE064A0346D2E96C
:10A390000001181841EBE37184F31188BFF36F8F4C
:10A3A00010BD00BF785E002070B504464FF040033A
:10A3B000EFF3118583F31288BFF36F8FD0E90A3270
:10A3C000013342F10002022B72F1000222D30FF09E
:10A3D00053FDD4E90A32013041F10001C01841EBCC
:10A3E0000201012871F1000132DB0FF045FD01305F
:10A3F00041F10003D4E90A2180186FF0010243EB18
:10A400000103121A4FF0FF3161EB03031A49204692
:10A41000FFF7D8FE236B01332363236A73B185F3FF
:10A420001188BFF36F8F236A204698474FF040038F
:10A43000EFF3118583F31288BFF36F8F54F8186F11
:10A44000A64200D04EB985F31188BFF36F8F70BD5F
:10A450006FF001024FF0FF33D8E730460FF026FCD3
:10A460000023F36785F31188BFF36F8F3046BDE893
:10A4700070400FF00BBC00BFA9A303002DE9F0470B
:10A48000B3F1FF3F08BFB2F1FF3F05461446DDE9D7
:10A49000086019469146984637D0B0F1FF3F08BF93
:10A4A000B6F1FF3F3746824611D050EA06030ED080
:10A4B000721C70F1FF330ADB022E844670F100003B
:10A4C000BCBF02274FF0000C013F4CF1FF3A631C68
:10A4D00071F1FF330ADB012C71F100032246BCBF8E
:10A4E0000122002112F1FF3941F1FF3828460FF017
:10A4F0007DFCC5E90A7A00232B634A464346284679
:10A500000349BDE8F047FFF75DBEBDE8F08700BF37
:10A51000A9A303002DE9F3471D46294B9F6801239A
:10A5200087F8603087F8613052EA050316460CBFA1
:10A530000123002307F1600280460FF01FFD8146D2
:10A540004FF04003EFF3118A83F31288BFF36F8F4C
:10A5500097F8604064B90146524640460FF0E5FD69
:10A560008AF31188BFF36F8F204602B0BDE8F087F1
:10A57000002387F8603056EA050306D18AF3118874
:10A58000BFF36F8F6FF00A04EEE7CDE900650D4A67
:10A590000D485146FFF798FB04464FF04003EFF398
:10A5A000118583F31288BFF36F8F2A4649464046D0
:10A5B0000FF0BBFD85F31188BFF36F8FD4E700BFA9
:10A5C000B4C40020A41900204924012038B5034652
:10A5D0004FF04002EFF3118582F31288BFF36F8FC3
:10A5E000C160012181600068834206D185F3118832
:10A5F000BFF36F8F0024204638BDD0E900321360CE
:10A600005A600023C0E900330FF035FD29460446A7
:10A610000148FFF7BDFBEEE7492401200A46014649
:10A6200001480FF0D6BD00BF701C0020014B4367EE
:10A63000704700BF701C002038B504460D460FF06F
:10A640008EF820B9064B9B685B6F0BB938BD054B84
:10A650002A4621461846BDE838400FF0BABD00BF73
:10A66000B4C40020701C002001480AF006B800BFE6
:10A67000B444050030B599B00546684600F028F8A6
:10A680006946044608A800F053FA08A9044328467E
:10A6900000F08AF9204619B030BD00BF70B598B0FF
:10A6A00005466846164600F013F83146044608A8E9
:10A6B00000F046F908A96A460443084600F082F90A
:10A6C00008A90443284600F06DF9204618B070BD73
:10A6D00070B50B68124E1BBAC3614B681BBA83611D
:10A6E0008B681BBA4361CB681BBA03610B691BBA49
:10A6F000C3604B691BBA83608B691BBA4360CB692B
:10A700001BBA3246036001460446C6F78BFD31464C
:10A71000054602462046C6F7A5FD681E70BD00BF6F
:10A7200074CD04002DE9F04188B00C46064602F1D4
:10A730002001684606F120079046C7F77DF86A4673
:10A7400069466846C6F78AFF69463846C7F774F80F
:10A750003A463946384604F12005C6F77FFF6A4677
:10A7600069466846C6F77AFF41462846C7F764F847
:10A770006A4641463046C7F747F82A4629466846A2
:10A78000C6F76CFF2A4669466846C6F767FF124A55
:10A7900069466846C6F762FF69462046C7F74CF827
:10A7A000324621462046C6F797FF324621462046CC
:10A7B000C6F792FF224631462846C6F78DFF6A4605
:10A7C00029462846C7F720F83A4629462846C6F7BC
:10A7D00083FF08B0BDE8F08114CE0400F0B599B055
:10A7E00004460D460A4601466846C6F775FF6946A7
:10A7F0006846C7F721F86A46214608A805F12006F1
:10A8000004F12007C7F700F86A4629466846C6F7EC
:10A81000FBFF3246394610A8C6F720FF32463946BC
:10A820003046C6F759FF31462846C7F705F86A464D
:10A8300008A92046C6F712FF224629462846C6F731
:10A840004BFF6A4608A96846C6F746FF6A4639467E
:10A850003846C6F7D9FF2A4608A96846C6F73CFF1E
:10A860006A4631463046C6F7CFFF3A463146304653
:10A87000C6F732FF10A96846C6F7DEFF22466946D2
:10A880002046C6F729FF08A922460846C6F724FF36
:10A8900010A908AA0846C6F7B7FF3A4610A93846D5
:10A8A000C6F71AFF19B0F0BD2DE9F04188B00C468B
:10A8B000054690460A4601466846C6F70DFF6946BA
:10A8C0006846C6F7B9FF6A462946284604F12006BD
:10A8D000C6F79AFF05F120076A4621466846C6F783
:10A8E00093FF324639463046C6F7F6FE31462046DB
:10A8F000C6F7A2FF2A4621462046C6F7EDFE6A4665
:10A9000021462046C6F7E8FE6A4629464046C6F775
:10A91000E3FE424639463846C6F776FF22462946C8
:10A920006846C6F7D9FE6A4631463046C6F76CFF20
:10A930003A4631463046C6F7CFFE08B0BDE8F08152
:10A9400070B500F1200690B00D46044600F014F9F1
:10A9500005F12001304600F00FF9214608A8C6F79E
:10A960006BFF08A908460D4AC6F778FE08A92246DB
:10A970000846C6F749FF08A9094A0846C6F76EFE09
:10A9800031466846C6F758FF202269460DEB0200A3
:10A99000C6F736FE013810B070BD00BF14CE0400FB
:10A9A00034CE040000F002B938B504460D4600F07C
:10A9B000FDF805F1200104F12000BDE8384000F069
:10A9C000F5B800BF2DE9F0471346B8B0544A8946A0
:10A9D0008046194610A8C6F725FC5249024610A821
:10A9E000C6F740FC179E4E4900EAD6760746C6F1E8
:10A9F000010210A8C6F736FC179B4A466FEA030A05
:10AA000028A918A8FFF78EFE4FEADA7A20A9CAF122
:10AA10000102084600F092F8C7F10107FE246A46D9
:10AA200018A928A8FFF740FF621138AB03EB820298
:10AA300004F01F0152F8A03CCB40554603F0010A38
:10AA40008AEA05052A4628A918A8C6F767FC2A46F7
:10AA500030A920A8C6F762FC013C28A918A8FFF776
:10AA6000BDFE631CDBD1CAF1010220A908A800F0D9
:10AA700065F886EA0A066A4618A928A8FFF714FFAF
:10AA800028A9324618A8C6F749FC324630A920A8A2
:10AA9000C6F744FC08A96A460846C6F7B5FE08A9E9
:10AAA000084600F09DF808A908F1200409F12002E9
:10AAB0000846C6F7A9FE20A908AA2046C6F7A4FEA4
:10AAC00008AA18A96846C6F79FFE69466846C6F7F1
:10AAD000B3FE18AA694608A8C6F796FE214668463E
:10AAE000C6F7AAFE08AA69461046C6F7F5FD0E4A43
:10AAF00008A96846C6F7F0FD20462021C6F794FD58
:10AB000008A94342024668461F43C6F707FC404671
:10AB1000064A6946C6F778FE384638B0BDE8F08781
:10AB200054CE0400D4CD040034CE0400F4CD04008F
:10AB30000A460149FFF746BF94CD040070B588B0BE
:10AB400004460D4616460021202268460FF00CFDF3
:10AB5000002329462022204600930FF0CAFC2A46F3
:10AB600069466846C6F7B8FD324669462046C6F7CC
:10AB7000D5FB08B070BD00BF0B681BBAC3614B6842
:10AB80001BBA83618B681BBA4361CB681BBA036134
:10AB90000B691BBAC3604B691BBA83608B691BBA14
:10ABA0004360CB691BBA0360704700BFCB691BBA17
:10ABB00003608B691BBA43604B691BBA83600B69E6
:10ABC0001BBAC360CB681BBA03618B681BBA4361B5
:10ABD0004B681BBA83610B681BBAC361704700BF27
:10ABE00070B598B00D46064610A8C6F725FE2A4651
:10ABF00010A96846C6F708FE694610A8C6F71CFEED
:10AC000010A90846C6F718FE6A4610A908A8C6F794
:10AC1000FBFD08A910A8C6F70FFE10A90846C6F745
:10AC20000BFE10A90846C6F707FE10A90846C6F78E
:10AC300003FE10A908AA0846C6F7E6FD10A90846B3
:10AC4000C6F7FAFD10A90846C6F7F6FD10A96A4630
:10AC500008A8C6F7D9FD052408A910A8C6F7ECFD79
:10AC600010A90846C6F7E8FD013C10A9F5D108AACD
:10AC70000846C6F7C9FD052410A90846C6F7DCFD3D
:10AC800010A90846C6F7D8FD013CF5D110A908AABD
:10AC90000846C6F7B9FD10A908A8C6F7CDFD08A952
:10ACA0000846C6F7C9FD08A96A466846C6F7ACFD5E
:10ACB0001024694610A8C6F7BFFD10A90846C6F7BC
:10ACC000BBFD013C10A9F5D12A460846C6F79CFDFC
:10ACD000402410A90846C6F7AFFD10A90846C6F7DC
:10ACE000ABFD013CF5D110A96A460846C6F78CFDBC
:10ACF000102410A90846C6F79FFD10A90846C6F7FC
:10AD00009BFD013CF5D110A96A460846C6F77CFDBB
:10AD1000102410A90846C6F78FFD10A90846C6F7EB
:10AD20008BFD013CF5D110A908AA0846C6F76CFDB9
:10AD30002A4610A93046C6F767FD18B070BD00BF9F
:10AD40000D29F8B505462BD891B31A4B5C5C20460B
:10AD5000C5F778FB064628680F46C5F785FB02460F
:10AD60000B4630463946C5F7D7FBD7F7B9FDC6F7CE
:10AD700019FA68602046F8BD581002EB800452F8BA
:10AD800020608E420FD21B1A221D013B002BF3DCE8
:10AD9000094B14689A4208D02046C5F743FBD9E70F
:10ADA000064AF923F2E70346F0E74FF0FF30E0E709
:10ADB0000124DFE7E244050070D204008CCE0400D9
:10ADC0002DE9F34792460A9A03EB02084B6898452F
:10ADD00004460D4643D923B9B8F10B0F38BF4FF0E5
:10ADE0000B082868C5F740FB06460F464046C5F7E6
:10ADF00019FB32463B46C5F7B9FC804650468946AA
:10AE0000C5F710FB02460B46CDE9002342464B46F0
:10AE1000C6F7AAF9C0B140464946D7F761FD124BC3
:10AE20000022C5F7C3F9C6F7BDF94FEA4A018142CE
:10AE300038BF01462846FFF783FF01232370606077
:10AE4000204602B0BDE8F087DDE9002330463946F0
:10AE5000C5F762FBD7F744FDC6F7A4F96860002385
:10AE6000C4E90033ECE700BF0000F03F024B186874
:10AE7000BFF35B8F704700BFF4C4002007B51A4AC8
:10AE800020F000439342014605D8002103B05DF84D
:10AE900004EB00F0BDBEB3F1FF4F04D3C5F77AFD5C
:10AEA00003B05DF804FB694600F04CFD00F00302BE
:10AEB000012A07D0022A0CD082B90199009800F02B
:10AEC000A7FEEDE70199009801F0D0F900F10040EC
:10AED000E6E70199009800F09BFEF7E701990098DA
:10AEE000012201F0C3F9DBE7D80F493F07B51B4A40
:10AEF00020F000439342014606D80022002103B00F
:10AF00005DF804EB01F0B2B9B3F1FF4F04D3C5F71C
:10AF100041FD03B05DF804FB694600F013FD00F04D
:10AF20000300012808D002280BD090B9019900989D
:10AF3000012201F09BF9ECE70199009800F068FE0E
:10AF4000E7E701990098012201F090F900F1004033
:10AF5000DFE70199009800F05BFEF7E7D80F493F63
:10AF6000F8B506460F4600F0CFF8124B93F90030C3
:10AF7000013304460D4619D032463B463046394629
:10AF8000C6F772FC90B90022002330463946C6F756
:10AF9000E1F858B10BF091F921230360002200235E
:10AFA00010461946C5F7E2FB04460D4620462946E1
:10AFB000F8BD00BF711B002070B506460D4600F0BD
:10AFC00059F93E4B93F90030013304460FD029461E
:10AFD0002846C6F75FFC50B931463046C6F75AFCE2
:10AFE000002130B12846C5F773FF002862D1204602
:10AFF00070BD3046C5F76CFFB0B100212846C5F7DB
:10B0000067FF002856D128460FF050FA0028EED0EE
:10B0100000212846C5F766FF0028E8D00BF04DF95F
:10B0200021230360264CE2E720460FF03FFA58BB8D
:10B0300030460FF03BFA38B328460FF037FA18B312
:10B0400021462046C6F726FC48B10BF036F92123ED
:10B05000002103600846C5F75BFE0446C7E70BF016
:10B060002CF92223036000213046C5F73BFF10B9BD
:10B070004FF0FF44BBE7284601F0B4F92946C5F775
:10B0800027FF0028F4D1CDE700212046C5F720FF97
:10B090000028ACD030460FF009FA0028A7D0284687
:10B0A0000FF004FA0028A2D00BF007F92223036066
:10B0B00000249CE74FF07E5499E700BF711B0020ED
:10B0C000000080FF38B505460FF099F90D4B93F954
:10B0D00000300133044612D029462846C6F7DAFB71
:10B0E00068B900212846C5F7FDFE40B10BF0E5F830
:10B0F0002123002103600846C5F70AFE04462046C6
:10B1000038BD00BF711B0020594A8A432DE9F04128
:10B110000B4604460D4606460ED10246C5F7FCF91D
:10B1200002460B4620462946C5F740F804460D4620
:10B1300020462946BDE8F08100290CDC21F00042C0
:10B140000243F5D089B10246C5F72EF802460B46F8
:10B15000C5F70CFBEAE70A1515D1002109E0F30A4F
:10B16000153A7605002BFAD0F7E70A46FAE75B00B6
:10B170000131DC02FBD5481E121AC1F1200026FA6B
:10B1800000F003438E40C3F31303D00743F480134E
:10B190005CBF5B0003EBD673A2F2FF3558BF7600AD
:10B1A0005B00002703EBD6736D1076004FF0160E90
:10B1B000B8464FF4001208EB02019942DEBF5B1A59
:10B1C00002EB0108BF185B00BEF1010E03EBD67362
:10B1D0004FEA52024FEA4606EDD1F44620204FF0E6
:10B1E0000041984501EB0E022FDB0BD1B24209D88A
:10B1F000002A01EB020E02DABEF1000F2CDA002366
:10B20000B61A8C445B00013803EBD6734FEA510148
:10B210004FEA4606E5D1334308D0BCF1FF3F13BFE8
:10B220000CF101030137844623F0010C7A104FEA38
:10B230005C03F90702F17F5202F5001248BF43F0A8
:10B24000004302EB0551184670E7002A01EB020E9D
:10B250000BDABEF1000F08DB08F10104B242A3EBE8
:10B26000080300D9013BA046CAE74446F6E700BF01
:10B270000000F07F2DE9F04F87B080460191019CDE
:10B2800034F0004700F0458320F00046B6F1FF4F50
:10B29000824606D8B7F1FF4F09D9B6F17E5F00F0BC
:10B2A0003883954807B0BDE8F04F01F097B8002803
:10B2B000B1462ADAB7F1974F0FD3B7F1FF4F27D036
:10B2C0000225B4F17C5F3DD1BAF1000F69DB404645
:10B2D00007B0BDE8F04F0FF092B8B7F17E5F29D309
:10B2E000FB15C3F1960347FA03F505FA03F3BB42D6
:10B2F0003AD1B7F17E5F3FD1002C80F20F834146F7
:10B300004FF07E50C5F704FD0BE0B7F1FF4F3BD186
:10B31000B6F17E5F00F0FD8206D9002C80F2FC823F
:10B32000002007B0BDE8F08F002CF9DA019B03F193
:10B330000040F6E7B4F1804F2CD0B4F17C5F4FF0C1
:10B3400000052ED040460FF0AEF8B6F1FF4F03D007
:10B3500016B1B6F17E5F3ED1002C2ADA01464FF0DD
:10B360007E50C5F7D5FC24E0B7F17E5FC4D0B4F1C0
:10B37000804F0FD00025E5E7B4F1804F0AD005F0EB
:10B380000105C5F10205DDE7B7F17E5FB4D0B4F188
:10B39000804F04D141460846C5F706FCC1E70025A9
:10B3A0008FE740460FF07FF8B6F1FF4F01D0002E37
:10B3B000CFD1BAF1000FB4DAA6F17E562E4305D1F3
:10B3C00001460846C5F7E6FA01469BE7012DA8D1DC
:10B3D00000F10040A5E74FEADA73013B03932B43EA
:10B3E00001D14146EDE7B7F19A4F40F29780434BC8
:10B3F0009E4203D8002C93DA4149CCE7414B9E4250
:10B4000002D9002CF8DC8BE74FF07E51C5F7C2FA69
:10B410003D490646C5F7C8FB3C4907463046C5F7D7
:10B42000C3FB4FF07A5180463046C5F7BDFB01465D
:10B430003748C5F7AFFA3146C5F7B6FB01464FF0BE
:10B440007C50C5F7A7FA314681463046C5F7ACFBBC
:10B4500001464846C5F7A8FB2E49C5F7A5FB01469E
:10B460004046C5F797FA014606463846C5F794FAAE
:10B4700020F47F6A2AF00F0A39465046C5F78AFA47
:10B4800001463046C5F786FA24F47F64039B013DEC
:10B4900024F00F041D430646214601980CBF1E4DA3
:10B4A0004FF07E55C5F776FA5146C5F77DFB0199F9
:10B4B00007463046C5F778FB01463846C5F76CFAB3
:10B4C000214606465046C5F76FFB01460746304603
:10B4D000C5F762FA00280446804620F0004340F396
:10B4E0003E81B3F1864F40F2278105492846C5F7D2
:10B4F0005BFB034950E700BF45EF0400F7FF7F3FC8
:10B50000CAF249710700803F00AAB83F70A5EC3627
:10B51000ABAAAA3E3BAAB83F000080BF1AF0FF4F7B
:10B5200040F006814FF09741C5F73EFB6FF01702E0
:10B5300081464FEAE9537F3B1A44924BC9F31609FF
:10B54000994549F07E5606DD8F4B994540F3F280D0
:10B550000132A6F5000600278C4B059253F827B060
:10B5600030465946C5F716FA314681465846C5F762
:10B5700013FA01464FF07E50C5F7CAFB014604900E
:10B580004846C5F711FB0290029BB246761046F082
:10B59000005623F47F6806F5802628F00F0806EB96
:10B5A000475631464046C5F7FFFA01464846C5F7BB
:10B5B000F1F9594681463046C5F7ECF90146504647
:10B5C000C5F7E8F94146C5F7EFFA01464846C5F721
:10B5D000E1F9049B1946C5F7E7FA02998346084644
:10B5E000C5F7E2FA6A490646C5F7DEFA6949C5F7C2
:10B5F000D3F93146C5F7D8FA6749C5F7CDF93146D1
:10B60000C5F7D2FA6549C5F7C7F93146C5F7CCFA8F
:10B610006349C5F7C1F93146C5F7C6FA6149C5F7AF
:10B62000BBF9314681463046C5F7BEFA0146484669
:10B63000C5F7BAFA414606460298C5F7ADF959462C
:10B64000C5F7B2FA3146C5F7A7F9414681464046EB
:10B65000C5F7AAFA54498246C5F79EF94946C5F787
:10B660009BF920F47F6626F00F0631464046C5F769
:10B670009BFA4D4980463046C5F78CF95146C5F7CF
:10B6800089F901464846C5F785F90299C5F78CFA4C
:10B69000314681465846C5F787FA01464846C5F700
:10B6A0007BF9824601464046C5F776F920F47F666D
:10B6B00026F00F063D493046C5F776FA41468146E9
:10B6C0003046C5F767F901465046C5F763F9384972
:10B6D000C5F76AFA374980463046C5F765FA01462C
:10B6E0004046C5F759F9344B53F82710C5F754F9BC
:10B6F000059A06461046C5F703FA304B53F82770F3
:10B70000804631464846C5F747F93946C5F744F9FA
:10B710004146C5F741F920F47F6A2AF00F0A4146F5
:10B720005046C5F737F93946C5F734F94946A5E615
:10B730000022FEE601270FE748D121493046C5F730
:10B740002BF9394681462046C5F724F9014648467B
:10B75000C5F7E6FB00287FF4C8AE86233BE0194A14
:10B76000934205D918492846C5F71EFA164913E62B
:10B770002CD13946C5F70EF93146C5F7C7FB00286D
:10B78000EBD0EFE771C41C00D6B35D0088D2040093
:10B7900042F1533E55326C3E05A38B3EABAAAA3E06
:10B7A000B76DDB3E9A99193F000040400038763F64
:10B7B0004F38763FA0C39D3678D2040080D2040073
:10B7C0003CAA3833000016436042A20DB3F17C5FFF
:10B7D00040F29B80DB157E3B4FF400041C41444447
:10B7E000C4F3C7534E497F3B19412140C4F31604AB
:10B7F000C3F1170344F400041C41B8F1000F3846AC
:10B80000B8BF6442C5F7C6F8074631463846C5F7A3
:10B81000C3F820F47F6828F00F0842494046C5F776
:10B82000C3F9394681464046C5F7B4F8014630466B
:10B83000C5F7B0F83C49C5F7B7F93C49064640465C
:10B84000C5F7B2F901463046C5F7A6F807460146E6
:10B850004846C5F7A1F849460646C5F79BF8014694
:10B860003846C5F797F8314680463046C5F79CF90B
:10B870002F490746C5F798F92E49C5F78BF8394681
:10B88000C5F792F92C49C5F787F83946C5F78CF901
:10B890002A49C5F77FF83946C5F786F92849C5F71B
:10B8A0007BF83946C5F780F901463046C5F772F88E
:10B8B000074601463046C5F777F94FF0804181468B
:10B8C0003846C5F767F801464846C5F721FA4146AC
:10B8D00007463046C5F768F94146C5F75DF80146A9
:10B8E0003846C5F757F83146C5F754F801464FF0CA
:10B8F0007E50C5F74FF800EBC453B3F5000F06DADE
:10B90000214600F0C3FD294646E500247DE71846A0
:10B91000F9E74FF07E5004E5019802E5404600E566
:10B92000000080FF0072313F1872313F8CBEBF357E
:10B930004CBB31330EEADD3555B38A38610B363BEB
:10B94000ABAA2A3E2DE9F04FA44A20F000489045CA
:10B9500087B00C46824604D8002308604B6000255F
:10B960001DE09F4A90454FD820F0004500289D4992
:10B970009D4F25F00F0524DDC5F70CF8BD420646A6
:10B9800011D09A49C5F706F8014605463046C5F775
:10B9900001F89649C4F7FEFF25606060012528463E
:10B9A00007B0BDE8F08F9249C4F7F4FF914906460D
:10B9B000C4F7F0FF014605463046C4F7EBFF8D495A
:10B9C000E8E7C4F7E9FFBD4206460FD08749C4F750
:10B9D000E3FF014605463046C4F7DCFF8349C4F760
:10B9E000DBFF256060604FF0FF35D8E78049C4F782
:10B9F000D3FF80490646C4F7CFFF014605463046CF
:10BA0000C4F7C8FF7B49EAE77B4A904500F295807E
:10BA10000EF049FD79490646C5F7C6F84FF07C514E
:10BA2000C4F7BAFFC5F786FA0546C5F769F86D4948
:10BA30008146C5F7B9F801463046C4F7ABFF6B49FC
:10BA400007464846C5F7B0F81F2D06460EDC6C4A7F
:10BA5000691E2AF0004352F8212023F0FF0393428D
:10BA600004D031463846C4F795FF0BE031463846DE
:10BA7000C4F790FFC0F3C753C3EBD853082B4FEA6A
:10BA8000E85B01DC206026E059494846C5F78CF8A0
:10BA9000064601463846C4F77DFF014680463846D3
:10BAA000C4F778FF3146C4F775FF52490646484649
:10BAB000C5F77AF83146C4F76DFF014606464046A1
:10BAC000C4F768FFC0F3C753ABEB030BBBF1190F0F
:10BAD00018DC20604746D4F8008038464146C4F759
:10BAE00059FF3146C4F756FFBAF1000F6060BFF648
:10BAF00056AF08F1004800F10040C4F800806060D3
:10BB00006D424CE73F494846C5F74EF806460146A8
:10BB10004046C4F73FFF014607464046C4F73AFF98
:10BB20003146C4F737FF384906464846C5F73CF862
:10BB30003146C4F72FFF064693E7B8F1FF4F05D310
:10BB40000146C4F727FF6060206008E74FEAE85627
:10BB5000863EA8EBC6584046C5F7ECF9C4F7D0FFBF
:10BB6000014603904046C4F715FF4FF08741C5F7E3
:10BB70001BF80746C5F7DEF9C4F7C2FF014604907B
:10BB800005463846C4F706FF4FF08741C5F70CF865
:10BB900000210590C5F79CF9F0B100212846C5F7B2
:10BBA00097F9002814BF01230223184A01920222A8
:10BBB00000922146324603A800F0AAF8BAF1000F1D
:10BBC0000546BFF6ECAE236803F1004323606368CB
:10BBD00003F10043636093E70323E6E7D80F493F8F
:10BBE000E3CB1640800FC93FD00FC93F43443537E0
:10BBF0000044353708A3852E800F494384F9223F3E
:10BC000090D2040000A3852E32318D2410D304007D
:10BC10002DE9F04120F00045B5F1485F0646884621
:10BC200003D2C5F787F900285CD031463046C4F707
:10BC3000BBFF4FF07C510446C4F7B6FF2B490746C3
:10BC40002046C4F7B1FF2A49C4F7A6FE2146C4F72F
:10BC5000ABFF2849C4F79EFE2146C4F7A5FF26493D
:10BC6000C4F79AFE2146C4F79FFF2449C4F792FE09
:10BC70002146C4F799FF2249C4F78EFE2146C4F736
:10BC800093FF2146C4F790FF414604463046C4F76F
:10BC90008BFF01462046C4F77DFE1A4B9D420446A9
:10BCA0000AD801463846C4F775FE01464FF07E506B
:10BCB000C4F770FEBDE8F081134B9D428CBF134D5D
:10BCC00005F17F4529464FF07E50C4F763FE2946B3
:10BCD00006463846C4F75EFE2146C4F75BFE0146C1
:10BCE0003046E5E74FF07E50E4E700BF4ED747AD62
:10BCF000F6740F317CF29334010DD037610BB63AF4
:10BD0000ABAA2A3D9999993E0000483F0000903E19
:10BD10002DE9F04FDBB002920493649AB44B059086
:10BD200053F822300193049B0091013B0393029B43
:10BD30001A1DC0F29980DC1E48BF1C1DE410671C50
:10BD4000FB000693029B039AA3EBC707019B03EB3F
:10BD50000209659BA4EB02081EAE03EB880A0025CE
:10BD60004FF0000B4D4540F38180049A1EAB03EB6E
:10BD700082050DF58C7B4FF000090023019A914557
:10BD800040F39C8013460AAA02EB83030893659B49
:10BD900003EB8403019C07935AAB03EB84030DF17F
:10BDA000280853F850BC464625464FF087490DF504
:10BDB0008C7A002D00F387803946584600F066FBE8
:10BDC0004FF078510546C4F7EFFE00F0C5FA4FF08A
:10BDD0008241C4F7E9FE01462846C4F7DBFD05466B
:10BDE000C5F7A8F80646C4F78BFE01462846C4F7F7
:10BDF000D1FD002F814640F38380621E0AABC7F15C
:10BE0000080153F8225045FA01F31E448B40ED1A05
:10BE10000AAB43F82250C7F107031D41002D7CDD1A
:10BE2000002201369246944200F3AD80002F05DDDA
:10BE3000012F00F0C580022F00F0CC80022D6CD1C4
:10BE400049464FF07E50C4F7A5FD8146BAF1000F78
:10BE500063D039464FF07E5000F018FB014648464B
:10BE6000C4F798FD814658E0002468E718EB050FF9
:10BE700007D45AF82500C4F743FE46F8040B0135F1
:10BE800070E75846F9E70793059BDAF8001053F876
:10BE90002800C4F789FE01463046C4F77DFD079BA4
:10BEA000064608F10108039A9045AAF1040AEADD62
:10BEB0004BF8046B09F1010904355FE7AA461E46F9
:10BEC0004FF00008EFE74FF06E515846C4F76CFE94
:10BED000C5F730F8C4F714FE49460990C4F764FE6C
:10BEE00001465846C4F756FDC5F724F8013D46F80B
:10BEF000040B5AF825100998C4F74EFD834658E7FD
:10BF000005D1631E0AAA52F823502D1286E74FF07E
:10BF10007C51C4F7FBFF054698BB00214846C4F797
:10BF2000D7FF002800F09E80631E002201998B42FB
:10BF300057DA002A00F08480013C0AAB083F53F82E
:10BF40002430002BF8D039464FF07E5000F09EFA96
:10BF5000A24607460DF58C784FF06E59BAF1000FE6
:10BF600080F2AE8027460022002FC0F2D88046A97A
:10BF7000204B01EB870B90464FF0000AA4EB07091A
:10BF8000C1E002254CE7414651F8043BBAF1000FED
:10BF90000AD173B10132C3F58073944241F8043C75
:10BFA0000BDD0B6808F10801C3F1FF0341F8043C05
:10BFB0000123013288469A4635E74FF0010A35E7FA
:10BFC000621E0AAB53F8223003F07F030AA941F83E
:10BFD000223033E7621E0AAB53F8223003F03F03EE
:10BFE000F4E70AA951F82310013B0A439EE700BF7A
:10BFF00054D6040028D60400013352F8041D002949
:10C00000FAD0049A1EA9A218661C01EB82051C44F2
:10C010000DF58C79B442FFF6BFAE079B53F82600AE
:10C02000C4F76EFDAB4628604FF0000A4FF00008E1
:10C03000039B9A4507DD49F8268004350136E9E778
:10C04000089A0123D9E7059B5BF8040953F82A10E5
:10C05000C4F7AAFD01464046C4F79EFC0AF1010A56
:10C060008046E5E7069B029A4846991A00F00EFAC8
:10C070004FF087418046C4F749FFF8B14FF06E5149
:10C080004046C4F791FDC4F755FFC4F739FD4FF0A2
:10C0900087418146C4F788FD01464046C4F77AFCD3
:10C0A000C4F748FF0AAB083743F824000134484678
:10C0B000C4F740FF0AAB43F8240044E74046F7E7E3
:10C0C0000AAB53F82A00C4F71BFD3946C4F76CFDD0
:10C0D000494648F82A003846C4F766FD0AF1FF3A97
:10C0E00007463BE753F8040B5BF8041B03920293EB
:10C0F000C4F75AFD01464046C4F74EFCDDE9023262
:10C1000080460AF1010A01998A4501DCD145E9DA44
:10C110005AAB03EB8909013F49F8A08C24E7649BE3
:10C12000022B07DC002B4EDC2ED006F007005BB0A4
:10C13000BDE8F08F649B032BF7D10DF1C80B0BEB1F
:10C140008407B846A246BAF1000F49DCA146B9F10E
:10C15000010F60DC0020012C76DC329A339B002D2D
:10C1600078D100990A604B600A469060DDE757F885
:10C170002410C4F711FC013C002CF8DA0DB100F1D9
:10C180000040009B1860D0E7002032AFF4E757F87A
:10C190002810C4F701FC08F1FF38B8F1000FF6DAF7
:10C1A000ADB100F10043009A014613603298C4F724
:10C1B000F1FB4FF0010844450BDA0DB100F10040EE
:10C1C000009B5860B1E7A046002032AFE5E7034688
:10C1D000E9E757F8041FC4F7DFFB08F10108EAE7B5
:10C1E000D8F8003058F8042C0293194610460192F2
:10C1F000C4F7D2FB019A014681461046C4F7CAFB38
:10C20000029B1946C4F7C8FB48F804090AF1FF3A33
:10C21000C8F8009097E757F8043CD7F800A00193BE
:10C2200051461846C4F7B8FB019B014680461846A4
:10C23000C4F7B0FB5146C4F7AFFB47F8040909F156
:10C24000FF39C7F8008082E75BF82410C4F7A4FB2D
:10C25000013C80E7009902F1004203F100430A60CB
:10C260004B600A4600F100407FE700BF2DE9F8432C
:10C2700020F00043B3F1485F04460F46914603D2D5
:10C28000C4F758FE002835D021462046C4F78CFC60
:10C29000054601462046C4F787FC2949064628463C
:10C2A000C4F782FC2749C4F775FB2946C4F77CFC18
:10C2B0002549C4F771FB2946C4F776FC2349C4F726
:10C2C00069FB2946C4F770FC2149C4F765FB804629
:10C2D000B9F1000F11D101462846C4F765FC1D498C
:10C2E000C4F758FB3146C4F75FFC01462046C4F74B
:10C2F00053FB04462046BDE8F8834FF07C51384696
:10C30000C4F752FC414681463046C4F74DFC014615
:10C310004846C4F73FFB2946C4F746FC3946C4F7F4
:10C3200039FB0C4905463046C4F73EFC0146284619
:10C33000C4F732FB01462046C4F72CFBD9E700BF07
:10C34000D3C92E2F342FD7321BEF3836010D503979
:10C350008988083CABAA2A3E70B5C0F3C7557F3D1B
:10C36000162D0146044620F0004626DC002D0FDA8B
:10C370001749C4F711FB0021C4F7D2FD30B1002CDE
:10C3800023DA002E134C08BF4FF0004421461AE078
:10C39000114E2E41304216D00D49C4F7FDFA00214E
:10C3A000C4F7BEFD0028F1D0002CBEBF4FF400033F
:10C3B0002B41E41824EA0604E8E7B6F1FF4F02D364
:10C3C000C4F7EAFA0146084670BD0024DEE700BF64
:10C3D000CAF24971000080BFFFFF7F00004870472C
:10C3E0000000C07FC0F3C7537F3B162B37B5014613
:10C3F000044620F000423BDCEAB1002B4FEAD0704B
:10C400001CDA204AC1F316035B4252F820505B0A43
:10C41000090D03F48003090519432846C4F7BCFA43
:10C42000019029460198C4F7B5FA04F0004420F0C1
:10C43000004040EA0401084603B030BD124A1A41E8
:10C440001142F8D0510814EA520218D024EA01022D
:10C450004FF40011194111430A4B53F82040204674
:10C46000C4F79AFA019001982146C4F793FA04E0C0
:10C47000B2F1FF4FDFD3C4F78FFA0146DBE7214665
:10C48000EAE700BF60D60400FFFF7F0030F0004203
:10C4900038B503460D4604462AD0B2F1FF4F04D307
:10C4A0000146C4F779FA034622E010F0FF4F17D196
:10C4B0004FF09841C4F778FB154A954203460BDBD1
:10C4C000C0F3C7520446193A5119FE290ADD114931
:10C4D000184661F31E0000E00F49C4F765FBE2E770
:10C4E000D20DF1E7002905DD24F0FF4444EAC153F1
:10C4F000184638BD11F1160F01DA0749E8E701F1D6
:10C50000190024F0FF444FF04C5144EAC050E4E7D6
:10C51000B03CFFFFCAF249716042A20D024B0146D6
:10C52000186800F055B800BFAC190020024B014656
:10C53000186800F003B800BFAC19002038B50546F4
:10C54000002941D051F8043C0C1F002BB8BFE4185F
:10C5500000F0DCFB1D4A136833B9636014602846A1
:10C56000BDE8384000F0D8BBA34208D920682118A4
:10C570008B4201BF19685B6809182160EDE71A4614
:10C580005B680BB1A342FAD911685018A0420BD1D5
:10C5900020680144501883421160E0D118685B683C
:10C5A000536008441060DAE702D90C232B60D6E709
:10C5B000206821188B4204BF19685B68636004BF60
:10C5C000091821605460CAE738BD00BFFCC40020D0
:10C5D000F8B5CD1C25F0030508350C2D38BF0C250A
:10C5E000002D064601DBA94203D90C23336000204D
:10C5F000F8BD00F08BFB21490A6814469CB9204F16
:10C600003B6823B92146304600F0CAF83860294615
:10C61000304600F0C5F8431C23D10C23336030466C
:10C6200000F07AFBE3E723685B1B17D40B2B03D9DD
:10C6300023601C44256004E06368A2420CBF0B60C9
:10C640005360304600F068FB04F10B00231D20F01E
:10C650000700C21A1CBF1B1AA350C9E72246646810
:10C66000CCE7C41C24F00304A042E3D0211A3046D6
:10C6700000F096F80130DDD1CFE700BFFCC4002008
:10C68000F8C400200FB40A4B13B51C6824B1A36989
:10C6900013B9204600F06CF905AB049AA168019328
:10C6A000204600F03FFB02B0BDE8104004B07047E8
:10C6B000AC19002038B5084B1C68054624B1A369A5
:10C6C00013B9204600F054F9A26829462046BDE877
:10C6D000384000F081BD00BFAC19002030B50546E0
:10C6E00089B008460C46D1F761F8254B0693012323
:10C6F000CDE904400793184404AB0193022303904F
:10C7000002930DB9AB68FFDEAB6943BB284600F06E
:10C710002FF9AB69AC6823B31A4B9C4225D16C68E6
:10C72000636ED80705D4A389990502D4A06D09F0DA
:10C73000BCFD284601AA214600F098F9636E002846
:10C740000CBF0A254FF0FF35DA0705D4A3899B05F6
:10C7500002D4A06D09F0AFFD284609B030BDAC6829
:10C76000DAE7284600F004F9D6E7074B9C4201D1EE
:10C77000AC68D5E7054B9C4208BFEC68D0E700BF2A
:10C78000B6FD0400A8D6040088D6040068D60400CC
:10C79000024B01461868FFF7A1BF00BFAC1900208B
:10C7A00038B5064D0023044608462B60ECF76EFCB6
:10C7B000431C02D12B6803B1236038BD00C50020A3
:10C7C000024B014618680DF0D7BE00BFAC1900201F
:10C7D00038B5074D00230446084611462B6009F082
:10C7E00051FD431C02D12B6803B1236038BD00BF4B
:10C7F00000C500202DE9F043364E86460D462846FA
:10C8000015F8014B375D17F00807F8D12D2C26D10C
:10C810002C780127851C3BBB302C32D00A234FF0EB
:10C82000FF380026B8FBF3F803FB08F96FEA0909A3
:10C830003046A4F1300CBCF1090F29D86446A3425C
:10C8400037DDB6F1FF3F07D080452FD301D1A14599
:10C850002CDB00FB0340012615F8014BE9E72B2CEC
:10C8600004BF2C78851CD6E7102BD8D1302CD6D11C
:10C87000287800F0DF005828D1D16C7810230235D9
:10C88000CDE72B7803F0DF03582BF6D00823C6E75B
:10C89000A4F1410CBCF1190F01D8373CCFE7A4F14A
:10C8A000610CBCF1190F04D8573CC8E74FF0FF36B4
:10C8B000D2E7731C06D12223CEF80030304632B9BD
:10C8C000BDE8F08307B14042002AF9D006B1691EE5
:10C8D0001160F5E7F144050013460A460146024897
:10C8E0000068FFF787BF00BFAC190020002310B518
:10C8F0000446C0E90033C0E90433836081814366A4
:10C90000C2818361194608225C300DF02DFE054B73
:10C910006362054BA362054BE362054B246223630C
:10C9200010BD00BFF5A7040017A804004FA804001D
:10C9300073A8040001490DF085BE00BF29D403008F
:10C94000014809F0B2BC00BF9C1C0020014809F05E
:10C95000B2BC00BF9C1C0020014809F0A6BC00BF6F
:10C96000B01C0020014809F0A6BC00BFB01C00208C
:10C9700010B50446FFF7F0FFA3691BB1BDE81040F6
:10C98000FFF7F0BFC4E912332365134B134A1B684A
:10C99000A262A34204BF0123A361204600F020F855
:10C9A0006060204600F01CF8A060204600F018F8F7
:10C9B0000022E06004216068FFF798FFA068012270
:10C9C0000921FFF793FFE06802221221FFF78EFF93
:10C9D0000123A361D2E700BFC8D6040035C9030014
:10C9E000F8B50746FFF7ACFF1E4B1E68B36913B9D5
:10C9F0003046FFF7BDFF4836D6E90134013B03D589
:10CA000033680BB33668F7E7B4F90C50D5B9164B59
:10CA1000E36004F15800656609F03DFCFFF796FFFE
:10CA2000C4E90155C4E904552560A56108222946D9
:10CA300004F15C000DF098FDC4E90D55C4E91255F0
:10CA40002046F8BD6834D9E7042138460DF0E4FDEE
:10CA5000044630600028D5D1FFF778FF0C233B60F7
:10CA6000EEE700BFC8D604000100FFFF93682DE980
:10CA7000F74F06460C4691461BB9002003B0BDE8AF
:10CA8000F08F8B89180747D50B69002B44D0B4F978
:10CA90000C30D9F8008013F0020762D113F00103C3
:10CAA00000F093803846BB46BA46BAF1000F00F05A
:10CAB000FA80002800F0018120682169A568636977
:10CAC00057453A4628BF5246884240F203811D44EA
:10CAD000AA4240F3FF8059462A460DF02BFD2368F9
:10CAE0002B4423602146304600F09EFC002867D18D
:10CAF0007F1B40F007812146304600F095FC00285E
:10CB00005ED1D9F808305B1BAB44AAEB050AC9F823
:10CB10000830002BC9D1B0E72146304600F008FCB0
:10CB20000028B4D04FF0FF30A8E7D8E900A508F1FD
:10CB30000808D4F828B0216A002DF6D0BD422B4653
:10CB4000524628BF3B463046D847002838DDD9F842
:10CB500008301B1A82442D1AC9F80830002BE8D17E
:10CB60008BE74FF0000A684F5546E2E7D8E9007AB4
:10CB700008F10808B4F90C302068A268BAF1000F77
:10CB8000F4D0990563D5524536D813F4906F33D05D
:10CB900021696569A0EB010B05EB450505EBD57532
:10CBA0000BF101026D105244954238BF15465B05EA
:10CBB0003DD529463046FFF70BFD48B90C233360BD
:10CBC000A38943F04003A381ACE71F469A46D1E70F
:10CBD0005A46216901900DF08CFCA289019B22F438
:10CBE000906242F08002A281236165615B44A5EB03
:10CBF0000B0523605246A560524528BF5246206867
:10CC0000019239460DF096FCA368019A9B1AA36025
:10CC10002368134455462360D9F808305B1B2F4422
:10CC2000AAEB050AC9F80830002BA3D125E72A464C
:10CC300030460DF026FD03460028D5D12169304647
:10CC4000FFF77CFCA38923F08003A381B6E7236967
:10CC5000834202D36169514515D9524528BF5246D6
:10CC6000394615460DF066FCA36822685B1B2A4412
:10CC7000A3602260002BCFD12146304600F0D4FBC8
:10CC80000028C9D09CE76FF00043534528BF5346A6
:10CC9000A56A93FBF1F33A464B433046216AA84715
:10CCA000051EB9DC8CE7D8F804A0434608F1080853
:10CCB000BAF1000FF7D0D3F800B052460A21584617
:10CCC000C3F71EFA18B10130A0EB0B07F4E60AF126
:10CCD0000107F1E6934208DCA56A216A5A4630460C
:10CCE000A847051E3FF704AF6AE7594601920DF0C9
:10CCF00021FC019AA3689B1AA36023681344236054
:10CD00001546F5E60120FCE600FCFF7F014809F02E
:10CD1000CCBA00BF881C0020014809F0CCBA00BF83
:10CD2000881C00202DE9F04F0D469DB01446984612
:10CD3000064618B183690BB9FFF71AFE874B9D426F
:10CD40001BD175686B6ED90705D4AB899A0502D4DF
:10CD5000A86D09F0AAFAAB891B0701D52B69EBB9BD
:10CD60002946304600F0E4FAC0B16B6EDC070ED500
:10CD70004FF0FF301DB0BDE8F08F794B9D4201D1DF
:10CD8000B568DFE7774B9D4208BFF568DAE7AB8906
:10CD90009805EDD4A86D09F08EFAE9E70023099310
:10CDA00020238DF82930CDF80C803023DFF8B881AE
:10CDB0008DF82A304FF0010923469A4613F8012BCB
:10CDC0000AB1252AF9D1BAEB040B0BD05B462246F7
:10CDD000294630460DF08FFC013000F0A680099AFC
:10CDE0005A4409929AF80030002B00F09E800023EC
:10CDF0004FF0FF32CDE905230AF1010A04930793AE
:10CE00008DF853301A935446574814F8011B0522E5
:10CE1000C3F776F9049BD0B9D90644BF20228DF818
:10CE200053201A0744BF2B228DF853209AF8002074
:10CE30002A2A14D0079A544600204FF00A0C2146A3
:10CE400011F8013B303B092B4AD970B914E0A0EB33
:10CE5000080009FA00F018430490A246D3E7039AA9
:10CE6000111D12680391002A01DB079204E052426F
:10CE700043F002030792049323782E2B0AD16378A0
:10CE80002A2B32D1039B1A1D1B68039243EAE373DA
:10CE900002340593DFF8D4A0217803225046C3F76B
:10CEA0002FF938B1049BA0EB0A00402282401343C3
:10CEB0000134049314F8011B2D488DF82810062224
:10CEC000C3F71EF900283FD02A4B1BBB039B073337
:10CED00023F0070308330393099B3B4409936BE753
:10CEE0000CFB02320C460120A9E700230134059314
:10CEF00019464FF00A0C204610F8012B303A092A47
:10CF000003D9002BC6D00591C4E70CFB01210446D0
:10CF10000123F0E703AB00932A46174B04A93046E0
:10CF2000AFF300800746781CD6D16B6ED90705D4C5
:10CF3000AB899A0502D4A86D09F0BDF9AB895B06EF
:10CF40003FF516AF099815E703AB00932A460A4B45
:10CF500004A9304600F012F8E4E700BFA8D60400A8
:10CF600088D6040068D60400F1450500F7450500A1
:10CF7000FB45050000000000F7A604002DE9FF476F
:10CF80000F7E0C9D782F914680460C469A4601F103
:10CF9000430207D8622F0AD8002F00F0E080582FF4
:10CFA00000F0BB8004F1420684F842703AE0A7F139
:10CFB0006303152BF6D801A151F823F015D0030017
:10CFC00029D00300A5CF0300A5CF0300A5CF030000
:10CFD000A5CF030029D00300A5CF0300A5CF0300F0
:10CFE000A5CF0300A5CF030045D10300B9D00300AE
:10CFF000FBD00300A5CF0300A5CF030067D103003A
:10D00000A5CF0300B9D00300A5CF0300A5CF03002F
:10D0100003D103002B681A1D1B682A6004F1420625
:10D0200084F842300123ABE0236829681F0601F130
:10D030000400286001D50D6803E05E06FBD5B1F958
:10D0400000506168002D7ADA2D20002984F8430011
:10D05000A1602DDA5E486D420A231646B5FBF3F156
:10D0600003FB1157C75D06F8017D2F46BB420D46F5
:10D07000F4D9082B0BD12368DF0708D52369616831
:10D080009942DEBF302306F8013C06F1FF36921BC1
:10D090002261CDF800A04B4603AA214640460DF080
:10D0A0003CFB013071D14FF0FF3004B0BDE8F08798
:10D0B00023F004032360CDE72B682068191D296045
:10D0C000050601D51D6802E04106FBD51D884048D4
:10D0D0006F2F14BF0A230823002184F843106668C9
:10D0E000A660002EB9DB216821F004012160002D2B
:10D0F000B3D1002EB1D11646BBE7236843F020031D
:10D1000023603448782784F84570296823680E1D09
:10D110002E601E0603D50D6804E02D48F3E75D067A
:10D12000F9D50D88D90744BF43F0200323600DB122
:10D130001023D1E7236823F020032360F8E7244875
:10D140000A23CCE72B6826686169181D286035061C
:10D150001B6801D5196002E07006FBD51980002319
:10D160002361164695E72B681A1D2A601E686268BF
:10D1700000213046C2F7C4FF08B1801B60606368BD
:10D180002361002384F8433083E72369324649460C
:10D190004046D047013086D023689B0714D4E0680E
:10D1A000039B9842B8BF18467FE7012332464946A1
:10D1B0004046D04701303FF476AF0135E36803992C
:10D1C0005B1AAB42F1DCEAE7002504F11906F5E74A
:10D1D000130205000246050070B50D4614460646CA
:10D1E00018B183690BB9FFF7C3FB1C4B9C4224D1D8
:10D1F0007468636ED80705D4A389990502D4A06D1D
:10D2000009F053F8A368013B002BA36005DAA2697B
:10D2100093421CDBEBB20A2B19D023685A1C226004
:10D220001D70EDB2636EDA0705D4A3899B0502D4A5
:10D23000A06D09F040F8284670BD094B9C4201D111
:10D24000B468D6E7074B9C4208BFF468D1E729468B
:10D250002246304600F008F80546E3E7A8D6040069
:10D2600088D6040068D60400F8B50E461446054674
:10D2700018B183690BB9FFF77BFB214B9C4210D19E
:10D280006C68A369A360A3891A0701D5236993B9C0
:10D290002146284600F04CF868B14FF0FF37384679
:10D2A000F8BD184B9C4201D1AC68EAE7164B9C4292
:10D2B00008BFEC68E5E723692068C01A6369F6B225
:10D2C0008342374605DC2146284600F0ADF80028A9
:10D2D000E3D1A368013BA36023685A1C22601E703F
:10D2E00063690130834204D0A389DB07D7D50A2EB6
:10D2F000D5D12146284600F097F80028CFD0CCE7BA
:10D30000A8D6040088D6040068D6040038B5074DB6
:10D3100004460846114600222A601A4608F0A4FF77
:10D32000431C02D12B6803B1236038BD00C5002027
:10D33000314B70B51D6806460C4625B1AB6913B973
:10D340002846FFF715FB2D4B9C420ED16C68B4F9B3
:10D350000C301A072CD4DD0611D40922326043F0B8
:10D360004003A3814FF0FF303DE0254B9C4201D1AB
:10D37000AC68ECE7234B9C4208BFEC68E7E7580732
:10D3800012D5616B41B104F14403994202D0304699
:10D39000FFF7D4F800236363A38923F02403A38158
:10D3A0000023636023692360A38943F00803A381FA
:10D3B00023694BB9A38903F42073B3F5007F03D02D
:10D3C0002146304600F07EF8B4F90C3013F001022B
:10D3D0000AD00022A26062695242A261226942B967
:10D3E00013F08000BBD170BD990758BF6269A2607D
:10D3F000F4E70020F7E700BFAC190020A8D604002E
:10D4000088D6040068D6040038B5064D00230446CB
:10D4100008462B6008F02CFF431C02D12B6803B197
:10D42000236038BD00C5002038B50B6905460C46A1
:10D4300013B90025284638BD18B183690BB9FFF729
:10D4400097FA144B9C421BD16C68B4F90C30002B3A
:10D45000EFD0626ED00704D4990502D4A06D08F015
:10D4600024FF284621460DF008FA636EDA070546C8
:10D47000E0D4A3899B05DDD4A06D08F01CFFD9E79B
:10D48000054B9C4201D1AC68DFE7044B9C4208BFCE
:10D49000EC68DAE7A8D6040088D6040068D6040051
:10D4A00038B5074D04460846114600222A601A4640
:10D4B00008F0E1FE431C02D12B6803B1236038BDA4
:10D4C00000C500208B89F7B59D0706460C4607D599
:10D4D00004F14703236023610123636103B0F0BDBE
:10D4E00001AB6A460DF049FA009F054639463046C1
:10D4F000FFF76EF848B9B4F90C309A05EED423F072
:10D50000030343F00203A381E2E70D4BB362A38957
:10D51000206043F08003A381019BC4E904075BB151
:10D52000B4F90E10304600F031F828B1A38923F089
:10D53000030343F00103A381A3891D43A581CDE724
:10D5400035C9030038B5074D044608461146002288
:10D550002A601A4608F084FE431C02D12B6803B1EE
:10D56000236038BD00C5002038B5074D00230446B0
:10D57000084611462B6008F089FE431C02D12B6837
:10D5800003B1236038BD00BF00C5002038B5064D8B
:10D590000023044608462B6008F06FFE431C02D1AE
:10D5A0002B6803B1236038BD00C5002010B50C4CBA
:10D5B000236813B10B4B1B682BB900F099FE30B9EF
:10D5C000084B01221A6001232360002010BD01389E
:10D5D000062801D9044810BD044B53F8200010BDA3
:10D5E00004C5002008C50020FE8FFFFFCCD6040034
:10D5F000BFF34F8F0549064BCA6802F4E06213433C
:10D60000CB60BFF34F8F00BFFDE700BF00ED00E030
:10D610000400FA0510B4094B09490A4C4FF0FE32D8
:10D62000C3F800244968C3F80424C3F80824C3F8E5
:10D630000C240023C4F8003510BC084700B0025089
:10D64000101A002000A00250D0E90012014BC3E9DB
:10D6500000127047101A00202DE9F043144C154EAB
:10D66000002818BF044683B02368B3421CD00D467F
:10D6700020464FF4E07104F10409174604F58E7852
:10D6800000F0E8F8484600F01DFD404600F04AFB77
:10D69000094900972B464A46404600F059FB00B91D
:10D6A000266003B0BDE8F083002003B0BDE8F0833E
:10D6B0000CC50020A5BCC95A4DE1030070B50D4D45
:10D6C000002818BF05461E4628680B4B984282B0BA
:10D6D0000DD105F58E70002500952B46144600F0FF
:10D6E00085FB002818BF2C46346002B070BD03488B
:10D6F000FBE700BF0CC50020A5BCC95AE88FFFFF9F
:10D7000010B5044650B1636813F0685F05D0064A4F
:10D71000934202D000232360626010BD034B044893
:10D720005B689847EFE700BF2C5F5CA9101A0020E8
:10D73000E8D60400C8B143680D4A934213D013F0F1
:10D74000685F0ED0012350E8002F194640E8001C06
:10D750009CF0000FF7D1012AF5D0BFF35F8F0020B6
:10D76000704704487047044870476FF4E0407047C2
:10D770002C5F5CA9E98FFFFFEA8FFFFF80B1436850
:10D78000094A93420AD013F0685F05D0BFF35F8F58
:10D7900000230360184670470448704704487047E8
:10D7A0006FF4E040704700BF2C5F5CA9E98FFFFF7A
:10D7B000EA8FFFFF10B5044620B1044B63600022DE
:10D7C000226010BD0248FFF725FFF6E73A00003A55
:10D7D00010D7040070B5D0E90023154C154D6360D7
:10D7E000D0E90230C4E902302260134B08681860A7
:10D7F0004868586088689860D1E90301D860196169
:10D80000D5F8183113F0685F10D00C49C5F8BC1179
:10D810000023C5E9453105F58A70C5F8B831904750
:10D82000236805F5DC70BDE87040184770BD00BF87
:10D83000201A00200CC50020301A00202C5F5CA9A3
:10D8400038B131B1014400220346013081421A70DF
:10D85000FAD1704738B131B101440022034601309A
:10D8600088421A70FAD170472DE9F04FB7B0B2F57F
:10D87000C07F059000F2478114460D464FF4D072E8
:10D880000021A2480CF070FE19A801F0CFF99F48C2
:10D890000023038263BA438220232946C3750546C9
:10D8A000224618300CF025FE2B46234480221A769F
:10D8B000974B0D9303F104330E9303F104330F934D
:10D8C0000DA903F1043319A8109301F0C5F9054619
:10D8D000002840F0F48004F1190306930DF12008AC
:10D8E00011AB04930793C1461022002148460CF067
:10D8F0003BFEDFF820A2069B0093CDF80C901AF8AF
:10D90000080C1AF8073C1AF8102C9DF820509DF8C6
:10D9100028E09DF829C01AF8046C1AF80C1C9DF830
:10D9200024409DF82CB09DF82D706A408EEA000EC0
:10D93000009D9DF82A0002928CEA030C1AF8063C1E
:10D940001AF80F2C102D80EA03002B468CBF103BD9
:10D950006B1B00939DF821501AF8033C1AF80E9C9B
:10D960001AF80A8C61405F4000246A408BEA060B7B
:10D970009DF825501AF8026C1AF80B3C01962646C1
:10D980006B406BF30706254667F30F262F4661F3BE
:10D990000707029961F3070562F30F259DF822201E
:10D9A0001AF80D1C63F30F2782EA09099DF8263047
:10D9B0009DF8232083EA08084A409DF827301AF88A
:10D9C000091C6EF307044B4068F317476CF30F24F0
:10D9D00063F31F67039B9DF82EC0DDF804E01AF87F
:10D9E000018C8CEA0E0C6CF317469DF82FC01AF8C8
:10D9F00005EC8CEA080C6CF31F6669F317459DF87B
:10DA00002BC00B9662F31F6560F3174408958CEAF0
:10DA10000E0565F31F641A46012119A80AF1100AC0
:10DA2000CDE9097401F032F9002868D1009B002B80
:10DA30007FF465AF079CDDF80C902046102210346F
:10DA4000494607940CF055FD304AD3780133D37022
:10DA500019AB9C427FF448AF04998022184601F02C
:10DA6000FBF8C846054670BB059C04F1200615ABC3
:10DA70001A46012119A801F009F91022054610BB28
:10DA8000204615A910340CF034FDB442EFD119A88A
:10DA900001F0DCF81D484FF4D071FFF7DBFE04986D
:10DAA0002021FFF7D7FE0DA81021FFF7D3FE404637
:10DAB0001021FFF7CFFE284637B0BDE8F08F11AB3D
:10DAC00004930DF1200819A801F0C0F80F484FF495
:10DAD000D071FFF7BFFE04982021FFF7BBFE0DA811
:10DAE0001021FFF7B7FE40461021FFF7B3FE05985F
:10DAF0002021FFF7AFFE284637B0BDE8F08FDDF8F4
:10DB00000C800546DFE76FF03705F4E7DCC6002040
:10DB100000010203ECC600202DE9F04188B0044664
:10DB20000D462022002168460CF01EFD04F120065F
:10DB30006F46E27B0132D2B2E273002A4DD1A27B62
:10DB40000132D2B2A273002A47D1637B0133DBB228
:10DB50006373002B41D1237B0133DBB22373002B92
:10DB60003BD1E37A0133DBB2E372002B35D1A37AE8
:10DB70000133DBB2A372002B2FD1637A0133DBB206
:10DB8000637253BB237A0133DBB223722BBBE3797D
:10DB90000133DBB2E37103BBA3790133DBB2A371C1
:10DBA000DBB963790133DBB26371B3B92379013334
:10DBB000DBB223718BB9E3780133DBB2E37063B975
:10DBC000A3780133DBB2A3703BB963780133DBB2D6
:10DBD000637013B92378013323703B462246012139
:10DBE000304601F053F8804650BB103708AB9F42D7
:10DBF0009FD1009A2B68069953400093019A6B6855
:10DC000053400193029AAB6853400293039AEB6826
:10DC100053400393049A2B6953400493059A6B690C
:10DC20005340AA6905934A40EB690692079A304629
:10DC3000534069468022079301F00EF8804638B1C0
:10DC400068462021FFF706FE404608B0BDE8F08197
:10DC500010220DEB020120460CF04BFCF0E700BF58
:10DC60002DE9F84304468069B0F5C07F52D81D46BF
:10DC7000C0F5C073AB424DD3C5F5C073181A9042BE
:10DC8000164647D3DFF898904FF4C0720F464846C7
:10DC900000210CF069FCD4F89430A269D4F8980003
:10DCA00049469847002838D1D4F818803DB1D4E9C6
:10DCB00025302A4609EB0801984770BBA84407B1F4
:10DCC000C6B9174942460846FFF7CEFD054638B1AA
:10DCD00013484FF4C071FFF7BDFD2846BDE8F88337
:10DCE0000F492046FFF718FF05460028F0D1012311
:10DCF0002361EDE709EB0800394632460CF0F9FBE9
:10DD00000749B04442460846FFF7AEFD05460028E5
:10DD1000DED1E5E76FF03705DFE76FF03305DCE7CD
:10DD20007CC8002010B5A422044600210CF01CFC85
:10DD3000064B4FF0FF314FF6F0722161E26104F1C2
:10DD40009C001B68BDE81040184700BF741A0020F3
:10DD50002DE9F04385B005460F46164600211022F6
:10DD6000684699460CF000FC1E4B05F19C081B68A8
:10DD70004046984720B10446204605B0BDE8F083F0
:10DD800005F12004204600F051FFC5E92576AE6973
:10DD90002B69EEB92022002BAA6120DB1E4620460B
:10DDA0006946802200F058FF044630B90C9A334689
:10DDB00049462846FFF754FF04460B4B40461B6874
:10DDC0009847002818BF0446204605B0BDE8F083F8
:10DDD000002BE3DA172E02D801367608DFE700269B
:10DDE000DDE700BF781A00207C1A00202DE9F04FF3
:10DDF0008DB0B2F5806F169F00F2E380B7F5807F9B
:10DE000000F2DC80044615460E462022002104A8BC
:10DE100098460CF0A9FB6C4B04F19C091B68484622
:10DE200098478346002840F092802269E3699A422D
:10DE300000F391806369002B40F08D80002F40F04B
:10DE4000A980DFF888A16F46002D00F0988004F1CA
:10DE500020086F460EE0102DAB4628BF4FF0100B88
:10DE600030465A4639460CF044FBB5EB0B055E4490
:10DE700000F08580E37B0133DBB2E373002B4DD1EF
:10DE8000A37B0133DBB2A373002B47D1637B013348
:10DE9000DBB26373002B41D1237B0133DBB22373ED
:10DEA000002B3BD1E37A0133DBB2E372002B35D197
:10DEB000A37A0133DBB2A372002B2FD1637A013333
:10DEC000DBB2637253BB237A0133DBB223722BBB09
:10DED000E3790133DBB2E37103BBA3790133DBB236
:10DEE000A371DBB963790133DBB26371B3B9237911
:10DEF0000133DBB223718BB9E3780133DBB2E3701A
:10DF000063B9A3780133DBB2A3703BB96378013303
:10DF1000DBB2637013B92378013323703B4622468A
:10DF20000121404600F0B2FE8346002893D0DAF883
:10DF30000030484698472021034604A8002B18BF0C
:10DF40009B46FFF787FC10213846FFF783FC5846B5
:10DF50000DB0BDE8F08F3A46414600232046FFF75A
:10DF60007FFEDFF868A000283FF46DAFDAF80030DC
:10DF700048469847834600283FF465AFE7E704A981
:10DF80002046FFF7C9FD83460028D0D1236901331D
:10DF90002361CCE73A46414604A8FFF765FC834677
:10DFA00018B1DFF828A06F46C1E704A92046FFF7A3
:10DFB000B3FD834600283FF444AFF2E76FF0370B20
:10DFC000C5E76FF0350BC2E7781A00207C1A0020F5
:10DFD0002DE9F043202B8BB01D460646884691461E
:10DFE00026D8DBB202AF8DF80480B0468DF805303C
:10DFF00058F8041B21B9404600F08CFE044640B995
:10E0000001233360022201A9404600F097FE044636
:10E0100038B138462021FFF71DFC20460BB0BDE883
:10E02000F0832A464946404600F088FE0446F0E761
:10E0300002AF1946104600233A4601F007F804469D
:10E040000028E6D12023B9461D46CCE7F0B5D0F82C
:10E05000F830A7B0002BD8BF02AE2CDDD0F80C41B1
:10E060000546002302AE0193A4F10107D0F8000198
:10E07000D5F8FC4001AB90223146A047B7FA87F7AC
:10E080007F09044610B9019B3BB9A7B130469021E6
:10E09000FFF7E0FB204627B0F0BD01463246284698
:10E0A000FFF796FF50B9D5F80431019A1344C5F82B
:10E0B0000431002FEAD16FF03C04E7E70446204624
:10E0C00027B0F0BD70B50025044604F5887614220B
:10E0D0002946C0F8F850FC300CF046FA08222946D0
:10E0E00030460CF041FA154B30461B6898472046E5
:10E0F00040F8045B00F0F4FD114B30461B68984774
:10E10000D8B9D4F8F830AB4211DC03EB830204EB4E
:10E1100082022021C2F808110121C2F80C1101333A
:10E120000849C2F80001C2F8FC10C4F8F830064BE8
:10E1300030461B68BDE87040184770BD741A002057
:10E14000781A002031EB03007C1A00202DE9F047FB
:10E15000202A88B076D83D4B00F588791B680446A4
:10E1600048461746884698470546A0BBD4F8F8307D
:10E1700040F2011601E0013E60D020467BB3FFF77C
:10E1800065FF054668BBD4F8F830002BF3DDD4E911
:10E1900041029042EFD3D4F80C21012AEBD11F2881
:10E1A000E9D96E4629462022304604F1040A0CF0D3
:10E1B000DBF93146504600F0EBFD054698B12021D1
:10E1C0003046FFF747FB224B48461B68984700281C
:10E1D00018BF6FF01D05284608B0BDE8F0876FF046
:10E1E0003F056E46EBE7504600F08EFD504600F0CE
:10E1F00077FD2946504600F08DFD05460028DED10A
:10E2000050462022314600F099FD05460028D6D11F
:10E21000034632462021304600F018FF054600280C
:10E22000CDD1D4F8F830002BC4BF0023C4F804319A
:10E230003A46404631460CF05CF9C0E76FF03B05CA
:10E240006E46BCE76FF03B05C5E700BF781A0020BB
:10E250007C1A002030B58DB00021282202A801913F
:10E260000CF082F902A800F019FF044610B1204614
:10E270000DB030BD184D4FF0FF31286800F046F961
:10E280000446C0B9002000F071F900BB134A02A98E
:10E2900001A800F03FFC0446012000F067F990B9A6
:10E2A000286800F03BF90028E1D00D48FFF7B2F9EB
:10E2B00020460DB030BD0B48FFF7ACF9012C08BF6C
:10E2C0000524EDD0DEE70848FFF7A4F9E8E70748A2
:10E2D000FFF7A0F9DAE700BF701A002068CA002033
:10E2E0008CD7040034D704006CD704004CD704004A
:10E2F00030B583B000F05CF828B100F0ABF803242F
:10E30000204603B030BD00F077F8D8B900F02EF900
:10E31000E0B9224CD4F828391B0EF02B0AD1D4F8DE
:10E32000242A1F4B9A4231D000F044F8072400F011
:10E3300091F8E5E700F03EF800F08CF8062420465E
:10E3400003B030BD0424204603B030BD00F032F8E5
:10E3500000F080F8FFF77EFF044698B9114D2B6856
:10E36000002BCDD102460146FFF776F950B90E4990
:10E3700001AB6822FFF7A2F920B90C4B2B602046B5
:10E3800003B030BD0524204603B030BD012000F0AD
:10E39000EDF80028DAD1C4F80C0ADBE700B002502F
:10E3A0000000E02064CA0020FCC900205AEA5A5A42
:10E3B0000020704700207047430504D5044B4FF000
:10E3C000FF32C3F80821024BC3F8080A704700BFA8
:10E3D00000B00250014BC3F8040A704700B002506D
:10E3E00008B100F06BB84FF47500704708B100F049
:10E3F0004FB84FF47500704710B5114800F072F82F
:10E4000000B110BD0F4800F06DF80028F9D10E4C96
:10E41000204600F067F80028F3D10C4B0C481C6034
:10E4200000F060F801460028EBD100F02DF804461A
:10E4300008B1204610BD00F07BF82046FAE700BF87
:10E440006C1A0020601A0020681A0020701A002040
:10E45000641A002008B5084800F04EF8074800F09C
:10E460004BF8074800F048F8064800F045F8BDE8CA
:10E47000084000F00BB800BF6C1A0020601A0020A2
:10E48000681A0020641A002000207047704700BFFF
:10E4900010B4094C0246D4F8003A1342FBD021B123
:10E4A000D4F804310B60C4F80831034BC3F8082AD0
:10E4B000002010BC704700BF00B00250044AD2F8E0
:10E4C000003A1842FBD0C2F8080A0020704700BF8B
:10E4D00000B002500CF02EB80CF046B80A460021ED
:10E4E0000CF042B808B5034B02681B6810689847E7
:10E4F000002008BD201A002008B5034B02685B68A5
:10E5000010689847002008BD201A0020024B0268BE
:10E510009B681068184700BF201A002008B5034BFD
:10E520000268DB6810689847002008BD201A0020A8
:10E5300070B5094C094D2069AB68984718B1084B74
:10E5400008485B689847084AEB6820690021116019
:10E55000BDE87040184700BF301A0020201A002084
:10E56000101A0020A4D7040088CC0020F8B51A4D5A
:10E570001A4E0446B26828699047E8B9184F3B68BC
:10E580004CB1A3B1012B19D0013B3B602869F36862
:10E5900098470020F8BD43B9124A0121C2F800157E
:10E5A0001149D1F81029002AFBD101333B60F368EF
:10E5B000286998470020F8BD0C48F8BD0A4AD2F8EF
:10E5C0001039002BFBD1074A6FF07E40C2F80035AE
:10E5D000FFF700FF3B68D7E7301A0020201A002021
:10E5E00088CC002000A0025000B00250E98FFFFF4D
:10E5F000014B1B68184700BF201A0020014B9B6885
:10E60000184700BF201A0020014BDB68184700BFE5
:10E61000201A0020002800F084802DE9F0430C46E9
:10E6200083B0002978D01D46002B75D007461AB15B
:10E63000012200232A6003602B68002B67D0294643
:10E64000204600F0E9FD0346002861D128682146F4
:10E6500000F0C4FD034600285AD12A68082A72D067
:10E66000042A73D0A2F10208B8FA88F84FEA5818C1
:10E67000384E0120C6F8C401C6F84001C6F8C401EE
:10E68000626AC6F83021D6F830118A42F6D14FF0CE
:10E69000000901934FF0FF30C6F82C91FFF78CFE74
:10E6A0006FF01B02C6F800214846FFF793FEC6F83C
:10E6B0000C81D6F8040A40F48060FFF78BFE0A2232
:10E6C000C6F838210A9B012B019B2DD022692249D3
:10E6D000A1FB02121209616A01FB02F202EB420283
:10E6E0001C49D2039209C1F8D8210122C1F82C217A
:10E6F0003A68296822F07F4242EA01623A6029685A
:10E70000184642EA01223A6003B0BDE8F083134B99
:10E71000184603B0BDE8F083114B184603B0BDE8BE
:10E72000F0830F4B184670474FF08052D2F80C1C04
:10E73000013106D0D2F80C2C0749A1FB02121209B4
:10E74000C9E71622C7E74FF0030891E74FF0020828
:10E750008EE700BF00B00250ABAAAAAA310CF100AC
:10E76000350CF10070B5C90000244E1E4FF0010CAD
:10E770002546A64608E09E4515D00125B44517D884
:10E7800001340CF1010C9E46630904F01F0150F89E
:10E7900023301F2923FA01F318BF03F00103002CD3
:10E7A000E9D10125ECE701359542E7D1014870BD7B
:10E7B000002070BD360CF10000283FD02DE9F0415B
:10E7C0004C1EB4F5047F28D23BB332B34FF0000E99
:10E7D000CF0076467546744603F1FF38610904F0B0
:10E7E0001F0C50F82110BCF11F0F21FA0CF118BFBB
:10E7F00001F00101A4B1AB4218D08E4208BF0EF166
:10E80000010EA84515D0013531460134BC4201D076
:10E810000E46E3E70020BDE8F0810948BDE8F0813D
:10E820004FF0010E744675460E46D7E70125AE46F9
:10E83000EBE77245F1D331461D46E6E700487047E5
:10E84000370CF1002DE9F04F91B00D46DDE91B4189
:10E85000814600294CD1286906901A981C60002333
:10E860000360002A00F024819D4B6A6AD3F83811B6
:10E87000D3F830319A4247D10A2945D199F803306B
:10E88000089304F10803069A0793964B944CA3FB54
:10E8900002139B0803EB4303A2EB430303930423FC
:10E8A00005931A9B069E1E60002E33D0DDF81C8057
:10E8B00000274FF0010A00F0BFFC00230993B9F1D3
:10E8C000000F00F0DF80002D00F0DC80089BEBB132
:10E8D00008A9284600F0A0FC00283ED0824B9842B0
:10E8E00018D1039000F0A8FC039811B0BDE8F08F98
:10E8F0004FF08050D0F80C6C013614BFD0F80C0CDF
:10E900004FF404700690A8E77848EAE77848764B19
:10E910009842E6D0089B082B00F0C8805B000022DC
:10E920000893009208AB29464846FFF773FE704BE8
:10E93000984200F0B7800028D3D1D9F80020130AFC
:10E9400003F47F03134323F07F43C9F80030059B92
:10E95000013B0593A5D10020C3E70898294600F0A4
:10E960003DFC0028BAD1089B082B00F09580042BB1
:10E9700000F09580A3F10203B3FA83F35B090493DB
:10E98000C4F8C4A1C4F840A1C4F8C4A16B6AC4F817
:10E990003031D4F830219342F6D14FF0000BC4F857
:10E9A0002CB14FF0FF30FFF707FD6FF01B03584607
:10E9B000C4F80031FFF70EFD049BC4F80C31D4F805
:10E9C000040A40F48060FFF705FD0A23C4F83831DB
:10E9D0002B69ABF1553BABFB03236A6A1B0902FBB6
:10E9E00003F303EB4303DB039B09C4F8D831C4F8FA
:10E9F0002CA10899D9F800200B0222F07F4243EAAB
:10EA000001631343C9F8003009A800F0D7FB099B44
:10EA100003F01A0303437FF47DAFABFB063BD4F84E
:10EA200014310A93D4F818310B93D4F81C310C9399
:10EA3000D4F820310D93D4F824310E93D4F8283132
:10EA40000F93B7EB9B0F01D1039BEBB94046182204
:10EA50000AA9183E08F11808FFF73CFD0137002EFF
:10EA60007FF429AF069BB3F5047F36D8079E6A6909
:10EA7000194630461F46FFF775FE20B31A9A002349
:10EA800013602BE71B4829E740461A460AA9F61AE5
:10EA90009844FFF71FFDE1E70323049370E7022387
:10EAA00004936DE72B6A002B3FF41BAF124818E765
:10EAB000009108AB012229464846FFF7ABFD00282C
:10EAC0003FF4DFAE0DE7AA694FF480633946304664
:10EAD000FFF772FE0028D1D13DE71A9B1E6019E7AF
:10EAE00000B00250ABAAAAAA020CF100300CF1004F
:10EAF000310CF100350CF100320CF10010B4DDE9FD
:10EB000001340194039C02940024039410BCFFF789
:10EB100099BE00BF10B586B005AB0124CDE9012434
:10EB20000093002204ABFFF78DFE06B010BD00BFBE
:10EB3000F0B589B00592002964D01C46002B61D045
:10EB40001546002A5ED0314F0E4638684FF0FF312F
:10EB5000FFF7DCFC00284BD10020FFF707FD002861
:10EB600042D12B4800F09AFAD8B101204FF0FF367D
:10EB7000FFF7FCFC002833D126484FF40871FEF75C
:10EB80005FFE25480421FEF75BFE21482821FEF7A1
:10EB900057FE3868FFF7C2FC00282DD1304609B077
:10EBA000F0BD1C4B029307AB03900246009318493B
:10EBB0001948019405ABFFF7A1FF03460028D4D103
:10EBC0002268AA42D1D30799304608312A461E4608
:10EBD000FFF780FC25600120FFF7C8FC0028CBD0A0
:10EBE0000E48FEF717FDC7E70D48FEF713FDB8E71F
:10EBF0000C48FEF70FFDAFE70B48FEF70BFD304664
:10EC000009B0F0BD4FF0FF36C8E700BF701A002012
:10EC1000B0CE002090CC00208CCC00206CD704001B
:10EC20004CD7040034D70400C4D7040010B5044600
:10EC300030B100220123C4E91522C4E9173310BD05
:10EC40000148FEF7E7FCF4E7DCD7040018B17422B2
:10EC50000021FFF741BC704790B1A1B110B5802AE7
:10EC60004FF00004846380F83C4006D11022046316
:10EC70001044FFF72FFC204610BD6FF01F0010BDA1
:10EC80006FF0210070476FF01F00704728B322B368
:10EC90001BB3012921D870B50446816B86B017D00B
:10ECA000012917D1102500210DEB050661631046DF
:10ECB0000095019602AA294600F0CAFA50B92B46DF
:10ECC000324602A9204600F04BFD18B906B070BDCF
:10ECD0000029E7D06FF02100F8E76FF021007047BE
:10ECE00010B5044628B12046F421BDE81040FFF7D6
:10ECF000F5BB0448FEF78EFC2046F421BDE8104029
:10ED0000FFF7ECBBF0D7040010B1F421FEF798BD7B
:10ED1000704700BF08B561B1012907D1022100F099
:10ED20005BF8002818BF6FF0360008BD6FF03600A2
:10ED300008BD012100F050F8F3E700BF30B50546EB
:10ED40008818B0F5801FA1B00B46144601D8802A60
:10ED50000CD9B3F5801F17D922461946284600F072
:10ED60007DF8044684B9204621B030BD6846FFF7DF
:10ED7000B1FB22466946284600F070F8802104461F
:10ED80006846FFF7ABFBEDE76FF03604EBE700BF3B
:10ED900070B5E8B10E46D9B1044600F031F8054629
:10EDA000B0B92368012B0BD0022B01D0284670BDCF
:10EDB0001C2204F108013046FFF78CFB284670BD89
:10EDC000202204F108013046FFF784FB284670BD7D
:10EDD0006FF03605EAE700BF78B138B504460D4656
:10EDE000F021FFF77BFB40232560E365204600F020
:10EDF00063FA003818BF012038BD0120704700BFFA
:10EE000070B5056EA4B0044604AEE5B90122002336
:10EE100062603046CDE9003302AA294600F018FAB4
:10EE200010B1012024B070BD2A4602A9204600F08E
:10EE30006DFA0028F5D1204600F07EFB0028F0D1C5
:10EE4000206624B070BD802D2A4600F1640128BFE1
:10EE500080223046FFF73EFB256ED7E7002800F002
:10EE6000CD802DE9F04F1546A5B0002A00F0B48002
:10EE70000F46002900F0AC80B2F5803F0646006ED8
:10EE80007DD34FF6FF7806F1640914E08342BA4659
:10EE90004FF6FF7429D0B4FBF3FB03FB0BFBBBF174
:10EEA000000F44D1A5F57F454744FF3D002C59D1C3
:10EEB000B5F5803F63D3F36D1C1AB4FBF3F203FB8B
:10EEC0001244002CE2D0444528BF44462246484420
:10EED0003946FFF7FFFA306EF36D2044834207EBAB
:10EEE000040A3066A8EB0404D5D1802B28BF802308
:10EEF0001A46494604A8FFF7EDFA0023CDE900338E
:10EF000002AAF16D04A800F0A3F9002860D1F26D07
:10EF100002A9304600F0FAF9002859D1F36DB4FB8C
:10EF2000F3FB03FB0BFB3066BBF1000FBAD00023F1
:10EF3000CDE9003302AA5946504600F089F900286D
:10EF400046D102A95A46304600F0E0F900283FD1E8
:10EF5000A5F57F45A4EB0B04306EDA444744FF3D32
:10EF6000002CA5D01930514606EB80002246FFF751
:10EF7000B1FA306EB5F5803F204430669BD2F26D19
:10EF8000141AB4FBF2F302FB1344AC4228BF2C4624
:10EF900034BB904234D0B5FBF2F402FB04F46CB9FC
:10EFA000D5B1336E193306EB83002A463946FFF795
:10EFB00091FA336E2B44002033660AE00023CDE93A
:10EFC000003302AA2146384600F042F9002833D027
:10EFD000012025B0BDE8F08F284625B0BDE8F08FB0
:10EFE00006F16403394622461844FFF773FA306E7F
:10EFF000F26D20442D1B27443066CAE7012070477C
:10F00000802A28BF802206F1640104A8FFF762FA73
:10F010000023CDE9003304A8F16D02AA00F018F92D
:10F020000028D5D1F26D02A9304600F06FF9002812
:10F03000CED1F26D3066AEE702A92246304600F02E
:10F0400065F90028C4D127442D1BA9E7F8B51C4653
:10F05000054611480E461746FFF742FE21460E4868
:10F06000FFF758FE044620B10B48FFF74DFE20463F
:10F07000F8BD094832462946FFF760FE04460028DD
:10F08000F2D139460448FFF783FE04460248FFF7F1
:10F090003BFE2046F8BD00BFD8CE002030B583B07F
:10F0A0001C2301A90446019300F034F8054638B941
:10F0B000019B1C2B07D0154D1C212046FFF70EFA93
:10F0C000284603B030BDD4E900320121003BE161A4
:10F0D00018BF01230AB143F00203A26832B9E26803
:10F0E00042B9C4E908327BB9094DE5E7E26843F06B
:10F0F00004033AB143F0080300222846C4E9083269
:10F1000003B030BDC4E908321546D9E7370CF0002A
:10F110000E0CF00018B111B10B681C2B01D00120AE
:10F1200070474FF08053D3F8102C013214BFD3F83E
:10F13000102C41F25C224FF080530260D3F8142C63
:10F14000013214BFD3F8142C41F664124FF08053EF
:10F150004260D3F8182C013214BFD3F8182C40F6B3
:10F16000D8624FF080538260D3F81C2C013214BF58
:10F17000D3F81C2C41F288324FF08053C260D3F890
:10F18000002C013214BFD3F8002C90224FF0805392
:10F190000261D3F8042C013214BFD3F8042C51229D
:10F1A0004FF080534261D3F8082C013214BFD3F8DA
:10F1B000083C40F2373383610020704708B50146B0
:10F1C0004FF48060FFF712F9034B0022C3F8C82107
:10F1D000C3F82C2108BD00BF00B002500138072839
:10F1E00005D8DFE800F0120E040A040404060948FA
:10F1F0007047CB684B62002070478B684B620020E1
:10F2000070474B684B62002070470B684B620020D0
:10F21000704700BF310CF1000B6802E0082B0B6057
:10F2200006D8026A13424FEA4303F7D00020704722
:10F2300000487047310CF100044B0022C3F82C2128
:10F240004FF48060C3F8C421FFF7B6B800B0025095
:10F25000F0B583B01D46B0F1005F4FF000038DF8AC
:10F26000073024D38C468444BCF1804F04461ED81A
:10F2700017460DF10703012200F068FE0646B0B9FB
:10F28000099A9DF807303C603B7192B14DB102463E
:10F2900008990DF10703284600F058FE38B99DF88B
:10F2A0000730099A30461560137103B0F0BD4FF472
:10F2B0007506304603B0F0BDE8B110B50468012C06
:10F2C00004D0022C10D044B10C4810BD0C492022AF
:10F2D0000830FFF7FFF8002010BD0A49142208305B
:10F2E000FFF7F8F8204610BD074920220830FFF745
:10F2F000F1F8002010BD4FF4730070470100F300D7
:10F3000034D8040000D8040014D804002DE9F843D0
:10F31000002900F0F9800446002800F0F980036815
:10F3200090460F46002B00F0C380013B012B00F2FA
:10F33000D78079484FF0FF314FF00209FFF7E6F828
:10F34000002840F0BF800020FFF710F90646002893
:10F3500040F0C280714AD2F81C39002BFBD16F4DAE
:10F36000D5F8203C002BFBD14FF0FF30FFF724F8FD
:10F37000D5F8040A20F04000FFF72CF801230722FB
:10F38000C5F81838C5F80029C5F8C437A36CC5F806
:10F39000CC37E36CC5F8D037C5F8C09723685BB1AC
:10F3A000013B012B18D8636AC5F85C36236AC5F89F
:10F3B0005836E369C5F85436584BA269C3F850264D
:10F3C0006269C3F84C262269C3F84826E268C3F88C
:10F3D0004426A268C3F84026504AD2F81039002BC0
:10F3E000FBD1B8F1000F5FD06368012B08BFC2F8F2
:10F3F00084364A4B3A68C3F8282C4020C3F82C8C3A
:10F40000FEF7EEFF0646454AD2F81039002BFBD135
:10F41000424AD2F8203C002BFBD123685BB1013B70
:10F42000012B18D8D2F85C366362D2F858362362C2
:10F43000D2F85436E361394BD3F85026A261D3F8A1
:10F440004C266261D3F848262261D3F84426E26054
:10F45000D3F84036A360314AD2F8CC17A164D2F871
:10F46000D017E16400230121C2F8C417C2F8843622
:10F47000C2F8C837D2F81039002BFBD1C2F81838BF
:10F48000002E3BD1254BD3F8040A40F04000FEF794
:10F49000A1FF0120FFF76AF860BB1F48FFF73EF8A5
:10F4A00010BB3046BDE8F8830423C2F8C837AAE78A
:10F4B00019484FF0FF314FF00109FFF727F80028F6
:10F4C0003FF441AF1648FEF7A5F80020FFF74EF8CD
:10F4D000064600283FF43EAF1248FEF79BF839E796
:10F4E000114E3046BDE8F8831048FEF793F83046D9
:10F4F000BDE8F8830E48FEF78DF8CEE7102104F141
:10F500000800FEF7EBFFBDE70A4E3046BDE8F88382
:10F510004FF47306C5E700BF6C1A002000B002501C
:10F5200034D704004CD704000100F3008CD704004A
:10F530006CD704000300F30098B370B4D0E9024123
:10F54000D0E9042326BA0DBA14BA19BAD0E90623B1
:10F5500012BAC0E904418261D0E90842C0E90265FB
:10F560001BBA25BAC0E9073514BAD0E90B23816A62
:10F5700012BA09BAC0E90941C262D0E90D421BBA08
:10F5800025BAC0E90C3514BAD0E91023C16B12BA00
:10F5900009BA1BBAC0E90E41C0E91023002070BCB3
:10F5A00070474FF473007047002846D090F83C3005
:10F5B000002B33D0032B10B513D02148214C2268E7
:10F5C000214B1268C3F8002422685268C3F804244F
:10F5D00022689268C3F808242268D268C3F80C2411
:10F5E00010BD016B006C174C00F0ACFB0028E6D19D
:10F5F0002268154B1268C3F8002422685268C3F8C9
:10F60000042422689268C3F808242268D268C3F8E8
:10F610000C2400F0A3FB0028D1D110BD0A4A0169D7
:10F62000C2F800144169C2F804148169C2F80814D0
:10F63000C169C2F80C14184670474FF47100704746
:10F640000900F1005C1A002000B00250374A38B5BA
:10F650000446D2F81039002BFBD1344AD2F870346A
:10F66000002BFBD1314AD2F8203D002BFBD12F4A91
:10F67000D2F8203C002BFBD12C4AD2F8383D002B8D
:10F68000FBD12A4DD5F8383C002BFBD14FF0FF3091
:10F69000FEF792FE636BD5F8040A23F00403032BF4
:10F6A000E36D39D0012B0CBF20F0800020F020004A
:10F6B000FEF790FE1D4A0123C2F80039D2F8103936
:10F6C000002BFBD1194AD2F87034002BFBD117491B
:10F6D000C2F8BC34D1F81039002BFBD1134AD2F850
:10F6E0007034002BFBD1626B22F00401032918BF98
:10F6F000A36B0E494FEA820218BF03F0010302F028
:10F700001C021343C1F8C034636B072B04BF0123F1
:10F71000C1F87C34002038BD012B0CBF20F0400024
:10F7200020F01000FEF756FEC4E700BF00B0025004
:10F73000094A0A4B11680968C3F80014116849683E
:10F74000C3F8041411688968C3F808141268D268F1
:10F75000C3F80C24704700BF5C1A002000B00250B0
:10F760002DE9F04F85B0002900F0A3809046002AD3
:10F7700000F09F800546002800F03C819946C36D4B
:10F780000E46002B51D1B9F5805F53D295F83C302D
:10F79000042B00F012810027A6484FF0FF31FEF73E
:10F7A000B5FE002840F0E8800020FEF7DFFE0028CC
:10F7B00040F0EB80A0480123C0F81038D0F8104981
:10F7C000002CFBD16B6B032B39DC002B3ADA9B4C02
:10F7D000994AD2F81039002BFBD1002F40F0E48079
:10F7E0006B6BEA6D23F00403032B934BD3F8040AED
:10F7F00056D0012A0CBF40F0800040F02000FEF7F8
:10F80000E9FD8D4B0022C3F810280120FEF7AEFE63
:10F81000002840F0C5808748FEF780FE002840F0B1
:10F82000B880204605B0BDE8F08F012BAED1B9F508
:10F83000803FABD3824C204605B0BDE8F08F063B3D
:10F84000012BC4D8AB6B012B00F2D280EB6D012BE6
:10F8500034D82B6E012B00F222812846FFF7F6FEEA
:10F8600004460028B4D12846FFF79EFE044600282F
:10F87000AED16B6B072BAAD801A252F823F000BFC0
:10F88000DDF80300C1F8030065FA0300C1F80300C6
:10F89000CFF70300CFF7030065FA0300C1F80300B8
:10F8A000012A0CBF40F0400040F01000FEF792FD2E
:10F8B000A7E7644C204605B0BDE8F08F624C87E7AF
:10F8C0005D4B2A68C3F840246A68C3F84424AA68D8
:10F8D000C3F84824EA68C3F84C246B6B326823F001
:10F8E0000403032B0DD02B6ED8F80010012B524BC4
:10F8F0000BBFC3F8281DC3F8301DC3F82C9DC3F8F7
:10F90000349DEB6D012B4C4B0BBFC3F8282CC3F877
:10F91000302CC3F82C9CC3F8349C6B6B23F004038D
:10F92000032B6AD02B6E012B0CBF80202020FEF70A
:10F9300057FD044600287FF44BAF3F4BD3F81049E6
:10F94000002CFBD16B6B013B062B12D8DFE803F0D8
:10F950000499041111990400374BD3F840242A600C
:10F96000D3F844246A60D3F84824AA60D3F84C340E
:10F97000EB600123AB652BE73448FDF74BFE00201D
:10F98000FEF7F4FD00283FF415AF3148FDF742FEC5
:10F9900010E73048FDF73EFE204605B0BDE8F08F89
:10F9A0002D48FDF737FE36E7042385F83C3020214B
:10F9B00005F11000FEF792FD12E7296B286C00F0AC
:10F9C000B5F998B9254F1C4C3B681B68C4F8003446
:10F9D0003B685B68C4F804343B689B68C4F808342F
:10F9E0003B68DB68C4F80C34296B61B10127D3E6AE
:10F9F0001B4CEDE64FF4710413E7EB6D012B0CBFCC
:10FA00004020102093E72B6D0193EB6C009305F1E0
:10FA1000100A4FF0100BCDF808A0CDF80CB0D5E9C6
:10FA20001123286C00F0A4F900283AD1002385F8AE
:10FA30003C30DBE76C1A002000B002500100F100FE
:10FA40000500F1000B00F1000300F10034D70400C1
:10FA50004CD704008CD704006CD704005C1A00203B
:10FA60000200F100194B2A68C3F860246A68C3F8E1
:10FA70006424AA68C3F86824EA68C3F86C246B6B32
:10FA80002CE7124BD3F860242A60D3F864246A6010
:10FA9000D3F86824AA60D3F86C34EB6069E70C4CA7
:10FAA00096E63B681B68C4F800343B685B68C4F8A2
:10FAB00004343B689B68C4F808343B68DB68C4F8CE
:10FAC0000C3459465046FEF709FDAFE700B002502E
:10FAD0000400F1002DE9F04101B3FAB10446002819
:10FAE0007CD01D46436B072B0E461BD05DB9032B04
:10FAF00010D1836D73B900F16403C0E91955C0E9F1
:10FB00001B550B6010252B4631462046BDE8F041C1
:10FB1000FFF726BE2F463846BDE8F081774F3846BE
:10FB2000BDE8F081C36D002B5BD1B5F5805F5DD280
:10FB300015B9A36D002B59D171484FF0FF31FEF775
:10FB4000E5FC002840F0B8800020FEF70FFD0028FB
:10FB500040F0AE806B4A0123C2F81038D2F8103959
:10FB6000002BFBD1636B032B20DD063B012B1FD841
:10FB7000A36B012B3CD8E36D012B00F2A580236E13
:10FB8000012B00F2A3802046FFF760FD074680B9F5
:10FB90002046FFF709FD074658B9636B072B07D8C6
:10FBA000DFE803F035285C2806065C28002BDFDA46
:10FBB000554F544AD2F81039002BFBD1C2F81038F7
:10FBC0000120FEF7D3FC00287AD14D48FEF7A6FCB1
:10FBD0000028A0D04D48FDF71DFD9CE74FF47107AC
:10FBE00099E7012BA4D1B5F5803FA1D3484F92E707
:10FBF000484FDEE7434B2268C3F840246268C3F8ED
:10FC00004424A268C3F84824E268C3F84C243D4B5E
:10FC10000122C3F87C24C3F8BC54002D58D1A16D37
:10FC200009B9C3F82425374BD3F81079002FFBD13D
:10FC3000636B013B062BBCD801A252F823F000BF36
:10FC400079FC030095FC030079FC0300B3FB03007F
:10FC5000B3FB030095FC030079FC0300294B2268E9
:10FC6000C3F860246268C3F86424A268C3F86824F7
:10FC7000E268C3F86C24CAE7224BD3F84024226020
:10FC8000D3F844246260D3F84824A260D3F84C34FB
:10FC9000E3608EE71B4BD3F860242260D3F8642422
:10FCA0006260D3F86824A260D3F86C34E36080E724
:10FCB0001948FDF7AFFC4DE71848FDF7ABFC43E7EB
:10FCC0001748FDF7A7FC80E7164F72E7164F70E75D
:10FCD000E16D326801290AD0C3F8302C1020C3F836
:10FCE000345CFEF77DFB074600289CD061E7C3F833
:10FCF000282C4020C3F82C5CF3E700BF0B00F10078
:10FD00006C1A002000B002500100F1008CD70400F2
:10FD10000500F1000200F1004CD7040034D70400C4
:10FD20006CD704000300F1000400F10021B9034B7B
:10FD3000002818BF18467047014870470100F700B7
:10FD40000300F70021B9034B002818BF184670477D
:10FD5000014870470100F7000300F700034B002043
:10FD60000122C3F8380AC3F87824704700B0025063
:10FD70002DE9F047CCB00024579DDDF8588182462C
:10FD800089461646214674220EA81F460AF0ECFB4F
:10FD9000802221462CA82B940AF0E6FB8423B5F59B
:10FDA0007F6FCDE90A44CDE90C44059363D8FFF792
:10FDB000BFFC05AB30462BAE01930295DDE9542321
:10FDC0003946009600F062F800284FD103238DF8E1
:10FDD00013309DF813308DF87430072300221C90E7
:10FDE00010210EA81B9301240123CDE92423CDF873
:10FDF0006890CDF878A026940DF12009FEF76EFBEF
:10FE0000102200920599CDF804900AAB304606AA5C
:10FE1000FFF71EFA074670B11DE00EA908EB0700B8
:10FE2000FEF758FB10210EA8FEF758FB0134AD1B5E
:10FE30003744E4B224D0102D4A46059B8DF8AC40DF
:10FE400006A90EA82E4628BF1026FFF743FE32460D
:10FE50000028E2D007460EA874220021FEF73CFBE2
:10FE6000FFF766FC38464CB0BDE8F087054F3846D2
:10FE70004CB0BDE8F087044F38464CB0BDE8F08781
:10FE80002F46E8E70E00F1000F00F1002DE9F041E8
:10FE900082B01E460A9C0023B4F57F6F01933ED8C2
:10FEA000E400B4F5807F174601F1FF3234BF03232D
:10FEB00004233F2A0D46009331D880B316B177B39F
:10FEC000402E2CD8089A52B3099A116839B3AA194E
:10FED0001344994223D3089B01462A46581CFEF737
:10FEE000F9FA089B05F102081D4400236B700EBB54
:10FEF000089B0094FF2C03EB080014D923029BB24B
:10FF000043EA1424022201A90194FEF7E3FA08F15E
:10FF10000203099A0020136002B0BDE8F0810A488C
:10FF200002B0BDE8F08101226946FEF7D3FA08F17C
:10FF30000103EEE7089B324603EB08003946FEF763
:10FF4000C9FAB044D4E700BF060000800020187052
:10FF5000704700BF70B403460C46DA880068197910
:10FF60002243056986682B6801248C4012F0010F3A
:10FF700014BF2343A3432B60336870BC18470B683E
:10FF80000360022A04BF4B6843607047022810B523
:10FF90000C46114604D0032804D0012812D0144680
:10FFA000204610BD2046C0F7F7FC02990446C0F772
:10FFB00099FF48B903992046C0F7B2FF0028EFD057
:10FFC000039CEDE71C46EBE7029CE9E70B68013375
:10FFD0000B6070476FF08500704707B501220191F3
:10FFE00001A9FFF7CCFF03B05DF804FB07B50122C0
:10FFF000019101A9FFF7C3FF03B05DF804FB07B54A
:020000024000BC
:100000000122019101A9FFF7BAFF03B05DF804FBDB
:100010000378FF2B01D0012070474378082BFAD9D1
:100020004368188840F253529042F4D108224A7231
:100030001A68C1F801205A68C1F80520B3F8050014
:10004000B3F8072040F27E539842E4D142F26903AC
:100050009A42E0D101230B700020704708B509F0E7
:100060000BFF4FF47A72A0FB020302FB0131C00BBD
:1000700040EA4140C90B08BD37B500240DF1070324
:100080000D46224621468DF8074002F077FF9DF885
:1000900007301BB9C5F30B0003B030BD002809DBE6
:1000A000FF28A8BFFF20C0EB0030FF23B0FBF3F018
:1000B00080B2F1E72046EFE737B500250DF10703E1
:1000C0000C462A4629468DF8075002F057FF9DF846
:1000D00007303BB1A84208DBFF28A8BFFF2000EB98
:1000E000002084B2204603B030BD2C46FAE7F8B5B4
:1000F00003220221074605F049FE044640B90646A0
:1001000005462946384605F02DFE054610B9344609
:100110002046F8BD05F052FE0228F2D1002EF7D19C
:100120002E46EEE70023E4F733BA10460AB1D3F7C0
:100130006DBD704711461A4609B1D4F72DB908466E
:100140007047F0B591B007460E46154600213C2297
:1001500001A81C460AF008FA01239DF858208DF8E2
:1001600001302146F82302A88DF805308DF8007083
:100170008DF802608DF803500AF0BBF96846D4F799
:10018000D1F811B0F0BD70B590B006460D461446DA
:1001900000213C2201A80AF0E7F901238DF8013083
:1001A0006846F8238DF800608DF802508DF8034002
:1001B0008DF80530D4F7B6F810B070BDF9F718B95E
:1001C00003460A4600681979012303FA01F103691D
:1001D0001B68194218BF82F0010212B18368DB6804
:1001E000184783681B69FBE7F9F77CB938B5CD7907
:1001F00001350C46EDB2CD710722014620460AF0CA
:1002000068F900B9257238BD08B55720E3F718FF23
:10021000704708B5FFF722FF4FF47A73A0FB030283
:1002200003FB012108BD7047704770477047704756
:1002300048B10B6803604B6843608B6883600023A0
:10024000C1E901330B6070478142F0B515D0034618
:1002500015466AB11C462E4603F10C0754F804CB30
:1002600046F804CBBC42F9D127883780A478B47013
:100270000F338B4205F10F05ECD1081A1044F0BD85
:1002800008B570B1B0F1005F06D3B0F1804F01D373
:100290000AF0A6F80AF0A1F8BDE80840800009F0CD
:1002A000CCBF08BD38B50D46044604392C44DAF7F6
:1002B00023FE54F8043C1B1A5842584138BD10B56F
:1002C0000446006818B1A168091A09F0B2FF204677
:1002D00010BDF8B5D0E90067BE42044607D03546E8
:1002E00028460C35FFF7EBFFAF42F9D16660F8BD49
:1002F000D0E90032934218BF4360704710B50A46F8
:10030000D0E90114A14203460ED049B102F10C001C
:1003100052F8044B41F8044B8242F9D112780A702A
:100320005A680D325A6010BDD9F736FAFBE738B576
:10033000D0E90135AB4204460A4606D01846FFF71D
:1003400077FF63680C33636038BD1946D9F790FABC
:10035000FAE710B50A46D0E901318B42044607D0CE
:1003600013B107CA83E8070063680C33636010BDEC
:100370001946D9F7D9FAFAE7B0F1005F08B506D304
:10038000B0F1804F01D30AF02BF80AF026F8BDE84F
:100390000840800009F051BFF0B50368044653F8E7
:1003A000210080B1056817782B79BB420BD02B68F0
:1003B00063B11A7928466568B2FBF5F605FB16228B
:1003C000914201D00020F0BD1D46EDE71846FAE746
:1003D000F0B50368044653F8210080B1056817683A
:1003E0006B689F420BD02B6863B15A6828466568DA
:1003F000B2FBF5F605FB1622914201D00020F0BDBC
:100400001D46EDE71846FAE7F0B50368044653F8D1
:10041000210080B1056817686B689F420BD02B687C
:1004200063B15A6828466568B2FBF5F605FB1622EB
:10043000914201D00020F0BD1D46EDE71846FAE7D5
:10044000F0B50368044653F8210080B105681778B9
:100450002B79BB420BD02B6863B11A7928466568AB
:10046000B2FBF5F605FB1622914201D00020F0BD4B
:100470001D46EDE71846FAE7F0B50368044653F861
:10048000210080B105681788AB88BB420BD02B6870
:1004900063B19A8828466568B2FBF5F605FB16221B
:1004A000914201D00020F0BD1D46EDE71846FAE765
:1004B000F0B50368044653F8210080B10568178839
:1004C000AB88BB420BD02B6863B19A88284665681D
:1004D000B2FBF5F605FB1622914201D00020F0BDDB
:1004E0001D46EDE71846FAE7F0B50368044653F8F1
:1004F000210098B1036816680246586886420CD0FD
:10050000186858B165681A464368B3FBF5F705FBF0
:100510001733994203D10346EFE71068F0BD00207E
:10052000FCE710B503691A1F83689342044602D0A2
:100530000433A36010BDC0684FF4007109F079FE68
:1005400063691A1D62615B68E36003F500722261F2
:10055000EFE72DE9F047D0E90487436AD0E902A923
:1005600004463D1D1E1DAE4205D8C4E906A9C4E9D6
:100570000887BDE8F08755F8040B4FF4007109F0C7
:1005800058FEF0E70346D0E900011833984202D044
:10059000890009F04EBE70470346D0E900011833C8
:1005A000984202D0890009F044BE70472DE9FF4708
:1005B0001E460C9B0093C36804460D46914600F10D
:1005C0001001426802A8FAF7FBFB9DF80830D3B18E
:1005D000039F012F04F1180A28D10023A361D046FC
:1005E00020460021A56840F8081F45BBD4E900015A
:1005F000824502D0890009F01CFEB9FBF7F5C4E979
:10060000008707FB1595236853F82530A900002BB8
:1006100032D01B683360236853F825301E60E368CE
:1006200030460133E36004B0BDE8F0873846FFF799
:10063000A3FEBA000021804609F096FFD0E7AB8800
:10064000B3FBF7F207FB1233D5F800C058F82320AC
:100650005AB9A2682A60A56048F823002A680AB13E
:1006600048F8215019466546BFE712682A6058F8D5
:1006700023301D600B46F5E7A3683360A66033683E
:1006800043B162689B88B3FBF2F002FB103322682F
:1006900042F82360234653F8082B5350BFE7F7B5C1
:1006A0000F884368B7FBF3F603FB16760C460A4641
:1006B00031460546FFF7FCFE20B1006810B1063058
:1006C00003B0F0BD082009F0B8FD034608B10022D0
:1006D000026022889A8000229A710122009231469B
:1006E0003A462846FFF762FFE9E72DE9FF471E4635
:1006F0000C9B0093C36804460D46914600F110011F
:10070000426802A8FAF75CFB9DF80830D3B1039F5A
:10071000012F04F1180A28D10023A361D0462046F6
:100720000021A56840F8081F45BBD4E900018245B7
:1007300002D0890009F07DFDB9FBF7F5C4E9008717
:1007400007FB1595236853F82530A900002B32D0FC
:100750001B683360236853F825301E60E368304619
:100760000133E36004B0BDE8F0873846FFF704FECC
:10077000BA000021804609F0F7FED0E7AB88B3FB52
:10078000F7F207FB1233D5F800C058F823205AB906
:10079000A2682A60A56048F823002A680AB148F8D0
:1007A000215019466546BFE712682A6058F8233081
:1007B0001D600B46F5E7A3683360A660336843B15C
:1007C00062689B88B3FBF2F002FB1033226842F8A8
:1007D0002360234653F8082B5350BFE72DE9F74316
:1007E0008946B1F8008041680368B8FBF1F601FB67
:1007F0001686054653F82630ABB11A6890884045F6
:100800000BD0106878B113468288B2FBF1F401FB7B
:100810001422964207D10246F0E7186818B1083052
:1008200003B0BDE8F083242009F007FD0746E0B1DE
:100830000446002344F8043B2046B9F8003020F871
:10084000043B1C22002109F08FFE04F11C036360AD
:100850004FF07E520123A36062613146009342460D
:100860003B462846FFF741FFD9E70424E4E72DE99A
:10087000FF471E460C9B0093C36804460D469146F5
:1008800000F11001426802A8FAF79AFA9DF80830C0
:10089000D3B1039F012F04F1180A28D10023A361CB
:1008A000D04620460021A56840F8081F45BBD4E982
:1008B0000001824502D0890009F0BBFCB9FBF7F5C5
:1008C000C4E9008707FB1595236853F82530A90074
:1008D000002B32D01B683360236853F825301E602C
:1008E000E36830460133E36004B0BDE8F087384682
:1008F000FFF742FDBA000021804609F035FED0E73F
:10090000AB88B3FBF7F207FB1233D5F800C058F8F9
:1009100023205AB9A2682A60A56048F823002A68F3
:100920000AB148F8215019466546BFE712682A60A7
:1009300058F823301D600B46F5E7A3683360A660C6
:10094000336843B162689B88B3FBF2F002FB10335B
:10095000226842F82360234653F8082B5350BFE720
:100960002DE9F04385B01F460C9B0093C3680446F5
:100970000D46914600F11001426802A8FAF720FAEC
:100980009DF80830BBB1DDF80C80B8F1010F25D11E
:100990002546002345F8183F20460021A66840F868
:1009A000081F2EBB2046FFF7EDFDC4E90058B9FB38
:1009B000F8F508FB1595236853F82530A900002B9E
:1009C00033D01B683B60236853F825301F60E36811
:1009D00038460133E36005B0BDE8F0834046FFF7D9
:1009E000CBFC4FEA88020021054609F0BDFDD3E7A4
:1009F0003379B3FBF8F208FB1233D6F800C055F890
:100A000023205AB9A2683260A66045F823003268F4
:100A10000AB145F8216019466646C2E7126832609D
:100A200055F823301E600B46F5E7A3683B60A760CE
:100A30003B6843B162681B79B3FBF2F002FB1033F1
:100A4000226842F82370234653F8082B5350BEE720
:100A50002DE9F74391F800904368B9FBF3F803FBE5
:100A600018980E460A4641460746FFF7E9FC28B1AA
:100A7000006818B1083003B0BDE8F083242009F005
:100A8000DCFB0546D8B10446002344F8043B20466D
:100A9000337800F8043B1C22002109F065FD04F1C5
:100AA0001C0363604FF07E520123A36062614146E4
:100AB00000934A462B463846FFF752FFDAE70424F4
:100AC000E5E72DE9F74391F800904368B9FBF3F8A7
:100AD00003FB18980E460A4641460746FFF7B0FC4E
:100AE00028B1006818B1083003B0BDE8F0832420B5
:100AF00009F0A3FB0546D8B10446002344F8043BA3
:100B00002046337800F8043B1C22002109F02CFD1C
:100B100004F11C0363604FF07E520123A360626105
:100B2000414600934A462B463846FFF719FFDAE75D
:100B30000424E5E72DE9FF471E460C9B0093C3689C
:100B400004460D46914600F11001426802A8FAF7EA
:100B500037F99DF80830D3B1039F012F04F1180A2B
:100B600027D10023A361D04620460021A56840F884
:100B7000081F3DBBD4E90001824502D0890009F07D
:100B800058FBB9FBF7F5C4E9008707FB1595236807
:100B900053F82530A9008BB31B683360236853F8E2
:100BA00025301E60E36830460133E36004B0BDE8E1
:100BB000F0873846FFF7E0FBBA000021804609F0D5
:100BC000D3FCD1E7D5E900C3B3FBF7F207FB12333F
:100BD00058F823205AB9A2682A60A56048F8230073
:100BE0002A680AB148F8215019466546C1E71268DB
:100BF0002A6058F823301D600B46F5E7A368336080
:100C0000A660336843B162685B68B3FBF2F002FB35
:100C10001033226842F82360234653F8082B5350C0
:100C2000C0E7F7B50F684368B7FBF3F603FB16762A
:100C30000C460A4631460546FFF7CAFB20B100685C
:100C400010B1083003B0F0BD0C2009F0F6FA0346ED
:100C500008B10022026022685A6000229A600122D4
:100C6000009231463A462846FFF764FFE9E7F7B5B8
:100C70000F684368B7FBF3F603FB16760C460A468B
:100C800031460546FFF7A4FB20B1006810B10830DB
:100C900003B0F0BD0C2009F0D0FA034608B10022E1
:100CA000026022685A6000229A6001220092314656
:100CB0003A462846FFF73EFFE9E72DE9F04385B0C5
:100CC0001F460C9B0093C36804460D46914600F1F5
:100CD0001001426802A8FAF773F89DF80830BBB11A
:100CE000DDF80C80B8F1010F25D12546002345F829
:100CF000183F20460021A66840F8081F2EBB20465A
:100D0000FFF74AFCC4E90058B9FBF8F508FB159554
:100D1000236853F82530A900002B33D01B683B60B3
:100D2000236853F825301F60E36838460133E360D9
:100D300005B0BDE8F0834046FFF71EFB4FEA88028E
:100D40000021054609F010FCD3E73379B3FBF8F234
:100D500008FB1233D6F800C055F823205AB9A26810
:100D60003260A66045F8230032680AB145F8216078
:100D700019466646C2E71268326055F823301E6095
:100D80000B46F5E7A3683B60A7603B6843B1626828
:100D90001B79B3FBF2F002FB1033226842F8237098
:100DA000234653F8082B5350BEE7F7B50F78436836
:100DB000B7FBF3F603FB16760C460A4631460546AA
:100DC000FFF7EAFA20B1006810B1083003B0F0BDB7
:100DD0000C2009F032FA034608B1002202602278A2
:100DE0001A7100229A600122009231463A46284642
:100DF000FFF763FFE9E7F7B50F784368B7FBF3F652
:100E000003FB16760C460A4631460546FFF7C4FA40
:100E100020B1006810B1083003B0F0BD0C2009F01B
:100E20000CFA034608B10022026022781A710022EF
:100E30009A600122009231463A462846FFF73DFF6C
:100E4000E9E7F8B50446184626681B6856F82150AD
:100E500095421FD14BB15D686768B5FBF7FC07FB96
:100E60001C55A9420CD046F82520254655F8086B9C
:100E700056F82170AF4208BFA360002346F8213026
:100E8000056815600C2109F0D4F9E368013BE360C3
:100E90002846F8BD002BF3D05B686568B3FBF5F717
:100EA00005FB1733994218BF46F82320E8E70346AD
:100EB000D0E900011833984202D0890009F0B9B98D
:100EC00070472DE9F04385B01F460C9B0093C36823
:100ED00004460D46914600F11001426802A8F9F758
:100EE0006FFF9DF80830BBB1DDF80C80B8F1010F41
:100EF00025D12546002345F8183F20460021A66845
:100F000040F8081F2EBB2046FFF7D1FFC4E9005868
:100F1000B9FBF8F508FB1595236853F82530A900AF
:100F2000002B33D01B683B60236853F825301F60CB
:100F3000E36838460133E36005B0BDE8F08340461E
:100F4000FFF71AFA4FEA88020021054609F00CFB68
:100F5000D3E73379B3FBF8F208FB1233D6F800C0BD
:100F600055F823205AB9A2683260A66045F82300DC
:100F700032680AB145F8216019466646C2E7126830
:100F8000326055F823301E600B46F5E7A3683B60DE
:100F9000A7603B6843B162681B79B3FBF2F002FBC8
:100FA0001033226842F82370234653F8082B53501D
:100FB000BEE72DE9F743894691F800804168036850
:100FC000B8FBF1F601FB1686054653F82630ABB1A7
:100FD0001A68107940450BD0106878B11346027931
:100FE000B2FBF1F401FB1422964207D10246F0E76E
:100FF000186818B1083003B0BDE8F083242009F068
:101000001CF90746E0B10446002344F8043B20469F
:1010100099F8003000F8043B1C22002109F0A4FAE2
:1010200004F11C0363604FF07E520123A3606261F0
:101030003146009342463B462846FFF742FFD9E738
:101040000424E4E70346D0E900011833984202D0B3
:10105000890009F0EEB870472DE9F74F046806469D
:1010600054F8210090421D461B6832D14BB198883C
:101070007768B0FBF7FC07FB1C0081420CD044F8FA
:101080002020304650F8084B54F82170874208BFA2
:10109000B360002344F82130A94659F8088BC2F800
:1010A00000802C6914BBEA68A8689200214609F008
:1010B0005BFA4846C5E90444FFF7F9FE28462421B7
:1010C00009F0B7F8F3684046013BF36003B0BDE8B0
:1010D000F08F002BE0D09B887068B3FBF0F700FB2B
:1010E0001733994218BF44F82320D5E7A246276951
:1010F0005AF808BB87B9E268A0689200394609F03F
:1011000033FAC4E904775046FFF79CFF20462421B8
:1011100009F08FF85C46C5E73B68019338463021FB
:1011200009F087F8019B1F46E4E710B50B468A8853
:101130004168B2FBF1F401FB1421026852F821402E
:1011400022462468A342FBD1FFF786FF10BD2DE99C
:10115000F04385B01F460C9B0093C36804460D46C0
:10116000914600F11001426802A8F9F729FE9DF8A6
:101170000830BBB1DDF80C80B8F1010F25D1254650
:10118000002345F8183F20460021A66840F8081FB4
:101190002EBB2046FFF756FFC4E90058B9FBF8F50F
:1011A00008FB1595236853F82530A900002B32D091
:1011B0001B683B60236853F825301F60E36838469E
:1011C0000133E36005B0BDE8F0834046FFF7D4F893
:1011D0004FEA88020021054609F0C6F9D3E7D6E9AF
:1011E00000C3B3FBF8F208FB123355F823205AB9B9
:1011F000A2683260A66045F8230032680AB145F85B
:10120000216019466646C3E71268326055F82330FC
:101210001E600B46F5E7A3683B60A7603B6843B1DF
:1012200062685B68B3FBF2F002FB1033226842F89D
:101230002370234653F8082B5350BFE72DE9F3479B
:10124000D1F800904368B9FBF3F803FB18980A46FD
:101250008A4641460746FFF747F9044618B1083069
:1012600002B0BDE8F087302008F0E7FF0646A8B1DD
:10127000054645F8044B2846DAF8003040F8043BB0
:101280002822002109F070F9012300934A463346D1
:1012900041463846FFF75BFF0830E1E70425EAE7FF
:1012A0002DE9F043141E1D468FB00CBF4FF40073A0
:1012B0004FF4FC739D4203918DF80B204DDA0DF134
:1012C0000B01FFF776FE189A0692199A9DF858308E
:1012D00007921B9A8DF8113008929DF85C301C9A89
:1012E0008DF8143009929DF868301D9A8DF81530EC
:1012F0000023CDE90A23DDF80C908DF816300C930D
:101300008DF834304368B9FBF3F803FB189803AA4F
:101310004146ADF8125007468DF81040FFF7E4F84B
:101320000546D0B9302008F088FF0646C0B1044613
:1013300044F8045B04AD0FCD44F8049B0FC40FCDFB
:101340000FC495E80300012384E803004A46009394
:10135000414633463846FFF7FAFE0FB0BDE8F0834A
:101360000424E7E70346D0E900011833984202D08D
:10137000890008F05EBF70472DE9F8438468054690
:101380006CB96A6828689200214609F0EDF8284691
:10139000C5E90244FFF7F6F82846BDE8F88327467A
:1013A000266957F8088B86B9E268A0689200314632
:1013B00009F0DAF8C4E904663846FFF7D3FF20469F
:1013C000242108F036FF4446DAE7D6F8009030468C
:1013D000082108F02EFF4E46E5E72DE9F04385B0E1
:1013E0001F460C9B0093C36804460D46914600F1CE
:1013F0001001426802A8F9F7E3FC9DF80830BBB180
:10140000DDF80C80B8F1010F25D12546002345F801
:10141000183F20460021A66840F8081F2EBB204632
:10142000FFF7A0FFC4E90058B9FBF8F508FB1595D4
:10143000236853F82530A900002B33D01B683B608C
:10144000236853F825301F60E36838460133E360B2
:1014500005B0BDE8F0834046FEF78EFF4FEA8802F4
:101460000021054609F080F8D3E73379B3FBF8F2A1
:1014700008FB1233D6F800C055F823205AB9A268E9
:101480003260A66045F8230032680AB145F8216051
:1014900019466646C2E71268326055F823301E606E
:1014A0000B46F5E7A3683B60A7603B6843B1626801
:1014B0001B79B3FBF2F002FB1033226842F8237071
:1014C000234653F8082B5350BEE7F7B50F460E7866
:1014D00041680368B6FBF1F501FB1565044653F856
:1014E0002530A3B11A681079B0420BD0106870B1E2
:1014F00013460279B2FBF1FC01FB1C22954206D196
:101500000246F0E7186810B1063003B0F0BD0820BD
:1015100008F093FE034608B1002202603A781A717F
:101520000022DA8001220092294632462046FFF747
:1015300054FFE9E72DE9F04F0024A5B04FF0010A70
:101540001F464FF07E5B00F11803C0E901A4036061
:10155000C0E905440823C460C0F810B00646202046
:10156000894690461B938DF8474008F066FE00F1CF
:101570000C0305461A904FF40070099308F05DFEC5
:10158000099BE86000F50072CDE921021F931D90D0
:1015900023931C9019AB209012A913A8CDE9133AFC
:1015A0001E92CDE91544CDE91844CDF85CB08DF814
:1015B0004840FFF7FAFB12A9C0F8009013A88DF875
:1015C00048A0FFF7F2FB0223C0F8008012A913A87D
:1015D0008DF84830FFF7E9FB309B0760013BA246DE
:1015E0000C94A04627460B940994A1460A940E93A6
:1015F0000A9B309A934223DBB268002A40F0E181D3
:10160000159C002C40F0E681149A13989200214614
:1016100008F0AAFF13A8CDE91544FEF7BDFF1A9FF5
:1016200057B1239B1F9C1D1DA54200F2DA811B9917
:101630003846890008F0FDFD304625B0BDE8F08F42
:101640002F9B0A9A9D189B5C6BBB0E9A0A998A4243
:10165000CED01A460A99002001F1010E01468342BC
:1016600029DC03EB0E00282A0A9000F08F8140D875
:10167000142A00F0928128D8042A00F09C81082ABC
:10168000B6D1022B98BF0B9B229A98BF41EA034127
:10169000209B1291043A934200F06D8103B11960CE
:1016A00004332093A4E703F0FC0203F00303032BAD
:1016B00008BF0423CEE715F801CF4FEAC00B0CFAA0
:1016C0000BFC41EA0C010130C9E7182A00F05881EF
:1016D000242A8DD1DB005A1E41FA02F2D2078A4633
:1016E00040F16D814FF0FF3202FA03F30B430C938C
:1016F0007EE7902A13D008D8802A21D0842A00F0CF
:101700003481742A08BF894672E7A02A52D0B02AD1
:1017100018D0099B942A08BF0B46099368E7012358
:1017200001F003058DF84830022DC1F380030D93BD
:1017300040F09580002F43D0002C41D0002536E0AA
:101740000023EDE70223EBE712A913A8FFF753FBF1
:101750009DF84720D0F800B00F9212A93046FFF74D
:10176000B0F90DF14701FFF7B0FE0C9A0388002194
:10177000CDE90611CDE90411CDE902825FFA89F1C4
:101780000D9A019200910F9A39465846FFF788FD4D
:10179000A74212A9304638BF0137FFF792F90DF181
:1017A0004701FFF792FE03884B4403800135099BF4
:1017B000AB42C9D11AA80024FEF7CBFE274617E793
:1017C000209A1C9B9A4247D112A93046FFF779F91B
:1017D0000DF14701FFF779FE099A038819FB0233DF
:1017E0000380E7E71C9B209A9A4203D01AA81D6841
:1017F000FEF797FE12A913A8FFF7FDFA12A90768D2
:101800009DF847B03046FFF75CF90DF14701FFF74F
:101810005CFE00220388CDE90622CDE904220C9A61
:10182000CDE902820D9A01925FFA89F2009229466F
:101830005A463846FFF734FD12A93046FFF741F902
:101840000DF14701FFF741FE03884B44038001344B
:10185000099BA342C6D1ADE700242546F8E7099BC2
:1018600019FB03FB1FFA8BFB002D71D1002F38D021
:10187000002C36D00AEB0702A2EB0802A24228BFD6
:10188000224612A913A80F92FFF7B5FA12A904680D
:101890009DF847503046FFF714F90DF14701FFF767
:1018A00014FE0F9A03880792099ACDF80880CDE9B3
:1018B00005820122CDE903A20D9A01925FFA89F215
:1018C000009239462A462046FFF7EAFC12A9304624
:1018D000FFF7F7F80DF14701FFF7F7FD03885B44C9
:1018E0007EE7209A1C9B9A42F0D044462DE01C9B38
:1018F000209A9A4203D01AA81D68FEF712FE12A978
:1019000013A8FFF778FA9DF8472007680F9212A9ED
:101910003046FFF7D6F80DF14701FFF7D6FD099ADB
:101920000388CDF80880002107910121CDE9054207
:10193000CDE903A10D9A01925FFA89F100910F9A06
:1019400029463846FFF7ACFC0134A245CFDABDE7A3
:1019500012A93046FFF7B5F80DF14701FFF7B5FDC5
:1019600003889B44A0F800B024E72E9A8DF8471016
:10197000012313703CE612A91AA8D9F7D1FA37E669
:10198000022B1AD80B9B41EA034731E6022B9CBF7E
:101990000B9B41EA03410C462AE68846D9004A1EC1
:1019A00048FA02F2D0077FF523AE4FF0FF338B40A9
:1019B00043EA08081CE60B911AE60F4618E60C915C
:1019C00016E613690BB9126817E6D988C908D980D9
:1019D0001B68F7E7256820460C2108F02AFC2C46F6
:1019E0000FE654F8040B4FF4007108F022FC1BE6DC
:1019F00070B58568044695B96268206829469200EA
:101A000008F0B2FDD4E9000104F118039842C4E9DA
:101A1000025502D0890008F00CFC204670BD2E68EB
:101A20002846082108F005FC3546E4E770B58568CE
:101A3000044695B9626820682946920008F094FD32
:101A4000D4E9000104F118039842C4E9025502D018
:101A5000890008F0EEFB204670BD2E6828460C2158
:101A600008F0E7FB3546E4E770B58568044695B9AC
:101A7000626820682946920008F076FDD4E90001EA
:101A800004F118039842C4E9025502D0890008F015
:101A9000D0FB204670BD2E6828460C2108F0C9FBFB
:101AA0003546E4E770B58568044695B962682068F4
:101AB0002946920008F058FDD4E9000104F118030A
:101AC0009842C4E9025502D0890008F0B2FB2046D2
:101AD00070BD2E682846082108F0ABFB3546E4E7C8
:101AE0002DE9F047846806469CB972683068214643
:101AF000920008F039FDD6E9000106F1180398427A
:101B0000C6E9024402D0890008F093FB3046BDE8E4
:101B1000F087D4F800802569B5B9E268A068294645
:101B2000920008F021FDD4E9020104F1200398425B
:101B3000C4E9045502D0890008F07BFB204624212B
:101B400008F077FB4446CFE7D5F800902F69B7B986
:101B5000EA68A8683946920008F006FDD5E9020156
:101B600005F120039842C5E9047702D0890008F006
:101B700060FB2846242108F05CFB4D46CCE7D7F8F3
:101B800000A03846302108F054FB5746DFE710B577
:101B90000446006818B1A168091A08F04AFB2046FB
:101BA00010BD10B50446006818B1A168091A08F004
:101BB00040FB204610BD10B50446006818B1A1686E
:101BC000091A08F036FB204610BD70B5856804463A
:101BD00095B9626820682946920008F0C5FCD4E9EE
:101BE000000104F118039842C4E9025502D08900AB
:101BF00008F01FFB204670BD284650F8086BFEF722
:101C00005EFB2846142108F014FB3546E0E7A0F1FE
:101C10006303584258417047A0F58033303B052B91
:101C20009FBF2B20D840C00200F4006088BF002076
:101C30007047CB780BB90123CB700B790BB901231B
:101C40000B714B790BB901234B718B790BB90123C4
:101C50008B71704710B50021044608F085FC802385
:101C60000822E370A37063702370227184F8263019
:101C700084F8223010BD034610469A1E012A0AD865
:101C80000844814201D10020704711F8013B002B2C
:101C9000F7D001207047012BF5D10028F4D0087847
:101CA000003818BF0120704770B50E460021044669
:101CB000154608F059FC302E0DD10A2D0BD9802382
:101CC0000022E3706371E37163720823A2702271D2
:101CD000A2712272A37270BD70B50E460021044637
:101CE000154608F041FC092E07D10A2D04D9152309
:101CF000637008232372A37270BD052EFCD13E2DA4
:101D0000FAD9D823E3770E2384F82030342384F8DB
:101D10002130012384F82930EEE7F0B5036804464A
:101D200053F8210080B1056817782B79BB420BD09E
:101D30002B6863B11A7928466568B2FBF5F605FB96
:101D40001622914201D00020F0BD1D46EDE7184655
:101D5000FAE7F0B50368044653F8210080B105683E
:101D600017686B689F420BD02B6863B15A6828468E
:101D70006568B2FBF5F605FB1622914201D0002002
:101D8000F0BD1D46EDE71846FAE7F8B5C36804460E
:101D90000A46002B3AD1816800F1080331B110687E
:101DA0004A68904205D00A680B4602B9F8BD114650
:101DB000F6E7186862684168B1FBF2F502FB15119D
:101DC0002668026856F82150AB424FEA81072AD1B3
:101DD00052B15568D4F804C0B5FBFCFE0CFB1E558F
:101DE000A9420AD046F82530214651F8085BEE5941
:101DF0008E4208BFA2600022EA5102681A603021B8
:101E000008F017FAE368013BE360CFE7436809682D
:101E1000B1FBF3F503FB1511FFF79BFF0346002809
:101E2000C4D00068CCE7002AE7D052686568B2FBEE
:101E3000F5F705FB1722914218BF46F82230DCE780
:101E400070B50446302008F0F8F9064608B10023C2
:101E500003600FCC351D0FC50FCC0FC594E80700EC
:101E600085E80700304670BD70B58568044645B901
:101E7000626820689200294608F076FBC4E90255A2
:101E800070BD2E682846302108F0D3F93546EEE7BC
:101E9000012938B5044604D1002344F8183F2046F0
:101EA00038BDB1F1005F06D3B1F1804F01D308F026
:101EB00097FA08F092FA8D00284608F0BEF92A46F3
:101EC0000021044608F050FBE9E72DE9F743D1F87B
:101ED00000904368B9FBF3F803FB18980E460A46D6
:101EE00041460746FFF735FF28B1006818B10830B2
:101EF00003B0BDE8F083302008F09FF90546A0B19B
:101F00000446002344F8043B2046336840F8043B71
:101F10002822002108F028FB012300934A462B4683
:101F200041463846FFF713F9E1E70424ECE72DE9D1
:101F3000F74391F800904368B9FBF3F803FB189856
:101F40000E460A4641460746FFF7E7FE28B10068FD
:101F500018B1083003B0BDE8F083242008F06DF913
:101F60000546D8B10446002344F8043B20463378A4
:101F700000F8043B1C22002108F0F6FA04F11C03CF
:101F800063604FF07E520123A3606261414600937B
:101F90004A462B463846FEF794FFDAE70424E5E785
:101FA00083684BB142685B68B3FBF2F102FB11330B
:101FB00050F8082B42F82300704770B403460846D7
:101FC0001E6816B970BCFFF73BBF32681A60354611
:101FD000002345F8043B0C460FCC0FC50FCC0FC5B2
:101FE00094E8070085E80700304670BC70472DE98B
:101FF000F3410D46476849680668B942044623D054
:10200000FFF746FF20606B686360EB68E360D5E92B
:10201000040104F1100383E80300A368CDE9003450
:102020000023A360236823B961682046FFF730FFCF
:102030002060D5F80880B8F1000F0CD186BB00985D
:10204000B0BB02B0BDE8F0813046BA00002108F014
:102050008BFA0026D9E708F104016846FFF7ADFFC7
:10206000A06005462046FFF79BFFD8F80080B8F136
:10207000000FE3D008F104016846FFF79EFF2860D7
:1020800062684368B3FBF2F102FB1133216851F837
:1020900023200AB941F82350D8F800800546E6E726
:1020A0001834A642CBD0B900304608F0C2F8C6E7D3
:1020B0000468302108F0BDF82046C1E72DE9F0435F
:1020C00089B00F46C1680491044615464268D0E9BC
:1020D000040105AE002386E80300114601A8CDE9FE
:1020E000022301930793FFF7D3FED4F808800190F1
:1020F000B8F1000F18D107F104084FEAC5093E46B0
:1021000008EBC505454532D14F44B74236D101A948
:102110002046FFF76CFF01A8FFF7A6FE01A8FEF717
:1021200091FF09B0BDE8F08308F10400FFF788FED5
:102130000390064601A8FFF733FFD8F80080B8F1F6
:10214000000FD8D008F10400FFF77AFE3060029A41
:102150004368B3FBF2F102FB1133019951F82320DC
:102160000AB941F82360D8F800800646E7E74146FF
:1021700001A8FFF70AFE08F10808C3E7311D204651
:10218000FFF7A3FE3146054601A8FFF79EFE2B464A
:1021900005F1240253F8041B40F8041B9342F9D1C3
:1021A0001B7803700836B0E782B02DE9F04702F1E2
:1021B000FF388CB008EBD87806460F469646159344
:1021C0004FEA68088C464FF02C0AC44548DB1EF0E5
:1021D000010F18D1AEF1020E0EEBDE7EBCEB6E0FDE
:1021E00011D14FEA4C0E2C240EFB044535440FCD83
:1021F00004FB0C640FC40FCD0FC495E8070084E8FE
:1022000007000EF1010C15AD0FCD01AC0FC40FCDC1
:102210000FC495E8070084E807000CF1FF3E0EEBC1
:10222000DE7E9DF85D804FEA6E0E4FF02C0967450B
:1022300009FB0C6430DA09FB0E656B7A43452BD23F
:102240000FCD0FC40FCD0FC495E807000EF1FF337B
:1022500003EBD373F44684E807004FEA630EE6E726
:102260000CF101035B0003F1FF390AFB03610AFB78
:102270000962497A527A914228BF99460AFB096558
:102280000FCD0AFB0C640FC40FCD0FC495E80700F7
:10229000CC4684E8070098E78DF80D8001AD0FCD9E
:1022A0000FC40FCD0FC495E8070084E807000CB0F9
:1022B000BDE8F04702B07047F0B5064604460FCEC1
:1022C0008DB001AD0FC50FCE0FC596E8070085E8AC
:1022D0000700677A14F8233CBB42A4F12C060AD805
:1022E00001AD0FCD0FC40FCD0FC495E8070084E8F2
:1022F00007000DB0F0BD35460FCD0FC40FCD0FC494
:1023000095E8070084E807003446E3E72DE9F0414B
:1023100088428CB00646884603D000F12C07B845A9
:1023200002D10CB0BDE8F0817A7A737A9A421DD25C
:102330003D460FCD01AC0FC40FCD0FC495E807008B
:10234000BE4284E8070005D0BA1B314606F12C00D6
:1023500008F0F0F801AD0FCD34460FC40FCD0FC417
:1023600095E8070084E807002C37D8E73846FFF7E0
:10237000A3FFF9E7B0F1005F08B506D3B0F1804FD5
:1023800001D308F02DF808F028F8BDE808408000D7
:1023900007F053BFF0B50368044653F8210080B13D
:1023A000056817782B79BB420BD02B6863B11A797B
:1023B00028466568B2FBF5F605FB1622914201D06E
:1023C0000020F0BD1D46EDE71846FAE7F0B50368BA
:1023D000044653F8210080B105681788AB88BB42DA
:1023E0000BD02B6863B19A8828466568B2FBF5F676
:1023F00005FB1622914201D00020F0BD1D46EDE7FD
:102400001846FAE7F0B50368044653F8210080B196
:10241000056817686B689F420BD02B6863B15A68D8
:1024200028466568B2FBF5F605FB1622914201D0FD
:102430000020F0BD1D46EDE71846FAE7F0B5036849
:10244000044653F8210080B1056817782B79BB4208
:102450000BD02B6863B11A7928466568B2FBF5F694
:1024600005FB1622914201D00020F0BD1D46EDE78C
:102470001846FAE7F0B50368044653F8210080B126
:1024800005681788AB88BB420BD02B6863B19A886C
:1024900028466568B2FBF5F605FB1622914201D08D
:1024A0000020F0BD1D46EDE71846FAE7F0B50368D9
:1024B000044653F8210098B103681668024658682C
:1024C00086420CD0186858B165681A464368B3FB59
:1024D000F5F705FB1733994203D10346EFE7106880
:1024E000F0BD0020FCE7F0B50368044653F8210076
:1024F000B8B10368D2E900670246D3E902508742C7
:1025000008BFAE420CD0186858B165681A46836897
:10251000B3FBF5FC05FB1C33994203D10346ECE702
:102520001068F0BD0020FCE738B5044604B938BD9A
:10253000E068FFF7F9FFA5682046182107F079FE4B
:102540002C46F3E72DE9F041071D826806460C464C
:102550003D4601236ABB002B3CD0F368AB4209D057
:10256000284607F0D4FED0E90423D4E900108A42BB
:1025700083411CD2AF422FD0D4E90003D5E9041225
:102580008842934134BF4FF001084FF000081820F3
:1025900007F053FED4E900230146C0E904233B467B
:1025A0002A46404607F0B5FE736901337361BDE802
:1025B000F081D2E904C32568D2E902106545656857
:1025C00075EB030328BF014615462CBF00230123EA
:1025D0000A46BFE72846C6E74FF00108D7E710B51F
:1025E0000446006818B1A168091A07F022FE2046C7
:1025F00010BD10B50446006818B1A168091A07F0AB
:1026000018FE204610BD10B50446006818B1A16838
:10261000091A07F00EFE204610BD10B504460068EA
:1026200018B1A168091A07F004FE204610BD10B5C4
:102630000446006818B1A168091A07F0FAFD20469F
:1026400010BDF0B5002506462846AB4200DCF0BDC3
:102650005419A7B2C4F3CC04A142C1BF345D07F042
:1026600007073C4104F00104D8BF0024AC402043DC
:102670000135EAE7F0B54FF0010C0025AB4200DC74
:10268000F0BD54191FFA84FEC4F3CC04A1420EDD40
:10269000065D0EF0070E0CFA0EF726EA0706059FF8
:1026A000EF4007F0010707FA0EF73E4306550135E4
:1026B000E4E74278012A034612D0007980B9D3E9D1
:1026C000022312B9FF2B05D17047012A04D1FF2B39
:1026D00002D17047012B04D0D01A18BF01207047D7
:1026E0000020704710B50446006818B1A168091AA7
:1026F00007F09FFD204610BD10B50446FFF7F2FF1E
:10270000204610BD10B50446006818B1A168091A2A
:1027100007F08FFD204610BD10B50446FFF7F2FF0D
:10272000204610BDF8B500230446C0E90233C0E9D5
:102730000433C0E90633C0E908330360082343606B
:10274000202007F07AFD65682060013D6D0800EBF0
:10275000850706464FF4007007F06FFD00F5007323
:10276000C4E9070346F82500E060A060A061676146
:10277000236167622046F8BD70B58568044645B997
:10278000626820689200294607F0EEFEC4E902550F
:1027900070BD2E6828466C2107F04BFD3546EEE7EC
:1027A0000346D0E900011833984202D0890007F0AF
:1027B00040BD704710B50446FFF7DEFF2046FFF727
:1027C000EFFF204610BD10B50446FFF74DFB204635
:1027D000FEF738FC204610BDF8B58568044645B9BB
:1027E000626820689200294607F0BEFEC4E90255DF
:1027F000F8BD2E4656F8087B3046FFF735FB3046CD
:10280000FEF720FC2846242107F013FD3D46E6E7AD
:1028100010B50446FFF7E0FF2046FEF748FB2046D0
:1028200010BD0346D0E900011833984202D0890058
:1028300007F0FFBC70470346D0E900011833984207
:1028400002D0890007F0F5BC70470346D0E90001CB
:102850001833984202D0890007F0EBBC704770B57E
:102860008568044645B9626820689200294607F0E9
:102870007BFEC4E9025570BD2E682846182107F07A
:10288000D8FC3546EEE70346D0E9000118339842FC
:1028900002D0890007F0CDBC704710B50446FFF7A1
:1028A000DEFF2046FFF7EFFF204610BD70B58568BC
:1028B000044645B9626820689200294607F054FE34
:1028C000C4E9025570BD2E6828460C2107F0B1FC02
:1028D0003546EEE70346D0E900011833984202D0AE
:1028E000890007F0A6BC704710B50446FFF7DEFF6D
:1028F0002046FFF7EFFF204610BD0346D0E9000158
:102900001833984202D0890007F093BC704770B525
:102910008568044665B9626820689200294607F018
:1029200023FE2046C4E90255FFF7E7FF204670BDAD
:102930002E682846082107F07CFC3546EAE7034666
:10294000D0E900011833984202D0890007F071BC29
:1029500070470346D0E900011833984202D089003D
:1029600007F067BC704770B58568044665B9626852
:1029700020689200294607F0F7FD2046C4E9025579
:10298000FFF7E7FF204670BD2E682846182107F0A4
:1029900050FC3546EAE70346D0E900011833984277
:1029A00002D0890007F045BC70470346D0E900011A
:1029B0001833984202D0890007F03BBC704710B52D
:1029C0000446006818B1A168091A07F032FC2046D5
:1029D00010BD10B504461430FFF7F1FFA06818B120
:1029E0002169091A07F025FC204610BDF8B5D0E989
:1029F0000067BE42044607D0354628462035FFF71B
:102A0000E8FFAF42F9D16660F8BD814270B5044677
:102A10000E46154623D0D2B123682B6023792B7143
:102A200063796B71A379AB71A368AB60E368EB600A
:102A300023692B6162690023C4E90333A3606A61DF
:102A4000A269AA61E269EA61C4E9063363612046CA
:102A50002034FFF7BEFFB44205F12005DCD1284643
:102A600070BD70B5D0E900560446AE4207D120686B
:102A700018B1A168091A07F0DCFB204670BD284692
:102A8000FFF7A7FF2035F0E710B50A46C16841B946
:102A9000806800B910BD116843689942FAD0006897
:102AA000F7E711684368B1FBF3F403FB1411FFF778
:102AB000FDFCEFE70346D0E900011833984202D04D
:102AC000890007F0B6BB704770B58568044665B9E4
:102AD000626820689200294607F046FD2046C4E956
:102AE0000255FFF7E7FF204670BD2E6828460821F3
:102AF00007F09FFB3546EAE72DE9FF41C368D1F8AF
:102B0000008004460F46002B44D041680368B8FBA0
:102B1000F1F501FB158553F82530002B47D108202E
:102B200007F08BFB064608B1002303603B68736027
:102B300001230093E368626804F1100102A8F8F72A
:102B40003FF99DF80830B3B1039F012F46D12546C8
:102B5000002345F8183FA4460020A3684CF8080F4E
:102B6000002B44D12046FFF7A5FFC4E90057B8FB6E
:102B7000F7F507FB1585226852F82530A800002BD1
:102B800051D01B68336052F825301E60E368013372
:102B9000E36020E083682BB96368B8FBF3F503FBBF
:102BA0001585BCE75A68904515D01B68F3E71A688D
:102BB000506880450CD010680028B0D01346426899
:102BC000B2FBF1F601FB1622AA42A8D10246EFE7BA
:102BD0001B68002BA3D004B0BDE8F0813846FFF796
:102BE000C9FBBA000021054607F0BEFCB3E7D3E9F4
:102BF00000E2B2FBF7F107FB112255F8221059B998
:102C0000A1681960A36045F822C0196809B145F8A8
:102C1000203010467346A3E70968196055F8222052
:102C200013600246F5E7A3683360A6603BB15B68BA
:102C30006168B3FBF1F501FB153342F823602346CD
:102C400053F8082B1350A1E710B50A46D0E9011438
:102C5000A142034606D009B112680A605A680432DC
:102C60005A6010BDDCF75AFBFBE770B5C3685BB96F
:102C7000806818B9003818BF012070BD0A68436821
:102C80009A42F7D00068F4E742680C680368B4FB26
:102C9000F2F102FB114153F821000028EAD0036849
:102CA0000546586884420CD018680028E2D01D46BA
:102CB0004368B3FBF2F602FB1633994203D1034695
:102CC000EFE72868D6E70020D4E72DE9F04385B088
:102CD0001F460C9B0093C36804460D46914600F1C5
:102CE0001001426802A8F8F76BF89DF80830BBB1F4
:102CF000DDF80C80B8F1010F25D12546002345F8F9
:102D0000183F20460021A66840F8081F2EBB204629
:102D1000FFF746FDC4E90058B9FBF8F508FB159527
:102D2000236853F82530A900002B32D01B683B6084
:102D3000236853F825301F60E36838460133E360A9
:102D400005B0BDE8F0834046FFF714FB4FEA880268
:102D50000021054607F008FCD3E7D6E900C3B3FB22
:102D6000F8F208FB123355F823205AB9A2683260F2
:102D7000A66045F8230032680AB145F8216019467B
:102D80006646C3E71268326055F823301E600B4672
:102D9000F5E7A3683B60A7603B6843B162685B6886
:102DA000B3FBF2F002FB1033226842F82370234693
:102DB00053F8082B5350BFE72DE9F34188460F68BD
:102DC00041680368B7FBF1F501FB1575044653F83C
:102DD0002530ABB11A68506887420BD0106878B1C3
:102DE00013464268B2FBF1F601FB1622954207D169
:102DF0000246F0E7186818B1083002B0BDE8F0816B
:102E00006C2007F01AFA0646A8B10246002342F8E1
:102E1000043B1046D8F8003040F8043B64220021FF
:102E200007F0A2FB012300933A4633462946204689
:102E3000FFF74BFFE0E70422EBE72DE9F04385B015
:102E40001F460C9B0093C36804460D46914600F153
:102E50001001426802A8F7F7B3FF9DF80830BBB134
:102E6000DDF80C80B8F1010F25D12546002345F887
:102E7000183F20460021A66840F8081F2EBB2046B8
:102E8000FFF701FDC4E90058B9FBF8F508FB1595FB
:102E9000236853F82530A900002B33D01B683B6012
:102EA000236853F825301F60E36838460133E36038
:102EB00005B0BDE8F0834046FFF75CFA4FEA8802B0
:102EC0000021054607F050FBD3E7B368B3FBF8F2E7
:102ED00008FB1233D6F800C055F823205AB9A2686F
:102EE0003260A66045F8230032680AB145F82160D7
:102EF00019466646C2E71268326055F823301E60F4
:102F00000B46F5E7A3683B60A7603B6843B1626886
:102F10009B68B3FBF2F002FB1033226842F8237087
:102F2000234653F8082B5350BEE72DE9F3410F68B1
:102F30004368B7FBF3F603FB16760A46884631462C
:102F40000546FFF7D0FA044618B1103002B0BDE8CC
:102F5000F081182007F071F9034600B10460D8E948
:102F6000000100221A610122C3E9020100923146E8
:102F70003A462846FFF761FF1030E7E710B51C46D8
:102F800013460022DCF794FB1CB1031E18BF01237B
:102F9000237000B1006810BD2DE9F04385B01F46D5
:102FA0000C9B0093C36804460D46914600F1100146
:102FB000426802A8F7F704FF9DF80830BBB1DDF8BE
:102FC0000C80B8F1010F25D12546002345F8183FA4
:102FD00020460021A66840F8081F2EBB2046FFF7B8
:102FE000E4FCC4E90058B9FBF8F508FB1595236823
:102FF00053F82530A900002B32D01B683B602368B2
:1030000053F825301F60E36838460133E36005B0AC
:10301000BDE8F0834046FFF7ADF94FEA8802002192
:10302000054607F0A1FAD3E7D6E900C3B3FBF8F2EF
:1030300008FB123355F823205AB9A2683260A66003
:1030400045F8230032680AB145F821601946664602
:10305000C3E71268326055F823301E600B46F5E76F
:10306000A3683B60A7603B6843B162685B68B3FBE1
:10307000F2F002FB1033226842F82370234653F823
:10308000082B5350BFE7F7B50F460E684168036839
:10309000B6FBF1F501FB1565044653F82530A3B1E5
:1030A0001A68506886420BD0106870B113464268A7
:1030B000B2FBF1FC01FB1C22954206D10246F0E76F
:1030C000186810B1083003B0F0BD0C2007F0B5F857
:1030D000034608B1002202603A685A6000221A7260
:1030E00001220092294632462046FFF755FFE9E7C4
:1030F0002DE9F04385B01F460C9B0093C36804463E
:103100000D46914600F11001426802A8F7F758FEFB
:103110009DF80830BBB1DDF80C80B8F1010F25D166
:103120002546002345F8183F20460021A66840F8B0
:10313000081F2EBB2046FFF702FCC4E90058B9FB6C
:10314000F8F508FB1595236853F82530A900002BE6
:1031500033D01B683B60236853F825301F60E36859
:1031600038460133E36005B0BDE8F0834046FFF721
:1031700001F94FEA88020021054607F0F5F9D3E787
:10318000B368B3FBF8F208FB1233D6F800C055F869
:1031900023205AB9A2683260A66045F8230032683D
:1031A0000AB145F8216019466646C2E712683260E6
:1031B00055F823301E600B46F5E7A3683B60A76017
:1031C0003B6843B162689B68B3FBF2F002FB1033CB
:1031D000226842F82370234653F8082B5350BEE769
:1031E000F7B5D1E9007ED0F804C00368B7FBFCF561
:1031F0000CFB1575044653F825200E46BAB113682A
:10320000D3E902018E4508BF87420BD0196871B11E
:103210001A468B68B3FBFCF00CFB10339D4206D1C1
:103220000B46EDE7106810B1103003B0F0BD202060
:1032300007F003F8034608B100220260D6E9000156
:103240000022C3E904229A610122C3E9020100922B
:1032500029463A462046FFF74BFFE5E770B50A4698
:10326000D0E90113994206460ED049B115460C46E5
:103270000FCD0FC40FCD0FC495E8030084E8030001
:1032800073682833736070BDDCF76CFAFBE72DE9D7
:10329000F04385B01F460C9B0093C36804460D465F
:1032A000914600F11001426802A8F7F789FD9DF8E8
:1032B0000830BBB1DDF80C80B8F1010F25D12546EF
:1032C000002345F8183F20460021A66840F8081F53
:1032D0002EBB2046FFF73DFBC4E90058B9FBF8F5CB
:1032E00008FB1595236853F82530A900002B33D02F
:1032F0001B683B60236853F825301F60E36838463D
:103300000133E36005B0BDE8F0834046FFF732F8D3
:103310004FEA88020021054607F026F9D3E7B36893
:10332000B3FBF8F208FB1233D6F800C055F823209F
:103330005AB9A2683260A66045F8230032680AB123
:1033400045F8216019466646C2E71268326055F8B2
:1033500023301E600B46F5E7A3683B60A7603B681F
:1033600043B162689B68B3FBF2F002FB1033226842
:1033700042F82370234653F8082B5350BEE7F7B5A5
:10338000D1E9007ED0F804C00368B7FBFCF50CFB64
:103390001575044653F825200E46BAB11368D3E9D3
:1033A00002018E4508BF87420BD0196871B11A46D9
:1033B0008B68B3FBFCF00CFB10339D4206D10B462F
:1033C000EDE7106810B1103003B0F0BD182006F022
:1033D00034FF034608B100220260D6E90001002252
:1033E0001A740122C3E90201009229463A46204696
:1033F000FFF74DFFE7E710B50A46D0E901318B42F0
:10340000044607D013B107CA83E8070063680C338A
:10341000636010BD1946DCF711FBFAE72DE9F743AD
:10342000B1F800904368B9FBF3F803FB18980E4617
:103430000A4641460746FFF71DF828B1006818B153
:10344000083003B0BDE8F083242006F0F6FE054600
:10345000D8B10446002344F8043B2046338820F8C2
:10346000043B1C22002107F07FF804F11C03636079
:103470004FF07E520123A3606261414600934A46A9
:103480002B463846FDF731F9DAE70424E5E738B58D
:10349000D0E901439C4205460A4607D014B10FC942
:1034A00084E80F006B6810336B6038BD2146DCF791
:1034B0008DFBFAE738B5D0E90135AB4204460A4640
:1034C00007D013B11846DCF7E3FB63682033636071
:1034D00038BD1946DCF714FCFAE72DE9F04385B056
:1034E0001F460C9B0093C36804460D46914600F1AD
:1034F0001001426802A8F7F763FC9DF80830BBB1E1
:10350000DDF80C80B8F1010F25D12546002345F8E0
:10351000183F20460021A66840F8081F2EBB204611
:10352000FFF7D8F9C4E90058B9FBF8F508FB159581
:10353000236853F82530A900002B32D01B683B606C
:10354000236853F825301F60E36838460133E36091
:1035500005B0BDE8F0834046FEF70CFF4FEA880255
:103560000021054607F000F8D3E7D6E900C3B3FB16
:10357000F8F208FB123355F823205AB9A2683260DA
:10358000A66045F8230032680AB145F82160194663
:103590006646C3E71268326055F823301E600B465A
:1035A000F5E7A3683B60A7603B6843B162685B686E
:1035B000B3FBF2F002FB1033226842F8237023467B
:1035C00053F8082B5350BFE7F7B50F684368B7FBB4
:1035D000F3F603FB16760C460A4631460546FEF71F
:1035E00011FF20B1006810B1083003B0F0BD0C200D
:1035F00006F023FE034608B10022026022685A60EA
:1036000000229A600122009231463A462846FFF78E
:1036100064FFE9E7F7B50F684368B7FBF3F603FB10
:1036200016760C460A4631460546FEF7EBFE20B1FB
:10363000006810B1083003B0F0BD0C2006F0FDFDAD
:10364000034608B10022026022685A6000229A6094
:103650000122009231463A462846FFF73EFFE9E74D
:103660002DE9F04385B01F460C9B0093C3680446C8
:103670000D46914600F11001426802A8F7F7A0FB41
:103680009DF80830BBB1DDF80C80B8F1010F25D1F1
:103690002546002345F8183F20460021A66840F83B
:1036A000081F2EBB2046FFF7D0F8C4E90058B9FB2D
:1036B000F8F508FB1595236853F82530A900002B71
:1036C00033D01B683B60236853F825301F60E368E4
:1036D00038460133E36005B0BDE8F0834046FEF7AD
:1036E00049FE4FEA88020021054606F03DFFD3E778
:1036F000B388B3FBF8F208FB1233D6F800C055F8D4
:1037000023205AB9A2683260A66045F823003268C7
:103710000AB145F8216019466646C2E71268326070
:1037200055F823301E600B46F5E7A3683B60A760A1
:103730003B6843B162689B88B3FBF2F002FB103335
:10374000226842F82370234653F8082B5350BEE7F3
:103750002DE9F7438946B1F8008041680368B8FB5A
:10376000F1F601FB1686054653F82630ABB11A6810
:10377000908840450BD0106878B113468288B2FB20
:10378000F1F401FB1422964207D10246F0E71868D3
:1037900018B1083003B0BDE8F083242006F04DFDD9
:1037A0000746E0B10446002344F8043B2046B9F83C
:1037B000003020F8043B1C22002106F0D5FE04F165
:1037C0001C0363604FF07E520123A36062613146A7
:1037D000009342463B462846FFF742FFD9E70424C0
:1037E000E4E72DE9F04385B01F460C9B0093C368C6
:1037F00004460D46914600F11001426802A8F7F711
:10380000DFFA9DF80830BBB1DDF80C80B8F1010F8C
:1038100025D12546002345F8183F20460021A668FB
:1038200040F8081F2EBB2046FFF767F8C4E9005890
:10383000B9FBF8F508FB1595236853F82530A90066
:10384000002B33D01B683B60236853F825301F6082
:10385000E36838460133E36005B0BDE8F0834046D5
:10386000FEF788FD4FEA88020021054606F07CFE3F
:10387000D3E73379B3FBF8F208FB1233D6F800C074
:1038800055F823205AB9A2683260A66045F8230093
:1038900032680AB145F8216019466646C2E71268E7
:1038A000326055F823301E600B46F5E7A3683B6095
:1038B000A7603B6843B162681B79B3FBF2F002FB7F
:1038C0001033226842F82370234653F8082B5350D4
:1038D000BEE7F7B50F784368B7FBF3F603FB167640
:1038E0000C460A4631460546FEF754FD20B10068F5
:1038F00010B1053003B0F0BD082006F09EFC034671
:1039000008B10022026022781A7100225A71012245
:10391000009231463A462846FFF763FFE9E72DE972
:10392000F04385B01F460C9B0093C36804460D46C8
:10393000914600F11001426802A8F7F741FA9DF89C
:103940000830BBB1DDF80C80B8F1010F25D1254658
:10395000002345F8183F20460021A66840F8081FBC
:103960002EBB2046FEF767FFC4E90058B9FBF8F507
:1039700008FB1595236853F82530A900002B33D098
:103980001B683B60236853F825301F60E3683846A6
:103990000133E36005B0BDE8F0834046FEF7EAFC82
:1039A0004FEA88020021054606F0DEFDD3E7B38822
:1039B000B3FBF8F208FB1233D6F800C055F8232009
:1039C0005AB9A2683260A66045F8230032680AB18D
:1039D00045F8216019466646C2E71268326055F81C
:1039E00023301E600B46F5E7A3683B60A7603B6889
:1039F00043B162689B88B3FBF2F002FB103322688C
:103A000042F82370234653F8082B5350BEE72DE9A4
:103A1000F7438946B1F8008041680368B8FBF1F6C6
:103A200001FB1686054653F82630ABB11A6890881C
:103A300040450BD0106878B113468288B2FBF1F490
:103A400001FB1422964207D10246F0E7186818B12C
:103A5000083003B0BDE8F083242006F0EEFB0746F3
:103A6000E0B10446002344F8043B2046B9F8003096
:103A700020F8043B1C22002106F076FD04F11C0313
:103A800063604FF07E520123A36062613146009370
:103A900042463B462846FFF742FFD9E70424E4E7C5
:103AA0002DE9F04385B01F460C9B0093C368044684
:103AB0000D46914600F11001426802A8F7F780F91F
:103AC0009DF80830BBB1DDF80C80B8F1010F25D1AD
:103AD0002546002345F8183F20460021A66840F8F7
:103AE000081F2EBB2046FEF79CFEC4E90058B9FB18
:103AF000F8F508FB1595236853F82530A900002B2D
:103B000033D01B683B60236853F825301F60E3689F
:103B100038460133E36005B0BDE8F0834046FEF768
:103B200029FC4FEA88020021054606F01DFDD3E777
:103B3000B388B3FBF8F208FB1233D6F800C055F88F
:103B400023205AB9A2683260A66045F82300326883
:103B50000AB145F8216019466646C2E7126832602C
:103B600055F823301E600B46F5E7A3683B60A7605D
:103B70003B6843B162689B88B3FBF2F002FB1033F1
:103B8000226842F82370234653F8082B5350BEE7AF
:103B90002DE9F7438946B1F8008041680368B8FB16
:103BA000F1F601FB1686054653F82630ABB11A68CC
:103BB000908840450BD0106878B113468288B2FBDC
:103BC000F1F401FB1422964207D10246F0E718688F
:103BD00018B1083003B0BDE8F083242006F02DFBB7
:103BE0000746E0B10446002344F8043B2046B9F8F8
:103BF000003020F8043B1C22002106F0B5FC04F143
:103C00001C0363604FF07E520123A3606261314662
:103C1000009342463B462846FFF742FFD9E704247B
:103C2000E4E710B50A46D0E901418C42034608D0CA
:103C30001CB192E8030084E803005A6808325A6015
:103C400010BD2146DDF7A8F8FAE72DE9F347002477
:103C5000D0F80C900F46061DA0464E450BD1B8F18A
:103C6000000F05D069463846CDE90084FFF7D9FF3B
:103C700002B0BDE8F087D9E9045AB8F1000F04D1C9
:103C80000135A5EB0A04D04608E008EB04035345D0
:103C900009D3AB4202D801342C44E41A484606F05A
:103CA00034FB8146D9E769463846CDE90084FFF701
:103CB000B8FFE5E770B50A46D0E901139942064618
:103CC0000ED049B115460C460FCD0FC40FCD0FC411
:103CD00095E8070084E8070073682C33736070BDB3
:103CE000DDF7BCF8FBE72DE9F04385B01F460C9BE0
:103CF0000093C36804460D46914600F110014268E6
:103D000002A8F7F75DF89DF80830BBB1DDF80C802C
:103D1000B8F1010F25D12546002345F8183F20466C
:103D20000021A66840F8081F2EBB2046FEF733FE90
:103D3000C4E90058B9FBF8F508FB1595236853F85A
:103D40002530A900002B33D01B683B60236853F853
:103D500025301F60E36838460133E36005B0BDE8F5
:103D6000F0834046FEF706FB4FEA88020021054635
:103D700006F0FAFBD3E7B368B3FBF8F208FB1233A3
:103D8000D6F800C055F823205AB9A2683260A66060
:103D900045F8230032680AB145F8216019466646A5
:103DA000C2E71268326055F823301E600B46F5E713
:103DB000A3683B60A7603B6843B162689B68B3FB44
:103DC000F2F002FB1033226842F82370234653F8C6
:103DD000082B5350BEE70346D0E900011833984240
:103DE00002D0890006F025BA70472DE9F8438468AF
:103DF00006464CB9726830689200214606F0B4FB62
:103E0000C6E90244BDE8F8832746256957F8088BC0
:103E100085B9E268A0689200294606F0A5FBC4E9CE
:103E200004553846FFF7D7FF2046242106F001FA53
:103E30004446DEE7A868D5F8009018B12969091A48
:103E400006F0F7F92846142106F0F3F94D46DFE7AE
:103E500010B50446FFF7C9FF2046FEF7F6FC2046E2
:103E600010BD2DE9F04385B01F460C9B0093C3683D
:103E700004460D46914600F11001426802A8F6F78B
:103E80009FFF9DF80830BBB1DDF80C80B8F1010F41
:103E900025D12546002345F8183F20460021A66875
:103EA00040F8081F2EBB2046FFF795FFC4E90058D5
:103EB000B9FBF8F508FB1595236853F82530A900E0
:103EC000002B33D01B683B60236853F825301F60FC
:103ED000E36838460133E36005B0BDE8F08340464F
:103EE000FEF748FA4FEA88020021054606F03CFB3F
:103EF000D3E73379B3FBF8F208FB1233D6F800C0EE
:103F000055F823205AB9A2683260A66045F823000C
:103F100032680AB145F8216019466646C2E7126860
:103F2000326055F823301E600B46F5E7A3683B600E
:103F3000A7603B6843B162681B79B3FBF2F002FBF8
:103F40001033226842F82370234653F8082B53504D
:103F5000BEE7F7B50F460E7841680368B6FBF1F58A
:103F600001FB1565044653F82530A3B11A68107992
:103F7000B0420BD0106870B113460279B2FBF1FC6D
:103F800001FB1C22954206D10246F0E7186810B1E9
:103F9000083003B0F0BD142006F04FF9034608B115
:103FA000002202603A781A710022C3E902221A61E3
:103FB00001220092294632462046FFF752FFE7E7EA
:103FC0000346D0E900011833984202D0890006F078
:103FD00030B970472DE9F843846805464CB96A68E2
:103FE00028689200214606F0BFFAC5E90244BDE800
:103FF000F8832746266957F8088B86B9E268A068D7
:104000009200314606F0B0FAC4E904663846FFF77C
:10401000D7FF2046242106F00CF94446DEE730465F
:1040200050F8089BFEF76EFB3046142106F001F9AC
:104030004E46E2E710B50446FFF7CCFF2046FEF7F8
:10404000FAFB204610BD2DE9F04385B01F460C9BBE
:104050000093C36804460D46914600F11001426882
:1040600002A8F6F7ADFE9DF80830BBB1DDF80C8074
:10407000B8F1010F25D12546002345F8183F204609
:104080000021A66840F8081F2EBB2046FFF798FFC6
:10409000C4E90058B9FBF8F508FB1595236853F8F7
:1040A0002530A900002B33D01B683B60236853F8F0
:1040B00025301F60E36838460133E36005B0BDE892
:1040C000F0834046FEF756F94FEA88020021054684
:1040D00006F04AFAD3E73379B3FBF8F208FB123360
:1040E000D6F800C055F823205AB9A2683260A660FD
:1040F00045F8230032680AB145F821601946664642
:10410000C2E71268326055F823301E600B46F5E7AF
:10411000A3683B60A7603B6843B162681B79B3FB4F
:10412000F2F002FB1033226842F82370234653F862
:10413000082B5350BEE7F7B50F460E784168036869
:10414000B6FBF1F501FB1565044653F82530A3B124
:104150001A681079B0420BD0106870B1134602791A
:10416000B2FBF1FC01FB1C22954206D10246F0E7AE
:10417000186810B1083003B0F0BD142006F05DF8E7
:10418000034608B1002202603A781A710022C3E99E
:1041900002221A6101220092294632462046FFF788
:1041A00052FFE7E70346D0E900011833984202D0F6
:1041B000890006F03EB870472DE9F843846805464B
:1041C0004CB96A6828689200214606F0CDF9C5E925
:1041D0000244BDE8F8832746266957F8088B86B95C
:1041E000E268A0689200314606F0BEF9C4E90466B0
:1041F0003846FFF7D7FF2046242106F01AF8444638
:10420000DEE7304650F8089BFEF76CFA3046142182
:1042100006F00FF84E46E2E710B50446FFF7CCFF74
:104220002046FEF7FEFA204610BD2DE9F04385B08A
:104230001F460C9B0093C36804460D46914600F14F
:104240001001426802A8F6F7BBFD9DF80830BBB12B
:10425000DDF80C80B8F1010F25D12546002345F883
:10426000183F20460021A66840F8081F2EBB2046B4
:10427000FFF798FFC4E90058B9FBF8F508FB15955E
:10428000236853F82530A900002B33D01B683B600E
:10429000236853F825301F60E36838460133E36034
:1042A00005B0BDE8F0834046FEF764F84FEA8802A7
:1042B0000021054606F058F9D3E73379B3FBF8F24D
:1042C00008FB1233D6F800C055F823205AB9A2686B
:1042D0003260A66045F8230032680AB145F82160D3
:1042E00019466646C2E71268326055F823301E60F0
:1042F0000B46F5E7A3683B60A7603B6843B1626883
:104300001B79B3FBF2F002FB1033226842F82370F2
:10431000234653F8082B5350BEE7F7B50F460E78E7
:1043200041680368B6FBF1F501FB1565044653F8D7
:104330002530A3B11A681079B0420BD0106870B163
:1043400013460279B2FBF1FC01FB1C22954206D117
:104350000246F0E7186810B1083003B0F0BD142031
:1043600005F06BFF034608B1002202603A781A712B
:104370000022C3E902221A61012200922946324634
:104380002046FFF752FFE7E738B504460D46AC423A
:1043900000D138BD201DFBF792FF1034F7E72DE95F
:1043A000F84FD0E904B8D0E9067A8668D0F82490AE
:1043B000044608F10405A94518D8C1451DD0594641
:1043C0003046FFF7E1FF39465046FFF7DDFF23682F
:1043D0004BB1636A65691E1DAE4211D861682068E1
:1043E000890005F026FF2046BDE8F88F55F8040B3C
:1043F00000F50071FFF7C8FFDDE739463046E4E716
:1044000055F8040B4FF4007105F013FFE4E7F0B525
:1044100007460C4605460FCF8DB001AE0FC60FCF35
:104420000FC697E8070086E8070026460FCE0FC59F
:104430000FCE0FC596E8070085E8070001AD0FCD48
:104440000FC40FCD0FC495E8070084E807000DB036
:10445000F0BD70B5C3685BB9806818B9003818BF83
:10446000012070BD0A7803799A42F7D00068F4E71A
:1044700042680C780368B4FBF2F102FB114153F877
:1044800021000028EAD0036805461879A0420CD024
:1044900018680028E2D01D460379B3FBF2F602FB50
:1044A0001633994203D10346EFE72868D6E7002088
:1044B000D4E72DE9F04706460D46174698462BB33C
:1044C00098F8004093F80190DB78A40004EB4304D3
:1044D00098F802301C4444444FF0000ACA4509D3FE
:1044E000D8F8042008F1080339463046AC46BDE848
:1044F000F047604714F8013B48F823402046C9F7CD
:1045000055F9013004440AF1010AE7E76FF015009C
:10451000BDE8F08770B5002502462846144614F819
:10452000013B0BB9184609E098B18D4207D1702BB9
:1045300004D0A3F140023A2A0BD8002070BDA3F1A9
:1045400040063A2E05D853780135941C002BE9D04B
:104550000020252B08BF80F001002246DEE7F0B5E1
:1045600064230546042600200A2769B9F0BD9A4253
:10457000B2FBF3F40CD2012B0AD048B903FB14228E
:10458000D2B20A24B3FBF4F3013EF0D12E70EDE772
:10459000303405F8014BB2FBF3F4013903FB14226C
:1045A0000130B3FBF7F3C9B2C0B2D2B2DBB2DCE781
:1045B000A0F13003DBB2092B02D80B70002070474A
:1045C000A0F16103052B02D85738C3B2F5E7A0F17B
:1045D0004103052B01D83738F7E76FF01500704716
:1045E000F7B5054601F0010000EB51069E424FEA87
:1045F000510703D90026304603B0F0BD58B12878E2
:104600000DF10701FFF7D4FF0028F3DB9DF8073019
:1046100002F8013B013501351744BA42EBD015F8D9
:10462000010C0DF10701FFF7C3FF0028E2DB9DF845
:1046300007402401E4B2147015F8020BFFF7B8FF2D
:104640000028D7DB9DF807301C4402F8014BE4E753
:104650000020704730B58A680C68551C14B14B684F
:10466000934201DC8D6030BD013B934208BF0022C4
:104670008D600CBFE254A054F5E70FB407B504A950
:1046800051F8040B0191DEF7A3FF03B05DF804EBD2
:1046900004B070470CB407B504AB53F8042B019376
:1046A000DEF7A4FF03B05DF804EB02B070470446E8
:1046B00008B5084611461A46A047F5F7A3FCE4F7EB
:1046C000A3FB00EBC100408840087047F8B50346E3
:1046D000FFF7F7FFB0FA80F0C0F11F0003EB800C8A
:1046E000CA00DCF81060171D0C4606328DB256B9B0
:1046F000012101FA00F0D9680143D960CCF81040DB
:10470000DD539D52F8BDF1000431585AD85303EBE4
:10471000C0009E52C5805D52F4E710B500EBC104A5
:10472000E388994202F104010AD1012303FA02F25B
:10473000C36823EA0203C360002340F8213010BDA0
:10474000A28840F8213000EBC20100EBC300CB800F
:104750008280F4E708B50346FFF7B3FFB0FA80F2B2
:10476000C2F11F021846BDE80840FFF7D6BF2DE989
:10477000F843B1FA81F5C5F11F0900EB890803463A
:10478000D8F810200E46C2B10327D8F810401846BA
:104790002146FFF796FFB04206D34A461846FFF778
:1047A000BCFF2046BDE8F88303EBC404013FE0886A
:1047B000C8F8100001D08242E7D1C5F120024FF0C5
:1047C000FF349440DA681440EBD094FAA4F2B2FAC1
:1047D00082F2111D53F821402146DFE738B5034628
:1047E000FFF76FFF0D46044611461846FFF769FFB5
:1047F00003EBC5050444600068801846FFF761FFBD
:10480000014423F8314038BD38B50346FFF759FF5E
:104810000C46A51A511A03EBC404054448006080F5
:1048200003EBC2006C00448023F832101846114696
:10483000FFF747FF014423F8315038BD38B505462E
:10484000FFF73FFF0C46014405EBC1035B88DA0725
:104850000AD42846FFF77EFF21462846FFF731FF9E
:1048600022182846FFF7BAFF35F83410611A05EB15
:10487000C1035B88DB070CD42846FFF76BFF35F8D4
:1048800034102246611A2846FFF7A8FF35F8343065
:10489000E41A21462846BDE83840FFF717BF61B14A
:1048A00000680439091A21F007030344C9085A882B
:1048B00022F001025A80FFF7C1BF704770B505684A
:1048C00009B9002070BDAB68B3EBD10FF9D90B313A
:1048D000CC0821462846FFF74AFF06460028F0D0BC
:1048E00001462846FFF7EDFEA04207D932192846B7
:1048F000FFF78AFF11462846FFF7E8FE05EBC602E0
:104900001046538843F0010353800430DAE72DE961
:10491000F84301F1FF3919EA010906680F46144608
:104920000CD04B420B40042B1A464F4628BF0422A2
:10493000994664B900252846BDE8F883042904D8BF
:10494000BDE8F8431146FFF7B9BF0422F1E7B368A9
:10495000B3EBD40FEED904F10B013944891AC9081D
:104960003046FFF704FF80460028E3D009F1040534
:1049700005EBC0057B1E35441D447F423D40A5EB41
:1049800009052C442B1F07349B1B24F00704A41B90
:10499000B0EBD30F4FEAD3074FEAE40408D2014645
:1049A0003A463046FFF730FF41463046FFF78EFE6D
:1049B00039463046FFF785FE3844844207D23046F8
:1049C0002246FFF721FF21463046FFF77FFE06EB28
:1049D000C706738843F001037380ACE7043AF0B470
:1049E0000446C81D114420F0070021F007010E1AEB
:1049F000F3082060B3FA83F20446C2F124050027CD
:104A00008360AD0044F80C7F0735C2F12002E9084D
:104A100004EB820244F8047F9442FBD14A0042F046
:104A20000102428000EBC1045A1A550007806580DC
:104A3000841920F8311000EBC303678082535A8831
:104A400042F001025A80F0BCFFF740BE036800222A
:104A50000BB9184670478B4210D10B6842B94268B7
:104A60000360914200D1436000230B600120704736
:104A700013604368994208BF4260F5E71A461B6815
:104A8000E6E7838B13F0070305D10368002B0CBF07
:104A9000002003207047022B05D1C08BB0FA80F0B4
:104AA000400980007047012B05D10368002B0CBF23
:104AB0000020052070470020704710B50C4600B15B
:104AC00011B96FF0150010BD081D00F0D6F80028D0
:104AD000F9D1A368032BF6D9F3E72DE9F0410D4690
:104AE00007461946281D90461E4600F0DAF804468F
:104AF00038B13346424629463846A446BDE8F0411F
:104B00006047BDE8F08110B44FF04004EFF311822C
:104B100084F31288BFF36F8F816110BC0121DEF72F
:104B20007BBD38B50C46054658B151B10B6843B151
:104B30004B6833B12022002105F016FD2C610020C6
:104B400038BD6FF01500FBE770B505460E46FFF760
:104B5000B4FF041E15DB4FF04003EFF3118283F323
:104B60001288BFF36F8FEB8BAC8B4FF6FF718B42CC
:104B700004F0070407D182F31188BFF36F8F6FF041
:104B80000A04204670BD022C0CD10133EB8382F362
:104B90001188BFF36F8F0023224631462846FFF766
:104BA0009CFFEEE7062C14D8DFE804F0041313137F
:104BB000041A0400002333606B683BB9C5E9006642
:104BC000ACB902212846DEF727FDDAE71E606E60E9
:104BD000F6E782F31188BFF36F8F6FF00404D0E71C
:104BE00082F31188BFF36F8F6FF08504C9E782F3FA
:104BF0001188BFF36F8FC4E710B54FF04003EFF398
:104C0000118283F31288BFF36F8F848B04F0070443
:104C1000022C0AD0012C0CBF6FF004006FF085004D
:104C200082F31188BFF36F8F08E0C38B013B9BB207
:104C3000C38323B92146DEF7EFFC204610BD204692
:104C4000EEE738B5B0B1A9B14FF04002EFF31185EE
:104C500082F31288BFF36F8F848BFFF7F7FE30B1BA
:104C600004F0070085F31188BFF36F8F38BD6FF034
:104C70007700F7E76FF01500F8E7034640B14268A8
:104C800002F00302022A06D0032A04D0012A05D02A
:104C90006FF0150070471A68002AF9D0002098605C
:104CA000704710B54268816002F00302022A034691
:104CB0004FF0000407D0032A02D05C60002001E01E
:104CC00018685C6010BD18685C600028F6D0F5F7C5
:104CD0007DFCF3E72DE9F0410746884615461E4660
:104CE0001446B44205D30EB1601B08E02378002BB4
:104CF000FAD014F8010B4146B8470028F1DABDE8B4
:104D0000F0810FB407B504A951F8040B0191DEF747
:104D10005FFC03B05DF804EB04B07047C368026841
:104D2000934204D9013B9A1A00200A607047406AF6
:104D300013B90138821AF7E7821A0120F5E713B593
:104D400001A90446FFF7EAFF20B1019BE268013B9D
:104D500013440193606A019BC01A013802B010BD70
:104D600010B5044688182269636AD20702D5013B50
:104D7000184010BD984228BFC01AFAE738B50D4652
:104D8000026A8B00016843F0020342F821302A4690
:104D900001680446FFF7E4FF616820602A46204668
:104DA000FFF7DEFF606038BD38B503695B07044676
:104DB00006D5856AFFF7C3FF85422CBFA562A062B6
:104DC00038BD2DE9F84F1F4600233B70D0F80CA0EA
:104DD000D0F8209019F82A3003F00303022B044680
:104DE0008B46904609EB8A0603D159F82A50AD0844
:104DF0002ED1E369304698470546B8F1000F38D008
:104E000019F82A309B0731D50BF101012046FFF735
:104E1000B5FF61682A462046FFF7A2FF216860605F
:104E20002A462046FFF79CFF2A462060E16820467C
:104E3000FFF796FF236A13F8202002F00302022AEC
:104E400003EB80060ED153F820309B080AD01D4496
:104E5000E1682A462046FFF783FFC4E90200304696
:104E6000BDE8F88FE36930469847054401233B705D
:104E7000EEE74646F3E738B50D460446202200210A
:104E800005F072FBEB68E361AB68A3612B682362FA
:104E90006B6863620022A2622A6923B1591E19421B
:104EA00008BF42F001022261012204F12C0000211E
:104EB000BDE8384004F06CBD2DE9F3479846436ADD
:104EC000013B8B4204460E46174651D300254FF056
:104ED0004003EFF3118983F31288BFF36F8F01A9A9
:104EE0002046FFF71BFFDDF804A0B24517D3226868
:104EF000236A13F8221021F0030103F8221003EBB8
:104F00008205216832462046FFF72AFF206089F398
:104F10001188BFF36F8F284602B0BDE8F08750B10B
:104F200051462046FFF72AFF89F31188BFF36F8FA0
:104F3000002DCBD033E057EA080320D004F00FFC5B
:104F4000E8B989F31188BFF36F8F3A46434604F1FD
:104F50002C00F4F75BFB4FF04002EFF3118382F378
:104F60001288BFF36F8F28B183F31188BFF36F8F5F
:104F70000025D0E783F31188BFF36F8FD8E722694C
:104F80000DF10303C2F3400251462046FFF719FF1B
:104F9000054689F31188BFF36F8F0028E8D09DF88C
:104FA0000330002B93D0A369002B8FD029462046D5
:104FB00098478BE770B50446C36908460D46984785
:104FC00002464FF04003EFF3118683F31288BFF3DC
:104FD0006F8F2B7843F001032B7061682046FFF739
:104FE000BFFE60602046FFF7DFFE86F31188BFF347
:104FF0006F8F70BDF8B504464FF04003EFF3118694
:1050000083F31288BFF36F8FD4E90123934288BFE3
:10501000626A216AD21A32B111F8232012F0030019
:1050200001EB830705D186F31188BFF36F8F00274B
:105030002EE0022803D151F82350AD0805D1D00746
:1050400014D4E369384698470546A1682A462046A5
:10505000FFF786FEE168A0602A462046FFF780FE43
:10506000E06086F31188BFF36F8FC5E742F002025C
:1050700001F823203846E369A56898472946024687
:105080002046FFF76DFEA06086F31188BFF36F8F97
:105090003846F8BD70B50446C36908460D469847C2
:1050A00002464FF04003EFF3118683F31288BFF3FB
:1050B0006F8F2B786FF300032B7023699B0705D547
:1050C000E168236A03EB81039D4212D12B786FF3D1
:1050D00041032B70E1682046FFF742FEE06086F353
:1050E0001188BFF36F8F04F12C00BDE87040F4F716
:1050F00067BA2B6860F39F032B60F0E7D0E90123C8
:10510000934288BF426AD31A181E18BF0120704705
:10511000704703785B070BD403684288C3F34923C5
:10512000C2F3CB029818173020F0070080087047B0
:10513000002070470020704704F004B80346BFF316
:105140005B8F53E8000F421C43E800210029F8D18F
:10515000BFF35B8F70470120DFF75AB8002070471C
:1051600070B5D2E901369B1B8B420C4615460AD31B
:1051700013680A460146981905F0BBF9AB68234449
:10518000AB60204670BD6FF01B00FBE770B50E46AC
:1051900015461946C2F3CB42044618B9BDE8704023
:1051A000DFF736B82BB11030C5F34923184405F0AA
:1051B000A0F9C4E900562046BDE87040DFF7B4B955
:1051C000F8B506460D4614461F46214628463A467F
:1051D000B047241A0544F8D1F8BD13B50024009453
:1051E000DEF78AFB02B010BD10B542688168044644
:1051F000D2E900230068FFF7E3FF636800221A602A
:1052000010BD38B54B681A68CB689A4205460C4603
:1052100002D10846FFF7E8FF6368BFF35B8F53E8EE
:10522000002F511C43E800100028F8D1BFF35B8F1A
:10523000A3689D54002038BD0A2838B504460D46A1
:1052400002D10D20FFF7DDFF29462046FFF7D9FFE9
:10525000002038BD704708B5DFF7A6FCBDE8084060
:10526000DFF794BC0020704770B406688489806AB8
:105270000D0C16FA81F105FB041184682468A4461C
:1052800070BC60470B6803F580330B60C0891A0C53
:10529000B0EB134F04BFA3EB02430B6070472DE943
:1052A000F0431C46C36A1D686D4289B081460E46B4
:1052B000174605F020051CB9204609B0BDE8F0836B
:1052C000AC42A04628BFA84643466A4631464846F7
:1052D000FFF7CAFF0028F0D142466946384605F07C
:1052E000F8F820B9A4EB080446444744E3E701205A
:1052F000E3E710B5014604460722FF20DEF746F932
:10530000E07110BD2DE9F0411C46C36A1D686D4275
:1053100088B005F0200507460E46684611462A4625
:1053200005F022F91CB9204608B0BDE8F081AC4276
:10533000A04628BFA84643466A4631463846FFF78E
:10534000AEFF0028F0D1A4EB08044644EAE738B5E4
:10535000828903680D0C090C04462D04806A02FB47
:10536000013183689B68984750B9E26AA389127932
:1053700029462046FFF7C6FF002818BF6FF005003A
:1053800038BD0023DFF704B90378012B81BF01F199
:10539000FF31C9185B4219400846704770B50C468A
:1053A00005460821C06AFFF7EFFF0722064621469F
:1053B000FF20DEF7EBF8E379834207D1AA896388FF
:1053C000901B83422CBF0020012070BD0020FCE711
:1053D00038B505460C46FFF7E1FFA0B1A08898B9A3
:1053E00022884FF6FF739A420DD1E86A0821FFF731
:1053F000CBFF6288AB899B1AB3FBF0F202FB103043
:10540000B0FA80F0400938BD0020FCE7F7B504464B
:105410000D46C06A0821FFF7B7FF29680746082331
:105420002046FFF721FF0646002836D12B683B4473
:105430002B60A28999B2D21B91422ED11A0C03BFC4
:10544000E28902F1FF3203EB0241A3F580312960CA
:1054500008236A462046FFF707FFE8B9E36A1A798E
:105460006B4613F8011B8A420CD101300828F8D191
:10547000636805E02B68BDF802201B0C1B04134475
:105480002B600AE069462046FFF7A2FF0028F1D111
:1054900029462046DFF796FB0646304603B0F0BDAE
:1054A0002DE9F043074689B090461E461BB90020FF
:1054B00009B0BDE8F0833C688389080C14FA81F1D7
:1054C00000FB0314FB6A1D686D4235400CD0B86ABE
:1054D00083682146D3F804902B46C8470028E7D1BB
:1054E000761BE4D02C44A84420233246414668462B
:1054F00005F00DF8FD6A2A682979921B0DEB06006C
:1055000005F032F8B86A2B688268214655686A4609
:10551000A847CDE710B50A46082341680446FFF7BF
:10552000BFFF08210246E06AFFF72EFF63681B1ADF
:105530006360104610BD13B54FF6FF73ADF8003031
:1055400000230446ADF804308368ADF802306846A5
:10555000FFF7CFFE69462046FFF7DCFF02B010BD23
:105560002DE9F04F044695B0C06A0821FFF70CFF03
:1055700063681B0C1B04054603A920460393FFF731
:1055800081FEDDF80CB0A6895E44761B06AA0823CE
:10559000314620460496FFF767FE021EC0F2A9803E
:1055A000E36A06AA1979002312F8010B814240F040
:1055B0008F800133082BF7D1A36862682B449A428D
:1055C0007ED259462046FFF7C2FE024691E0BDF862
:1055D0001A30360C36041E44049608AA04A9204644
:1055E000DDF810A0FFF712FF0246002840F081808E
:1055F00008A92046FFF7D2FE18B9019B9A45ECD1C5
:10560000DAE7636805930AAA05A92046059EFFF715
:10561000FDFE024600286CD1BDF82820BDF82030E0
:105620009A4227D06268059B9A42ECD15645E4D154
:10563000BDF82430002BE0D0BDF822704FEA1A43A9
:105640001B041F4408A8A368ADF82230FFF751FEE1
:10565000E36ABDF824901E68764206F02006B9F190
:10566000000F0ED108A92046FFF754FF024600287C
:10567000C3D03EE00AA92046FFF790FE0028D1D013
:10568000D4E74E45B04628BFC8460CAA4346394623
:105690002046FFF7E9FD024658BB4346A1680CAA25
:1056A0002046FFF7FDFE41460246E06AFFF76CFE2A
:1056B000A3680344A360E2B9A9EB08094744CEE715
:1056C0002046FFF738FF024600283FF47AAF10E08B
:1056D000731B06A920460193FFF77AFE00287FF48A
:1056E00076AF04A92046DFF76DFA024600283FF4A2
:1056F00074AF104615B0BDE8F08F00231A46DFF7EF
:1057000093BC13B500240094DFF776FD02B010BD02
:105710000023DEF73DBF03F0BFBA006840B150F888
:10572000043C5B688B42A0F1040001D04068F5E7BF
:105730007047006850B150F8043C5B685B689B7828
:105740008B42A0F1040001D04068F3E7704730B508
:10575000006888B150F8043C5B681A6A1D7F043801
:105760000023043ADCB2A54201D84068F1E70133D6
:1057700012F833408C42F5D130BD704770B54C689B
:105780000368A34201D2012070BD8A68224493427B
:1057900001D30020F8E7D1E903254E69B54203D3D0
:1057A0006FF00B038B61F4E71B1B42F83530436845
:1057B000086902EBC00253600B6901330B61E2E739
:1057C0000020E0F7F9BD00221146E0F7BBBD03461B
:1057D00010B508460AB10021116053B1D0B1411E85
:1057E00011F8010F80B113F8014BA04201D13D28FF
:1057F000F6D100200EE0013313600AE03D2808D006
:10580000B0FA80F0400905E018782F28F6D1002A78
:10581000F1D1012010BD10B509B100230B6058B1C2
:1058200003461A781C4601332AB13D2A03D02F2A99
:10583000F7D101B10B60201A10BD0830704710B5C8
:10584000134614460A4681880068FFF75AFFA042B3
:10585000A8BF204610BD2DE9F04F97B00446019235
:105860009A46894600297ED0DAB1BAFA8AF77F09CA
:10587000258F0135ADB2A84604F1080B6E1EB6B2F5
:10588000B6F5004F40D04A2303AA31465846FFF7E9
:1058900038FF002807DA10F1020F08BFB04635467E
:1058A000ECE70127E4E700F158030DEB03000023C8
:1058B00000F84C3C03A94846C7F76EFF0028EED11C
:1058C0002FB3238FB34208D031465846FFF715FF58
:1058D00000280FDA17B0BDE8F08F2246731E22F8B9
:1058E000383F4FF4004102235846DFF79DFB002864
:1058F000EADAEFE705F57F513F3189B25846FFF705
:10590000FCFE00EAE070E5E7FFB10020E2E7B04608
:10591000B8F5404F2AD004F1080508F58041019AF6
:10592000534689B22846DFF77FFB0028D2DB77B9E0
:10593000238F4345E9D22246022322F8388F4FF4C1
:1059400000412846DFF770FBDBE70127E0E7484628
:10595000C7F72CFF4A46034641462846DFF764FB5B
:105960000028E5DAB6E76FF01500B3E76FF00B003B
:10597000B0E773B5C36B03630446C3B100F1080617
:105980003046DFF751F9054670B902230DF10602E2
:105990004FF400413046FFF7B4FE0028ACBFBDF81D
:1059A00006304FF400432387284602B070BD6FF0E5
:1059B0001205F9E770B50446D0F83C03A8B1451EBE
:1059C0000026AE4201DD00200FE0721902EBD27218
:1059D0005210D01CC30004EBC0000089884201D2E1
:1059E000561CEEE702D80433E01870BD551EE8E7F8
:1059F000002310B50446C0F83C33D4F8580310B95E
:105A0000C4F8600310BDD4F85C230368C4F85833AD
:105A1000904208BFC4F85C3304F0EEFBEDE710B52C
:105A20000346BFF35B8F53E8000F00EA010243E82F
:105A30000024002CF7D1BFF35B8F10BD0023DEF7ED
:105A4000A7BD10B50446FFF7D3FF6FF0010104F5C1
:105A50005070FFF7E4FFD4F864335B6823B1D4E9F6
:105A60000001BDE81040184710BD70B504460D4652
:105A7000FFF7BEFF6FF0010104F55070FFF7CFFF95
:105A8000D4F864339B682BB1626820682946BDE86E
:105A90007040184770BD37B54FF420530168ADF81A
:105AA00002300546002468468DF8004000F066FC90
:105AB00018B92868083803B030BD42F601032968D8
:105AC0008DF8044001A8ADF8063000F057FC00281E
:105AD000EFD02046EFE737B542F603030168ADF893
:105AE00006300546002401A88DF8044000F046FC6D
:105AF00018B92868083803B030BD2046FBE70068B5
:105B000070471C307047F7B500F11C0531B1A94250
:105B100003D20025284603B0F0BD0D46D0F83C3333
:105B200000EBC30000F11C04002642F60307083511
:105B3000AC42EED929688DF8046001A8ADF8067072
:105B400000F01CFC0028F2D1E4E770B505460E46D3
:105B5000002421462846FFF7D6FF044638B1FFF758
:105B6000BAFF0168304600F009FC0028F1D1204658
:105B700070BD034600F11C0219B1914202D200200F
:105B800070471146D3F83C2303EBC20301F1080030
:105B90001C33984228BF0020704713B5FFF7E9FF78
:105BA000044618B90024204602B010BD0023016845
:105BB0008DF8043001A842F60303ADF8063000F07A
:105BC000DDFB0028EFD1EDE770B5054616460C4623
:105BD00021462846FFF7E1FF044628B121683046F8
:105BE00000F0CCFB0028F3D1204670BD38B500F59D
:105BF000507504466FF002012846FFF710FF830737
:105C000009D52046FFF7F4FE6FF001012846FFF7A3
:105C100006FF002038BD6FF07700FBE7E6F728B9F4
:105C2000F3F7CEBC10B504463030FFF7F9FF01237F
:105C300084F85D3023691BB12046BDE81040184749
:105C400010BD70B5044630300D46FFF7E9FF6369BB
:105C500023B129462046BDE87040184770BD002397
:105C6000DEF796BC2DE9F3411E4652F8043C0D4682
:105C70001446A2F120072BB9E1F7B4FC002002B0D2
:105C8000BDE8F081B2F80A8002F11000FFF7C8FF0A
:105C9000CDF8008054F8044CBDF820303246294637
:105CA0003846A047EAE710B48C6814B910BCE1F795
:105CB0006FBE00222346086810BC8A60184738B5BA
:105CC0000D4604466022002104F04EFC2B6823613F
:105CD0006B686361AB68A361012204F13000114677
:105CE000BDE8384003F054BE38B5836D044643B177
:105CF00090F85C50A06D25BB84F85C5004F07CFAF1
:105D0000A565E36C1BB104F14C00E1F737FC236D92
:105D10001BB104F15000E1F731FC636D1BB104F1DC
:105D20005400E1F72BFC204600236360A360E3608E
:105D3000E36184F85D3040F8303BBDE83840FFF760
:105D40006FBF6B1EDDB200EB8500E1F717FCD1E7FA
:105D50000068003818BF0120704790F85D00704758
:105D60000068704710B5034690F85C0010B19B6D59
:105D700051B9186810BD53F8044B8C42F9D0013268
:105D80008242F8D30020F5E70022F8E770B5856D70
:105D900090F85C4000239C4201D8002070BD55F86B
:105DA000230090F85660964203D190F857608E42D7
:105DB000F4D00133EFE790F85600704790F85700A1
:105DC000704790F85800704738B50D46AB42114601
:105DD0001C4604D81A4604F08CFB204638BD00242B
:105DE000FBE704F0C1BBC30903EB430303EBC303AD
:105DF00083EA4000C0B27047CB780278534003700A
:105E00004B884278534043700A68837883EA1223B0
:105E100083700A68C3785340C370CB7902795340CA
:105E20000371CB884279534043714A68837983EA8E
:105E3000122383714A68C3795340C371CB7A027AC3
:105E400053400372427A4B89534043728A68837A83
:105E500083EA122383728A68C37A5340C372CB7B6E
:105E6000027B53400373CB89427B53404373CA6820
:105E7000837B83EA12238373CA68C37B5340C37353
:105E800070471FB502788DF8002042798DF8012007
:105E9000827A8DF80220C27B8DF8032002798DF87A
:105EA0000420427A8DF80520827B8DF80620C27886
:105EB0008DF80720027A8DF80820427B8DF80920A2
:105EC00082788DF80A20C2798DF80B20027B8DF83C
:105ED0000C204278C37A8DF80D2082798DF80E203F
:105EE0008DF80F3010236A461946FFF76DFF05B095
:105EF0005DF804FBF8B5064608780C46FFF773FF1B
:105F000005466078FFF76FFFA27863785340E27828
:105F100053405D406840307060782778FFF763FF3A
:105F20000546A078FFF75FFFA3785F40E3785F4006
:105F30007D406840707063782778A0785F40FFF7F5
:105F400052FF0546E078FFF74EFFE3785F407D4063
:105F50006840B0702078FFF746FF6278237853409E
:105F6000A278534080EA0305E078FFF73CFFEDB2EA
:105F70004540F570F8BD70B5144688B00546002858
:105F800049D0002949D0002A49D010230A46684642
:105F90001946FFF719FF21466846FFF72DFF103419
:105FA00001F1A0066846E2F727F86846FFF769FFA7
:105FB000694604A8FFF79EFF01A905A8FFF79AFF0D
:105FC00002A906A8FFF796FF03A907A8FFF792FF0B
:105FD000102319460DEB03026846FFF7F5FE214634
:105FE00068461034FFF708FFB442DBD1E2F704F84B
:105FF0006846FFF746FF21466846FFF7FDFE10237F
:1060000019466A462846FFF7DFFE6846102200213F
:10601000FFF7E7FE012008B070BD0846FBE7104619
:10602000F9E710B50A460F3012F9103B002BACBF50
:106030000023872312F8014D83EA44038A4200F8C3
:10604000013902D01378DB09F4E710BD08B520B19F
:1060500058220021FFF7C5FE012008BD10B50446F7
:1060600088B110220021FFF7BCFE102204F130009D
:106070000021FFF7B6FE0023636400224FF4803353
:10608000C4E91423012010BD70B504460D46164620
:1060900010B311B358220021FFF7A3FE2946A664CE
:1060A0003046E1F7B5FF102200212046FFF799FEA8
:1060B00004F11005A26C21462046FFF75CFF214643
:1060C0002846FFF7AEFF294604F12000FFF7A9FF9D
:1060D0002046FFF7C3FF012070BD0846FCE72DE90D
:1060E000F0410E4615460446002860D0FAB100295A
:1060F0005DD0D0E9143253EA020158D0013BD0F808
:10610000448042F1FF32C0E91432B8F1000F2CD0C4
:10611000C8F1100708F13000BD4220440AD22B46D6
:1061200032462946FFF750FE636C2B44636401201E
:10613000BDE8F0813B4632463946FFF745FE103D4B
:106140000023636445443E44631E04F10F0113F8C9
:10615000012F93F830008B4282EA00021A70F6D1C8
:10616000A26C21462046FFF706FF04F10F07102D11
:106170000AD8002DDBD02B463246294604F13000E8
:10618000FFF722FE6564D2E7631E711E13F8012F2C
:1061900011F8010FBB4282EA00021A70F6D1A26C1C
:1061A00021462046FFF7E7FE1036103DDFE70020CE
:1061B000BEE770B50C460546E8B169B34A6C102AD3
:1061C0001AD11031631E013904F10F0013F8012FA9
:1061D00093F83060724011F8016F984282EA06022B
:1061E0001A70F3D1A26C21462846FFF7C4FE204660
:1061F000FFF72CFF012070BD02F130000021C2F139
:1062000010022044FFF7EDFD636C2344802283F8E5
:10621000302004F12001D5E70846ECE708B500205E
:10622000DDF70EFF01460068E2F74EB800210120BD
:10623000E2F74AB808B5E2F70DF9BDE80840E2F721
:10624000E5B90B4601461846FFF70CB80023DEF708
:106250009FB9002070474FF0FF3070470020704713
:1062600008461146E2F7DEBE08461146E2F7EEBEEA
:106270004FF0FF307047002070470228CCBF00204D
:106280000120704700207047002070474FF40053F2
:106290004B600020704710B504461420F6F73EF915
:1062A0002060BDE8104003F096BA4FF0FF324FF087
:1062B000FF33F3F79DB8F3F715B9F2F743BD06289E
:1062C00008D14FF080430122C3F80025BFF34F8F60
:1062D00020BFFDE77047002383F31188BFF36F8F62
:1062E000704730B587B0B1F803204B79ADF808207E
:1062F00005460D220C460DF10B0000218DF80A30E9
:1063000004F032F902AA1146284602F081FF10B1CA
:10631000002007B030BD029BADF8043003221B0CF7
:1063200001A920468DF8063004F0D3F8B0FA80F0C9
:106330004009EEE770B50D4600210446FFF76BFA01
:106340000D2818D1237B302B13D0312B13D10123EF
:1063500005F8063B04F10C062A46204601230221DB
:106360000234FEF73DF9B44205F1FF35F4D10020C7
:1063700070BD0023ECE76FF01500F9E710B50C468F
:10638000017822788A428AB00FD06946E3F7E4F8B0
:1063900005A92046E3F7E0F810220DF115010DF1F3
:1063A000010004F096F80AB010BD012A06D0022AB6
:1063B00007D072B940886388C01AF4E74068636800
:1063C000FAE71022611C01300AB0BDE8104004F069
:1063D00080B86FF01500E6E7042A0AD0102A0DD025
:1063E000022A4FF0000315D103700B88438001206F
:1063F0007047012303700B684360F8E7022300F83D
:10640000013B01F1100351F8042B40F8042B994291
:10641000F9D1ECE718467047012310B50621044670
:1064200000F8013BF0F798FB18B9A37963F03F033C
:10643000A37110BD0F2807D80D280BD8052808BF59
:10644000032018BF02207047132803D01A2808BF62
:106450000120F6E701207047D0F8BC3083B15A7BA9
:10646000D1070DD5D2060DD51B7B102B14BF0323EE
:1064700004234372807A98428CBF00200120704729
:106480000223F6E70323F4E7704710B50346BFF392
:106490005B8F53E8000F40EA010243E80024002C20
:1064A000F7D1BFF35B8F10BD0B4601461878E3F7B9
:1064B00039B90B6803608B8883808B79837170474F
:1064C0000B6803608B88838070470023DEF760B819
:1064D000BFF35B8F50E8003F0B4040E80032002ADA
:1064E000F8D1BFF35B8F7047C0F307231070000E25
:1064F0005370D0700023C1F30720090E93701371FD
:1065000050719371D171704770B506460D4640F2D7
:1065100006400321E3F7B2FD044668B103210830C9
:1065200002F013FB0680857021460022BDE8704012
:1065300040F20640E3F7DCBD6FF0680070BDF8B5CF
:1065400007460E4642F2220006211546E3F796FD65
:10655000044678B10621083002F0F7FA3B88038040
:106560004680858021460022BDE8F84042F22200A4
:10657000E3F7BEBD6FF06800F8BD2DE9F047814636
:10658000884642F2320007219DF820A017461E4699
:10659000E3F774FD0546A0B10721083002F0D5FAF3
:1065A000B9F80030038080F80280C7700671A0F847
:1065B00005A029460022BDE8F04742F23200E3F789
:1065C00097BD6FF06800BDE8F0878068E3F7E6BE2E
:1065D00010B503884288934219D8052B17D9B2F514
:1065E000486F14D88388B3F5FA7F10D2C088A0F121
:1065F0000A0189B240F67644A14208D801339BB221
:106600005343B3EB800F34BF0120002010BD0020A6
:10661000FCE770B506460D4642F221000321E3F780
:106620002DFD044618B9BDE87040E3F701B9032118
:10663000083002F08AFA06808570214642F2210075
:10664000BDE87040E4F76AB90020704708B5ECF780
:106650008BFD18B1C089003818BF012008BD08B5EE
:10666000072203F036FFB0FA80F0400908BD0B683E
:1066700003608B88838070470B6803608B888380FE
:106680008B7983717047F8B50F46144630BB2721CC
:1066900042F22700E3F7F2FC054610B32721083049
:1066A00002F053FA3946FFF7E7FF06462246C31DBC
:1066B00004F1100152F8040B43F8040B8A42F9D19B
:1066C0001022002106F1170003F04EFF2946002298
:1066D000BDE8F84042F22700E3F70ABD6FF015006D
:1066E000F8BD6FF06800FBE7037A5B07024605D54B
:1066F00001462A3211F8010BFFF7C5BF704700238E
:10670000DDF746BF38B50121054642F22D00E3F71B
:10671000B5FC044658B12946083002F025FA214656
:106720000022BDE8384042F22D00E3F7E1BC6FF0F3
:10673000680038BD2DE9F0414F6886B005460C462B
:10674000C7B9037A5B0715D50868691C0130FFF7E4
:1067500086FFD4F80080162239460646684603F0C4
:1067600003FF1022694608F12A0003F0B2FE20B9A7
:1067700006B1656006B0BDE8F0812068102205F121
:106780002A012A3003F0A5FE0028F2D0F0E710B568
:106790000C4630B919B1ECF793FC00B1441C20460B
:1067A00010BD0024FBE707B580B906216846F0F765
:1067B000D3F940B99DF80530684603F03F038DF8E2
:1067C0000530E4F75BFE03B05DF804FB6FF01500E5
:1067D000F9E701207047037AD90704D523F00103B4
:1067E0000372E4F73BBF990704D523F00203037259
:1067F000E4F74EBF70470020704710B50346BFF363
:106800005B8F53E8000F00EA010243E80024002CEC
:10681000F7D1BFF35B8F10BD0B6803608B8883805B
:106820008B7983717047E5F7E5B8036800220BB9EF
:10683000184670478B4210D10B6842B9426803601A
:10684000914200D1436000230B6001207047136028
:106850004368994208BF4260F5E71A461B68E6E7BD
:1068600010B50346BFF35B8F53E8000F00EA010247
:1068700043E80024002CF7D1BFF35B8F10BDBFF3BA
:106880005B8F0068BFF35B8F70470B6803608B887A
:1068900083808B79837170470023DDF779BEBFF366
:1068A0005B8F50E8003F013B40E80032002AF8D1FE
:1068B000BFF35B8F70472838E5F7B2BC10B50446CC
:1068C000006918B1ECF7D4FE0023236110BD2DE957
:1068D000F0410446002704F1380600230022304628
:1068E00002F092F8034650B92046FFF7E7FF04F1A3
:1068F00060000022BDE8F0410023F3F79BB85D691A
:106900005F61ECF7B5FE002DE7D029462046E5F79C
:10691000B7FCE0E710B5034600F1C0021046FFF7F0
:10692000AEFF80B1BFF35B8F411C52E8004F844241
:1069300004D142E8001CBCF1000FF6D1BFF35B8F1D
:10694000ECD1184610BD0346FBE72DE9F0410646A1
:106950000D46174600244FF0C808AC4202D1002073
:10696000BDE8F08108FB0460FFF7D4FF58B1437B1A
:10697000012B02D0073B012B02D80388BB42EFD08A
:10698000C030FFF78CFF0134E7E7C030FFF787BF67
:1069900010B50446E6F7AAFC2046BDE81040E5F72E
:1069A00007BC2DE9F84381460C4642F219001C2130
:1069B000089E90461F46E3F761FB054638B31C214D
:1069C000083002F0C2F80346B9F8002023F8022B81
:1069D0002268C0F8022062685A60B8F8003043812B
:1069E00000F10C0432463946204603F082FD0F2E9A
:1069F00005D8C6F110020021A01903F0B5FD294603
:106A00000022BDE8F84342F21900E3F771BB6FF0D2
:106A10006800BDE8F88338B5437B072B04460D4674
:106A200026D1437A8B4219D2837A8B4216D20B0637
:106A300000F1040014D5BFF35B8F50E8003F43F42E
:106A4000806340E80032002AF7D1BFF35B8F05F086
:106A50007F05A572204601F0AAFE30B9002038BD9E
:106A60006FF48061FFF7FCFEF1E7637AA372F6E74B
:106A70006FF07F00F3E7407A704738B5037A8B42B6
:106A80000446154615D100F190010722284603F06F
:106A900020FD80B1E378072243B904F19E01284626
:106AA00003F017FDB0FA80F0400938BD04F19701FA
:106AB000F5E70020F9E70120F7E79030704738B597
:106AC0008378012B04460D4603D100219030E6F770
:106AD000B3F9637B023B062B25D8DFE803F00424DF
:106AE00024240E160C00204625730021E5F72CFE09
:106AF0000020E4F7FFFF002038BD04F1600003F040
:106B00001BF8BDE83840E3F72FBC20882946FFF783
:106B1000FBFC0028F0D1637B072BECD10821204639
:106B2000E5F712FEE7E76FF07F00E5E7F8B5074607
:106B30000D4642F213000E21E3F7A0FA0646D0B14B
:106B40000E21083002F001F80E220446002103F065
:106B50000BFD3B8823802B8863806B88A380AB88E8
:106B6000E380EB88238131460022BDE8F84042F201
:106B70001300E3F7BDBA6FF06800F8BD704700235B
:106B8000DDF706BDF8B505460F46164600234FF45F
:106B9000803204210020E5F723FF044620B928466F
:106BA000BDE8F840E6F752BB0421083001F0CDFF04
:106BB0000570477046802046F8BD704770B5D0E933
:106BC0000035044623B16B6803B198470023236066
:106BD000E3680BB1204698472B6A1BB12046BDE8FD
:106BE0007040184770BD38B5406D30B150F8084955
:106BF00004B1083CFFF7E2FF04B938BDA5682DB128
:106C00002046083DFFF7DAFF2C46F7E72046BDE8AF
:106C10003840FFF7D3BF38B5436D0D46BBB11846BA
:106C200050F8084904B1083C53F8043C9B680BB188
:106C3000294698475CB12046A468436824B19B6804
:106C4000083C002BF4D1F6E79B68002BF0D138BD4F
:106C50000431E5F7C5BE2DE9F041144605460F465F
:106C600002F1080004211E46DDF8188001F08EFFB5
:106C7000A2894780043A028043463246214628468C
:106C8000BDE8F041E5F79ABC37B505460222012080
:106C9000FFF778FF044698B10221083001F055FF54
:106CA0000023037043702246009305212846FFF716
:106CB000D2FF28B1204603B0BDE83040ECF7D8BC85
:106CC00003B030BD406D30B1838B8B42A0F1080022
:106CD00001D08068F7E77047406D30B183898B42FF
:106CE000A0F1080001D08068F7E7704770470346BD
:106CF000006828B1596802681A60884208BF5A6063
:106D000070470346002003B970479A891B681044F6
:106D1000F9E710B5D4682378023113B92170012046
:106D200010BD8B42FBD08389023B83810020106120
:106D3000F6E706207047BFF35B8F0068BFF35B8FF9
:106D4000084100F00100704708B503688A89186897
:106D50008968E9F77DFF002008BD38B5054601F1D7
:106D600008000C4601F032FF2D68A389A268014695
:106D7000286801F0B6F9002038BD70B40568AA6A29
:106D800052B3136803B1F03BA2F1F00400221146A4
:106D900000E0F03B844207D0668D648BB14238BF7F
:106DA0003146A24238BF22461C462BB1D3F8F03000
:106DB000002BEED18442EFD1438D408B8B4201D822
:106DC00090420BD9824238BF02469942286838BFA8
:106DD000194670BCEAF71AB81146EDE770BC704767
:106DE00073B51446014605464FF49572206801F0CC
:106DF00033F8207500BB237AB3B1A3F118025342D4
:106E000053419B000193638A0093AE68238AE26832
:106E100020682946B047002808DB238A98420ED113
:106E200000232375012008E00223EBE710F1FF0F98
:106E300005D34042C0B22075002002B070BD0E20C4
:106E4000F9E71FB5CDE90123002300931A46E8F7BF
:106E5000EFFB05B05DF804FBD0680378043113B98B
:106E60000170012070478B42FBD091688B89002014
:106E7000043B8B8110617047F8B59368166805462E
:106E80000F46144663B950680121083001F05DFED9
:106E9000A0602B681B78002B14BF02230123037012
:106EA000A3681B78012B03D0022B19D0002016E019
:106EB0002B681B78002BF9D160680421083001F0A1
:106EC00044FEE06007802A68E36852885A8063685D
:106ED000708D9B89C01A042894BF00200120F8BD42
:106EE0002B681B78022BE1D160681221083001F079
:106EF0002CFEE06007802B68E268591C02321133D7
:106F000051F8040B42F8040B9942F9D16368708D73
:106F10009B89C01A1228DFE70023DDF739BBF8B5DB
:106F200005468868FFF7EDFE6B8D83420C460DD356
:106F3000C5F89C108F6800268E6028463946E6F713
:106F40007DFC10B1A760C5F89C60F8BD6FF07900BA
:106F5000FBE770B500220446002308460E4601F008
:106F600053FD054658B101462046E6F767FC044646
:106F700018B12946304602F0C0FC204670BD6FF0C3
:106F80000104FAE738B504460D46E6F757FC30B180
:106F9000294604F1A000BDE8384001F0A3BD38BD8A
:106FA0002DE9F04F804685B0104699461646FFF70A
:106FB000A8FEB8F82A3083428B467AD9D8F8043034
:106FC0000393304601F09FFD4FF0000A054630461E
:106FD000FFF797FEB8F82A4005F10807241A38464B
:106FE00001F000FE844211D23046FFF78AFEB8F865
:106FF0002A40241A34BBB079ECF772FA002200233D
:1070000001F0FDFC054630B957462CE0384601F04A
:10701000E9FD0446EEE70146304601F085FD3046C5
:10702000FFF76FFEB8F82A4005F10807241A384622
:1070300001F0D8FD84421AD23046FFF762FEB8F85C
:107040002A40241AA968AA89CDF80090DBF80470B8
:1070500003980A44A3B25946B847071E0CDABAF19E
:10706000000F18BF5746384605B0BDE8F08F3846C8
:1070700001F0B8FD0446E5E70E9B93B9394605F1EA
:10708000080001F062FD3046FFF73BFEB8F82A30F9
:10709000B9448342BA441FFA89F9B5D9A74296D0B8
:1070A000B2E70F9A0E9B3946284698470028E5D14B
:1070B000AAE70027D7E70368002203B970478B428D
:1070C0000FD10B683AB942680360914200D1436026
:1070D00000230B60704713604368994208BF426009
:1070E000F6E71A461B68E8E70620704710B501234B
:1070F00003FA01F1BFF35B8F50E8003F43EA01025E
:1071000040E80024002CF7D1BFF35B8F194214BF75
:107110000120002010BD73B5166805460023706875
:10712000137314462946952200F096FE207380B909
:10713000CDE900002946A388A2683046FFF730FF5A
:10714000002809DA10F1FF0F26BF4042C0B20E201E
:107150002073002002B070BD0120FBE72DE9F34150
:10716000D2F8008006460023D8F8040013731446B2
:107170003146952200F070FE05462073E0B9A06804
:10718000B8F82A3082899B1A012B15DD02210830BC
:1071900001F0DBFCCDE900550746A388A268314623
:1071A0004046FFF7FDFE031E0ADA13F1FF0F26BF6C
:1071B0005B42DBB20E232373002002B0BDE8F081F6
:1071C0003B800120F9E7F8B50546071F00F194035D
:1071D00050F8044CBFF35B8F53E8001F21F01001FF
:1071E00043E80012002AF7D1BFF35B8F0CB3D5F848
:1071F00098308BB963687BB1201DFFF778FD01469D
:1072000006463846FFF78BFE002812DA63683360C3
:10721000A368666003B9A66005F19C013846FFF7D4
:1072200098FE30B104F10C013846BDE8F840FFF794
:1072300090BEF8BD2DE9F041846A8046002C3BD019
:1072400054F8F06906B1F03E00231D4608F104072A
:1072500013E0C3B1032104F19800FFF76CFD02466F
:1072600003F19800FFF767FD82420CD126B3D6F8F0
:10727000F02002B1F03A34461646D4F89C20002A99
:10728000F4D1002DE5D03846FFF731FD054608B9A9
:107290002346EBE701462046FFF741FE00280BDAC4
:1072A000D8F804302B60D8F80830C8F80450002B08
:1072B000EED1C8F80850EBE7BDE8F08138B50546D7
:1072C00008460021FFF737FDC0B155F8040CA8B1FE
:1072D000D5F8983093B90430FFF709FD044668B13A
:1072E0000146281FFFF71BFE002807DA55F8043C6B
:1072F0005A6822609A685C6002B99C6038BD086870
:1073000083689B690BB104301847704710B50C4671
:107310000AB9FFF7F4FF2046BDE81040E6F7BAB916
:107320002DE9F84306460D46144622B1BDE8F84360
:107330000846E6F7AFB9FFF7E2FFAF68B5F804809B
:10734000D5F80C902846E6F7A5F92FB9BDE8F883E3
:1073500049463046B8470134A3B24345F8D3F5E770
:1073600010B50C460AB9FFF7CAFF2068D0F89C3068
:107370002BB14FF470220023C030F2F75BFB2046A4
:10738000BDE81040E6F786B910B50C460AB9FFF71C
:10739000B6FF2368BFF35B8F983353E8001F21F0DB
:1073A000020143E80012002AF7D1BFF35B8F2046A9
:1073B000BDE81040E6F76EB910B50C460AB9FFF704
:1073C0009EFF2368BFF35B8F983353E8001F21F0C3
:1073D000010143E80012002AF7D1BFF35B8F20467A
:1073E000BDE81040E6F756B970B5044601F1080053
:1073F0000D4601F0EBFB2668AB89AA6801463068B0
:1074000000F06FFE1E2100222046E6F711FC014627
:1074100010B12046FFF7B6FD002070BD2DE9F04108
:10742000884617460121042205461E46E6F700FC61
:10743000044670B10421083001F087FB80F8008019
:10744000A0F80170C67021462846BDE8F041FFF75C
:1074500099BDBDE8F08137B50C46054601F108003D
:1074600001F0B4FBA2890192A268009203461322A4
:1074700012212846E6F710FD03B030BD37B50C46A3
:10748000054601F1080001F0A1FBA2890192A26862
:1074900000920022034611462846E6F7FDFC03B0A1
:1074A00030BD07B58A681388528800920C210D22DE
:1074B000E6F7BCFE03B05DF804FB07B58B6800225D
:1074C0001B8800920A210B22E6F7B0FE03B05DF89C
:1074D00004FB2DE9F041054650F8982B0B4603219B
:1074E0001668FFF728FC044668BB9B681F88162FA8
:1074F0002BD902223046E6F733FD804638B302210D
:10750000083001F022FB6FF008030370447041461D
:107510002846FFF737FDF72F28BFF7276F836F85C2
:107520000436BFF35B8F56E8003F43F4006346E840
:107530000032002AF7D1BFF35B8F2846FFF71DFC0E
:107540002046BDE8F0810620FBE70420F9E70E2085
:10755000F7E708B5E6F7D8F938B1806A28B10368CB
:1075600003B1F03B30F8C60C03B908BDD3F8F020E6
:107570005B8D984238BF1846002AF6D0A2F1F0037E
:10758000F4E78A8989680023E6F7FABFFFF7F9BFB5
:10759000FFF7F7BFFFF7F5BFFFF7F3BFFFF7F1BF47
:1075A000FFF7EFBFFFF7EDBFFFF7EBBFFFF7E9BF57
:1075B000FFF7E7BFFFF7E5BF70B58E683388162B7E
:1075C00004460D4606D8002204231146BDE870404B
:1075D000E6F7D6BFF72B28BFF72343834385FFF792
:1075E000CCFBAA89002331462046EFE770B506465A
:1075F00050F8043C56F804590446002B38D041B1E9
:10760000D0F89830002B33D01B7CDA0730D5052317
:1076100021E02846E9F70EFC6B7A012B28D0D4F83C
:1076200098502DB32B7CDB0722D5EB68002BEED0D6
:107630006A69697C3046E6F7FBFA044650B1D5E941
:107640000512EB68984768B16069E6F723F82046B1
:10765000ECF70EF80E23002230461146BDE87040CC
:10766000E6F78EBF21463046E6F7E8F80028EBD172
:1076700070BDF8B50D46E6F747F9044640B96869AC
:10768000E6F708F82846EBF7F3FF6FF07F00F8BD48
:1076900000F10C062946304601F024FAA56A4DB1E6
:1076A00055F8F04904B1F03C31462846FFF751FC4B
:1076B000034680B90020EAE7032104F19800FFF7B0
:1076C0003AFB074605F19800FFF735FB87426FF05C
:1076D000010307D11446002CECD0D4F8F02022B9D5
:1076E0000233E9D025461446DEE7F03AF8E710B554
:1076F0000C46E6F709F960B10023236083682BB9D3
:10770000C0E90144FFF796FD002010BD1C608460B5
:10771000F8E76FF07F00F8E710B50C46E6F7F4F8ED
:1077200098B1836A4BB153F8542C9169A142A3F1EB
:10773000F00309D0D3F8F030F4E7406828B183694A
:10774000A34202D00068F9E7104610BD012070473F
:1077500008B5E6F7D9F898B1836A8BB1BFF35B8FB0
:10776000F03B03F1980252E8000F20F0200042E8BD
:1077700000010029F7D1BFF35B8FD3F8F030ECE7BD
:1077800008BD08B50421FFF7A7FA28B1BDE80840F5
:1077900005219430FFF7CFBA08BD4069C0E9021255
:1077A000012282800374704710600020704730B45B
:1077B0000B460A4601F15004002115890A32A942FC
:1077C00038BF2946A242F8D1B3F850208A4205D0EA
:1077D000A3F850105B6D0BB130BC184730BC70473C
:1077E00010B5029CA3680A460BB121469847A37DB9
:1077F000E268013BDBB2A37522B11BB92046BDE8AC
:107800001040104710BD1060918000207047009A12
:107810001368184700207047F0B507683D7889B0B5
:1078200006461446DDB97B88B3F5245F04D010D832
:10783000A3F52053032B12D8ADF80A1002220DF144
:107840000A012046FEF74BFC68B96FF01502A265ED
:1078500006E003F55643FF339BB2042B1ED90125E6
:10786000284609B0F0BD7B88ADF80A3002220DF140
:107870000A012046FEF733FC0028E6D000200090E5
:1078800003AA776813233146B847021EDFDB03A93A
:107890002046FEF724FC0028E1D1D6E7ADF80A1017
:1078A00002220DF10A012046FEF719FC0028CCD077
:1078B0007B88ADF80A3002220DF10A01E8E708B52D
:1078C000072202F006FEB0FA80F0400908BD2DE95B
:1078D000F04104460F469046461C002516F8013C30
:1078E000434507D139463046FFF7E9FF10B160192B
:1078F000BDE8F0810A35502D06F10A06EED10020D0
:10790000F6E7BFF35B8F0068BFF35B8F704710B57E
:107910000346BFF35B8F53E8000F40EA010243E8E0
:107920000024002CF7D1BFF35B8F10BD10B50346C8
:10793000BFF35B8F53E8000F00EA010243E8002425
:10794000002CF7D1BFF35B8F10BD08B502210830C2
:1079500001F0FBF803466FF0080200201A7058701F
:1079600008BD10B502210830144601F0EEF8638915
:107970000380002010BD10B504210830144601F02A
:10798000E4F823890380E3894380002010BD10B50B
:1079900002210830144601F0D8F823890380002022
:1079A00010BD10B504210830144601F0CEF823892B
:1079B000038063894380002010BD38B500F10804BE
:1079C00004212046154601F0C0F82B890380EB897D
:1079D00043802B7C33B94FF42051204601F0CCF882
:1079E000002038BD42F60101F7E738B500F1080480
:1079F00004212046154601F0A8F82B890380EB8965
:107A000043802B7C022B04D0032B09D02B68598890
:107A100001E042F60201204601F0AEF8002038BD38
:107A200042F60301F7E770B51446002500F1080699
:107A30006268EBB29A4205F1010501D8002070BDE1
:107A4000A268304632F8131001F096F8F0E7FFF71D
:107A5000EABFF7B5089D06462F680C4601B94BB939
:107A6000002308932A4621463046BC4603B0BDE8B1
:107A7000F0406047009313462A46B84708942F68A1
:107A800023462A462146EFE70B6803608B888380F4
:107A90008B79837170470023036043608360704774
:107AA000F0B587B005460C9C10461A4601B94BB993
:107AB00000230C93266822462846B44607B0BDE84A
:107AC000F0406047014603A800F0B8FFBDF8103051
:107AD000012B08D800230093266822461946284621
:107AE000B04707B0F0BD022103A801F05FF80346DC
:107AF000BDF8102033F8027B974228BF1746009745
:107B00002668224600212846B047394603A801F0DE
:107B10004DF8DBE738B5BDF81040944215460AD35E
:107B2000A41A8C42A8BF0C46A4B22246591902F0EE
:107B3000E0FC204638BD6FF00604FAE730B585B0AA
:107B4000C96814461D46E6F793FE00B10089ADF8FA
:107B50000E0002230093BDF820200DF10E032946EC
:107B60002046FFF7D7FF05B030BD1FB50C461946BC
:107B7000E3681C781046BDF818203CB1102401338E
:107B8000069404B0BDE81040FFF7C4BF5B88ADF8B1
:107B90000E30022300930DF10E03FFF7BBFF04B07C
:107BA00010BD30B585B01D46002314468DF80C304D
:107BB000E6F71EFE10B1037A8DF80C300123009316
:107BC000BDF8202003AB29462046FFF7A3FF05B0F0
:107BD00030BD2DE9F04114461D46BDF81870E3F79D
:107BE000CFFA0646C5F7E2FD80B2069033463A4624
:107BF00029462046BDE8F041FFF78CBF30B585B07F
:107C000014461D46FEF720FD0223ADF80E0000933A
:107C1000BDF820200DF10E0329462046FFF77AFF1C
:107C200005B030BD0023DCF7B3BC022A10B508D183
:107C3000002300F190011A46007AE7F7D5F80220F8
:107C400010BDE7F769F8FAE738B500F10805062135
:107C50002846144600F079FF23890380E389438096
:107C6000237C002B42F6010308BF4FF4205383808E
:107C700021680B781BB1022B06D0002038BD498843
:107C8000284600F079FFF8E710220131284600F07D
:107C900062FFF2E738B500F10804042120461546DA
:107CA00000F053FF2B8903806B894380E9680B78D0
:107CB0002BB94988204600F05FFF002038BD102214
:107CC0000131204600F047FFF7E72DE9F04706466F
:107CD0000D464FF4702000219DF820A0DDF824907F
:107CE00090461F46E6F710FC044688B1456080F8D0
:107CF00011A0C0F81490C760C0F818804A465146D9
:107D00003046E6F72DF9054638B92046E6F720FC5F
:107D10006FF00B052846BDE8F087002211460123CD
:107D2000FFF73BFDA560284642464946B847054651
:107D300018B12046E6F70CFCECE721463046FFF789
:107D4000D6FC05460028E5D0F3E738B500F1080574
:107D500002212846144600F0F8FEE3890380218AB8
:107D6000284600F009FF042104F11400FFF7CFFDBD
:107D7000002038BD38B504461546FFF7E7FC50B182
:107D80002046E6F735FD30B1037ADB0703D5012144
:107D90000C30FFF7BCFD55B9207A04F19001E6F7ED
:107DA00049FD20B18560BDE83840E6F7E5BF38BD44
:107DB00013B5044610B9002002B010BD00238DF8A1
:107DC0000430006842F6030301A9ADF80630FEF75F
:107DD000D5FA0028EFD1E36898880028ECD1204636
:107DE000E7F7F6FB013080B2E6E770B5CC6888B003
:107DF00008461E46A3798DF80C301546FFF7D8FFCC
:107E0000ADF80D00246823786BB96388ADF80F30A6
:107E100005230093BDF8302003AB31462846FFF719
:107E200079FE08B070BD631C0DF10F02113453F8D8
:107E3000041B42F8041BA342F9D11323E9E71FB541
:107E4000CDE90123002300931A46E7F7F1FB05B0C3
:107E50005DF804FBFFF77DBB38B5D4074B8A0546B8
:107E600004D513F0950F27D0486828B3900704D5A0
:107E700013F4957F22D0896801B302EA030414F455
:107E8000C07F07D0D5F8BC300BB9052038BD5B7B6F
:107E9000DB06FAD514F0300F08D114F00C00F5D041
:107EA000EB7A002B14BF00200F20EFE72846FEF7E7
:107EB000E2FD0228F1D8E8E70220E7E70320E5E742
:107EC0002DE9FF41437B072B06460C46174610D190
:107ED00000238DF80C30206842F6030303A9ADF8A7
:107EE0000E30FEF74BFA60B9E3689B7913F0300F60
:107EF00003D1002004B0BDE8F0812046E7F77CFD07
:107F00000446002320688DF80C3003A942F60213C2
:107F1000ADF80E30FEF732FA18B12046E7F76CFDE7
:107F20000446002542F6021820688DF80050694684
:107F3000ADF80280FEF722FAF0B9002320688DF830
:107F40000C3003A942F60213ADF80E30FEF716FA14
:107F50000028CED1E5686C1C513514F8011C22466E
:107F60003046FEF78AFD18B1B4F807301F42C1D180
:107F70000A34AC42F1D1BCE720688DF8045042F6D7
:107F8000030301A9ADF80630FEF7F8F90028D4D0B4
:107F900020688DF808504FF4205302A9ADF80A303C
:107FA000FEF7ECF90028C8D020688DF80C5042F696
:107FB000010303A9ADF80E30FEF7E0F90028BCD0AC
:107FC0002046E7F719FD04460028ADD191E770B5CA
:107FD0000B460546144629B921462846E8F754F8C9
:107FE00028B970BD4FF6FF72914207D121816368B5
:107FF000224628460021BDE870401847E289013337
:108000009BB29A422381E7D2F1E72DE9F04F89B084
:108010000646129F144611B913F0030807D07B6877
:108020003A460021304609B0BDE8F04F1847C3F387
:10803000870302EB8305C14642F6010AAC4207D131
:108040003A464146304609B0BDE8F04FFFF7BFBFA2
:108050003A7C6388ADF80830002A14BF52464FF4CA
:108060002052ADF80220102200210DEB02001FFA71
:1080700083F83B68B4F800B001938DF8009002F0EB
:1080800073FA01AB0693CDF80CD07B68ADF81CB049
:108090003A4603A93046984704340028CED109B0A7
:1080A000BDE8F08F73B504460D46F1F7D3FE2946BF
:1080B0002046FFF731FB014620B902B0BDE8704011
:1080C000F1F7DCBE46682046E6F764FBF1F7D6FE22
:1080D0002EB1002300951A460E212046B04702B06B
:1080E00070BD2DE9F0470646884691469A46E6F768
:1080F000DBFB20B3846814B3256805B1183D34F860
:108100000C3C434518D1183C07E02C46AD69A389C7
:10811000BDB14345A5F11805F7D1727AA37C9A4207
:108120000AD3276853464A4621463046B84718B90D
:1081300021463046E8F720FD2C46002DE6D1BDE86B
:10814000F0874345E9D0FAE7F8B505460F46E6F76C
:108150004FFBD0B1037ADB0717D500F10C042046A2
:10816000FFF7CFFB10F001060FD17FB16FF00201D6
:108170002046FFF7DBFB10F0020F284608D0FFF780
:10818000E7FA01212046FFF7C2FB01263046F8BD81
:10819000FFF7DCFA0028F9D02846FFF7F2FA0028AA
:1081A000F4D06FF002012046FFF7C0FB2846E6E757
:1081B0002DE9F041A0F12406041F4FF0000856F805
:1081C000045F7DB105F19007287A3946FEF73EFA43
:1081D00040B1C6F80080287A3946E8F73BFE2846C9
:1081E000FEF7D3FBA642EAD1BDE8F081531E194445
:1081F000024411F8013900F8013B9042F9D170476F
:1082000007207047BFF35B8F0068BFF35B8F0841A7
:1082100000F00100704710B50346D9B1C88910F0CD
:10822000240F17D01A7D5C7B097BA24228BF22460F
:10823000914201D9002010BD820604D4187A00387A
:1082400018BF0120F7E70521181DFFF7DBFF002805
:10825000F4D1EFE70120EEE701238B40DB43BFF3CE
:108260005B8F50E8002F1A4040E800210029F8D128
:10827000BFF35B8F704770B5C2B00D46164601461E
:1082800016AA68461C46FDF7FFFE18B96FF00400F9
:1082900042B070BD324629466846FDF720FF0028EF
:1082A000F4D069462046FDF784FF0028EED0002078
:1082B000EEE70B6803608B8883808B79837170474E
:1082C00037B513460022009204460D460A46D0F800
:1082D000EC000621FEF7BFFC28B1284603B0BDE83C
:1082E0003040EBF7C5B94FF47022002304F5C0709D
:1082F00003B0BDE83040F1F79DBB0023DCF748B97F
:1083000008B50621FEF7E8FC18B9BDE80840E8F713
:108310008DBFEC3808BD10B5431E00F110020730C8
:1083200013F8011F12F8014D1C7083421170F7D130
:1083300010BD2DE9F04397B00446164605A810225B
:108340001D46DDE91F98219FFFF750FF102231469F
:1083500009A8FFF74BFF102229460DA8FFF746FF9B
:108360001E99032211A8FFF741FF4946D9F80100E1
:1083700011F8013B8DF8473012908B88ADF84C30E6
:10838000062212A8FFF732FF4146062211F8013BF0
:108390008DF84E30D8F80130CDF84F300DF14F0048
:1083A0008B88ADF85330FFF721FF2146102201A83A
:1083B000FFF71CFF3B46412205A901A8FFF75BFF21
:1083C000044610B93846FFF7A6FF204617B0BDE8AF
:1083D000F083F0B597B014460E462022014605A85A
:1083E0001D461C9FFFF702FF202231460DA8FFF714
:1083F000FDFE2146102201A88DF85450FFF7F6FE2D
:108400003B46412205A901A8FFF735FF044610B9F4
:108410003846FFF780FF204617B0F0BD01238B40A0
:10842000BFF35B8F50E8002F1A4340E8002100297A
:10843000F8D1BFF35B8F704708B50E21FFF7EEFF51
:10844000002008BD70B5051D0E4628460421FFF723
:10845000D9FE68B10022002100230846FEF7F8FB90
:10846000044640B904212846FFF7D8FF204670BDD6
:108470004FF47022EFE70121083000F066FB067030
:10848000F4E738B504210446FFF7DCFF0546A0B148
:108490001021083000F059FB04F1270304F13702E2
:1084A00053F8041B40F8041B9342F9D120460022E4
:1084B0002946FFF705FF002038BD0820FCE738B546
:1084C0008D6804460B210430FFF7C6FE2B4604F1ED
:1084D000170205F1100153F8040B42F8040B8B420C
:1084E000F9D1D4F8EC30DB783BB920460421FFF712
:1084F00095FFBDE83840FFF7C4BF002038BD072016
:10850000704730B5012303FA01F1CA43BFF35B8F13
:1085100050E8003F03EA020440E80045002DF7D18F
:10852000BFF35B8F194214BF0120002030BD70B52E
:10853000031D04460025D0F8EC60BFF35B8F53E8C1
:10854000002F43E800510029F9D1BFF35B8F04F5F8
:10855000C07001F0F1FA2572BFF35B8F54E8003F61
:1085600044E80052002AF9D1BFF35B8FF3782BB9AE
:1085700020460B21BDE87040FFF750BF70BDF0B53D
:1085800089B0DDE90E67054630788DF8000038784F
:108590008DF801001068CDF8020090889279109C47
:1085A0008DF808201A68CDF809209A889B79ADF8D3
:1085B0000600ADF80D208DF80F3001F1100C2246A9
:1085C000684611F8013B10F801EB614583EA0E03A0
:1085D00002F8013BF5D122462146284600F018FE5C
:1085E000034628BBB7F80520ADF81420D6F80120C3
:1085F000D7F80100CDF81620B6F8052004900793AF
:10860000ADF81A2004F11000234604A913F8012B39
:1086100011F8016B834282EA060203F8012CF5D1BE
:1086200022462146284609B0BDE8F04000F0F0BDE2
:1086300009B0F0BD7FB50321D0F8EC400546FFF747
:1086400001FF0646C0B11021083000F07EFA04F1A7
:108650009E03973402900193009405F1100305F1F5
:10866000090205F1270105F14700FFF788FF0446DD
:1086700028B13046EAF7FCFF082004B070BD02467E
:1086800031462846FFF71CFE281D2146FFF7E4FD72
:108690002046F2E72DE9F341099FCDE90023044686
:1086A000FFF72EFE054600287CD0BDF82080061D71
:1086B000B8F1000F28D1DDE90032134324D10321A2
:1086C0003046FFF79FFDF8B101213046FFF79AFDD4
:1086D000D0B12C7D6B7B9C4228BF1C46224605F105
:1086E0004701384601F005FF0F2C05D8C4F11002F0
:1086F0004146381901F038FF30460121FFF78EFE60
:10870000012002B0BDE8F081D4F8BC3083B904F197
:108710009008217A42462020EAF7AEFCC4F8BC005B
:1087200030B9217A42460120EAF7A6FCC4F8BC0021
:10873000BDF82080D4F8BC00B8F1000F0CD1DDE901
:108740000032134308D100B3C3899A0605D5047BD0
:1087500000F11A012246C4E7B8B1C389DB0714D57A
:1087600008226946403001F0B4FE70B9D4F8BC006C
:10877000022208A9483001F0ACFE804628B9D4F89E
:10878000BC100C7B4A312246ABE70F213046FFF785
:1087900039FD20B1022206212046E4F7E1F92846FE
:1087A000FFF7C5FE0020ACE76FF085007047F7B516
:1087B000C3780446002B5FD1FFF7A2FD05460028D1
:1087C0005DD0061D03213046FFF71CFD20B16FF080
:1087D0000F04204603B0F0BD01213046FFF712FD23
:1087E0000028F4D10A21201DFFF70CFD28B12046F6
:1087F00003B0BDE8F040E8F783BFD4F8BC3083B9DC
:1088000004F19007217A3A462020EAF735FCC4F8B3
:10881000BC0030B9217A3A460420EAF72DFCC4F8AE
:10882000BC00D4F8BC100029E1D0CB8913F0240F90
:10883000DDD0A27A022A09D9487BC007D7D5032AFE
:1088400004D09B06D3D50B7B102BD0D10B7B009390
:1088500001F1180201F11A0320461031FEF7A1F8C8
:1088600004460028B5D128460B21FFF7D7FD01218A
:108870003046FFF7D3FDACE76FF01504A9E76FF0C2
:108880007F04A6E770B504460820E8F777FC0546A4
:10889000E8B1061D08213046FFF7DEFC002C3CD075
:1088A0000721FFF7D9FC234605F1970204F12001C7
:1088B00053F8040B42F8040B8B42F9D10A213046DD
:1088C000FFF7A0FC70B109213046FFF7A7FD072094
:1088D000E8F754FC044610B3E8F794FD0146F0B104
:1088E000204617E010213046FFF78CFC09210028B4
:1088F000EAD13046FFF786FC0028E8D0D5F8EC3006
:10890000DB78002BE3D12846E9F71AFA0146002864
:10891000DDD02846E9F7A0FED9E70B21F9E770BDC5
:1089200070B50446A0F1EC0650F8943BE83CD3F84F
:10893000BC5001F001F903212046FFF763FCA0B110
:1089400008213046E9F704FE3DB1EB8913B16B7B9A
:108950009B0702D52846EAF73FFC30464FF4DC720D
:10896000BDE87040002101F0FFBD01212046FFF766
:1089700049FC0028E4D10F212046FFF743FC0028E2
:10898000DED1E1E708B59AB98378012B10D1062131
:10899000FEF798F910F8043C23F0010300F8043CBA
:1089A00030F8041C21B9BDE80840EC38E9F7D0BD27
:1089B00008BD08B5072201F08CFDB0FA80F040092F
:1089C00008BDE2F74BBE0B6803608B8883808B7910
:1089D0008371704770B504460D461646EAF74CFBA6
:1089E00038B931462846EAF781FA10B1C3891C43E9
:1089F000C48170BDC3891943C18170477047816AC2
:108A000049680968EAF79EBD70B50646F0F7A6FD0D
:108A1000054628B10446637913F0010302D12360AF
:108A2000284670BD002300223046F0F797FD637999
:108A3000206023F0010363710446ECE792B2816089
:108A40000160C2808280704783680B440360704776
:108A500010B50B461C688CB94FF04002EFF311843F
:108A600082F31288BFF36F8F19B1426862B9016057
:108A7000436084F31188BFF36F8F10BD5A7942F0C1
:108A800001025A712346E5E71160F1E770B503462C
:108A90004FF04002EFF3118582F31288BFF36F8F1E
:108AA000006858B1596802681A60884208BF5A6065
:108AB0000246517911F0010105D1116085F3118849
:108AC000BFF36F8F70BD196829B15E680C681C60B8
:108AD000B14208BF5C605479116024F00104547104
:108AE0000A46E6E710B40A46146814B910BC00F050
:108AF0000EBF537943F0010353712246F4E7027924
:108B0000013202717047034618461B68002BFBD1E7
:108B10007047026810B52AB10B461C461B68002B33
:108B2000FBD12260016010BD10B5044620B90B795D
:108B300001330B71084610BD034618461B68002B15
:108B4000FBD1FFF7E6FF2046F5E78388026819446A
:108B50008180D018704730B484880568A31883805A
:108B6000281930BC01F0C5BC10B5838802685C1CB4
:108B70008480D154D01810BD8388026830B5D418D1
:108B80009D1C8580D154090A617030BD0346006880
:108B90009A88401A11441860998070478288521A46
:108BA00003468280006808441860704703460068E6
:108BB0009A88521A01449A801960704710B5036868
:108BC0001C780121FFF7EAFF204610BD10B50368AD
:108BD0001C880221FFF7E2FF204610BD0268806872
:108BE000101A70478388C2888168D21A03685B1A9A
:108BF000D01A7047022381700371704700207047BC
:108C00000023DBF7C5BC0023C3600382704770B547
:108C100083680446B3B1DB68A3B14569407C88B181
:108C2000E3680133E360C3EB800001F04EFC0128F0
:108C300008DC0023E360A3682846DB68BDE87040D9
:108C40000121184770BD036942685B68526813745C
:108C5000C3F307235374002070474068006A007B09
:108C6000FCF759BD10B50369C0E905330023C360A3
:108C7000837F044613B1407A00F098FC01232377E8
:108C800000236377E377A37710BD0023DBF780BC75
:108C9000F0F7AEBBF0F726BC70B504460E4615469D
:108CA000EBF79AFE30B906B925B12046BDE8704011
:108CB000EBF7FCBE70BD0369C9B20C2201FB0233A5
:108CC000986C00F0070070474FF04003EFF31182FB
:108CD00083F31288BFF36F8F036803F0C00343F080
:108CE0000203036082F31188BFF36F8F704770B582
:108CF000C9B203694FF04004EFF3118584F3128881
:108D0000BFF36F8F0C2606FB0134A46C14F0C00473
:108D100008D0A24206D085F31188BFF36F8F4FF0C1
:108D2000FF3070BD71430B4401229A6485F31188B2
:108D3000BFF36F8F43680B445B6898470020F0E7F0
:108D40008022FFF7D4BFF8B5069F0469C9B24FF07F
:108D50004005EFF3118685F31288BFF36F8F0C2562
:108D600069430C44A56C05F0070CBCF1010F0BD155
:108D7000A76486F31188BFF36F8FC4E9102343689B
:108D80005B5898470020F8BD05F0C005AF4286F358
:108D90001188BFF36F8F0CBF6FF077004FF0FF307B
:108DA000F1E713B580240094FFF7CDFF02B010BDAA
:108DB0000069CBB200EB4310002110470020EEF712
:108DC000F9B8002000F0ABBA1046F0F7F9BB4368E1
:108DD0005B68D3F810350B600020704743685B6810
:108DE00002EA010021EA0201C3F80805C3F80C15E4
:108DF0000020704743685B680020C3F8081570477F
:108E000043685B680020C3F80C15704743685A68D4
:108E1000D2F8043521EA03000B40C2F80805C2F875
:108E20000C350020704710B503695868F8B18842C6
:108E300019D19C6808685860A14200D19860002050
:108E400008602AB15A680A609A68596002B9996044
:108E5000002010E0814206D10868206098688142B5
:108E6000EDD19C60EBE7044600680028F2D1002AAF
:108E7000E8D16FF0150010BD13B54FF080520829EE
:108E8000136E526E28BF082112BA00921BBA0C460C
:108E90000A466946019301F02CFB204602B010BD42
:108EA00038B505460C4600F0ABFA002D07DBA842AA
:108EB00005D9401B84428CBF0020012038BD002012
:108EC000FCE770B50D462846194616461C46FFF7C6
:108ED000E7FF28B921462846BDE87040ECF754B9B1
:108EE00024B122462946304601F003FB002070BD24
:108EF000F7B51C461646002382682360A3601369F9
:108F00000D4601AA69469847019B5A1E01921BB95A
:108F10006FF0150003B0F0BD0098A26847682168A3
:108F2000676085B9B31AD0F800C0634528BF6346AF
:108F30001A4403FB07112160A26002689A4206D816
:108F400008300090E0E76B1AB3FBF7F3EBE7002083
:108F5000E0E713460022FFF7CBBF2DE9F047836817
:108F600086B01B698846914601A902AA9847002449
:108F7000A2462546029BAB4202D806B0BDE8F08768
:108F8000019F07EBC50700267B6804933A68B2424D
:108F90000AEB060302D801359A46EBE703940593E2
:108FA000494603A8C0470028E7D0049B01361C446B
:108FB000ECE702690B46D2E9010183E803000020D7
:108FC000704743681B68D3F88004C3F88004704777
:108FD000436802691B68D3F8100150B15269002040
:108FE00012780A70C3F81001D3F8102101221A6018
:108FF00070474FF0FF30704702680346D2F85801BF
:1090000040B95B689B0706D4D2F82001003818BF2E
:10901000012070470120704742681368D3F8041399
:10902000C90518D5D3F82011A9B14FF04000EFF3CE
:10903000118180F31288BFF36F8FD3F8200130B114
:109040000020C3F82001D3F820010120D86081F36B
:109050001188BFF36F8F5268D20615D54FF04001CB
:10906000EFF3118281F31288BFF36F8FD3F8581199
:1090700011B10021C3F800154FF48001C3F80813A3
:1090800082F31188BFF36F8F704710B5002204463A
:1090900001212820DFF7B6F92820DFF783F92046E1
:1090A000BDE81040ECF7F2BA10B5002204460121E9
:1090B0000220DFF7A7F90220DFF774F92046BDE8A8
:1090C0001040ECF7E3BA0020704738B50C4615465F
:1090D000E2F74AF828B129462046BDE83840E1F7D2
:1090E000B9B86FF00A0038BDF7B50F4616464FF411
:1090F00080650024A64203D816D0162003B0F0BD28
:10910000331BB3F5806F38BF1D462A4601AB3919B2
:109110000020F4F7D3FA20B9019BAB4201D12C44D3
:10912000E8E76FF01500E9E70020E7E7002208B55F
:1091300011461046F4F790FA002818BF6FF015009A
:1091400008BD704708B5ECF77FFD08BD70B54368F2
:109150006FF060461360057A4468354404EBC5043B
:10916000A34202D96FF0010070BD5C798C4201D03E
:109170000833EFE70020F7E710B5EDF73FFE4FF0BB
:10918000FF304FF0FF31ECF7BDFF044620B9BCF7CC
:109190003DFA0446ECF7BEFF204610BDEDF706B8D9
:1091A00038B58389054673B3037DA3B1022B2AD159
:1091B0004FF0FF304FF0FF31ECF7A4FF044640B909
:1091C000A868C5F704FB0446ECF7A4FFB4B1EDF7BB
:1091D00001F8204638BD4FF0FF304FF0FF31ECF77B
:1091E00091FF04460028F4D1A868EDF781F9044600
:1091F000ECF790FF002CECD1ECF7ECFF2846EAF7F7
:1092000037FA0024E5E76FF01504E2E7EDF7FAB866
:10921000F0B58DB015466A4600F11003164613F8F6
:10922000014D02F8014B8342F9D104AA01F1100368
:10923000174613F8010D02F8010B9942F9D14FF0CE
:10924000FF304FF0FF31ECF75DFF044690B908AAFC
:1092500039463046C4F7ACFF0446ECF75BFF4CB927
:109260006B1E0DF12F020F3512F8011903F8011FC3
:109270009D42F9D120460DB0F0BD01F12003013827
:1092800013F8012D00F8012F8B42F9D1704700210E
:10929000EDF7D6BD90F84010012901D8EDF7D0BD0B
:1092A00012207047684620F007018D4601B5BAF7D5
:1092B0003BFFDFF7C1F8DFF7A9F9BDE801408546BC
:1092C000704708B54FF0FF314FF0FF30ECF71AFF51
:1092D000C4F7C7FDBDE80840ECF71CBF684620F0A6
:1092E00007018D4601B5BAF795FEDFF7A5F8BDE891
:1092F000014085467047684620F007018D4601B55C
:10930000B8F7ECFBDFF798F8DFF780F9BDE801402C
:109310008546704708B5C4F732FF002008BD012814
:1093200001D1BBF777BD70477047BBF787BBBBF771
:1093300023BF7047F4F73AB908B5DEF7BBFEDEF796
:109340008FFFBDE80840F4F731B9004700F096BD43
:10935000F7B5019001A8DDE9084716461D46EEF76E
:1093600081F8019BB6F1000C18BF4FF0010C00EB27
:1093700083000B1E18BF0123002D43EA4C0314BFCA
:109380004FF00C0C4FF0000C002C43EA0C0314BF00
:109390004FF4E06C4FF0000C002F43EA0C03D0F8C0
:1093A000002714BF4FF4403C4FF0000C43EA0C037D
:1093B00022EA030301B109780EB136787600194329
:1093C0000DB12D78AD0031430CB12478240229432E
:1093D0000FB13F783F040C433C43C0F8004703B053
:1093E000F0BD1FB50DF10F03019300238DF80F1091
:1093F00000931A461946FFF7ABFF05B05DF804FB72
:109400004FF080531A695869504370474FF08053AA
:10941000186970474FF080535869704700F18043D6
:109420001A68002A1FBF00221A601B68012008BFAB
:10943000002070474FF080434FF46072C3F804235C
:1094400070474FF080434FF46072C3F808237047B1
:1094500008B5EEF7F9FBBDE80840FFF766BF30B589
:109460004C689C4209D200254560096801609A4217
:109470000CD1201E18BF012030BD43600D6805606F
:109480000868E41A18444C600860F0E70020F3E72D
:109490004B689A4228BF1A460B68C0E900324868F8
:1094A0000B68801A4860134400380B6018BF012015
:1094B00070474B689A4228BF1A4662B10B68C0E9F0
:1094C00000324B689B1A4B600B68101E13440B60F4
:1094D00018BF012070471346F1E7C343C3F3C0131D
:1094E00000F00F0000EB03107047704708B5EEF76F
:1094F00021FD0146EEF712FC837B032B0AD10846BF
:10950000FFF7EBFF012303FA00F0C043BDE808407A
:10951000EEF700BD0368002BF1D008BD8720FFF7F0
:10952000E5BF8620FFF7E2BF8520FFF7DFBF84207D
:10953000FFF7DCBF8320FFF7D9BF8220FFF7D6BF3C
:109540008120FFF7D3BFEEF707BD08B5EEF7E6FBC6
:10955000818108BD08B5EEF7E1FB4FF04002EFF363
:10956000118382F31288BFF36F8F82680A600268EA
:109570002AB9807B83F31188BFF36F8F08BD042065
:10958000F8E70720EFF728B80620EFF725B8052001
:10959000EFF722B80420EFF71FB80320EFF71CB84D
:1095A0000220EFF719B80120EFF716B8EFF706B968
:1095B000EFF70CBB08B5FFF7FBFF002008BD7047B5
:1095C00040B1C368587810F001001EBF1878B0FA97
:1095D00080F04009704700F0C7BF00F08ABF10B4A8
:1095E00000F10C04C0E9034410BCFBF7F7B92DE906
:1095F000F04F85B0DDE90EA4074688465046214667
:10960000914600F03FFCB4F1FF3F08BFBAF1FF3FC5
:1096100005460E4604BF4FF0FF356FF0004607F1D8
:10962000140A4FF04003EFF3118483F31288BFF361
:109630006F8F07F10C0B4A4641463846FBF767F936
:109640000390F0F797FE039B3BB184F31188BFF3BF
:109650006F8F184605B0BDE8F08F281A66EB010140
:10966000012871F10002F0DBCDE900015A462146E4
:109670005046F0F729FB4FF04003EFF3118483F3DA
:109680001288BFF36F8FD6E738B504464FF040031A
:10969000EFF3118583F31288BFF36F8FFBF7FFF8A9
:1096A00004F10C0000F06FFB30B1294604F1140006
:1096B000BDE83840F0F76CBB85F31188BFF36F8FBE
:1096C00038BDD0E90432134313F003030CD1836196
:1096D000C168994201D80020704781691160016911
:1096E000826101330A44F3E76FF01500704710B54B
:1096F000C0E9033200234161C36103720446FFF7EE
:10970000E0FF0028A8BFC4E9004410BDF8B5044636
:109710000D464FF04003EFF3118683F31288BFF339
:109720006F8F876977B900F0E8FA58B12A6842610B
:10973000C76700F0ABFA314604F10800BDE8F84015
:10974000F0F726BB2B68A2691A602B68A361E36956
:10975000013BE36186F31188BFF36F8FF8BDEFF330
:109760000580003818BF012070476FF05700704720
:1097700000207047F0F71EBB08B5DDF777F8BDE8AD
:109780000840FFF7DEBCF8B5044600F108054FF0CD
:109790004003EFF3118683F31288BFF36F8F6FF0EE
:1097A0002207204600F0A9FA034640B9236A606206
:1097B000E36131462846BDE8F840F0F7E9BADF67D3
:1097C00000F064FAEDE790F90E308B4201D0F0F72B
:1097D00099BA0020704703460020C3E90200C3E99C
:1097E000003370472DE9F843994604469DF8203030
:1097F0000D46904600F108074FF04002EFF3118646
:1098000082F31288BFF36F8F03B1456804F10C0037
:1098100000F073FA58B10023C367C0F8148000F059
:1098200035FA38463146F0F7B3FA00200CE0B9F1CA
:10983000000F1BD00821F0F7FFFE38B986F311881E
:10984000BFF36F8F6FF00B00BDE8F8830122C0F803
:1098500004800260016801F003015DB922680A43D7
:109860000260626820606AB960600BE0C8F800902E
:109870004046EFE72A68032A10D80160616839B9C9
:10988000C4E90000042104F1140000F08CFCC8E7D6
:109890000A6802F0030202430A60E5E722F00302CD
:1098A0000A4302602A6802F0030240EA02032B60C6
:1098B000E8E710B5044630B10268930703D0446866
:1098C00009B100F099FC204610BD0023C0E9003327
:1098D000037200F10C03C0E9033300F11403C0E983
:1098E0000533704707B50123009300230A46194644
:1098F000FFF778FF03B05DF804FB07B500230A46C5
:1099000000931946FFF76EFF03B05DF804FB2DE9E5
:10991000F047814615460C46B9B3B2B300F10807CB
:109920004FF04003EFF3118883F31288BFF36F8F7A
:1099300000F10C06304600F0E0F968B14FF0000A83
:109940004461C0F87CA000F0A1F92468304600F022
:10995000D4F944B10028F3D1D9F804307BB9C9F85F
:109960000040C9F80450042109F1140000F01BFC68
:1099700038464146F0F70CFA0020BDE8F0871A6837
:1099800002F0030214431C60EBE76FF01500F4E7EC
:109990005AB18A4209D300F11003C0E90212C0E9AA
:1099A0000000C0E90433002070476FF015007047D5
:1099B000026801238B4022EA0303036022FA01F0CC
:1099C00000F00100704738B5032105460C30FFF761
:1099D000EFFF044618B105F1100000F007FA204629
:1099E00038BD20B100221146883000F0DCB9704744
:1099F00070B5C368C3F340069B07044616D4856858
:109A000002210C30FFF7D4FF80B1D5F880206AB175
:109A100094421DD122689EB9D5F88430C5F88020C3
:109A20009C4201D1C5F8842000232360E36813F031
:109A30000F001EBF43F00203E36040F0020070BD60
:109A40003260D5F88420944208BFC5F88460EBE703
:109A500016461268DBE773B504464FF04003EFF398
:109A6000118583F31288BFF36F8F0023A0F11006D6
:109A7000032104380193FFF79BFF28B1A3690193E9
:109A800001A93046EFF7E0FE85F31188BFF36F8F31
:109A900002B070BD38B504460D461022002100F01A
:109AA00063FD656038BD4FF04002EFF3118382F330
:109AB0001288BFF36F8FC06800F00F0083F3118826
:109AC000BFF36F8F704713B5019008464FF0400306
:109AD000EFF3118483F31288BFF36F8F01A9EFF7BF
:109AE000B3FE84F31188BFF36F8F02B010BD10B5C1
:109AF000FFF7E9FF041E09DD4FF04003EFF311808B
:109B000083F31288BFF36F8F00F027F9204610BD52
:109B100008B5A022002100F027FD08BD38B530228D
:109B200004460D46002100F01FFD4FF48073656070
:109B3000E36038BDFFF7B7BF38B504464FF04003C8
:109B4000EFF3118583F31288BFF36F8FFFF73BFFAD
:109B50002046FFF74DFF85F31188BFF36F8F38BDA7
:109B6000F8B504460D464FF04003EFF3118683F33A
:109B70001288BFF36F8FC36803F00F03002B14BF6D
:109B80000127002705D186F31188BFF36F8F384670
:109B9000F8BDFFF718FF2046FFF72AFF29462046A9
:109BA000EFF734FE86F31188BFF36F8F0028EED0F5
:109BB0004FF0FF324FF0FF3305F10800EFF726FDBD
:109BC000E5E7D0E9003213605A600023C0E90033B2
:109BD000704708B5FFF7F5FF437B23F0020343739B
:109BE0000023836008BD90F90E3091F90E00834286
:109BF00014BFC01A0020704710B501464FF0400353
:109C0000EFF3118483F31288BFF36F8F10F80B3CCE
:109C100013F0280F0DD151F8103C18380BB1FFF795
:109C2000D8FF11F80B3C23F0140301F80B3CEFF7BD
:109C300073FF84F31188BFF36F8F10BD38B50446EE
:109C40000D46EFF79DFF637B43F002036373E5B1BD
:109C5000A5602B689D4209D16B68C4E900531C6064
:109C60006C6012E06A689342F6D01B68002BF3D058
:109C700094F90E2093F90E108A42F3D09142F1DD4F
:109C80005A68C4E9003214605C6038BD10B54FF00A
:109C90004003EFF3118483F31288BFF36F8FEFF764
:109CA0003BFF84F31188BFF36F8F10BD08B54FF0F1
:109CB0004003EFF3118183F31288BFF36F8FFFF737
:109CC00088FF81F31188BFF36F8F08BD08B5034685
:109CD0004FF04002EFF3118182F31288BFF36F8FD0
:109CE0000068834207D008B1FFF773FF81F3118842
:109CF000BFF36F8F08BD0020F8E738B54FF0400381
:109D0000EFF3118583F31288BFF36F8F0468A042CD
:109D10000DD034B12046FFF75CFF04F1180000F0CD
:109D200065F885F31188BFF36F8F204638BD002496
:109D3000F7E710B54FF04003EFF3118483F3128877
:109D4000BFF36F8FFFF745FF84F31188BFF36F8F69
:109D5000BDE81040183000F049B8034620B9EFF3D1
:109D600005820AB9DEF796BB83F31188BFF36F8FC4
:109D700070474FF04003EFF3118083F31288BFF375
:109D80006F8FFFF7EABF38B5054600202C68A54263
:109D900000D004B938BD2046FFF7CBFF2046FFF7BF
:109DA00075FF0120F2E738B54FF04003EFF311855E
:109DB00083F31288BFF36F8F0468A04212D09CB166
:109DC000E16762612046FFF704FF04F1180000F02C
:109DD0000DF82046EFF7A0FE012085F31188BFF3B0
:109DE0006F8F38BD0020F8E72046F6E710B54FF03A
:109DF0004002EFF3118482F31288BFF36F8F036880
:109E00003BB1F0F7C3F9002084F31188BFF36F8FE3
:109E100010BD6FF01500F7E710B54FF04003EFF3FA
:109E2000118483F31288BFF36F8FF0F787F984F3FF
:109E30001188BFF36F8F10BD70B504460D464FF00B
:109E40004003EFF3118683F31288BFF36F8FF0F7AF
:109E500075F9012807DDA04205DBA0422946A8BF0D
:109E60002046ECF759F886F31188BFF36F8F70BD69
:109E700008B5F0F77FFA08BDF0F77CBA08B1DFF754
:109E80006DB97047B1F1FF3F08BFB0F1FF3F38B582
:109E90000C46054614D0084303D1BDE83840F0F71E
:109EA00069BA6FF00100401B4FF0FF3363EB010113
:109EB000002904DAF0F75EFA401941EB040138BDDD
:109EC0004FF0FF300146FAE70023C0E9081200F125
:109ED0001802C0E90622C0E90033036343637047F8
:109EE00010B50446FFF782FFB0B9636A0BB1204694
:109EF000984704F11800FFF7E9FE68B1FFF7C6FEC6
:109F00004FF04003EFF3118083F31288BFF36F8F9C
:109F1000BDE81040FFF721BF10BDF8B50D46D0E9F0
:109F200000138842044605D16368C5E900431D60FB
:109F300065601DE0002BF7D0986800B16038A2F191
:109F400060073946FFF74FFE0028EDDC2668B44273
:109F5000EAD0002EE8D0B16801B160393846FFF789
:109F600042FE002805DD7368C5E900631D60756069
:109F7000F8BD63689E42D7D03668EAE72DE9F84F0E
:109F800000258B4614461F4682462E46A8465D4550
:109F900002DB3046BDE8F88F4FF04003EFF3118944
:109FA00083F31288BFF36F8F9AF80D3003F03F03ED
:109FB000013B072B0FD8DFE803F01E040E0A0E0E3C
:109FC0000E25DAF810309B682BB1022320E0DAF876
:109FD00010301B688BBB47BB237833B39AF80D3026
:109FE00003F03F03013B072B30D8DFE803F03928AB
:109FF0002F332F2F2F3EDAF810309B68002BEAD03A
:10A00000012305E0DAF810305B6A002BE3D010235F
:10A01000DAF80C20CAF80880C2F386310B4363F3E8
:10A020009432CAF80C2084F8008089F31188BFF3B9
:10A030006F8F01350AF1140AA9E70423E8E7DAF87B
:10A040001000224651461030FFF767FFCAF808405B
:10A050000136EAE7DAF81000224651461430F3E7F9
:10A06000DAF8100022465146EEE7DAF810002246F0
:10A0700051462830E8E72DE9F843846805460E4646
:10A0800044B16378012B2ED114F8533C13F0020332
:10A090000AD12370EB68C3F386321643002066F3BF
:10A0A0009433A860EB603EE054E90E23B3F1FF3F28
:10A0B00008BF12F1020F32D0A4F160084046FFF74A
:10A0C00038FE082E0CBF6FF003030023E36114F881
:10A0D000533CDB0609D154F8487C37B94046FFF7BA
:10A0E000D5FD2770D6E7022B01D00023D1E72378D6
:10A0F000002BCFD054F8047C002FF2D04FF0000892
:10A10000A4F1140904F11400FFF770FEC4F82C80C8
:10A1100049463846FFF7D7FC84F80080BAE70023A9
:10A1200023706FF00A00BDE8F8831423F0B503FB39
:10A13000010000244FF48B7601B9F0BD10F8073C04
:10A1400040F80C4C03F03F03082BA0F114070CD887
:10A1500026FA03F3DB0708D550F8143C2BB150F86E
:10A16000105C2B605D6040E9054482F31188BFF309
:10A170006F8F4FF04003EFF3118283F31288BFF328
:10A180006F8F01393846D7E710B55205090201F43F
:10A190007C5102F400120A43017B00240A43C0E907
:10A1A0000323846010BD03460068834208D0D0E9D1
:10A1B000003213605A600023C0E90033FFF75BBF31
:10A1C00070470023C0E9000083607047002383606C
:10A1D00070470432D3B5044608D200260027CDE9E3
:10A1E000006741F00401FFF702FA10B9002002B045
:10A1F000D0BD40F8044BFAE720B1011F50F8040C21
:10A20000FFF742BA704701460420F0F707BA70B56D
:10A21000A0FB015424B92846FFF7F5FF064610B904
:10A220000026304670BD2A46214600F09DF9F8E729
:10A23000704700F0DBB800F0D9B8012838BF012022
:10A2400010B504462046F2F769F900B110BDF0F7E9
:10A250000DFE08B900F032F98047F3E7FFF7EDBFD4
:10A26000C3689A68C26010B502B1506042685A6013
:10A270000C68844203D10B609860436010BD916804
:10A2800081420CBF9360D360F6E78368DA6882602E
:10A2900010B502B1506042685A600C68844203D124
:10A2A0000B60D860436010BDD16881420CBFD360A1
:10A2B0009360F6E7C36823B118469B68002BFBD177
:10A2C00070474368DA68824204D0C268934218BF7C
:10A2D0001846704718465B68F4E7027803462AB9C7
:10A2E00042685268824201D1D06870479A6822B1B0
:10A2F0001046D268002AFBD17047586882689A429B
:10A3000000D0704703464068F8E7FFF7D3BFFFF778
:10A31000E4BF2DE9F8431D461F1D0023C1E90233A8
:10A320000C464A600B70A0B19542916002D1696001
:10A33000EC6003E0AB68934208BFA9604FF00009EE
:10A340004FF001086B68A34232D101221A70BDE8B8
:10A35000F883D160EB689342F0D1E9E7C368A34288
:10A3600003D13946FFF77CFF04466368394683F81A
:10A370000080304686F80090FFF787FFE2E733B1B0
:10A380001A7822B980F8008083F8008021E0836881
:10A39000A34203D13946FFF778FF04466368394684
:10A3A00083F80080304686F80090FFF759FFC9E730
:10A3B00060680278002AC8D14668B3688342DED15B
:10A3C000F268002ACAD011780029C7D1012119707A
:10A3D000117086F800903446B4E708B500F06EF8C6
:10A3E00008B500F06BF808B500F068F8F2F79EB811
:10A3F000C8F7F6BA01464FF08040F0F7DDBD20F017
:10A400000042B2F1FF4F70B50346044609D301463E
:10A41000B6F7CAFB01462046B6F7BEFA0446204608
:10A4200070BD002AFBD0002806DA0146B6F7B2FA62
:10A430000146B6F76DFCF1E710F0FF424FEAE0513C
:10A4400028D0C3F3160343F40003CA07A1F17F0029
:10A4500058BF5B00002440105B00192526464FF0D2
:10A46000807172189A42DDBF561864189A1A1A46FB
:10A47000013D4FEA42034FEA5101F2D112B10134DA
:10A4800024F00104641004F17C5404EBC054C6E7CA
:10A490005B0001321802FBD5013A891AD1E721F09D
:10A4A00000431946704720F00040704720F00040FC
:10A4B000B0F1FF4FACBF00200120704708B5062067
:10A4C000F2F77EF90120DEF7D9FD0028B8BF40423F
:10A4D000704710B501390244904201D1002005E0D7
:10A4E000037811F8014FA34201D0181B10BD0130B1
:10A4F000F2E70A44914200F1FF3300D1704710B5F2
:10A5000011F8014B03F8014F9142F9D110BD9A4265
:10A5100008B501D9DEF7CEFD814204D88B189842E8
:10A52000F8D3814202D183189942F3D3BDE80840A1
:10A53000FFF7DFBF884210B501EB020402D9844265
:10A54000234607D8431EA14208D011F8012B03F877
:10A55000012FF8E7024401468A4200D110BD13F8EA
:10A56000014D02F8014DF7E702440346934200D142
:10A57000704703F8011BF9E71F2938B505460C465B
:10A5800004D9162303604FF0FF3038BD426C12B17E
:10A5900052F821304BB9284600F016F82246014601
:10A5A0002846BDE83840F2F713B9012B0AD0591CF0
:10A5B00003D1162303600120E7E7002142F82410AD
:10A5C000204698470020E0E7FBF75EBE034611F8FF
:10A5D000012B03F8012B002AF9D1704710B56AB19D
:10A5E0000139841810F8012B11F8013F9A4203D168
:10A5F000A04201D0002AF5D1D01A10BD1046FCE7C8
:10A6000010B5024601448A42134603D01C78013239
:10A61000002CF8D1181A10BD70B568234D1E5D438B
:10A620000E4605F17401F1F7D3FF044640B1002155
:10A63000C0E900160C30A06005F16802FFF794FF36
:10A64000204670BD2DE9F8430646884600F14804CF
:10A650000027D4E90195B9F1010905D52468002C3A
:10A66000F7D13846BDE8F883AB89012B07D9B5F996
:10A670000E30013303D029463046C04707436835C2
:10A68000E9E7F8B5074615460C4621B9BDE8F8409C
:10A690001146F1F79DBF22B9F1F750FF0024204683
:10A6A000F8BD00F090F9A842F9D229463846F1F7F2
:10A6B0008FFF06460028F1D021462A46FFF719FFF2
:10A6C00021463846F1F73AFF3446E8E79368013B04
:10A6D000002B10B4936007DA9469A34201DB0A29C6
:10A6E00002D110BCF2F7C0BD1368581C106019707D
:10A6F000084610BC7047F8B506460F461446D518F4
:10A70000AC4201D1002007E014F8011B3A46304664
:10A71000FFF7DCFF431CF3D1F8BD2DE9F0471646E7
:10A7200098468A680B69DDF820909342B8BF1346BB
:10A73000336091F8432007460C460AB10133336079
:10A740002368990642BF336802333360256815F0E9
:10A75000060506D104F1190AE36832689B1AAB4278
:10A7600026DC94F843302268003B18BF0123920690
:10A770002BD404F1430241463846C84701301ED06D
:10A780002368226903F00603042B02BFE5683368DF
:10A79000ED1AA3680CBF25EAE57500259342C4BFF6
:10A7A0009B1AED1800261A34B5421AD1002008E091
:10A7B0000123524641463846C847013003D14FF085
:10A7C000FF30BDE8F0870135C6E7E1185A1C30209C
:10A7D00081F84300224494F8451082F84310023374
:10A7E000C7E70123224641463846C8470130E6D034
:10A7F0000136D9E710B50C46B1F90E10F2F7A2FEFA
:10A800000028ABBF636DA3891B1823F48053ACBF32
:10A810006365A38110BD2DE9F0411F468B89DB05DF
:10A8200005460C46164605D5B1F90E100223002246
:10A83000F2F736FEA389B4F90E1023F48053A381F6
:10A8400032463B462846BDE8F041F2F75FBD10B501
:10A850000C46B1F90E10F2F723FE431CA38915BF75
:10A86000606523F4805343F48053A38118BFA38110
:10A8700010BDB1F90E10F2F7C7BDB1F90C20F8B553
:10A88000170705460C4656D44B68002B02DC0B6CB0
:10A89000002B3DDDE66A002E3AD0002312F48052F0
:10A8A0002F68216A2B6025D0626DA389580705D5D2
:10A8B0006368D21A636B0BB1236CD21A216AE66A01
:10A8C00000232846B047411C24D00023636023693D
:10A8D0002360A389DA0400D56065616B2F60B9B18C
:10A8E00004F14403994202D02846F1F727FE0023E1
:10A8F00063630DE001232846B047461C0246D4D1CD
:10A900002B68002BD1D01D2B01D0162B2AD12F6004
:10A9100000202EE02A68B4F90C3042B11D2A01D083
:10A92000162A21D10023636023692360D5E7626082
:10A9300022692260CEE70F69002FE9D093070E68E5
:10A9400008BF4B690F6018BF0023F61B8B60002EF9
:10A95000DEDD216AD4F828C033463A462846E0476F
:10A96000002807DCB4F90C3043F04003A3814FF01A
:10A97000FF30F8BD0744361AE9E770B50C46B1F967
:10A980000E10002996B015461E460DDAA38913F065
:10A99000800F4FF0000114BF40234FF4806300206C
:10A9A00031602B6016B070BD6A46F2F7DDFD0028FD
:10A9B000ECDB019901F47041A1F500535942594172
:10A9C0004FF48063EBE751F8043C181F002BBCBF29
:08A9D0000B58C018704700008D
:08A9D800202BFC7F01000000B0
:10A9E000D190020000000000214C0300D0AA040016
:10A9F000B595040000000000419003000000000035
:10AA00006590030000000000C54F0300E8AA0400A1
:10AA1000C54F030000AB0400AD6E03000000000052
:10AA200015930400000000003593040000000000AE
:10AA3000415A030018AB0400C790040030AB040077
:10AA40002D91040048AB04008B90040060AB04001F
:10AA5000A990040078AB0400A14E030000000000A0
:10AA6000D55D030000000000713C03000000000001
:10AA7000D14002000000000053620400000000000A
:10AA80000995020000000000FD8B040090AB04005B
:10AA9000FD8B0400A8AB04005D6F03000000000004
:10AAA0003993040000000000A1960300000000009C
:10AAB000053D030000000000C5510300C0AB0400C9
:10AAC000FD61030000000000ED5B020000000000DB
:10AAD000033F0500A8CB0400C0CB0400761B002078
:10AAE00018C0002094AD04002C3F0500DCCB04000E
:10AAF000FCCB0400781B002074C000208EAD040045
:10AB00003A3F0500ECCB0400FCCB04007A1B00208C
:10AB100080C0002088AD04006640050000000000F1
:10AB2000B0CC0400821B0020ACC0002082AD040029
:10AB30007640050000000000B8CC0400841B002013
:10AB4000000000007CAD040085400500000000000E
:10AB5000C0CC0400861B00200000000076AD04007D
:10AB60003A4005003CCC04009CCC04007E1B002035
:10AB7000E018002070AD04004840050068CC0400D7
:10AB80009CCC0400801B0020FC1800206AAD04004F
:10AB900082EB04009C21002094CB0400721B002057
:10ABA00034B7002064AD040052EB0400782100208B
:10ABB00094CB0400741B002050B700205EAD04004D
:10ABC000DD3F05000000000020CC04007C1B0020BD
:08ABD0000000000058AD040074
:10ABD800519404004B930400000000002D6204000F
:10ABE80078AB040019900400000000002D620400F6
:10ABF800000000002D620400000000002D62040027
:10AC0800797903004B930400000000002D620400D2
:10AC1800000000002D620400000000002D62040006
:10AC2800000000002D620400000000002D620400F6
:10AC3800000000002D620400ACC00020B15A0300DF
:10AC4800000000002D620400000000002D620400D6
:10AC5800000000002D62040000000000555E0300A3
:10AC6800000000002D620400000000002D620400B6
:10AC7800000000002D620400000000002D620400A6
:10AC8800000000002D620400000000002D62040096
:10AC9800000000002D620400000000009D6E03000B
:10ACA800000000002D620400000000002D62040076
:10ACB800000000002D620400000000002D62040066
:10ACC800000000002D620400000000002D62040056
:10ACD800000000002D620400000000002D62040046
:10ACE800000000002D620400000000002D62040036
:10ACF800000000002D620400000000002D62040026
:10AD0800000000002D620400198903004B93040021
:10AD180060AB040019900400000000002D620400DC
:10AD2800000000002D620400000000002D620400F5
:10AD3800000000002D620400000000002D620400E5
:10AD4800000000002D620400000000002D620400D5
:10AD580000800080FF7F00800080FF7F00800080EF
:10AD6800FF7F00800080FF7F00800080FF7F0080E1
:10AD78000080FF7F00800080FF7F00800080FF7FD1
:10AD880000800080FF7F00800080FF7F00800080BF
:02AD9800FF7F3B
:0EAD9A000000000000000000000000000000AB
:0CADA800A18D0100B5BB0100E92B0200E9
:10ADB40005000000B9D202000000000006000000F7
:10ADC40099120300000000000400000001DB0200EF
:04ADD400000000007B
:10ADD800C956010029640100013D0100853D0100BB
:0CADE80000000000254A010000000000EF
:10ADF400E4C904000800000084CA0400050000003F
:10AE0400502B05000300000024150500030000007A
:10AE14004726050003000000F0230500030000009E
:10AE2400F942050003000000E731050003000000BB
:10AE34007506050003000000C11D050003000000A5
:10AE4400BF220500030000005C3905000300000078
:10AE54004D280500030000007413050003000000E2
:10AE64008706050003000000E1140500030000004C
:10AE7400683805000300000050FD040003000000D2
:10AE84001E3F050003000000C4400500030000004D
:10AE9400F73F05000300000087430500030000009E
:10AEA400E3FF0400030000007A0C05000300000027
:10AEB400A8FD040003000000ACFD04000300000032
:10AEC40068FE040003000000344305000300000092
:10AED4008F12050003000000643905000300000020
:10AEE4008306050003000000A844050003000000D9
:10AEF400230405000300000046EE040004000000E3
:10AF040069420500030000004942050003000000F7
:10AF14005842050003000000E4140500030000008B
:10AF24004C13050003000000564005000300000018
:10AF3400910305000300000008020500030000005F
:10AF44008A3B050003000000FA3E050003000000F0
:08AF5400D30305000300000017
:10AF5C004CC604001C91002047FE040001000000B8
:10AF6C0078C604003491002057FE04000100000054
:10AF7C00DE14050000000000A592020011940200EE
:10AF8C0000000000EF2D0500000000001578040003
:10AF9C000000000000000000DB3105000000000094
:10AFAC0001F002000000000000000000122D05005E
:10AFBC000000000085EF020031EA020000000000F2
:10AFCC007CD8040000000000293203006530030027
:10AFDC0000000000E1310500000000008DEA0200D5
:08AFEC007DF4020000000000EA
:0CAFF400FFFFFFFFFFFFFFFFFFFFFFFF5D
:10B000000101050000000000000000000000000039
:10B010000000000000000000000000000000000030
:10B020000000000000000000010106000000000018
:10B030000000000000000000000000000000000010
:10B040000000000000000000000000000000000000
:10B0500001010700000000000000000000000000E7
:10B0600000000000000000000000000000000000E0
:10B070000000000000000000420108000000000085
:10B0800000000000000000000000000000000000C0
:10B0900000000000000000000000000000000000B0
:10B0A0004201090000000000000000000000000054
:10B0B0000000000000000000000000000000000090
:10B0C000000000000000000042010A000000000033
:10B0D0000000000000000000000000000000000070
:10B0E0000000000000000000000000000000000060
:10B0F00042010B0000000000000000000000000002
:10B10000000000000000000000000000000000003F
:10B11000000000000000000042011B0000000000D1
:10B12000000000000000000000000000000000001F
:10B13000000000000000000000000000000000000F
:10B1400042011100000000000000000000000000AB
:10B1500000000000000000000000000000000000EF
:10B160000000000000000000420123000000000079
:10B1700000000000000000000000000000000000CF
:10B1800000000000000000000000000000000000BF
:10B1900042011F000000000000000000000000004D
:10B1A000000000000000000000000000000000009F
:10B1B0000000000000000000420116000000000036
:10B1C000000000000000000000000000000000007F
:10B1D000000000000000000000000000000000006F
:10B1E00042010E000000000000000000000000000E
:10B1F000000000000000000000000000000000004F
:10B2000000000000000000004201180000000000E3
:10B21000000000000000000000000000000000002E
:10B22000000000000000000000000000000000001E
:10B2300042010C00000000000000000000000000BF
:10B2400000000000000000000000000000000000FE
:10B250000000000000000000420117000000000094
:10B2600000000000000000000000000000000000DE
:10B2700000000000000000000000000000000000CE
:10B2800042010D000000000000000000000000006E
:10B2900000000000000000000000000000000000AE
:10B2A0000000000000000000420119000000000042
:10B2B000000000000000000000000000000000008E
:10B2C000000000000000000000000000000000007E
:10B2D00042010F000000000000000000000000001C
:10B2E000000000000000000000000000000000005E
:10B2F000000000000000000042011A0000000000F1
:10B30000000000000000000000000000000000003D
:10B31000000000000000000000000000000000002D
:10B3200042011000000000000000000000000000CA
:10B33000000000000000000000000000000000000D
:10B34000000000000000000042012000000000009A
:10B3500000000000000000000000000000000000ED
:10B3600000000000000000000000000000000000DD
:10B3700042011C000000000000000000000000006E
:10B3800000000000000000000000000000000000BD
:10B390000000000000000000420125000000000045
:10B3A000000000000000000000000000000000009D
:10B3B000000000000000000000000000000000008D
:10B3C0004201240000000000000000000000000016
:10B3D000000000000000000000000000000000006D
:10B3E00000000000000000004201210000000000F9
:10B3F000000000000000000000000000000000004D
:10B40000000000000000000000000000000000003C
:10B4100042011D00000000000000000000000000CC
:10B42000000000000000000000000000000000001C
:10B4300000000000000000004201220000000000A7
:10B4400000000000000000000000000000000000FC
:10B4500000000000000000000000000000000000EC
:10B4600042011E000000000000000000000000007B
:10B4700000000000000000000000000000000000CC
:10B480000000000000000000420114000000000065
:10B4900000000000000000000000000000000000AC
:10B4A000000000000000000000000000000000009C
:10B4B0004201130000000000000000000000000036
:10B4C000000000000000000000000000000000007C
:10B4D0000000000000000000420115000000000014
:10B4E000000000000000000000000000000000005C
:10B4F000000000000000000000000000000000004C
:10B5000042011200000000000000000000000000E6
:10B51000000000000000000000000000000000002B
:10B520000000000000000000421048000000000081
:10B530000180FFFFFF7F000000000000000000000E
:10B5400000000000000000000000000000000000FB
:10B550004210580000000000FF7F00000180FFFF44
:10B5600000000000000000000000000000000000DB
:10B570000000000000000000421068000000000011
:10B580000180FFFFFF7F00000000000000000000BE
:10B5900000000000000000000000000000000000AB
:10B5A0004210780000000000FF7F00000180FFFFD4
:10B5B000000000000000000000000000000000008B
:10B5C0000000000000000000421028000000000001
:10B5D00000000000FF7F00000000000000000000ED
:10B5E000000000000000000000000000000000005B
:10B5F000421038000000000000000000FF7F000043
:10B60000000000000000000000000000000000003A
:10B610000000000000000000421088000000000050
:10B620000180FFFFFF7F000000000000000000001D
:10B63000000000000000000000000000000000000A
:10B6400042109800000000000180FFFFFF7F000013
:10B6500000000000000000000000000000000000EA
:10B6600000000000000000004210A80000000000E0
:10B6700000000000FF7F000000000000000000004C
:10B6800000000000000000000000000000000000BA
:10B690004210B800000000000180FFFFFF7F0000A3
:10B6A000000000000000000000000000000000009A
:10B6B00000000000000000004210C8000000000070
:10B6C0000180FFFFFF7F000000000000000000007D
:10B6D000000000000000000000000000000000006A
:10B6E0004210D8000000000000000000FF7F0000B2
:10B6F000000000000000000000000000000000004A
:10B7000000000000000000004210080100000000DE
:10B710000080FFFFFF7F000000000000000000002D
:10B720000000000000000000000000000000000019
:10B7300042101801000000000080FFFFFF7F0000A2
:10B7400000000000000000000000000000000000F9
:10B75000000000000000000042102801000000006E
:10B760000080FFFFFF7F00000000000000000000DD
:10B7700000000000000000000000000000000000C9
:10B7800042103801000000000080FFFFFF7F000032
:10B7900000000000000000000000000000000000A9
:10B7A00000000000000000004210480100000000FE
:10B7B0000080FFFFFF7F000000000000000000008D
:10B7C0000000000000000000000000000000000079
:10B7D00042105801000000000080FFFFFF7F0000C2
:10B7E0000000000000000000000000000000000059
:10B7F000000000000000000042106801000000008E
:10B800000080FFFFFF7F000000000000000000003C
:10B810000000000000000000000000000000000028
:10B8200042107801000000000080FFFFFF7F000051
:10B830000000000000000000000000000000000008
:10B84000000000000000000042108801000000001D
:10B850000080FFFFFF7F00000000000000000000EC
:10B8600000000000000000000000000000000000D8
:10B8700042109801000000000080FFFFFF7F0000E1
:10B8800000000000000000000000000000000000B8
:10B89000000000000000000045010800000000005A
:10B8A0000000000000000000000000000000000098
:10B8B0000000000000000000000000000000000088
:10B8C0004501090000000000000000000000000029
:10B8D0000000000000000000000000000000000068
:10B8E000000000000000000045010A000000000008
:10B8F0000000000000000000000000000000000048
:10B900000000000000000000000000000000000037
:10B9100045010B00000000000000000000000000D6
:10B920000000000000000000000000000000000017
:10B93000000000000000000045011B0000000000A6
:10B9400000000000000000000000000000000000F7
:10B9500000000000000000000000000000000000E7
:10B960004501110000000000000000000000000080
:10B9700000000000000000000000000000000000C7
:10B98000000000000000000045012300000000004E
:10B9900000000000000000000000000000000000A7
:10B9A0000000000000000000000000000000000097
:10B9B00045011F0000000000000000000000000022
:10B9C0000000000000000000000000000000000077
:10B9D000000000000000000045011600000000000B
:10B9E0000000000000000000000000000000000057
:10B9F0000000000000000000000000000000000047
:10BA000045010E00000000000000000000000000E2
:10BA10000000000000000000000000000000000026
:10BA200000000000000000004501180000000000B8
:10BA30000000000000000000000000000000000006
:10BA400000000000000000000000000000000000F6
:10BA500045010C0000000000000000000000000094
:10BA600000000000000000000000000000000000D6
:10BA70000000000000000000450117000000000069
:10BA800000000000000000000000000000000000B6
:10BA900000000000000000000000000000000000A6
:10BAA00045010D0000000000000000000000000043
:10BAB0000000000000000000000000000000000086
:10BAC0000000000000000000450119000000000017
:10BAD0000000000000000000000000000000000066
:10BAE0000000000000000000000000000000000056
:10BAF00045010F00000000000000000000000000F1
:10BB00000000000000000000000000000000000035
:10BB1000000000000000000045011A0000000000C5
:10BB20000000000000000000000000000000000015
:10BB30000000000000000000000000000000000005
:10BB4000450110000000000000000000000000009F
:10BB500000000000000000000000000000000000E5
:10BB6000000000000000000045012000000000006F
:10BB700000000000000000000000000000000000C5
:10BB800000000000000000000000000000000000B5
:10BB900045011C0000000000000000000000000043
:10BBA0000000000000000000000000000000000095
:10BBB000000000000000000045012500000000001A
:10BBC0000000000000000000000000000000000075
:10BBD0000000000000000000000000000000000065
:10BBE00045012400000000000000000000000000EB
:10BBF0000000000000000000000000000000000045
:10BC000000000000000000004501210000000000CD
:10BC10000000000000000000000000000000000024
:10BC20000000000000000000000000000000000014
:10BC300045011D00000000000000000000000000A1
:10BC400000000000000000000000000000000000F4
:10BC5000000000000000000045012200000000007C
:10BC600000000000000000000000000000000000D4
:10BC700000000000000000000000000000000000C4
:10BC800045011E0000000000000000000000000050
:10BC900000000000000000000000000000000000A4
:10BCA000000000000000000045011400000000003A
:10BCB0000000000000000000000000000000000084
:10BCC0000000000000000000000000000000000074
:10BCD000450113000000000000000000000000000B
:10BCE0000000000000000000000000000000000054
:10BCF00000000000000000004501150000000000E9
:10BD00000000000000000000000000000000000033
:10BD10000000000000000000000000000000000023
:10BD200045011200000000000000000000000000BB
:10BD30000000000000000000000000000000000003
:10BD40000000000000000000451048000000000056
:10BD50000180FFFFFF7F00000000000000000000E6
:10BD600000000000000000000000000000000000D3
:10BD70004510580000000000FF7F00000180FFFF19
:10BD800000000000000000000000000000000000B3
:10BD900000000000000000004510680000000000E6
:10BDA0000180FFFFFF7F0000000000000000000096
:10BDB0000000000000000000000000000000000083
:10BDC0004510780000000000FF7F00000180FFFFA9
:10BDD0000000000000000000000000000000000063
:10BDE00000000000000000004510280000000000D6
:10BDF00000000000FF7F00000000000000000000C5
:10BE00000000000000000000000000000000000032
:10BE1000451038000000000000000000FF7F000017
:10BE20000000000000000000000000000000000012
:10BE30000000000000000000451088000000000025
:10BE40000180FFFFFF7F00000000000000000000F5
:10BE500000000000000000000000000000000000E2
:10BE600045109800000000000180FFFFFF7F0000E8
:10BE700000000000000000000000000000000000C2
:10BE800000000000000000004510A80000000000B5
:10BE900000000000FF7F0000000000000000000024
:10BEA0000000000000000000000000000000000092
:10BEB0004510B800000000000180FFFFFF7F000078
:10BEC0000000000000000000000000000000000072
:10BED00000000000000000004510C8000000000045
:10BEE0000180FFFFFF7F0000000000000000000055
:10BEF0000000000000000000000000000000000042
:10BF00004510D8000000000000000000FF7F000086
:10BF10000000000000000000000000000000000021
:10BF200000000000000000004510080100000000B3
:10BF30000080FFFFFF7F0000000000000000000005
:10BF400000000000000000000000000000000000F1
:10BF500045101801000000000080FFFFFF7F000077
:10BF600000000000000000000000000000000000D1
:10BF70000000000000000000451028010000000043
:10BF80000080FFFFFF7F00000000000000000000B5
:10BF900000000000000000000000000000000000A1
:10BFA00045103801000000000080FFFFFF7F000007
:10BFB0000000000000000000000000000000000081
:10BFC00000000000000000004510480100000000D3
:10BFD0000080FFFFFF7F0000000000000000000065
:10BFE0000000000000000000000000000000000051
:10BFF00045105801000000000080FFFFFF7F000097
:10C000000000000000000000000000000000000030
:10C01000000000000000000000000000010000001F
:10C020006000300000000000000000000000000080
:10C030006000600000000000000000000000000040
:10C0400000000001000000020000000400000008E1
:10C0500000000010000000200000004000000080F0
:10C060000000001B00000036DE1C0500E31C05007C
:10C07000E71C0500EB1C0500EF1C0500F31C050088
:10C08000F71C0500FB1C0500FF1C0500031D050037
:10C09000071D05000B1D05000F1D0500AD61030008
:10C0A0009D910400E5610300029101040008000075
:10C0B000407E0000003001001591010400110000D5
:10C0C00000EABD4713893542C679EE07F2532C6C5E
:10C0D0003115910102001100000040B08A5FCD1FB0
:10C0E0009B41125CACC63F38A0731591010300015F
:10C0F0000000000991010700080000010000000095
:10C10000000000810100031F861DD6030400000FFC
:10C110008080808000080000808080800000000116
:10C12000030062746C650000000000000000000065
:10C1300000000000000000000000000000000000FF
:10C1400000000000000000000000000000000000EF
:10C1500000000000010000000000000000000000DE
:10C160000338FDD870470000000000000000008088
:10C17000182D4454FB210940182D4454FB2109C0BB
:10C18000182D4454FB21E9BFD221337F7CD90240D2
:10C19000D221337F7CD902C0E2652F227F2B7A3CEB
:10C1A000075C143326A6813CBDCBF07A8807703C2F
:10C1B000075C143326A6913C4FBB610567ACDD3F9D
:10C1C000182D4454FB21E93F9BF681D20B73EF3FBE
:10C1D000182D4454FB21F93F00000000600060006E
:10C1E0000000000000000000214D0100AD670100CB
:10C1F0000000000000000000E179010000000000E4
:10C20000214D0100AD6701000000000000000000AA
:10C21000D5790100B96C0100FD650100B13C010058
:10C2200000000000F13D0100ED3F0100454001002C
:10C230007D760100AD500100853B0100C93B010046
:10C2400001010000000000000000000002000000EA
:10C25000000000000000000002000000000000BF1D
:10C260000000000002000000000080BF000000008D
:10C27000020000000000C0BF00000000020000003B
:10C28000000000C00000000002000000000020C00C
:10C290000000000002000000000040C0000000009C
:10C2A00002000000000060C000000000020000006A
:10C2B000000080C00000000002000000000090C0EC
:10C2C00000000000020000000000A0C0000000000C
:10C2D00000020000000000000000C0BE00020000DC
:10C2E00000000000000040BE00020000000000004E
:10C2F0000000000000020000000000000000403EBE
:10C3000000020000000000000000C03E0303000027
:10C310000000003E0000003D030000000000003E61
:10C3200000000000030300000000003E000000BD0C
:10C33000030300000000003D0000003D030000007A
:10C340000000003D00000000030300000000003D6D
:10C35000000000BD00030000000000000000003DE0
:10C3600000000000000000000000000000030000CA
:10C3700000000000000000BD03030000000000BD3D
:10C380000000003D03000000000000BD00000000B0
:10C3900003030000000000BD000000BD0303000017
:10C3A000000000BE0000003D03000000000000BED1
:10C3B0000000000003030000000000BE000000BDFC
:10C3C00000AB04000E00010000AB04000D000100F2
:10C3D00000AB04000B0011003D0000002100000034
:10C3E00000000000CCF30400F80000000000000092
:10C3F0000000000000000000000000002516020000
:10C40000A5BD010091BE01000F1C0400000000004A
:10C41000000000000000000000000000000000001C
:10C42000771C040001000000D4F20400F8000000B2
:10C4300000000000000000000000000000000000FC
:10C4400025160200A5BD010091BE01000F1C0400CD
:10C4500000000000000000000000000000000000DC
:10C4600000000000771C04000200000084F20400B9
:10C47000500000000D0FC10000000000000000008F
:10C48000000000002516020000000000000000006F
:10C49000000000000000000000000000C1BD01001D
:10C4A000F5BD0100000000000000000003000000D6
:10C4B0009BF00400AB0000004C0534122531020053
:10C4C0009D2E0200B12E0200512F0200752F020096
:10C4D0001D300200000000006D300200F13002004B
:10C4E000551C040029BE01000000000000000000EF
:10C4F00004000000E5EF0400B6000000D11800942D
:10C5000000000000000000000000000025160200EE
:10C51000000000000000000000000000000000001B
:10C5200000000000D1BD010029BE0100331C040041
:10C530000000000005000000A4EF0400410000001E
:10C5400000000000000000000000000000000000EB
:10C55000251602000000000000000000000000009E
:10C560000000000000000000E5BD010029BE010040
:10C57000000000000000000006000000B9F1040007
:10C58000CB0000007E050920000000000000000034
:10C59000000000002516020000000000000000005E
:10C5A000000000000000000000000000A91C0400C2
:10C5B0005DBE010000000000000000000700000058
:10C5C00046F10400730000007E05692000000000B1
:10C5D000000000000000000025160200000000001E
:10C5E000000000000000000000000000000000004B
:10C5F000D91C0400191C0400000000000000000009
:10C60000D8330020000400005751040013510400E7
:10C6100002000000214902000000000000000000AC
:10C62000000000000000000027FE04002FFE0400B0
:10C6300000000000000000000000000037FE0400C1
:10C640003BFE04003FFE040043FE0400494A020092
:10C650003D4A0200294A0200114A0200000000007F
:10C660001D4A020000000000954A020024910020AB
:10C670008EF6002010000000454B0200394B0200EE
:10C68000254B02005552040000000000194B020027
:10C6900000000000694B02003C9100209EF6002043
:10C6A0000100000005000000000000000000000084
:10C6B00000C00000C0AB04000100000000C000008A
:10C6C00000700600C0AB040002000000003007004C
:10C6D00000700600C0AB04000300000000A00D00C5
:10C6E00000E00100C0AB04000400000000800F0067
:10C6F00000800000C0AB0400000000001D620400C8
:10C70000E4160020DC160020D416002000000000F3
:10C71000CC160020CD810200C180020015810200EC
:10C7200075810200000000200000000000000B06E0
:10C730000200000038C704000000000037130500A5
:10C7400026000202000000203F13050022000B110A
:10C7500088CB040058C70400FF00000010FB012034
:10C7600088CB040068C704002D0000009815022043
:10C7700088CB040078C70400230000007416022050
:10C78000131D0500311D05004C1D05005C1D050035
:10C79000691D0500721D0500791D0500801D05003D
:10C7A000691D0500871D0500991D0500AE1D0500CA
:10C7B0000E0300007D9E02000F040000519E020047
:10C7C0001A010000F997020005040000B197020069
:10C7D00013010000AD9E0200FF0100008964040007
:10C7E0003E010000899C020005040000D59F020064
:10C7F0000804000041A80200300300008DA70200D9
:10C8000010010000A99902000201000075BB02009E
:10C8100001120000D1A602000A1E0000CB65040030
:10C820000309000061980200040B0000A99C0200AB
:10C83000060A000099AA0200070A0000E599020012
:10C840000C0500002D9A0200050C000091A90200C1
:10C850000841000011C102000921000095C1020039
:10C8600088CB040068C8040046000000B41602200B
:10C87000833A0500E3250500F72505000726050096
:10C880001726050026260500CCD90400583A0500D5
:10C890003926050088CB04009CC80400FF00000076
:10C8A0007817022088CB0400ACC80400FF00000009
:10C8B000502002207D6B0400BB6B040000000000D0
:10C8C000000000000000000089D30200000000000A
:10C8D00000000000000000000000000021730400C0
:10C8E00061730400B97304002173040089730400A8
:10C8F0006173040002020100D37404000404010007
:10C9000061E402000606010091E302000804010050
:10C91000CDE202000A020100BB7404000C04010015
:10C92000A37404000E04010085E10200200401004C
:10C93000DDE0020010040100E1DF0200120201004C
:10C940005774040016040100336D0400180101003F
:10C95000E97004001E000400B575040052020000D6
:10C960007D7404000104020025E6020003020200B7
:10C97000B975040005010200837504000704020074
:10C980008D75040009010200917504000B0002007E
:10C99000957504000D000200997504000F00020057
:10C9A0009D75040021020200A1750400110102001E
:10C9B000A575040013000200A97504001704020005
:10C9C000AD75040019000200B17504001B020300DC
:10C9D0005B6D04001D020500E973040023040300DD
:10C9E000496D0400C41A00206B7B040000000000A5
:10C9F000C01A002000000100BC1A0020EB7D0400DA
:10CA0000000000004018002000000100B41A0020BF
:10CA10000000000000000000000000000000000016
:10CA2000B01A00203D7B040059F302004818002092
:10CA300000000300AC1A0020EB7D040000000000A1
:10CA40003818002000000100A41A0020A37B040075
:10CA50007DEE02000000000000000300A01A00208C
:10CA6000EB7D0400000000003018002000000100F1
:10CA7000981A002099F70200000000000000000052
:10CA800000000100E41A00206B7B0400000000009D
:10CA9000E01A002000000100DC1A0020EB7D0400F9
:10CAA00000000000B018002000000100D41A00208F
:10CAB000D37B040000000000000000000000010023
:10CAC000D01A0020EB7D040000000000A818002010
:10CAD00000000100C81A0020FD7B040000000000D7
:10CAE0000000000000000100351F03002189040040
:10CAF000392C03000000000000000000252703007F
:10CB00000000000000000000000000000000000025
:10CB10000000000000000000018204000600000088
:10CB20006D1F030006000000BF8404001000000019
:10CB3000C922030010000000B92B0300010000000F
:10CB4000F114030010000000ED2A03000A000000A9
:10CB50006114030010000000012903000700000019
:10CB6000FF840400100000009D1803000100000075
:10CB7000B11A030040000000D912030010000000A9
:10CB80003984040001000000153503000000000096
:10CB9000FD89040000000000F53E0300E54B0300A2
:10CBA000BD4B030000000000C94C0300694D0300A9
:10CBB000123F0500BD8D0400C38D0400183F050021
:10CBC0002D4D0300418D0400A38D040000000000E2
:10CBD000B78C04000000000000000000FFFF000010
:10CBE000000300500000000001000000FFFFFFFFF5
:10CBF0000000005000000000000000004950030049
:10CC0000CF8D0400DD8D0400F58D0400018E04003D
:10CC10000D8E0400F14E0300278E0400000000007A
:10CC2000C38E040051540300555303008151030087
:10CC30007151030004000000FF000000008002406A
:10CC400002000000000000004CCC04000080024004
:10CC500058CC04000100000060CC04000200000079
:10CC6000A10101002200000000200040020000009D
:10CC70000000000078CC04000020004084CC0400B8
:10CC8000010000008CCC040004000000060000003D
:10CC9000050002008801010087010300D18F040014
:10CCA000B1570300C38F040025550300B38F040060
:10CCB000E959030045590300CB900400000000002F
:10CCC000E99004000000000033420500000000006D
:10CCD00000000000FD62030079910400A1910400AE
:10CCE000397D0300EB94040047950400419504004E
:10CCF0003B950400359504002F9504002995040008
:10CD0000239504001D950400118003006D8003002D
:10CD1000ED860300A7950400A19504009B950400EF
:10CD2000959504008F95040089950400839504006F
:10CD30002D800300D17E0300657D0300B1880300D0
:10CD400095850300F5FFFFFF504405005E44050094
:10CD500072440500814405008D440500E0A90400EB
:10CD6000E0A9040060AA040070AA0400D0AA04008C
:10CD7000D0AA0400512563FCC2CAB9F3849E17A748
:10CD8000ADFAE6BCFFFFFFFFFFFFFFFF0000000062
:10CD9000FFFFFFFF96C298D84539A1F4A033EB2DD1
:10CDA000817D0377F240A463E5E6BCF847422CE1BD
:10CDB000F2D1176BF551BF376840B6CBCE5E316B01
:10CDC0005733CE2B169E0F7C4AEBE78E9B7F1AFEC5
:10CDD000E242E34F512563FCC2CAB9F3849E17A710
:10CDE000ADFAE6BCFFFFFFFFFFFFFFFF0000000002
:10CDF000FFFFFFFFAAAAAAAAAAAAAAAAAAAAAAAA3F
:10CE00005555555555555555555555550000000026
:10CE100055555555FCFFFFFFFFFFFFFFFFFFFFFFCD
:10CE20000000000000000000000000000100000001
:10CE3000FFFFFFFF4B60D2273E3CCE3BF6B053CC0A
:10CE4000B0061D65BC86987655BDEBB3E7933AAA4C
:10CE5000D835C65A522563FCC2CAB9F3849E17A7B7
:10CE6000ADFAE6BCFFFFFFFFFFFFFFFF0000000081
:10CE7000FFFFFFFF020000000300000005000000AC
:10CE8000070000000B0000000D0000001100000072
:10CE900013000000170000001D0000001F0000002C
:10CEA00025000000290000002B0000002F000000DA
:10CEB000350000003B0000003D0000004300000082
:10CEC00047000000490000004F0000005300000030
:10CED0005900000061000000670000006D000000C4
:10CEE000710000007F000000890000008B0000003E
:10CEF000950000009D000000A7000000B3000000A6
:10CF0000C1000000C7000000D3000000E3000000E3
:10CF1000F1000000010100001501000025010000E2
:10CF20003901000051010000670100007F0100008D
:10CF300099010000B7010000D3010000F7010000D3
:10CF40001D020000410200006B020000950200007B
:10CF5000C5020000F902000037030000770300005B
:10CF6000B90300000704000055040000A9040000F4
:10CF70000905000065050000D50500004D0600000C
:10CF8000CD06000057070000ED07000083080000F1
:10CF900035090000F5090000C10A00009B0B0000E4
:10CFA000890C00008D0D00009B0E0000BB0F0000DF
:10CFB000FD1000005F120000DF1300007F1500006D
:10CFC000411700001B190000251B00005D1D00001B
:10CFD000BB1F00004F22000019250000212800007F
:10CFE000692B0000EB2E0000B7320000D1360000A4
:10CFF000453B00001B40000055450000EF4A000083
:10D0000011510000AF570000D95E00009B66000080
:10D01000FB6E000007780000C78100005D8C0000F7
:10D02000D99700003BA40000A9B1000031C0000066
:10D03000D1CF0000D5E0000019F30000EB0601009D
:10D04000711C0100BB330100ED4C01002B68010095
:10D050009585010079A50100FBC701003FED0100A6
:10D060009F150200514102007F70020085A302005B
:10D07000D3DA0200A91603005B570300619D030089
:10D0800017E903000D3B0400AF93040097F304007D
:10D09000555B05008BCB0500E944060047C8060038
:10D0A0007156070031F0070099960800874A090079
:10D0B000410D0A00F9DF0A00E9C30B0085BA0C0034
:10D0C00053C50D00F1E50E00431E10002570110040
:10D0D000ADDD12001D691400F1141600DBE317002A
:10D0E000A3D8190071F61B00A3401E00D1BA20007E
:10D0F000F36823003D4F26005972290037D72C00D2
:10D1000027833000237C340057C83800AF6E3D00C1
:10D110007B764200BDE7470013CB4D00D129540078
:10D12000F30D5B00C7826200B5936A00E34D7300A4
:10D1300017BF7C003BF68600770392004DF89D00F8
:10D14000E9E7AA00B9E6B800DF0AC800736CD800A6
:10D150006F25EA00F951FD0077101201DB812801EB
:10D16000B9C940018D0E5B010B7A77016D399601CB
:10D17000617DB701957ADB01596A0202638A2C024C
:10D18000871D5A02136C8B0235C4C002B77AFA02AB
:10D1900019EB38036F787C03E18DC503679F140496
:10D1A000752A6A04EBB6C60487D72A052D2B970586
:10D1B000B55D0C0629298B0695561407DDBFA80717
:10D1C00051504908BB06F708F9F6B2090D4B7E0A23
:10D1D00093455A0BC343480C31BF490D5D50600E57
:10D1E0005BB18D0F5FC0D310BD8234124D28B213D6
:10D1F000890E4F15A5C40D17850FF11809EEFB1AFE
:10D20000C99D311D75A0951F11C12B225D1AF824EF
:10D21000F11CFF27A596452BB7B9D02EE725A632DE
:10D220004BF0CB36D5AD483B217D23406912644598
:10D230001FC3124B75933851D744DF57D164115F28
:10D24000AD5EDA66AF8C466F434C6378D9123F828D
:10D250002985E98CBD8F7398F781EFA40F2B71B2EC
:10D2600051F90DC1AF1CDDD04BABF7E1AFC878F47D
:10D27000FBFFFFFFFBFFFFFF00000000DCCFD1350D
:10D280000000000000C0153F0000803F0000C03FCC
:10D29000000FC93F000F494000CB9640000FC94026
:10D2A0000053FB4000CB164100ED2F41000F4941D8
:10D2B0000031624100537B41003A8A4100CB9641E4
:10D2C000005CA34100EDAF41007EBC41000FC941AD
:10D2D00000A0D5410031E24100C2EE410053FB41C4
:10D2E00000F20342003A0A420083104200CB164289
:10D2F00000141D42005C234200A5294200ED2F428C
:10D3000000363642007E3C4200C74242000F49428E
:10D31000A2000000F9000000830000006E00000081
:10D320004E0000004400000015000000290000002D
:10D33000FC0000002700000057000000D1000000A2
:10D34000F500000034000000DD000000C000000017
:10D35000DB00000062000000950000009900000062
:10D360003C0000004300000090000000410000006D
:10D37000FE0000005100000063000000AB00000050
:10D38000DE000000BB000000C500000061000000DE
:10D39000B7000000240000006E0000003A0000000A
:10D3A000420000004D000000D2000000E00000003C
:10D3B00006000000490000002E000000EA00000006
:10D3C00009000000D1000000920000001C000000D5
:10D3D000FE0000001D000000EB0000001C0000002B
:10D3E000B100000029000000A70000003E0000007E
:10D3F000E80000008200000035000000F500000099
:10D400002E000000BB00000044000000840000006B
:10D41000E90000009C0000007000000026000000F1
:10D42000B40000005F0000007E000000410000002A
:10D430003900000091000000D60000003900000013
:10D44000830000005300000039000000F4000000D9
:10D450009C000000840000005F0000008B000000C2
:10D46000BD000000F9000000280000003B000000A3
:10D470001F000000F800000097000000FF000000FF
:10D48000DE00000005000000980000000F00000012
:10D49000EF0000002F000000110000008B000000D2
:10D4A0005A0000000A0000006D0000001F0000008C
:10D4B0006D000000360000007E000000CF0000007C
:10D4C00027000000CB00000009000000B7000000AA
:10D4D0004F000000460000003F0000006600000012
:10D4E0009E0000005F000000EA0000002D00000028
:10D4F0007500000027000000BA000000C70000000F
:10D50000EB000000E5000000F10000007B000000DF
:10D510003D0000000700000039000000F700000097
:10D520008A0000005200000092000000EA000000A3
:10D530006B000000FB0000005F000000B100000075
:10D540001F0000008D0000005D00000008000000CA
:10D5500056000000030000003000000046000000FC
:10D56000FC0000007B0000006B000000AB0000002E
:10D57000F0000000CF000000BC0000002000000010
:10D580009A000000F4000000360000001D000000BA
:10D59000A9000000E300000091000000610000000D
:10D5A0005E000000E60000001B0000000800000014
:10D5B0006500000099000000850000005F00000089
:10D5C00014000000A00000006800000040000000FF
:10D5D0008D000000FF000000D80000008000000067
:10D5E0004D00000073000000270000003100000023
:10D5F00006000000060000001500000056000000B4
:10D60000CA00000073000000A8000000C90000006C
:10D6100060000000E20000007B000000C00000008D
:10D620008C0000006B0000000000C93F0000F039D2
:10D630000000DA370000A2330000842E0000502BD7
:10D640000000C2270000D0220000C41F0000C61B3B
:10D65000000044170400000007000000090000005B
:10D660000000004B000000CB0000000000000000A4
:10D6700000000000000000000000000000000000AA
:10D68000000000000000000000000000000000009A
:10D69000000000000000000000000000000000008A
:10D6A000000000000000000000000000000000007A
:10D6B000000000000000000000000000000000006A
:10D6C0000000000000000000B0190020FF8FFFFFE5
:10D6D000FF8FFFFFFE8FFFFFFE8FFFFFFD8FFFFF1E
:10D6E000FC8FFFFFFC8FFFFF6D757465785F6672BE
:10D6F00065652063616C6C65642077697468204E91
:10D70000554C4C20706172616D657465720000004B
:10D7100043616E277420696E697469616C697A650A
:10D72000206D757465782C20776173204E554C4CB4
:10D730000D0A00004661696C20746F206163717589
:10D74000697265206D757465780A00004661696CC0
:10D7500020746F20696E63726561736520504D207F
:10D76000636F756E7465720A000000004661696C33
:10D7700020746F20646563726561736520504D206D
:10D78000636F756E7465720A000000004661696C13
:10D7900020746F2072656C65617365206D757465AA
:10D7A000780A0000436F756C64206E6F74206C6F94
:10D7B000636B20706F7765722073617665206D757D
:10D7C000746578004661696C20746F20756E6C6FAB
:10D7D000636B206D757465780A00000063747820AF
:10D7E00063616E6E6F74206265204E554C4C000074
:10D7F0000A637478206973204E554C4C0A0000006F
:10D800000123456789ABCDEFFEDCBA987654321020
:10D81000F0E1D2C3D89E05C107D57C3617DD703044
:10D8200039590EF7310BC0FF11155868A78FF964ED
:10D83000A44FFABE67E6096A85AE67BB72F36E3C19
:10D840003AF54FA57F520E518C68059BABD9831FCB
:10D8500019CDE05B000012183001340138013C01A1
:10D860004001440148014C01500108010C01100124
:10D87000140118011C01200124012C0162742F6B7A
:10D880006579730072656D61707065722F73776969
:10D89000746368325F666C696768740025733A2048
:10D8A0002573206C656E3D25640072656D61707036
:10D8B00065725F73657474696E67735F7365740016
:10D8C00025733A2025732072657475726E65642025
:10D8D0002564202825733A25642900646973636FE1
:10D8E0006E6E6563745F636F6E6E0062745F636F0C
:10D8F0006E6E5F646973636F6E6E65637428636FC9
:10D900006E6E2C2042545F4843495F4552525F522D
:10D91000454D4F54455F555345525F5445524D5FF9
:10D92000434F4E4E29002E2E2F7372632F6D616967
:10D930006E2E63630025733A2073776974636832CF
:10D940005F70726F206D74752065786368616E67B3
:10D9500065206572723D25752073746174653D257F
:10D9600075206D74753D2575007377697463683231
:10D970005F70726F5F6D74755F65786368616E6705
:10D98000655F63620025733A207377697463683258
:10D990005F70726F206D74752065786368616E6763
:10D9A00065206F6B206D74753D25750025733A20D9
:10D9B000007363616E5F636F6E6E656374696E673B
:10D9C0005F6572726F72007363616E5F636F6E6E1C
:10D9D000656374696E670025733A207377697463B1
:10D9E000685F70726F2072756D626C652077726906
:10D9F00074652063616C6C6261636B206572723D5B
:10DA00002575007377697463685F70726F5F7275F4
:10DA10006D626C655F77726974655F636200257320
:10DA20003A20756E6B6E6F776E20686F677021009D
:10DA3000686F67705F696E6465780025733A20656A
:10DA400072723D256400686F67705F707265705F09
:10DA50006572726F725F63620025733A20696E743B
:10DA6000657276616C5F6D696E3D25642C20696E10
:10DA700074657276616C5F6D61783D25642C206CF5
:10DA80006174656E63793D25642C2074696D656FE2
:10DA900075743D2564006C655F706172616D5F72C5
:10DAA00065710025733A20696E74657276616C3D0C
:10DAB00025752C206C6174656E63793D25752C206D
:10DAC00074696D656F75743D2575006C655F706177
:10DAD00072616D5F7570646174656400646973631D
:10DAE0006F766572795F636F6D706C657465645F86
:10DAF00063620062745F686F67705F68616E646C18
:10DB000065735F61737369676E28646D2C202828C4
:10DB10007374727563742062745F686F67702A290A
:10DB200020636F6E7465787429290062745F676181
:10DB300074745F646D5F646174615F72656C65616C
:10DB4000736528646D290025733A202573202D3EC6
:10DB50002025730070617463685F62726F6B656E1D
:10DB60005F757569647300646973636F7665727954
:10DB70005F736572766963655F6E6F745F666F75FC
:10DB80006E645F636200646973636F766572795F68
:10DB90006572726F725F666F756E645F6362002597
:10DBA000733A20737769746368325F70726F2063B1
:10DBB0006D64207772697465206661696C656420A4
:10DBC0006572723D25642073746174653D2575002E
:10DBD000737769746368325F70726F5F77726974AC
:10DBE000655F636D640025733A20737769746368B9
:10DBF000325F70726F20636D642077726974652084
:10DC000073746174653D2575206C656E3D257520C6
:10DC1000636D643D307825303278207375623D3015
:10DC200078253032780025733A20737769746368F9
:10DC3000325F70726F2061636B20636D643D30787A
:10DC400025303278207375623D3078253032782067
:10DC500073746174653D2575206C656E3D25750096
:10DC6000737769746368325F70726F5F61636B5F53
:10DC70006E6F746966795F63620025733A2073770B
:10DC800069746368325F70726F20696E69742064B2
:10DC90006F6E650025733A20737769746368325F2D
:10DCA00070726F20696E69742061636B2074696D96
:10DCB000656F75742073746174653D2575007377A5
:10DCC00069746368325F70726F5F696E69745F72E6
:10DCD000657472795F776F726B5F666E0025733A59
:10DCE00020737769746368325F70726F2072657435
:10DCF000727920696E69742073746174653D25754D
:10DD0000007075626C69630072616E646F6D0070A3
:10DD100075626C69632D69640072616E646F6D2D4C
:10DD2000696400253032583A253032583A2530326D
:10DD3000583A253032583A253032583A2530325840
:10DD400020282573290070726F636573735F626F9B
:10DD50006E640062745F7363616E5F66696C7465A4
:10DD6000725F6164642842545F5343414E5F464989
:10DD70004C5445525F545950455F414444522C2005
:10DD800026696E666F2D3E61646472290061757448
:10DD9000685F63616E63656C0025733A2025732CA0
:10DDA000206C6576656C3D25752E00736563757214
:10DDB0006974795F6368616E676564006761747434
:10DDC0005F646973636F7665720062745F67617424
:10DDD000745F646D5F737461727428636F6E6E2C10
:10DDE00020287374727563742062745F757569643A
:10DDF0002A29202642545F555549445F48494453D7
:10DE00005F2C2026646973636F766572795F636245
:10DE10002C2026686F6770735B636F6E6E5F69643A
:10DE2000785D290025733A2073656375726974798A
:10DE3000206661696C65643A2025732C206C6576D8
:10DE4000656C3D25752C206572723D256400257337
:10DE50003A2025732C20726561736F6E2025640053
:10DE600070616972696E675F6661696C65640025DF
:10DE7000733A2025732C20626F6E6465643D2564BF
:10DE80000070616972696E675F636F6D706C657455
:10DE9000650025733A207265706F72745F69643D26
:10DEA00025642C2025642C206C656E3D256400675C
:10DEB00065745F7265706F72745F63620025733A98
:10DEC00020726573706F6E7365206E6F742072655B
:10DED0006164790025733A205363616E6E696E67E1
:10DEE0002073746F707065642E007363616E5F736E
:10DEF000746F700062745F7363616E5F73746F70D0
:10DF000028290025733A20426F6E647320636C6584
:10DF1000617265642E00636C6561725F626F6E642E
:10DF2000735F776F726B5F666E0062745F756E70A1
:10DF30006169722842545F49445F44454641554CEB
:10DF4000542C202642545F414444525F4C455F416B
:10DF50004E595F290025733A20537769746368200E
:10DF6000322050726F206164766572746973656DDA
:10DF7000656E742066726F6D202573206164765F14
:10DF8000747970653D2575206D66673D2530327862
:10DF90002025303278202530327820253032782004
:10DFA00025303278202530327820253032782025EF
:10DFB000303278007363616E5F66696C7465725F9E
:10DFC0006E6F5F6D617463680062745F636F6E6E25
:10DFD0005F6C655F6372656174652864657669630B
:10DFE000655F696E666F2D3E726563765F696E660A
:10DFF0006F2D3E616464722C202642545F434F4E65
:10E000004E5F4C455F4352454154455F434F4E4E32
:10E010005F2C20636F6E6E5F706172616D2C2026C5
:10E02000636F6E6E290025733A20446972656374CC
:10E03000206164766572746973696E6720726563C6
:10E0400065697665642066726F6D20257300627461
:10E050005F636F6E6E5F6C655F6372656174652888
:10E060006465766963655F696E666F2D3E72656390
:10E07000765F696E666F2D3E616464722C20264265
:10E08000545F434F4E4E5F4C455F435245415445AC
:10E090005F434F4E4E5F2C206465766963655F6910
:10E0A0006E666F2D3E636F6E6E5F706172616D2C78
:10E0B0002026636F6E6E290025733A207363616EAC
:10E0C0006E696E6720666F7220537769746368208B
:10E0D000322050726F20436F6E74726F6C6C657279
:10E0E000206D616E7566616374757265722064611E
:10E0F0007461007363616E5F73657475705F6669E8
:10E100006C746572730062745F7363616E5F6669DD
:10E110006C7465725F6164642842545F5343414E7E
:10E120005F46494C5445525F545950455F4D414EEE
:10E130005546414354555245525F444154412C2069
:10E14000266E696E74656E646F5F6D666729006226
:10E15000745F7363616E5F66696C7465725F656E30
:10E1600061626C652842545F5343414E5F4D414E9E
:10E170005546414354555245525F444154415F46D0
:10E18000494C5445522C2066616C736529006274B9
:10E190005F7363616E5F66696C7465725F6164640E
:10E1A0002842545F5343414E5F46494C5445525FA9
:10E1B000545950455F555549442C20287374727545
:10E1C00063742062745F757569642A29202642543D
:10E1D0005F555549445F484944535F290062745F65
:10E1E0007363616E5F66696C7465725F656E6162B0
:10E1F0006C652866696C7465725F6D6F64652C2050
:10E2000074727565290025733A205363616E6E69D7
:10E210006E6720737461727465642E007363616E3F
:10E220005F73746172740062745F7363616E5F73B5
:10E23000746172742842545F5343414E5F54595085
:10E24000455F5343414E5F50415353495645290062
:10E2500025733A204661696C656420746F20636F92
:10E260006E6E65637420746F2025732028636F6E53
:10E270006E5F6572723D2575292E0025733A205315
:10E28000776974636820322050726F20636F6E6EFE
:10E2900065637465643B207374617274696E672092
:10E2A0006469726563742041545420736574757099
:10E2B0000025733A20737769746368325F70726FF8
:10E2C0002061636B20737562736372696265206598
:10E2D00072723D256400737769746368325F70728F
:10E2E0006F5F636F6E6E6563745F61747400257336
:10E2F0003A20737769746368325F70726F20696E59
:10E3000070757420737562736372696265206572DB
:10E31000723D25640025733A20737769746368320F
:10E320005F70726F20646972656374204154542079
:10E330007375627363726962656420696E70757467
:10E340003D3078253034782061636B3D307825305E
:10E3500034780025733A20737769746368325F708C
:10E36000726F206D74752065786368616E676520D3
:10E370007374617274206572723D2564206D7475CA
:10E380003D25750062745F636F6E6E5F7365745FC9
:10E39000736563757269747928636F6E6E2C2042A1
:10E3A000545F53454355524954595F4C32290048F4
:10E3B000522D53573250524F2D30300073776974BD
:10E3C0006368325F76656E646F725F65705F63620B
:10E3D000007573625F7265616428535749544348FE
:10E3E000325F56454E444F525F4F55545F45502C57
:10E3F000206275662C2073697A656F66286275667F
:10E40000292C20266C656E290025733A20737769C4
:10E41000746368325F70726F20627574746F6E73AC
:10E420003D25303278202530327820253032782052
:10E43000737469636B733D253032782025303278F0
:10E44000202530327820253032782025303278204F
:10E4500025303278206F75745F713D2575007377B4
:10E4600069746368325F70726F5F7365745F696E41
:10E470007075745F66726F6D5F7061636B65740059
:10E4800025733A2025732028726561736F6E3D25D0
:10E490007529006B5F6D7367715F707574282664F2
:10E4A0006973636F6E6E65637465645F712C20269B
:10E4B000646973636F6E6E65637465645F697465C8
:10E4C0006D2C204B5F4E4F5F574149542900686FB8
:10E4D00067705F72656164795F6362006B5F6D7323
:10E4E00067715F7075742826686F67705F72656109
:10E4F00064795F712C2026715F6974656D2C204BE7
:10E500005F4E4F5F574149542900686F67705F6DD8
:10E5100061705F726561645F6362006B5F6D7367FA
:10E52000715F707574282664657363726970746FA7
:10E53000725F712C202674686569725F646573630D
:10E54000726970746F722C204B5F4E4F5F57414958
:10E5500054290025733A207265706F72745F696484
:10E560003D25642C207265706F72745F74797065DC
:10E570003D25642C206C656E3D2564007365745FD9
:10E580007265706F72745F6362006B5F6D73677149
:10E590005F70757428267365745F7265706F72742E
:10E5A0005F712C20266275662C204B5F4E4F5F57A3
:10E5B000414954290025733A206E6F207265706FAF
:10E5C00072742049443F00696E745F6F75745F72A6
:10E5D000656164795F636230006869645F696E7465
:10E5E0005F65705F72656164286869645F64657601
:10E5F000302C206275662E646174612C2073697AF8
:10E60000656F66286275662E64617461292C202608
:10E610006C656E2900646F5F73656E645F72657010
:10E620006F7274006869645F696E745F65705F77AC
:10E6300072697465286869645F646576302C20733C
:10E6400077697463685F70726F5F63757272656E0D
:10E65000745F696E7075742C2073697A656F6628B3
:10E660007377697463685F70726F5F6375727265E8
:10E670006E745F696E707574292C204E554C4C2950
:10E680000025733A207377697463685F70726F2036
:10E69000627574746F6E733D253032782025303288
:10E6A00078202530327820737469636B733D253090
:10E6B00032782025303278202530327820253032CB
:10E6C0007820253032782025303278206F75745FBD
:10E6D000713D2575207265706F72745F713D25758F
:10E6E000007377697463685F70726F5F7472616ED4
:10E6F000736C6174655F7265706F727400686964D1
:10E700005F696E745F65705F7772697465286869A8
:10E71000645F646576302C207265706F72745F7709
:10E720006974685F69642C206C656E2C204E554CB2
:10E730004C29006869645F696E745F65705F777209
:10E74000697465286869645F646576312C20726538
:10E75000706F72745F776974685F69642C206C6590
:10E760006E2C204E554C4C290025733A20686F675B
:10E77000705F726561647900686F67705F72656170
:10E7800064795F776F726B5F666E0062745F686F4B
:10E7900067705F7265705F737562736372696265DB
:10E7A000286974656D2E686F67702C207265702CF7
:10E7B00020686F67705F6E6F746966795F63622946
:10E7C00000796573006E6F0025733A2069676E6F7C
:10E7D00072696E67204E696E74656E646F206D613C
:10E7E0006E75666163747572657220646174612010
:10E7F00066726F6D20257320636F6E6E6563746142
:10E80000626C653D2575007363616E5F66696C744B
:10E8100065725F6D617463680025733A2053776990
:10E8200074636820322050726F2066696C74657260
:10E83000206D617463683A202573206164765F748B
:10E840007970653D2575206D66673D2530327820ED
:10E850002530327820253032782025303278202536
:10E86000303278202530327820253032782025301B
:10E8700032780025733A20257320696E76616C69C1
:10E88000642064657669636520636F6E6E6563748A
:10E8900065640025733A2025732061646472657392
:10E8A000733A20257320636F6E6E65637461626CCA
:10E8B000653A20257300646F5F70657273697374C5
:10E8C0005F636F6E6669670072656D617070657217
:10E8D0002F636F6E6669670073657474696E677322
:10E8E0005F736176655F6F6E65282272656D61701A
:10E8F0007065722F636F6E666967222C2062756681
:10E900006665722C205045525349535445445F4329
:10E910004F4E4649475F53495A45290025733A20CF
:10E920004849442052656D617070657220426C7573
:10E9300065746F6F7468006D61696E0025733A20AD
:10E94000627574746F6E20646576696365202573E3
:10E95000206973206E6F742072656164790062753E
:10E9600074746F6E5F696E6974006770696F5F7051
:10E97000696E5F636F6E6669677572655F64742840
:10E9800026627574746F6E2C204750494F5F494E54
:10E99000505554207C204750494F5F50554C4C5F98
:10E9A0005550207C204750494F5F414354495645BC
:10E9B0005F4C4F5729006770696F5F70696E5F69C0
:10E9C0006E746572727570745F636F6E6669677579
:10E9D00072655F64742826627574746F6E2C2047AC
:10E9E00050494F5F494E545F454447455F424F543D
:10E9F0004829006C6564735F696E697400677069AB
:10EA00006F5F70696E5F636F6E6669677572655F71
:10EA1000647428266C6564302C204750494F5F4F42
:10EA20005554505554290025733A206C65643020A4
:10EA3000646576696365202573206973206E6F7441
:10EA4000207265616479006770696F5F70696E5FDD
:10EA5000636F6E6669677572655F647428266C659E
:10EA600064312C204750494F5F4F5554505554291D
:10EA70000025733A206C65643120646576696365AE
:10EA8000202573206973206E6F742072656164792C
:10EA90000073657474696E67735F737562737973FD
:10EAA0005F696E697428290073657474696E677391
:10EAB0005F726567697374657228266F75725F731C
:10EAC000657474696E67735F68616E646C65727398
:10EAD000290062745F696E69740062745F636F6EAF
:10EAE0006E5F617574685F63625F72656769737496
:10EAF00065722826636F6E6E5F617574685F63610F
:10EB00006C6C6261636B73290062745F636F6E6E1D
:10EB10005F617574685F696E666F5F63625F72657F
:10EB20006769737465722826636F6E6E5F617574B2
:10EB3000685F696E666F5F63616C6C6261636B7363
:10EB4000290062745F656E61626C65284E554C4C9D
:10EB500029004849445F300025733A2043616E6EB6
:10EB60006F742067657420555342204849442044FF
:10EB7000657669636520302E007573625F696E6922
:10EB800074004849445F310025733A2043616E6E3A
:10EB90006F742067657420555342204849442044CF
:10EBA000657669636520312E007573625F686964FC
:10EBB0005F696E6974286869645F646576302900EE
:10EBC0007573625F6869645F696E697428686964F7
:10EBD0005F6465763129007573625F656E61626C92
:10EBE00065287374617475735F6362290025733AD5
:10EBF000207377697463685F70726F5F7374617498
:10EC00007320656E61626C65643D25752072657068
:10EC10006F72745F713D25752F2575207265737055
:10EC20006F6E73655F713D25752F2575206F757447
:10EC30005F713D2575206F75745F6F766572666CC8
:10EC40006F77733D257520626C653D257520626C7C
:10EC5000655F64726F703D257520686F73743D2524
:10EC60007520686F73745F64726F703D25752073D3
:10EC700065743D2575207472616E736C6174656492
:10EC80003D2575206D61707065643D25752F257576
:10EC9000206865617274626561743D25752F257504
:10ECA00020726573706F6E73653D25752F25752015
:10ECB000726573706F6E73655F64726F703D2575FA
:10ECC0002072756D626C653D25752F257520666116
:10ECD000696C3D257520627573793D2575206275D7
:10ECE00074746F6E733D2530327820253032782071
:10ECF00025303278007377697463685F70726F5F74
:10ED00006C6F675F73746174730072656D617070AE
:10ED100065722F7377697463685F70726F5F64697F
:10ED200061670072656D61707065722F73776974C9
:10ED30006368325F7573625F70616972696E6700E4
:10ED40007377697463685F70726F5F73656E645F19
:10ED5000696E7075745F6865617274626561740074
:10ED60007377697463685F70726F5F73656E645FF9
:10ED7000726573706F6E7365007573625F77726929
:10ED8000746528535749544348325F56454E444FA3
:10ED9000525F494E5F45502C20726573706F6E73E1
:10EDA000652C2073697A656F6628726573706F6E63
:10EDB0007365292C204E554C4C29006869645F69A5
:10EDC0006E745F65705F7772697465286869645FE7
:10EDD000646576302C20726573706F6E73652C20BD
:10EDE00073697A656F6628726573706F6E736529D3
:10EDF0002C204E554C4C290025733A2064657669C9
:10EE000063655F646973636F6E6E65637465645F89
:10EE100063616C6C6261636B20636F6E6E5F6964CB
:10EE2000783D25640025733A2070657273697374A8
:10EE30005F636F6E66696720746F6F6B20256C6C03
:10EE400064206D730A0072656D61707065720001F7
:10EE500000FF0003000501034803025350000103B3
:10EE600004010103FFFFFF4646460080008000804A
:10EE7000008000800080008000800080000040F062
:10EE800000006000020104020C0000000002030008
:10EE900061125010636F6E66696720746F6F206C2B
:10EEA0006172676520746F20626520706572736996
:10EEB00073746564210077652063616C63756C61B0
:10EEC000746564207265616C207065727369737417
:10EED000656420636F6E6669672073697A65207761
:10EEE000726F6E672100766563746F723A3A72656D
:10EEF000736572766500766563746F723A3A5F4D3A
:10EF00005F7265616C6C6F635F696E7365727400CC
:10EF100063616E6E6F7420637265617465207374D3
:10EF2000643A3A6465717565206C61726765722038
:10EF30007468616E206D61785F73697A6528290055
:10EF400080808080080005010906A101050719E0FD
:10EF500029E7750195088102750895018103050768
:10EF600019002A9100150026FF009506810005086A
:10EF700019012903150025017501950391029505D5
:10EF80009103C00600FF0920A101092085647508CE
:10EF90009520B102C00921A1010921856575089557
:10EFA0003F8102C005010905A1010930093109327B
:10EFB0000935150026FF00750895048102093915E9
:10EFC0000025073500463B01651475049501814213
:10EFD0006500450005091901290C15002501750179
:10EFE000950C8102C005010905A101850305017584
:10EFF0000495012507463B01651409398142450006
:10F00000650075019504810105091500250175014B
:10F01000950F0912091109140913090D090C090B9F
:10F02000090F090E09080907090509040902090160
:10F0300081027501950181010501150126FF000975
:10F0400001A10009300931750895028102C009014A
:10F05000A10009320935750895028102C0050275C3
:10F06000089502150026FF0009C509C48102050C98
:10F070001500250109E909EA75019502810209CD0A
:10F0800095018102950581018505060F0009977597
:10F0900010950227FFFF00009102C005010905A19C
:10F0A0000185010930093109320935150026FF00B3
:10F0B0007508950481020939150025073500463B7E
:10F0C000016514750495018142650005091901293E
:10F0D0000E150025017501950E81020600FF09201D
:10F0E000750695018102050109330934150026FFD3
:10F0F000007508950281020600FF092195368102FC
:10F1000085050922951F910285030A2127952FB1B4
:10F11000020680FF85E009579502B102C006F0FFA4
:10F120000940A10185F00947953FB10285F10948E1
:10F13000953FB10285F20949950FB10285F30A01A5
:10F14000479507B102C005010905A101850505FF25
:10F150000901150026FF00953F7508810285090900
:10F1600001950281020509190129152501951575D9
:10F1700001810295017503810305010901A10009BF
:10F180003009310933093526FF0F9504750C8102CA
:10F19000C005FF090226FF0095347508910285021B
:10F1A0000901953F9102C00600FF0920A101092035
:10F1B000856475089520B102C0050115000904A1F8
:10F1C000018530050105091901290A150025017578
:10F1D00001950A5500650081020509190B290E15D4
:10F1E0000025017501950481027501950281030BCB
:10F1F00001000100A1000B300001000B31000100F3
:10F200000B320001000B35000100150027FFFF0045
:10F2100000751095048102C00B390001001500250E
:10F22000073500463B016514750495018102050907
:10F23000190F291215002501750195048102750821
:10F24000953481030600FF852109017508953F81EA
:10F2500003858109027508953F81038501090375BE
:10F2600008953F9183851009047508953F91838522
:10F270008009057508953F91838582090675089573
:10F280003F9183C005010905A10115002501350045
:10F2900045017501950E05091901290E8102950296
:10F2A000810105012507463B017504950165140997
:10F2B00039814265009501810126FF0046FF000962
:10F2C00030093109320935750895048102750895B0
:10F2D000018101C005010906A1018502050719E0A8
:10F2E00029E7150025017501950881021904297384
:10F2F000957081021987298B9505810209900991E2
:10F300009502810295018103856205089505190121
:10F3100029059102950175039103C005010902A118
:10F320000105010902A10285010901A100050919D0
:10F330000129089508750125018102050109300997
:10F34000319502751016000026FF7F8102A102850B
:10F35000630948950175021500250135014578B10D
:10F3600002850109383500450016008026FF7F75AB
:10F37000108106C0A10285630948750215002501A8
:10F3800035014578B102350045007504B1038501AA
:10F39000050C16008026FF7F75100A38028106C012
:10F3A000C0C0C0050C0901A1018503150025010994
:10F3B000B509B609B709CD09E209E909EA75019568
:10F3C000078102050B092F95018102C0050109067D
:10F3D000A1018502050719E029E71500250175013E
:10F3E0009508810219042973957081021987298B68
:10F3F0009505810209900991950281029501810389
:10F400008562050895051901290591029501750385
:10F410009103C005010902A10105010902A10285AC
:10F42000010901A10005091901290895087501259F
:10F43000018102050109300931950275101600801D
:10F4400026FF7F8106A10285630948950175021593
:10F4500000250135014578B102850109383500459F
:10F460000016008026FF7F75108106C0A10285630B
:10F47000094875021500250135014578B1023500AE
:10F4800045007504B1038501050C16008026FF7F39
:10F4900075100A38028106C0C0C0C0050C0901A160
:10F4A0000185031500250109B509B609B709CD097C
:10F4B000E209E909EA750195078102050B092F9513
:10F4C000018102C005010908A101A1008501160CF6
:10F4D000FE26F40136008046FF7F093009310932EB
:10F4E000751095038106C0A100850209330934090E
:10F4F00035751095038106C0A10285030501050934
:10F5000019012915150025013500450175019515CD
:10F51000810295038103C0A10285040508194B29C6
:10F520004E15002501950475019102950175049110
:10F5300003C00600FF0901A1021580257F75080997
:10F540003AA102850509209501B102C0A1028506F4
:10F5500009219501B102C0A102850709229501B1D7
:10F5600002C0A102850809239507B102C0A1028546
:10F570000909249507B102C0A102850A092595074A
:10F58000B102C0A102850B09269501B102C0A102FA
:10F59000850C09279503B102C0A102850D092895A4
:10F5A00007B102C0A102850E09299506B102C0A1CA
:10F5B00002850F092A9501B102C0A1028510092C0C
:10F5C0009501B102C0A1028511092C9501B102C0BB
:10F5D000A1028512092B9506B102C0C0C005010920
:10F5E00008A101A100850116A2FE265E013688FA57
:10F5F000467805550C6511093009310932751095A9
:10F60000038106C0A100850209330934093575104C
:10F6100095038106C0A10285030501050919012989
:10F6200003150025013500450175019503810295FB
:10F6300001810319052906950281029502810309BA
:10F64000099501810295038103190D291095048103
:10F6500002950681031917291B95058102951581CD
:10F6600003C0A10285040508094B15002501950179
:10F6700075019102950175079103C00600FF09010C
:10F68000A1021580257F7508093AA1028505092088
:10F690009501B102C0A102850609219501B102C000
:10F6A000A102850709229501B102C0A102850809BE
:10F6B000239507B102C0A102850909249507B1026B
:10F6C000C0A102850A09259507B102C0A102850BD8
:10F6D00009269501B102C0A1028513092E9501B139
:10F6E00002C0A1028514092F9504B102C0A10285B0
:10F6F0001509309501B102C0A10285161901291F13
:10F7000015002501350045017501951F8102950100
:10F710008103C0C0C005010908A101A1008501162F
:10F72000A2FE265E013688FA467805550C65110959
:10F730003009310932751095038106C0A100850298
:10F74000093309340935751095038106C0A1028576
:10F750000305010509190129021500250135004598
:10F7600001750195028102950E8103C0A1028504F5
:10F770000508094B150025019501750191029501B8
:10F7800075079103C00600FF0901A1021580257FBE
:10F790007508093AA102850509209501B102C0A1A9
:10F7A00002850609219501B102C0A102850709223F
:10F7B0009501B102C0A102850809239507B102C0D5
:10F7C000A102850909249507B102C0A102850A0991
:10F7D000259507B102C0A102850B09269501B1024A
:10F7E000C0A1028513092E9501B102C0A10285199D
:10F7F00009319504B102C0A102851A09329507B1F9
:10F8000002C0C0C005010902A1010901A10005094A
:10F810001901290115002501950475018102950141
:10F82000750481010501093009311581257F7508AD
:10F8300095028106C0C005010902A1010901A100CC
:10F84000050919012902150025019502750181029A
:10F8500095017506810305010930093109381581C3
:10F86000257F7508950381060600FF1901290215F9
:10F87000002501950275018102950175068103C07D
:10F88000C005010902A10185010901A100050919AD
:10F89000012905150025017501950581027503955E
:10F8A00001810105010930093116018026FF7F75AC
:10F8B000109502810609381581257F75089501810B
:10F8C00006050C0A38021581257F75089501810609
:10F8D000C0C0050C0901A101850275109501150133
:10F8E000268C0219012A8C028100C005010980A121
:10F8F0000185030982098109831500250119012960
:10F900000375019503810295058101C00600FF0979
:10F9100000A10185050900150026FF00750895075F
:10F920008102090191020902B102C00601FF09002A
:10F93000A10185040901150026FF007508950781BE
:10F9400002090191020902B102C005010902A101E7
:10F9500085010901A10005091901290515002501E5
:10F960007501950581027503950181010501093035
:10F97000093116018026FF7F75109502810609382E
:10F980001581257F750895018106050C0A38021539
:10F9900081257F750895018106C0C0050C0901A16C
:10F9A0000185021501268C0219012A8C0275109519
:10F9B000018100C005010980A10185030982098137
:10F9C0000983150025011901290375019503810299
:10F9D00095058101C00601FF0900A1018508090004
:10F9E000150026FF00750895078102C00602FF0971
:10F9F00002A10185060902150026FF00750895077A
:10FA0000B102C005010902A1010901A1008501059A
:10FA1000091901290515002501950875018102952F
:10FA2000017500810105010930093116008026FFAA
:10FA30007F751095028106C0A10005010938158166
:10FA4000257F750895018106C0A100050C0A3802C2
:10FA5000950175081581257F8106C0C00601FF0943
:10FA600000A10185020900150026FF007508950711
:10FA70008102C0050C0901A10185051500263C0283
:10FA800019002A3C02751095018100C0050109800A
:10FA9000A1018503198129831500250195037501AD
:10FAA0008102950175058101C006BCFF0988A1018D
:10FAB000850495017508150026FF0019002AFF002E
:10FAC0008100C00602FF0902A10185060902150096
:10FAD00026FF0075089507B102C005010902A101C2
:10FAE0000901A1008501950575010509190129057F
:10FAF000150025018102950175038101751095029C
:10FB000005010930093116008026FF7F8106C0A15A
:10FB10000095017508050109381581257F8106C00A
:10FB2000A10095017508050C0A38021581257F8111
:10FB300006C0C00601FF0900A101850209001500E9
:10FB400026FF00750895078102C0050C0901A10177
:10FB5000850519002A3C021500263C029501751006
:10FB60008100C005010980A1018503198129831540
:10FB700000250175019503810295058101C006BC30
:10FB8000FF0988A101850495017508150026FF006D
:10FB900019002AFF008100C00602FF0902A10185A9
:10FBA000060902150026FF0075089507B102C07509
:10FBB0006E6B6E6F776E206F7020696E2069735F59
:10FBC000657870725F76616C696428290045787089
:10FBD00072657373696F6E20256420696E76616C3F
:10FBE00069642E0A006F7574206F6620696E7075E7
:10FBF000745F737461746520736C6F747321000A91
:10FC0000657870722025640A00256C640A00756EA0
:10FC10006B6E6F776E206F70210030782530386CF6
:10FC20007820006F766572666C6F77210008060297
:10FC30000800070100040503040806020801047017
:10FC40007320617574682063616E646964617465B2
:10FC500020646574656374656400003838000000D2
:10FC600000212704C0072C560000000000000000FF
:10FC700000000D0D0000000000000000000000006A
:10FC80000000000000000000000000000000000074
:10FC900025733A2028756E7369676E656429206341
:10FCA000686172202A207573656420666F72202552
:10FCB000257020617267756D656E742E20497427FA
:10FCC00073207265636F6D6D656E64656420746F1B
:10FCD000206361737420697420746F20766F696487
:10FCE000202A2062656361757365206974206D61E7
:10FCF00079206361757365206D69736265686176EB
:10FD0000696F7220696E206365727461696E206329
:10FD10006F6E66696775726174696F6E732E2053BA
:10FD20007472696E673A2225732220617267756D5D
:10FD3000656E743A25640063627072696E74665F02
:10FD40007061636B6167655F636F6E766572740087
:10FD500063627072696E74665F7061636B61676520
:10FD60000000070E091C1B1215383F363124232AC8
:10FD70002D286E696C29004661696C656420746F7A
:10FD8000207265626F6F743A207370696E6E696E6F
:10FD90006720656E646C6573736C792E2E2E0A0075
:10FDA0006C6F6767696E67006C6F67006C6F675F89
:10FDB0006D676D74000D0A001B5B306D00257320AC
:10FDC000005B2530386C755D20005B253032753A5C
:10FDD000253032753A253032752E253033752C2575
:10FDE0003033755D20003C25733E200025732F00C5
:10FDF000253032782000202020007C002563002060
:10FE00006D657373616765732064726F707065648C
:10FE1000202D2D2D0D0A1B5B306D001B5B313B33FC
:10FE2000316D2D2D2D20001B5B313B33316D001BBF
:10FE30005B313B33336D006572720077726E00691F
:10FE40006E6600646267006C6F675F6261636B651A
:10FE50006E645F727474006C6F675F6261636B6580
:10FE60006E645F75617274006C6F675F7561727448
:10FE70000025733A204E5653206E6F7420696E69C8
:10FE80007469616C697A65640025733A20436F7503
:10FE90006C64206E6F74206F627461696E20666C92
:10FEA00061736820706172616D657465727300259D
:10FEB000733A20556E737570706F72746564207735
:10FEC0007269746520626C6F636B2073697A650078
:10FED00025733A20556E61626C6520746F206765EA
:10FEE00074207061676520696E666F0025733A2023
:10FEF000496E76616C696420736563746F722073F8
:10FF0000697A650025733A20436F6E66696775727A
:10FF10006174696F6E206572726F72202D20736537
:10FF200063746F7220636F756E740025733A2025B9
:10FF30006420536563746F7273206F66202564209C
:10FF400062797465730025733A20616C6C6F63206D
:10FF50007772613A2025642C2025780025733A2099
:10FF600064617461207772613A2025642C202578C1
:10FF70000025733A204E6F20474320446F6E652062
:10FF80006D61726B657220666F756E643A20726582
:10FF90007374617274696E672067630025733A2019
:10FFA000474320446F6E65206D61726B65722066F9
:10FFB0006F756E64006E76735F726561645F686909
:10FFC0007374006E76735F7772697465006E767312
:10FFD0005F73746172747570006E76735F6D6F75A8
:10FFE0006E740066735F6E76730025733A20466107
:10FFF000696C656420746F20636F6E6669677572E3
:020000025000AC
:100000006520555342206465766963652073746189
:10001000636B0025733A20456E64706F696E7420BF
:1000200030782530327820616C72656164792063A4
:100030006F6E666967757265640025733A20466164
:10004000696C656420746F20636F6E666967757292
:100050006520656E64706F696E742030782530326B
:10006000780025733A20456E64706F696E74203095
:10007000782530327820616C726561647920656E14
:1000800061626C65640025733A204661696C656441
:1000900020746F20656E61626C6520656E64706FA0
:1000A000696E74203078253032780025733A2053F9
:1000B00065742068616C742065702030782530325A
:1000C000780025733A20436C6561722068616C7416
:1000D000206570203078253032780025733A20452D
:1000E0006E64706F696E74203078253032782061CC
:1000F0006C72656164792064697361626C65640027
:1001000025733A204661696C656420746F206469C8
:100110007361626C6520656E64706F696E74203007
:1001200078253032780025733A204661696C656421
:1001300020746F20777269746520656E64706F69D2
:100140006E7420627566666572203078253032786C
:100150000025733A20526571756573742062756667
:1001600066657220746F6F20736D616C6C0025730F
:100170003A20555342206465766963652073757033
:10018000706F727420616C726561647920656E6154
:10019000626C6564007573625F6465766963655F50
:1001A000696E6974007573625F68616E646C655F27
:1001B000636F6E74726F6C5F7472616E736665727A
:1001C000007573625F656E61626C65007573625F76
:1001D00068616C745F656E64706F696E745F726580
:1001E000710072657365745F656E64706F696E74BB
:1001F000007365745F656E64706F696E740075730B
:10020000625F7772697465007573625F64657669B1
:100210006365003031323334353637383941424343
:100220004445460025733A20546865726520697319
:10023000206E6F207573625F6366675F64617461CF
:1002400020666F722025700025733A20556E696E06
:10025000697469616C697A6564207573625F63664D
:10026000675F6461746120706F696E7465722C20C1
:10027000636F727275707465642064657669636516
:100280002064657363726970746F723F0025733AFE
:10029000204661696C656420746F2076616C6964C6
:1002A00061746520656E64706F696E747300257388
:1002B0003A20746865206E657720534E206465731C
:1002C00063726970746F7220646F65736E27742037
:1002D00068617665207468652073616D65206C6562
:1002E0006E67746820617320434F4E4649475F55DF
:1002F00053425F4445564943455F534E0025733A88
:1003000020496E636F6D706C6574652064657669F5
:1003100063652064657363726970746F720025731E
:100320003A204661696C656420746F20666978754F
:1003300070205553422064657363726970746F72E4
:10034000007573625F6669785F61736369695F7383
:100350006E5F737472696E675F64657363726970F0
:10036000746F72007573625F6669785F646573634A
:10037000726970746F72007573625F6765745F6431
:1003800065766963655F64657363726970746F72C3
:10039000007573625F64657363726970746F720075
:1003A00025733A205472616E7366657220657272AD
:1003B0006F722025642C20657020307825303278CB
:1003C000007573625F7472616E736665725F776FDA
:1003D000726B007573625F7472616E736665720032
:1003E00025733A207365742D76616C75652066619E
:1003F000696C7572652E206B65793A2025732065CE
:1004000072726F72282564290073657474696E674F
:10041000735F63616C6C5F7365745F68616E646C5D
:10042000657200706D0025733A20556E737570709B
:100430006F72746564205555494420747970652E37
:100440000025733A204E6F20737061636520666FDC
:1004500072206E6577206174747269627574652E9E
:100460000025733A204E6F20737061636520666FBC
:10047000722061747472696275746520646174615C
:100480002E0025733A20556E696E697469616C6936
:100490007A656420555549442E0025733A204E6FE5
:1004A00020737061636520666F7220612055554925
:1004B000442E0025733A20556E6578706563746527
:1004C0006420636F6E6E206F626A6563742E2041D4
:1004D000626F7274696E672E0025733A204E6F74D6
:1004E00020656E6F756768206D656D6F7279206627
:1004F0006F722073657276696365206174747269C6
:10050000627574652E0025733A204E6F7420656EF7
:100510006F756768206D656D6F727920666F7220E8
:10052000736572766963652061747472696275744B
:100530006520646174612E0025733A2044657363FD
:10054000726970746F7220646973636F766572206C
:100550006661696C65642C206572726F723A202541
:10056000642E0025733A204368617261637465727A
:10057000697374696320646973636F76657220665A
:1005800061696C65642C206572726F723A20256413
:100590002E0025733A204E6F7420656E6F75676864
:1005A000206D656D6F727920666F72206E6578744C
:1005B0002061747472696275746520646573637216
:1005C0006970746F722061742068616E646C65205C
:1005D00025752E0025733A20446973636F76657222
:1005E000206661696C65642C206572726F723A20B6
:1005F00025642E000408116765745F757569645F72
:1006000073697A6500646973636F766572795F7088
:10061000726F636573735F61747472696275746518
:1006200000757569645F73746F72650061747472CC
:100630005F73746F726500646973636F7665727956
:100640005F70726F636573735F73657276696365FC
:1006500000646973636F766572795F63616C6C6265
:1006600061636B0062745F676174745F646D5F7374
:10067000746172740062745F676174745F646D00AA
:100680000204106E72665F62745F7363616E0025B0
:10069000733A204E6F20636861726163746572699A
:1006A000737469632076616C756520666F756E641E
:1006B0002E0025733A20504D2072656164206572CA
:1006C000726F720025733A20556E65787065637499
:1006D000656420504D2073697A650025733A204E79
:1006E0006F206D617020726561642063616C6C6263
:1006F00061636B2070726573656E740025733A20B8
:10070000504D2072656164206572726F7220286599
:1007100072723A202564290025733A2043616E6E77
:100720006F7420737461727420626F6F74207072C2
:100730006F746F636F6C20726561642028657272DC
:100740003A202564290025733A205265706F72742F
:10075000207265666572656E6365207265616420EE
:100760006572726F7220286572723A2025642900C2
:1007700025733A2048494420696E666F726D617432
:10078000696F6E2072656164206572726F720025F8
:10079000733A20556E6578706563746564204849C6
:1007A0004420696E666F726D6174696F6E20736943
:1007B0007A653A2025750025733A205265706F726C
:1007C0007420286964783A20257529207265666549
:1007D00072656E63652072656164206572726F7206
:1007E00020286572723A202564290025733A205228
:1007F00065706F727420286964783A202575292005
:100800007265666572656E636520756E6578706584
:10081000637465642073697A65202825752900252D
:10082000733A20556E6578706563746564207265EF
:10083000706F727420747970652028257520776830
:10084000696C6520657870656374696E67202575CD
:10085000290025733A204E6F206E6F7469666963B4
:100860006174696F6E2063616C6C6261636B207090
:10087000726573656E740025733A2044617461205B
:1008800073697A6520746F6F206269672C207472B7
:10089000756E636174696E670025733A204E6F2030
:1008A00077726974652063616C6C6261636B207040
:1008B000726573656E740025733A204E6F206D6506
:1008C0006D6F727920746F20637265617465206E3C
:1008D0006577207265706F72740025733A204D69D8
:1008E0007373696E6720496E707574205265706FFE
:1008F0007274204343432E0025733A204D6973736D
:10090000696E67205265706F7274205265666572F9
:10091000656E63652E0025733A204D697373696EA9
:1009200067205265706F72742056616C75652E0079
:1009300025733A204D697373696E672048494453A3
:1009400020435020636861726163746572697374D7
:1009500069632E0025733A204D697373696E6720B1
:100960004849445320496E666F2063686172616331
:1009700074657269737469632E0025733A204D693A
:100980007373696E67205265706F7274204D617069
:100990002063686172616374657269737469632E40
:1009A0000025733A205265706F72742063616E6E19
:1009B0006F7420626520637265617465642E002522
:1009C000733A204B424420494E205265706F727436
:1009D0002063616E6E6F742062652063726561745E
:1009E00065642E0025733A204B4244204F55542015
:1009F0005265706F72742063616E6E6F74206265F1
:100A000020637265617465642E0025733A20496E17
:100A1000636F6E73697374656E7420626F6F742098
:100A20006B6579626F61726420636F6E666967756A
:100A3000726174696F6E2E2049676E6F72696E679E
:100A40002E0025733A204D697373696E67205072CA
:100A50006F746F636F6C204D6F64652063686172A3
:100A6000616374657269737469632E0025733A203B
:100A70004E756D626572206F66207265636F726479
:100A8000732063616E6E6F742066697420696E7482
:100A90006F203820626974206964656E74696669C4
:100AA00065722E0025733A2043616E6E6F74206369
:100AB0007265617465207265706F727420706F6901
:100AC0006E746572732061727261792E0025733ABB
:100AD0002043616E6E6F742063726561746520726D
:100AE00065706F72742C206572726F723A20256483
:100AF0000025733A204465766963652072656164F8
:100B00007920776974686F75742048494420696E4C
:100B1000666F726D6174696F6E2063686172616384
:100B200074657269737469630025733A2048494497
:100B300020696E666F726D6174696F6E2072656197
:100B400064206572726F7220286572723A20256483
:100B5000290025733A205265706F7274206E6F748D
:100B6000696669636174696F6E207375627363721D
:100B7000696265206572726F723A2025642E006D7D
:100B800061705F726561645F70726F63657373003B
:100B90007265705F6E6F746966795F70726F63659E
:100BA00073730062745F686F67705F7265705F7304
:100BB0007562736372696265007265705F777269EE
:100BC00074655F776F5F7273705F70726F63657368
:100BD0007300706D5F726561645F70726F636573DF
:100BE0007300706D5F726561645F7374617274002D
:100BF0007265707265665F726561645F70726F6363
:100C0000657373007265707265665F726561645FBB
:100C10007374617274006869645F696E666F5F7295
:100C20006561645F70726F63657373006869645FA8
:100C3000696E666F5F726561645F73746172740080
:100C40007265705F6E657700636872635F76616C72
:100C500075655F68616E646C655F62795F75756903
:100C6000640068616E646C65735F61737369676E5D
:100C70005F696E7465726E616C00686F67700063A7
:100C80007C777BF26B6FC53001672BFED7AB76CAE2
:100C900082C97DFA5947F0ADD4A2AF9CA472C0B707
:100CA000FD9326363FF7CC34A5E5F171D831150414
:100CB000C723C31896059A071280E2EB27B275097D
:100CC000832C1A1B6E5AA0523BD6B329E32F8453B0
:100CD000D100ED20FCB15B6ACBBE394A4C58CFD075
:100CE000EFAAFB434D338545F9027F503C9FA85145
:100CF000A3408F929D38F5BCB6DA2110FFF3D2CD18
:100D00000C13EC5F974417C4A77E3D645D197360B4
:100D1000814FDC222A908846EEB814DE5E0BDBE0C1
:100D2000323A0A4906245CC2D3AC629195E479E771
:100D3000C8376D8DD54EA96C56F4EA657AAE08BAFF
:100D400078252E1CA6B4C6E8DD741F4BBD8B8A70B7
:100D50003EB5664803F60E613557B986C11D9EE162
:100D6000F8981169D98E949B1E87E9CE5528DF8C9F
:100D7000A1890DBFE6426841992D0FB054BB166D95
:100D8000757465785F696E69742063616C6C656405
:100D90002077697468204E554C4C20706172616DEB
:100DA0006574657200436F756C64206E6F742061AA
:100DB0006C6C6F63617465206D7574657820626515
:100DC000666F726520696E697469616C697A696EB3
:100DD000670025733A2072302F61313A2020307835
:100DE00025303878202072312F61323A2020307837
:100DF00025303878202072322F61333A2020307825
:100E0000253038780025733A2072332F61343A2028
:100E100020307825303878207231322F69703A20AE
:100E200020307825303878207231342F6C723A2097
:100E3000203078253038780025733A202078707378
:100E4000723A20203078253038780025733A2046D1
:100E500061756C74696E6720696E73747275637402
:100E6000696F6E2061646472657373202872313516
:100E70002F7063293A203078253038780065736602
:100E80005F64756D700025733A202A2A2A2A2A2069
:100E9000425553204641554C54202A2A2A2A2A00DA
:100EA00025733A202020537461636B696E67206557
:100EB00072726F720025733A202020556E73746130
:100EC000636B696E67206572726F720025733A20DA
:100ED00020205072656369736520646174612062CB
:100EE0007573206572726F720025733A202020425C
:100EF00046415220416464726573733A203078250C
:100F0000780025733A202020496D707265636973FB
:100F100065206461746120627573206572726F72FE
:100F20000025733A202020496E73747275637469CA
:100F30006F6E20627573206572726F720025733A4E
:100F4000202020466C6F6174696E672D706F696E2A
:100F500074206C617A792073746174652070726595
:100F6000736572766174696F6E206572726F72005C
:100F700025733A202A2A2A2A2A20555341474520F8
:100F80004641554C54202A2A2A2A2A0025733A2001
:100F900020204469766973696F6E206279207A65D2
:100FA000726F0025733A202020556E616C69676E60
:100FB0006564206D656D6F7279206163636573731D
:100FC0000025733A2020204E6F20636F70726F638C
:100FD0006573736F7220696E737472756374696F71
:100FE0006E730025733A202020496C6C6567616C34
:100FF000206C6F6164206F66204558435F524554F2
:1010000055524E20696E746F2050430025733A206C
:101010002020496C6C6567616C20757365206F6674
:101020002074686520455053520025733A202020D3
:10103000417474656D707420746F20657865637594
:10104000746520756E646566696E656420696E738B
:101050007472756374696F6E0025733A202A2A2AA8
:101060002A2A204D5055204641554C54202A2A2AE0
:101070002A2A0025733A202020537461636B696E1D
:1010800067206572726F722028636F6E7465787462
:101090002061726561206D69676874206265206EE9
:1010A0006F742076616C6964290025733A202020D2
:1010B00044617461204163636573732056696F6C8A
:1010C0006174696F6E0025733A2020204D4D4641B2
:1010D0005220416464726573733A20307825780039
:1010E00025733A202020496E737472756374696F9A
:1010F0006E204163636573732056696F6C61746918
:101100006F6E00526573657276656420457863651D
:101110007074696F6E20280053707572696F7573F3
:1011200020696E746572727570742028495251205E
:101130000025733A20535053454C20696E20746843
:1011400072656164206D6F646520646F6573206EE5
:101150006F7420696E646963617465205053500038
:1011600025733A202A2A2A2A2A2048415244204616
:1011700041554C54202A2A2A2A2A0025733A202035
:1011800020427573206661756C74206F6E207665E1
:1011900063746F72207461626C65207265616400B3
:1011A00025733A2020204465627567206576656E58
:1011B000740025733A2020204661756C7420657395
:1011C00063616C6174696F6E202873656520626568
:1011D0006C6F77290025733A20415243485F455888
:1011E00043455054207769746820726561736F6E4F
:1011F0002025780A0025733A202A2A2A2A2A204400
:1012000065627567206D6F6E69746F7220657863B3
:10121000657074696F6E202A2A2A2A2A0025733A7B
:10122000202A2A2A2A2A20257320256429202A2ACE
:101230002A2A2A0072657365727665645F65786331
:10124000657074696F6E0064656275675F6D6F6E5F
:1012500069746F720075736167655F6661756C7440
:10126000006275735F6661756C74006D656D5F6DAE
:10127000616E6167655F6661756C74006861726458
:101280005F6661756C74006765745F657366006D99
:1012900070750025733A20506172746974696F6EBD
:1012A0002025753A2073616E6974792063686563DF
:1012B0006B206661696C65642E0025733A20466177
:1012C000696C656420746F20616C6C6F6361746518
:1012D000206E6577204D505520726567696F6E20CE
:1012E00025750A00726567696F6E5F616C6C6F636C
:1012F0006174655F616E645F696E6974006D7075BD
:101300005F636F6E6669677572655F726567696F47
:101310006E7300657869740A002A206275666665D6
:1013200072206F766572666C6F7720646574656392
:10133000746564202A0A00464C4153485F300053CC
:1013400052414D5F3000000001000000736F6300E8
:1013500000000000000000FFFFFFFFFFFF00000093
:10136000000000303132333435363738396162634A
:101370006465660062745F7270610025733A205381
:101380006176696E672049440062742F69640025A4
:10139000733A204661696C656420746F20736176CE
:1013A0006520494420286572722025642900257330
:1013B0003A20496E73756666696369656E74206E5E
:1013C000756D626572206F6620617267756D656EFE
:1013D00074730025733A2049676E6F72696E6720D7
:1013E0006964656E7469746965732073746F72657E
:1013F0006420696E20666C6173680025733A204929
:101400006E76616C6964206C656E6774682049440F
:10141000206164647265737320696E2073746F72E7
:101420006167650062742F25732F2530327825306F
:1014300032782530327825303278253032782530B0
:10144000327825752F25730062742F25732F253070
:101450003278253032782530327825303278253090
:1014600032782530327825750025733A20556E6123
:10147000626C6520746F20736574757020616E20D6
:101480006964656E746974792061646472657373EC
:101490000025733A2073657474696E67735F7375A2
:1014A000627379735F696E6974206661696C6564E3
:1014B0002028657272202564290062745F73657448
:1014C00074696E67735F696E697400736574006335
:1014D0006F6D6D697400736176655F696400627435
:1014E0000062745F73657474696E67730042545F61
:1014F0004C575F575100253038782D253034782DE2
:10150000253034782D253034782D25303878253025
:1015100034780002FB349B5F8000008000100000E4
:101520000000000062745F62756600756E6B6E6F1E
:10153000776E0025733A2044617461206275666697
:101540006572206F766572666C6F7720286C696EA5
:101550006B20747970652030782530327829002529
:10156000733A20556E61626C6520746F20616C6CFB
:101570006F63617465206275666665720025733AF3
:1015800020556E61626C6520746F206C6F6F6B7597
:101590007020636F6E6E20666F722068616E646C7F
:1015A000652025750025733A20436F756C64206EA5
:1015B0006F74207375626D69742072785F776F72D3
:1015C0006B3A2025640025733A20556E68616E647D
:1015D0006C6564206576656E7420307825303278CD
:1015E000206C656E2025753A2025730025733A20FE
:1015F0004861726477617265206572726F722C2027
:10160000686172647761726520636F64653A202552
:10161000640025733A20546F6F20736D616C6C20E9
:1016200028257520627974657329206576656E7446
:101630002030782530327800574553545F544F504E
:101640004449522F7A65706879722F737562737985
:10165000732F626C7565746F6F74682F686F737425
:101660002F6863695F636F72652E63006275662D14
:101670003E6C656E203E3D2073697A656F66282A50
:101680006864722900415353455254494F4E2046D5
:1016900041494C205B25735D20402025733A256429
:1016A0000A0025733A2041434C2064617461206C28
:1016B000656E677468206D69736D61746368202856
:1016C000257520213D202575290025733A20556E6A
:1016D00061626C6520746F2066696E6420636F6E52
:1016E0006E20666F722068616E646C6520257500DF
:1016F00062745F6863695F6576745F6765745F666F
:101700006C616773286864722D3E657674292026A3
:10171000202831554C203C3C2028312929002573B4
:101720003A20556E6B6E6F776E2062756620747905
:1017300070652025750025733A206F70636F6465AE
:101740002030782530347820706F6F6C20696420E9
:10175000257520706F6F6C20257020213D20266834
:1017600063695F636D645F706F6F6C202570002527
:10177000733A204F70436F64652030782530347899
:1017800020636F6D706C6574656420696E73746539
:101790006164206F662065787065637465642030CD
:1017A00078253034780025733A204E6F20636F6EB1
:1017B0006E656374696F6E20666F722068616E6417
:1017C0006C652025750025733A207061636B657424
:1017D0007320636F756E74206D69736D61746368D7
:1017E0000025733A20556E61626C6520746F206C21
:1017F0006F6F6B20757020636F6E6E2077697468F1
:101800002068616E646C6520257500657272203DEC
:101810003D203000096B5F73656D5F74616B6520FF
:101820006661696C656420776974682065727220EE
:1018300025640A0025733A206F70636F6465203059
:10184000782530347820737461747573203078256E
:101850003032780025733A204661696C65642074E3
:101860006F207265616420444C45206D617820646E
:10187000617461206C656E0025733A204E6F207094
:10188000656E64696E672063656E7472616C206357
:101890006F6E6E656374696F6E0025733A20556EC6
:1018A0006578706563746564207374617475732002
:1018B0003078253032780025733A204E6F207065DD
:1018C0006E64696E6720636F6E6E20666F72207043
:1018D0006565722025730025733A204661696C6541
:1018E0006420726561642072656D6F746520666541
:1018F00061747572657320282564290025733A2068
:101900004661696C6564204C4520536574205048DD
:101910005920282564290025733A204661696C65A1
:101920006420746F207365742064617461206C6539
:101930006E20282564290025733A204661696C656C
:101940006420746F207365742072657175697265A7
:1019500064207365637572697479206C6576656C53
:101960000025733A20556E61626C6520746F207398
:10197000656E6420746F20647269766572202865D4
:101980007272202564290025733A204F7574206FE8
:101990006620636F6D6D616E642062756666657248
:1019A000730025733A20556E636C6561726564201F
:1019B00070656E64696E672073656E745F636D64D5
:1019C0000025733A20556E657870656374656420F0
:1019D0006B5F706F6C6C206576656E7420737461DC
:1019E0007465202575006576745F666C6167732089
:1019F00026202831554C203C3C2028302929002520
:101A0000733A20496E76616C696420627566207451
:101A1000797065202575005B305D0025733A20499B
:101A200064656E7469747925733A20257300257393
:101A30003A204964656E746974795B25645D3A2067
:101A400025730025733A204843493A20766572731E
:101A5000696F6E2025732028307825303278292050
:101A60007265766973696F6E203078253034782C12
:101A7000206D616E75666163747572657220307871
:101A8000253034780025733A204C4D503A20766545
:101A90007273696F6E202573202830782530327874
:101AA000292073756276657220307825303478008D
:101AB00025733A204E6F2049442061646472657337
:101AC000732E20417070206D7573742063616C6C8F
:101AD0002073657474696E67735F6C6F6164282925
:101AE0000025733A204E6F6E2D4C45206361706166
:101AF000626C6520636F6E74726F6C6C65722064CB
:101B000065746563746564210025733A2041434C14
:101B10002042522F454452206275666665727320DA
:101B20006E6F7420696E697469616C697A656400AE
:101B300025733A2056656E646F72204843492065CC
:101B40007874656E73696F6E73206E6F7420617642
:101B500061696C61626C650025733A2048572050BA
:101B60006C6174666F726D3A202573202830782579
:101B7000303478290025733A20485720566172691D
:101B8000616E743A20257320283078253034782906
:101B90000025733A204669726D776172653A202597
:101BA0007320283078253032782920566572736981
:101BB0006F6E2025752E2575204275696C64202571
:101BC000750025733A204661696C656420746F2046
:101BD0007265616420737570706F727465642076CD
:101BE000656E646F7220636F6D6D616E6473002546
:101BF000733A204661696C656420746F2072656178
:101C00006420737570706F727465642076656E649D
:101C10006F722066656174757265730025733A2072
:101C20004E6F204843492064726976657220726560
:101C300067697374657265640042542054580042A9
:101C4000542052580025733A204843492064726951
:101C5000766572206F70656E206661696C656420C0
:101C6000282564290025733A206D616C666F726DBA
:101C70006564206164766572746973696E67206457
:101C800061746100000909090901020909090909CA
:101C900009090909090907090909090906090909B9
:101CA00009090909090909090909090909056274E4
:101CB0005F646174615F70617273650073656E6407
:101CC0005F636D640070726F636573735F657665E3
:101CD0006E74730062745F656E61626C6500312EB4
:101CE000306200312E3100312E3200322E3000327F
:101CF0002E3100332E3000342E3000342E3100349B
:101D00002E3200352E3000352E3100352E32003582
:101D10002E33005374616E6461726420426C756589
:101D2000746F6F746820636F6E74726F6C6C657221
:101D30000056656E646F72207370656369666963CF
:101D400020636F6E74726F6C6C6572004669726DA1
:101D500077617265206C6F616465720052657363B0
:101D6000756520696D61676500726573657276657A
:101D700064006E5246353178006E52463532780036
:101D80006E524635337800496E74656C20436F722D
:101D9000706F726174696F6E004E6F726469632058
:101DA00053656D69636F6E647563746F72004E582E
:101DB000502053656D69636F6E647563746F7273E1
:101DC0000062745F6863695F636F72650062745F6D
:101DD0006465765F73686F775F696E666F006C65C8
:101DE0005F636F6E6E5F7570646174655F636F6D66
:101DF000706C657465006C655F72656D6F74655FAE
:101E0000666561745F636F6D706C657465006C65A9
:101E10005F636F6E6E5F706172616D5F6E65675F4D
:101E20007265706C79006C655F636F6E6E5F706178
:101E300072616D5F726571006C655F646174615F92
:101E40006C656E5F6368616E6765006C655F706886
:101E5000795F7570646174655F636F6D706C6574D4
:101E600065006C655F6C746B5F6E65675F72657053
:101E70006C79006C655F6C746B5F7265706C790077
:101E80006C655F6C746B5F72657175657374006807
:101E900063695F646973636F6E6E5F636F6D706CAF
:101EA000657465006863695F656E63727970745FFD
:101EB0006368616E6765006863695F656E63727908
:101EC00070745F6B65795F726566726573685F6376
:101ED0006F6D706C657465006863695F68617264DA
:101EE000776172655F6572726F72006863695F61C6
:101EF000636C0072785F776F726B5F68616E646CA1
:101F000065720072785F71756575655F70757400D4
:101F100062745F726563760068616E646C655F65AC
:101F200076656E745F636F6D6D6F6E0068616E6471
:101F30006C655F6576656E74006863695F636D6488
:101F40005F646F6E65006863695F646174615F629E
:101F500075665F6F766572666C6F77006863695F40
:101F60006E756D5F636F6D706C657465645F7061D5
:101F7000636B65747300636F6E6E5F6175746F5F22
:101F8000696E697469617465006C655F636F6E6E1C
:101F90005F636F6D706C6574655F63616E63656CC4
:101FA0000062745F6863695F6C655F656E685F633C
:101FB0006F6E6E5F636F6D706C6574650062745FE9
:101FC0006863695F636D645F73656E645F73796E88
:101FD000630062745F6863695F636D645F73656EFD
:101FE00064006863695F76735F696E697400686333
:101FF000695F6C655F726561645F6D61785F646184
:1020000074615F6C656E006C655F696E6974006811
:1020100063695F696E69740062745F696E697400F8
:1020200025733A204661696C656420746F20646989
:102030007361626C6520616464726573732072659C
:10204000736F6C7574696F6E0025733A20526573F7
:102050006F6C76696E67206C6973742073697A653A
:102060002065786365656465642E205377697463C1
:1020700068696E6720746F20686F73742E00257313
:102080003A204661696C656420746F20636C6561F9
:1020900072207265736F6C7574696F6E206C6973F2
:1020A000740025733A204661696C656420746F2062
:1020B0006164642049524B20746F20636F6E7472A8
:1020C0006F6C6C65720025733A20536574207072D2
:1020D0006976616379206D6F646520636F6D6D61F2
:1020E0006E64206973206E6F7420737570706F72E8
:1020F0007465640025733A204661696C65642074D8
:102100006F207365742070726976616379206D6FDA
:1021100064650025733A2044697361626C696E6777
:102120002061646472657373207265736F6C75747B
:10213000696F6E206661696C656420286572722023
:102140002564290025733A204661696C6564207412
:102150006F2072656D6F76652049524B2066726FF5
:102160006D20636F6E74726F6C6C65720025733ACC
:10217000204F6E6C79207374617469632072616E94
:10218000646F6D206964656E74697479206164643C
:102190007265737320737570706F72746564002557
:1021A000733A20496E76616C696420696E7075744B
:1021B00020706172616D65746572730025733A20D9
:1021C0004661696C656420746F207265616420707B
:1021D00075626C6963206164647265737300257352
:1021E0003A205265616420537461746963204164CC
:1021F0006472657373657320636F6D6D616E6420C7
:102200006E6F7420617661696C61626C6500257324
:102210003A204661696C656420746F207265616460
:10222000207374617469632061646472657373659B
:10223000730025733A204E6F2073746174696320B4
:102240006164647265737365732073746F7265641F
:1022500020696E20636F6E74726F6C6C65720062C1
:10226000745F726561645F7374617469635F6164F4
:1022700064720062745F69645F726561645F707547
:10228000626C69635F616464720062745F69645F59
:102290006372656174650062745F69645F64656C34
:1022A000006C655F7365745F707269766163795FF6
:1022B0006D6F64650062745F69645F61646400628D
:1022C000745F69640025733A20556E6578706563A4
:1022D00074656420656E64206F662062756666654D
:1022E0007200030502000A62745F6863695F6C65CF
:1022F0005F6164765F7265706F72740025733A2057
:102300004543432048434920636F6D6D616E64739C
:10231000206E6F7420617661696C61626C65002566
:10232000733A2043616C6C6261636B20616C72650F
:1023300061647920726567697374657265640025EC
:10234000733A2053656E64696E67204C45205032A5
:102350003536205075626C6963204B657920636F58
:102360006D6D616E64206661696C65640025733A09
:10237000204661696C656420746F2067656E6572C4
:102380006174652044484B65792028657272202568
:1023900064290062745F64685F6B65795F67656E6E
:1023A0000062745F7075625F6B65795F67656E0070
:1023B000E69D350E480103CCDBFDF4AC1191F4EF42
:1023C000B9A5F9E9A7832C5E2CBE97F2D203B02001
:1023D0008BD28915D08E1C742430ED8FC245637664
:1023E0005C15525ABF9A32636DEB2A65499C80DCBA
:1023F00062745F6563630025733A20556E61626C99
:102400006520746F20616C6C6F6361746520627508
:10241000666665722077697468696E2074696D6597
:102420006F75740025733A20556E65787065637416
:102430006564206669727374204C32434150206693
:1024400072616D650025733A20556E65787065631D
:10245000746564204C3243415020636F6E74696E22
:10246000756174696F6E0025733A204E6F74206534
:102470006E6F75676820627566666572207370613D
:10248000636520666F72204C324341502064617452
:10249000610025733A20556E6578706563746564D4
:1024A0002041434C20666C616773202830782530CA
:1024B0003278290025733A2041434C206C656E2008
:1024C0006D69736D6174636820282575203E202531
:1024D00075290025733A206E6F7420636F6E6E65E8
:1024E00063746564210025733A20556E61626C65E2
:1024F00020746F20616C6C6F636174652054582088
:10250000636F6E746578740025733A204469736351
:102510006F6E6E6563746564207768696C652061B1
:102520006C6C6F636174696E6720636F6E7465783D
:10253000740028756E6B6E6F776E290025733A20D4
:102540006E6F207472616E736974696F6E2025738B
:102550000025733A20496E76616C696420282575E0
:1025600029206F6C642073746174650025733A20B0
:102570006E6F2076616C696420282575292073743C
:1025800061746520776173207365740025733A2048
:10259000466F756E642076616C696420636F6E6E41
:1025A000656374696F6E20696E2025732073746192
:1025B000746500574553545F544F504449522F7A25
:1025C00065706879722F7375627379732F626C7599
:1025D00065746F6F74682F686F73742F636F6E6E9E
:1025E0002E6300646973636F6E6E6563742D636F31
:1025F0006D706C65746500636F6E6E656374696E93
:10260000672D7363616E00636F6E6E656374696ED0
:10261000672D6175746F00636F6E6E656374696EAC
:10262000672D61647600636F6E6E656374696E67B3
:102630002D6469722D61647600646973636F6E6ED8
:10264000656374696E670062745F636F6E6E0062CB
:10265000745F636F6E6E5F6578697374735F6C65CA
:102660000062745F636F6E6E5F6372656174655F55
:102670007064755F74696D656F75740062745F6313
:102680006F6E6E5F7365745F7374617465007365FC
:102690006E645F667261670062745F636F6E6E5F27
:1026A00073656E645F63620062745F61636C5F7226
:1026B0006563760025733A20556E61626C652074FF
:1026C0006F20616C6C6F636174652062756666650E
:1026D0007220666F72206F7020307825303278005B
:1026E00025733A204E6F20617661696C61626C657A
:1026F000204C3243415020636F6E746578742066BD
:102700006F7220636F6E6E2025700025733A20541F
:102710006F6F20736D616C6C204C3243415020739D
:1027200069676E616C696E67205044550025733A85
:10273000204C32434150206C656E677468206D698F
:10274000736D617463682028257520213D202575EF
:10275000290025733A20496E76616C6964206964AA
:10276000656E742076616C756520696E204C32430D
:102770004150205044550025733A20546F6F207308
:102780006D616C6C204C4520636F6E6E20706172C1
:10279000616D207273700025733A20546F6F20733F
:1027A0006D616C6C204C4520636F6E6E207570649B
:1027B00061746520706172616D20726571002573AE
:1027C0003A204E6F7420636F6E6E656374656400AB
:1027D00025733A2052656A656374696E6720756E69
:1027E0006B6E6F776E204C32434150205044552021
:1027F000636F6465203078253032780025733A2085
:10280000546F6F20736D616C6C204C3243415020CB
:102810005044552072656365697665640025733A96
:102820002049676E6F72696E67206461746120660B
:102830006F7220756E6B6E6F776E206368616E6E5F
:10284000656C204944203078253034780062745F0C
:102850006C32636170006C655F636F6E6E5F706198
:1028600072616D5F7570646174655F726571006C33
:10287000655F636F6E6E5F706172616D5F727370C2
:10288000006C326361705F72656376006C32636105
:10289000705F616363657074006C326361705F6365
:1028A00072656174655F6C655F7369675F7064759D
:1028B0000062745F6C326361705F726563760025DD
:1028C000733A20556E61626C6520746F2063726587
:1028D00061746520555549443A2073697A6520250D
:1028E000750025733A20556E61626C6520746F2007
:1028F00063726561746520555549443A2073697A5D
:10290000652025640025733A204572726F7220732A
:1029100069676E696E6720646174610025733A208F
:10292000556E61626C6520746F2066696E6420412B
:102930005454206368616E6E656C0025733A204EB6
:102940006F20617661696C61626C6520415454202E
:10295000636F6E7465787420666F7220636F6E6E3D
:102960002025700025733A204E6F20617661696CD6
:1029700061626C6520415454206368616E6E656CC1
:1029800020666F7220636F6E6E2025700025733A8B
:1029900020415454204D5455206578636565646525
:1029A000642C206D61782025752C2077616E74650C
:1029B0006420257A750025733A20556E61626C6536
:1029C00020746F20616C6C6F636174652041545496
:1029D000205458206D6574610025733A20546F6F40
:1029E00020736D616C6C204154542050445520720A
:1029F000656365697665640025733A20556E686184
:102A00006E646C65642041545420636F64652030AB
:102A100078253032780025733A2049676E6F7269E5
:102A20006E6720756E657870656374656420726585
:102A300071756573740025733A2049676E6F72690A
:102A40006E6720756E657870656374656420696E65
:102A50006469636174696F6E0025733A20496E760C
:102A6000616C6964206C656E20257520666F72202C
:102A7000636F6465203078253032780025733A2002
:102A80004E6F20415454206368616E6E656C206601
:102A90006F72204D545520257A750025733A204ECB
:102AA0006F2070656E64696E6720415454207265B2
:102AB00071756573740025733A204154542054692C
:102AC0006D656F7574006174745F74696D656F75A1
:102AD000740066696E645F747970655F636200613B
:102AE00074745F68616E646C655F727370006274A9
:102AF0005F6174745F72656376006368616E5F73B3
:102B0000656E64006174745F6368616E5F6E6577A3
:102B10000062745F6174745F616363657074006107
:102B200074745F6765740062745F6174745F63726C
:102B3000656174655F7064750062745F6174745F71
:102B40006368616E5F6372656174655F7064750070
:102B500062745F6174740025733A20496E76616C0B
:102B60006964206B65790025733A20556E61626C4B
:102B70006520746F2072657363686564756C652089
:102B8000646174616261736520686173682070724A
:102B90006F63657373202865727220256429002590
:102BA000733A20556E61626C6520746F20646563B2
:102BB0006F646520616464726573732025730025FA
:102BC000733A20496E76616C6964206C6F63616C46
:102BD000206964656E7469747920256C75002573AD
:102BE0003A20556E61626C6520746F207265737453
:102BF0006F72652053433A206E6F20636667206CC6
:102C00006566740025733A204661696C65642074BA
:102C10006F206465636F64652076616C756520283C
:102C200065727220257A64290025733A20777269CB
:102C300074652063616C6C6261636B2069732064EE
:102C40006570726563617465642C207573652073AB
:102C5000756273637269626520636220696E737462
:102C60006561640025733A206661696C656420744F
:102C70006F2064656C65746520534320286572720B
:102C8000202564290025733A204661696C6564201B
:102C9000746F20636C6561722053432025640025A6
:102CA000733A206661696C656420746F2073746F79
:102CB00072652053432028657272202564290025FF
:102CC000733A20756E61626C6520746F2073617653
:102CD000652053433A206E6F20636667206C6566FB
:102CE000740025733A204E6F207370616365207401
:102CF0006F2073746F726520436C69656E74205326
:102D00007570706F72746564204665617475726564
:102D1000730062742F686173680025733A204661FE
:102D2000696C656420746F207361766520446174FA
:102D30006162617365204861736820286572722042
:102D40002564290025733A20556E61626C652074F4
:102D50006F20726573746F72652043463A206E6F00
:102D600020636667206C6566740025733A204661AF
:102D7000696C656420746F2073746F726520436C96
:102D800069656E7420466561747572657320286587
:102D90007272202564290025733A204E6F207370CB
:102DA00061636520746F2073746F726520434343C1
:102DB000206366670025733A20556E61626C65205A
:102DC000746F2073657475702041455320434D41E5
:102DD000430025733A20556E61626C6520746F2044
:102DE00063616C63756C617465206861736800620F
:102DF000742F6363630025733A204C696E6B2069FE
:102E000073206E6F7420656E6372797074656400F0
:102E100025733A20446576696365206973206E6F77
:102E200074207375627363726962656420746F20C5
:102E300063686172616374657269737469630025A4
:102E4000733A204E6F206275666665722061766106
:102E5000696C61626C6520746F2073656E642069B3
:102E60006E6469636174696F6E0025733A20434331
:102E700043202570206E6F74207772697461626CD4
:102E8000650025733A20534320726573746F726531
:102E900020696E6469636174696F6E206661696C34
:102EA00065640025733A204E6F2062756666657210
:102EB00020617661696C61626C6520746F20736556
:102EC0006E64206E6F74696669636174696F6E0009
:102ED00025733A20556E6B6E6F776E2055554944B9
:102EE00020747970652025750025733A20496E7627
:102EF000616C696420646973636F766572792074AC
:102F00007970653A2025750025733A20496E7661FF
:102F10006C69642064617461206C656E20257500A5
:102F200025733A20496E76616C696420666F726D14
:102F300061742025750025733A20496E76616C69AD
:102F4000642068616E646C650025733A20556E617B
:102F5000626C6520746F20616C6C6F6361746520B6
:102F60006C656E6774682025753A206F6E6C7920E9
:102F7000257A75207772697474656E0025733A201E
:102F8000496E76616C69642064617461206C656E61
:102F9000202575203E2025750025733A204661695D
:102FA0006C656420746F207365742073656375723B
:102FB00069747920666F7220626F6E646564207038
:102FC00065657220282564290025733A20466169C9
:102FD0006C656420746F2073746F72652043434383
:102FE000732028657272202564290064625F68611D
:102FF00073685F7365740064625F686173685F63C0
:103000006F6D6D69740063665F7365740073635FF1
:103010007365740062745F676174745F73746F7258
:10302000655F636363006363635F73657400636319
:10303000635F7365745F6469726563740073635F73
:10304000726573746F7265007570646174655F6337
:1030500063630062745F676174745F636F6E6E6553
:103060006374656400676174745F77726974655F27
:103070006363635F7273700062745F676174745F2F
:1030800077726974655F776974686F75745F72656C
:1030900073706F6E73655F63620070617273655FFA
:1030A000726561645F62795F7575696400676174F8
:1030B000745F66696E645F696E666F5F72737000DD
:1030C00070617273655F6368617261637465726970
:1030D0007374696300726561645F696E636C7564C3
:1030E00065645F757569645F6362007061727365C2
:1030F0005F696E636C7564650070617273655F73A0
:1031000065727669636500676174745F66696E6491
:103110005F747970650062745F676174745F64697D
:1031200073636F7665720062745F676174745F6D5C
:10313000756C745F6E6F74696669636174696F6ED4
:1031400000676174745F6E6F74696679006761749B
:10315000745F696E646963617465006E6F7469663B
:10316000795F63620062745F676174745F61747435
:10317000725F77726974655F6363630062745F672F
:103180006174745F73746F72655F63660062745F0D
:10319000676174745F636C6561725F73630073630E
:1031A0005F636C6561720073635F73746F72650057
:1031B00073635F736176650063665F7772697465D8
:1031C0000064625F686173685F73746F7265006446
:1031D000625F686173685F67656E0062742F636623
:1031E0000062742F73630062745F676174740025FA
:1031F000733A20556E61626C6520746F2066696E4B
:103200006420534D50206368616E6E656C002573B9
:103210003A204E6F20617661696C61626C65205363
:103220004D5020636F6E7465787420666F722063F2
:103230006F6E6E2025700025733A20556E6B6E6F91
:10324000776E2070616972696E67206D6574686F52
:103250006420282575290025733A204661696C652C
:103260006420746F20737461727420656E63727968
:103270007074696F6E0025733A204661696C6564ED
:1032800020746F2067656E65726174652044484BD9
:1032900065790025733A20556E61626C6520746F04
:1032A00020676574206B65797320666F72202573C3
:1032B0000025733A204E6F206B657973207370611F
:1032C000636520666F722025730025733A20556E62
:1032D00061626C6520746F206765742072616E6432
:1032E0006F6D2062797465730025733A20556E61A5
:1032F000626C6520746F20616C6C6F636174652013
:10330000456E637279707420496E666F20627566CF
:103310006665720025733A20556E61626C65207493
:103320006F20616C6C6F636174652043656E7472AD
:10333000616C204964656E74206275666665720012
:1033400025733A204E657720617574682072657127
:10335000756972656D656E74733A20307825782CC6
:1033600020726570616972696E670025733A205535
:103370006E737570706F7274656420617574682007
:10338000726571756972656D656E74733A20307817
:1033900025782C20726570616972696E67002573EB
:1033A0003A2052656D6F7465206973207573696E7C
:1033B00067204465627567205075626C6963206B95
:1033C00065790025733A2052656D6F7465207075BC
:1033D000626C6963206B65792072656A65637465E8
:1033E000640025733A2043616C63756C61746520D9
:1033F0004C544B206661696C65640025733A204328
:10340000616C63756C617465206C6F63616C2044E2
:10341000484B657920636865636B206661696C65FC
:10342000640025733A204A757374576F726B73206A
:103430006661696C65642C2061757468656E746979
:103440006361746564206B65797320707265736560
:103450006E740025733A2043616C63756C6174650A
:1034600020636F6E6669726D206661696C656400C9
:1034700025733A20534D5020646F6573206E6F742E
:1034800020616C6C6F7720612070616972696E6772
:10349000206661696C757265206174207468697357
:1034A00020706F696E742E204B6E6F776E2069737B
:1034B0007375652E20446973636F6E6E65637469FE
:1034C0006E6720696E73746561642E0025733A20FF
:1034D000546F6F20736D616C6C20534D50205044BD
:1034E000552072656365697665640025733A2053DB
:1034F0004D5020636F6D6D616E642028636F64654D
:1035000020307825303278292072656365697665C8
:10351000642061667465722074696D656F757400EE
:1035200025733A2052656365697665642072657318
:10353000657276656420534D5020636F646520305A
:1035400078253032780025733A20556E68616E64B4
:103550006C656420534D5020636F6465203078257E
:103560003032780025733A20556E65787065637443
:10357000656420534D5020636F646520307825309A
:1035800032780025733A205075626C6963206B6550
:1035900079206E6F7420617661696C61626C650080
:1035A00025733A20496E76616C6964206964656EA2
:1035B000746974792025730025733A2020666F7230
:1035C0002025730025733A205265667573696E670E
:1035D000206E65772070616972696E672E2054686D
:1035E00065206F6C6420626F6E64206D757374204B
:1035F000626520756E7061697265642066697273B8
:10360000742E0025733A2070616972696E672066B6
:1036100061696C65642028706565722072656173EC
:103620006F6E2030782578290025733A20534D504D
:103630002054696D656F7574000005061F1F2918F9
:10364000120308020305080A000801030401050427
:1036500005090607010106060862745F736D705F55
:10366000706B65795F726561647900736D705F740A
:10367000696D656F7574006C65676163795F72650C
:1036800071756573745F746B0073635F736D705FE6
:10369000636865636B5F636F6E6669726D006C650E
:1036A000676163795F70616972696E675F72616E8D
:1036B000646F6D00736D705F70616972696E675FD2
:1036C00072616E646F6D00736D705F7061697269B5
:1036D0006E675F6661696C656400736D705F656ECF
:1036E00063727970745F696E666F00736D705F638B
:1036F000656E7472616C5F6964656E7400736D7081
:103700005F6964656E745F696E666F006C656761A2
:1037100063795F646973747269627574655F6B6500
:1037200079730062745F736D705F6469737472693A
:10373000627574655F6B65797300736D705F696442
:103740005F6164645F7265706C61636500736D7066
:103750005F6964656E745F616464725F696E666FF1
:1037600000736D705F73656375726974795F7265FC
:10377000717565737400736D705F64686B65795FF4
:1037800067656E657261746500736D705F707562F8
:103790006C69635F6B657900736D705F64686B65FE
:1037A000795F636865636B0062745F736D705F72ED
:1037B0006563760062745F736D705F6163636570EB
:1037C000740062745F736D705F7570646174655FBF
:1037D0006B657973006C888391AAF5A53860370B07
:1037E000DB5A6083BE636F6D707574655F616E6474
:1037F0005F73656E645F63656E7472616C5F64684D
:10380000636865636B00736D705F6572726F7200E1
:10381000736D705F73656E645F70616972696E6706
:103820005F636F6E6669726D00736D705F63686170
:103830006E5F676574000000010001000301000372
:103840000202010002000000000002030100030068
:10385000000100010000010001020201000200005D
:10386000000000020201000462745F736D700025A5
:10387000733A204661696C656420746F20726561DB
:10388000642076616C7565202865727220257A64E3
:10389000290025733A20556E61626C6520746F2093
:1038A00066696E642064656C65746564206B657917
:1038B0007320666F722025730025733A2046616974
:1038C0006C656420746F20616C6C6F63617465203B
:1038D0006B65797320666F722025730025733A201B
:1038E0004B65797320666F72202573206861766559
:1038F000206E6F206167696E6720636F756E7465F7
:10390000720025733A20496E76616C6964206B659C
:1039100079206C656E67746820257A6420213D20CB
:10392000257A750025733A204661696C65642074B8
:103930006F2073617665206B6579732028657272DC
:1039400020256429006B6579735F73657400627468
:103950005F6B6579735F73746F72650062745F6B20
:10396000657973006E65745F6275660025733A2031
:103970004465766963652064617461206E6F7420AC
:10398000666F756E6420666F7220636667202570AF
:103990000025733A2044657669636520646174612B
:1039A000206E6F7420666F756E6420666F7220657E
:1039B0006E64706F696E742025750025733A20441B
:1039C00065766963652064617461206E6F7420663A
:1039D0006F756E6420666F7220696E7465726661C1
:1039E00063652025750025733A205265706F7274E7
:1039F000206964206F7574206F66206C696D69742E
:103A00003A2025640025733A20556E68616E646C17
:103A10006564207265717565737420307825303265
:103A2000780025733A204465766963652065727273
:103A30006F720025733A204465766963652072656C
:103A40007365742064657465637465640025733AF6
:103A50002044657669636520636F6E6E6563746587
:103A6000640025733A2044657669636520636F6E50
:103A7000666967757265640025733A2044657669E6
:103A8000636520646973636F6E6E6563746564005B
:103A900025733A2044657669636520737573706594
:103AA0006E6465640025733A204465766963652019
:103AB000726573756D65640025733A2066726F6D6B
:103AC0002073757370656E640025733A20556E6BB4
:103AD0006E6F776E206576656E740025733A2044AC
:103AE0006576696365206973206E6F7420636F6EFD
:103AF00066696775726564006869645F646F5F73A7
:103B000074617475735F6362006869645F73746184
:103B10007475735F6362006869645F6F6E5F73657D
:103B2000745F69646C65006869645F6F6E5F676588
:103B3000745F69646C65006869645F636C6173736A
:103B40005F68616E646C655F726571006869645F6F
:103B5000637573746F6D5F68616E646C655F7265C9
:103B600071006869645F696E745F696E006869649A
:103B70005F696E745F6F7574006869645F696E7405
:103B80005F65705F7772697465007573625F6869FD
:103B9000640025733A2055534244206576656E745F
:103BA00020616C6C6F636174696F6E206661696C13
:103BB0006564210025733A2055534244206576659B
:103BC0006E74206D656D6F727920636F727275709F
:103BD0007465640025733A20556E6578706563746A
:103BE0006564206576656E7420286E7266785F75F0
:103BF000736264293A2025642C2065702030782572
:103C00003032780025733A20556E6B6E6F776E20D8
:103C100055534220706F776572206576656E74200B
:103C200025640025733A205F65705F737461747555
:103C3000735F676574206661696C65642120436FFA
:103C400064653A2025640025733A206E6F74206104
:103C5000747461636865642C204550203078253089
:103C60003278206576656E742064726F707065645A
:103C70000025733A206E52462055534244207472F8
:103C8000616E73666572206572726F7220284F557F
:103C900054293A203078253032780025733A20466E
:103CA00061696C656420746F20616C6C6F63206562
:103CB00076740025733A2055534244206576656E2C
:103CC000742071756575652066756C6C21002573AF
:103CD0003A20556E6B6E6F776E20555342442065C7
:103CE00076656E743A202568640025733A20696E03
:103CF00076616C696420656E64706F696E742063B0
:103D00006F6E66696775726174696F6E0025733ACC
:103D100020696E76616C696420656E64706F696E8F
:103D20007420696E6465782F6164647265737300D2
:103D300025733A20696E76616C696420656E6470E3
:103D40006F696E7420747970650025733A20455050
:103D5000206D6178207061636B65742073697A658A
:103D6000206D757374206265206120706F776572B5
:103D7000206F6620320025733A205354414C4C206A
:103D8000756E737570706F72746564206F6E204904
:103D9000534F20656E64706F696E740025733A200E
:103DA000456E64706F696E742030782530327820EB
:103DB0006973206E6F7420656E61626C65640025A6
:103DC000733A206E524620555342442077726974EC
:103DD00065206572726F723A2025640001000275D9
:103DE0007362645F736F665F747269676765725F41
:103DF00069736F5F7265616400757362645F776F8A
:103E0000726B5F70726F636573735F7265637672F6
:103E1000657100757362645F776F726B5F68616E66
:103E2000646C657200037573625F64635F65705FE5
:103E3000726561645F636F6E74696E75650075733A
:103E4000625F64635F65705F726561645F7761691B
:103E500074007573625F64635F65705F7772697425
:103E600065007573625F64635F65705F7365745F3F
:103E70007374616C6C007573625F64635F65705F1F
:103E8000636F6E666967757265007573625F646300
:103E90005F65705F636865636B5F63617000757316
:103EA000625F64635F706F7765725F6576656E747D
:103EB0005F68616E646C657200757362645F6576DD
:103EC000745F616C6C6F6300757362645F657665C7
:103ED0006E745F7472616E736665725F6461746143
:103EE00000757362645F6576656E745F7472616E8F
:103EF000736665725F6374726C007573625F6E7275
:103F0000667800636C6F636B403430303030303033
:103F100030006866636C6B006C66636C6B00636C8E
:103F20006F636B5F636F6E74726F6C006770696F45
:103F3000403530303030333030006770696F403595
:103F4000303030303030300025733A20696E766181
:103F50006C696420616464726573733A20307825FB
:103F600030386C783A257A750025733A20756E6181
:103F70006C69676E656420616464726573733A206E
:103F800030782530386C783A257A750025733A20D8
:103F90006E6F7420776F72642D616C69676E6564F3
:103FA0003A2030782530386C783A257A7500666C7E
:103FB0006173685F6E72665F7265616400666C61F2
:103FC00073685F6E72665F777269746500666C61B4
:103FD00073685F6E72665F657261736500666C61BF
:103FE00073682D636F6E74726F6C6C6572403430E1
:103FF00030316530303000666C6173685F6E7266B8
:104000000025733A204661696C656420746F2061F5
:104010006C6C6F6361746520505049204368616E19
:104020006E656C00656E6474785F73746F7074781D
:104030005F7070695F696E69740075617274403495
:104040003030323830303000756172744034303086
:10405000303230303000756172745F6E7266785F36
:1040600075617274650072616E646F6D40343030DA
:10407000306430303000656E74726F70795F6274D6
:104080005F6863690063727970746F4035303032F5
:10409000613030300025733A20526573657474695D
:1040A0006E672073797374656D006B5F7379735FEE
:1040B000666174616C5F6572726F725F68616E6475
:1040C0006C657200666174616C5F6572726F72001C
:1040D00025733A20536F667444657669636520439F
:1040E0006F6E74726F6C6C657220415353455254FD
:1040F0003A2025732C2025640025733A20416C6CEE
:104100006F6361746564206D656D6F727920746F83
:104110006F206C6F773A202575203C202575005361
:104120006F667444657669636520436F6E74726F61
:104130006C6C6572206275696C6420726576697357
:10414000696F6E3A200025733A20456E74726F7065
:104150007920736F75726365206465766963652085
:104160006E6F742072656164790025733A20466130
:10417000696C656420746F20726567697374657219
:104180002072616E6420736F7572636520282564E8
:10419000290025733A204E6F206576656E74206283
:1041A000756666657220617661696C61626C650036
:1041B00025733A204E6F20646174612062756666D3
:1041C000657220617661696C61626C6500636F6E17
:1041D0006669677572655F6D656D6F72795F75731E
:1041E000616765006863695F6472697665725F6FB5
:1041F00070656E00646174615F7061636B65745FAC
:1042000070726F63657373006576656E745F70615D
:10421000636B65745F70726F63657373007364635F
:104220005F617373657274696F6E5F68616E646CF1
:10423000657200536F667444657669636520436FE9
:104240006E74726F6C6C6572007364635F6863692F
:104250005F647269766572007364635F6863695F47
:10426000696E7465726E616C007364635F6372790A
:1042700070746F0025733A207075626C6963206BEF
:104280006579206973206E6F742076616C69642093
:1042900028657272202564290025733A20556E6BBB
:1042A0006E6F776E20636F6D6D616E640042542097
:1042B00043544C52204543444800636F6D6D6F6E0C
:1042C0005F73656372657400656364685F636D64E2
:1042D0005F70726F63657373003F49F6D4A3C55F67
:1042E0003874C9B3E3D2103F504AFF607BEB40B74C
:1042F000995899B8A6CD3C1ABD62745F656364682D
:104300000025733A204D50534C204153534552548D
:104310003A2025732C202564004D50534C20576FB4
:10432000726B006D5F6173736572745F68616E6458
:104330006C6572006D70736C5F696E6974002573D3
:104340003A206D70736C5F74696D65736C6F745F28
:1043500073657373696F6E5F6F70656E20666169F8
:104360006C65643A2025640025733A2074696D6594
:104370006F7574006E72665F666C6173685F7379E7
:104380006E635F65786500666C6173685F73796EF4
:10439000635F6D70736C000000000000010100009D
:1043A0000000000000010000000001010101010CFB
:1043B0000D0E0F101112131402030405060708094D
:1043C0000B5465726D696E616C0052545400534514
:1043D0004747455200556E6B6E6F776E206572725F
:1043E0006F720025733A203E3E3E205A4550485990
:1043F0005220464154414C204552524F5220256490
:104400003A202573206F6E204350552025640025E7
:10441000733A204661756C7420647572696E67200A
:10442000696E746572727570742068616E646C690F
:104430006E670A0025733A2043757272656E7420A8
:104440007468726561643A202570202825732900FC
:1044500043505520657863657074696F6E00556EC2
:1044600068616E646C656420696E746572727570E3
:104470007400537461636B206F766572666C6F773E
:10448000004B65726E656C206F6F7073004B6572C8
:104490006E656C2070616E6963007A5F666174613D
:1044A0006C5F6572726F72006F7300737973776FF0
:1044B000726B71002A2A2A20426F6F74696E67201E
:1044C0005A6570687972204F53206275696C642058
:1044D000633036383962313666663132202A2A2A0C
:1044E0000A0002020203050507070B0B0B0B0D0D5B
:1044F00000202020202020202020282828282820B4
:1045000020202020202020202020202020202020AB
:104510002088101010101010101010101010101013
:104520001004040404040404040404101010101003
:1045300010104141414141410101010101010101CD
:10454000010101010101010101010101101010101F
:10455000101042424242424202020202020202029F
:1045600002020202020202020202020210101010F3
:10457000200000000000000000000000000000001B
:10458000000000000000000000000000000000002B
:10459000000000000000000000000000000000001B
:1045A000000000000000000000000000000000000B
:1045B00000000000000000000000000000000000FB
:1045C00000000000000000000000000000000000EB
:1045D00000000000000000000000000000000000DB
:1045E00000000000000000000000000000000000CB
:1045F00000232D302B2000686C4C00656667454613
:1046000047003031323334353637383961626364CC
:0446100065660000DB
:10461400FF00000000000000000000000000000097
:104624000000000000000000000000000000000086
:10463400DD40000000000000000000000000000059
:104644000000000000000000000000000000000066
:104654000000000000000000000000000000000056
:104664000000000000000000000000000000000046
:104674000000000000000000000000000000000036
:104684000000000000000000000000000000000026
:104694000000000000000000000000000000000016
:1046A40000000000A0530000000000000000000013
:1046B40000000000FFFFFFFFFF1F000000000000DC
:1046C400000000001F0000000000000000000000C7
:1046D40000000000000000000000000000000000D6
:1046E40000000000000000000000000000000000C6
:1046F40000000000000000000000000000000000B6
:1047040000000000000000000000000000000000A5
:104714000000000000000000000000000000000095
:104724000000000000000000000000000000000085
:104734000000000000000000000000000000000075
:10474400000000007F000000602300200000000043
:104754000000000000000000000000000000000055
:104764000000000000000000000000000000000045
:104774000000000000000000000000000000000035
:104784000000000000000000000000000000000025
:104794000000000000000000000000000000000015
:1047A4000000000000000000000000000000000005
:1047B40000000000000000000000000000000000F5
:1047C40000000000000000000000000000000000E5
:1047D40000000000000000000000000000000000D5
:1047E40000000000000000000000000000000000C5
:1047F40000000000000000000000000000000000B5
:1048040000000000000000000000000000000000A4
:104814000000000000000000000000000000000094
:104824000000000000000000000000000000000084
:104834000000000000000000000000000000000074
:104844000000000000000000000000000000000064
:104854000000000000000000000000000000000054
:104864000000000000000000000000000000000044
:104874000000000000000000000000000000000034
:104884000000000000000000000000000000000024
:104894000000000000000000000000000000000014
:1048A4000000000000000000000000000000000004
:1048B40000000000000000000000000000000000F4
:1048C40000000000000000000000000000000000E4
:1048D40000000000000000000000000000000000D4
:1048E40000000000000000000000000000000000C4
:1048F4000000000000000000E118010000000000BA
:1049040065C1000000000000031901000000000060
:1049140000000000000000000000000000800040D3
:1049240000000000000000000C0000000000000077
:104934000000000000000000000000000000000073
:104944000000000000000000000000000000000063
:10495400000000000000000000FFFFFFFF1F000038
:10496400000000000000000000FF7F0000000000C5
:1049740000000000E5450100000000000001000007
:104984000000000000000000000000000000000023
:104994000000000000000000000000000000000013
:1049A40000000000B55301000000000000010000F9
:1049B40000000000000000000000000000000000F3
:1049C40000000000000000000000000000000000E3
:1049D40000000000796001000000000000010000F8
:1049E40000000000000000000000000000000000C3
:1049F40000000000000000000000000000000000B3
:104A040000000000154D010000000000000100003E
:104A14000000000000000000000000000000000092
:104A24000000000000000000000000000000000082
:104A3400000000005D3701000000000000010000DC
:104A44000000000000000000000000000000000062
:104A54000000000000000000000000000000000052
:104A640088130000000000000000000000000000A7
:104A74000000000000000000000000000000000032
:104A84000000000000000000000000000000000022
:104A94000000000000000000000000000000000012
:104AA4000000000000000000000000000000000002
:104AB40000000000000000000000000000000000F2
:104AC40000000000000000000000000000000000E2
:104AD40000000000000000000000000000000000D2
:104AE40000000000000000000000000000000000C2
:104AF40000000000000000000000000000000000B2
:104B040000000000000000000000000000000000A1
:104B14000000000000000000000000000000000091
:104B2400000000000000000011B0020000000000BE
:104B34000000000000000000000000000000000071
:104B44000000000000000000000000000000000061
:104B54000000000000000000000000000000000051
:104B64000000000000000000000000000000000041
:104B74000000000000000000000000000000000031
:104B84000000000000000000000000000000000021
:104B94000000000000000000000000000000000011
:104BA4000000000000000000000000000000000001
:104BB40000000000000000000000000000000000F1
:104BC40000000000000000000000000000000000E1
:104BD40046EE040000000000B938010000000000A7
:104BE40000000000000000005D5F01000300000001
:104BF4005D5F010083000000814C0100F94B01005E
:104C040000000000000000000000000000000000A0
:104C14000000000000000000C14901000000000085
:104C240000000000E5740100000000000000000026
:104C340030C204000000000000000000C14F010069
:104C4400000000000000000000000000A54F01006B
:104C54000000000000000000000000C1000000008F
:104C6400000000C100000000000000C100000000BE
:104C7400000000C100000000534B5550010000002B
:104C84000000000000000000000000000000000020
:104C94000000000000000000000000000000000010
:104CA4000000000000000000000000000000000000
:104CB40000000000000000000000000000000000F0
:104CC40000000000000000000000000000000000E0
:104CD40000000000000000000000000000000000D0
:104CE40000000000000000000000000000000000C0
:104CF40000000000000000000000000000000000B0
:104D0400000000000000000000000000000000009F
:104D1400000000000000000000000000000000008F
:104D2400000000000000000000000000000000007F
:104D3400000000000000000000000000000000006F
:104D4400000000000000000000000000000000005F
:104D5400000000000000000000000000000000004F
:104D6400000000000000000000000000000000003F
:104D7400000000000000000000000000000000002F
:104D8400000000000000000000000000000000001F
:104D9400000000000000000000000000000000000F
:104DA40000000000000000000000000000000000FF
:104DB40000000000000000000000000000000000EF
:104DC40000000000000000000000000000000000DF
:104DD40000000000000000000000000000000000CF
:104DE40000000000000000000000000000000000BF
:104DF40000000000000000000000000000000000AF
:104E0400000000000000000000000000000000009E
:104E1400000000000000000000000000000000008E
:104E2400000000000000000000000000000000007E
:104E3400000000000000000000000000000000006E
:104E4400000000000000000000000000000000005E
:104E5400000000000000000000000000000000004E
:104E6400000000000000000000000000000000003E
:104E7400000000000000000000000000000000002E
:104E84000000000053424B3201000000000000000B
:104E9400000000000000000000000000000000000E
:104EA40000000000000000000000000000000000FE
:104EB40000000000000000000000000000000000EE
:104EC40000000000000000000000000000000000DE
:104ED40000000000000000000000000000000000CE
:104EE40000000000000000000000000000000000BE
:104EF40000000000000000000000000000000000AE
:104F0400000000000000000000000000000000009D
:104F1400000000000000000000000000000000008D
:104F2400000000000000000000000000000000007D
:104F3400000000000000000000000000000000006D
:104F4400000000000000000000000000000000005D
:104F5400000000000000000000000000000000004D
:104F6400000000000000000000000000000000003D
:104F7400000000000000000000000000000000002D
:104F8400000000000000000000000000000000001D
:104F9400000000000000000000000000000000000D
:104FA40000000000000000000000000000000000FD
:104FB40000000000000000000000000000000000ED
:104FC40000000000000000000000000000000000DD
:104FD40000000000000000000000000000000000CD
:104FE40000000000000000000000000000000000BD
:104FF40000000000000000000000000000000000AD
:10500400000000000000000000000000000000009C
:10501400000000000000000000000000000000008C
:10502400000000000000000000000000000000007C
:10503400000000000000000000000000000000006C
:10504400000000000000000000000000000000005C
:10505400000000000000000000000000000000004C
:10506400000000000000000000000000000000003C
:10507400000000000000000000000000000000002C
:10508400000000000000000000000000000000001C
:10509400000000000000000000000000000000000C
:1050A40000000000000000000000000000000000FC
:1050B40000000000000000000000000000000000EC
:1050C40000000000000000000000000000000000DC
:1050D40000000000000000000000000000000000CC
:1050E40000000000000000000000000000000000BC
:1050F40000000000000000000000000000000000AC
:10510400000000000000000000000000000000009B
:10511400000000000000000000000000000000008B
:10512400000000000000000000000000000000007B
:10513400000000000000000000000000000000006B
:10514400000000000000000000000000000000005B
:10515400000000000000000000000000000000004B
:10516400000000000000000000000000000000003B
:10517400000000000000000000000000000000002B
:10518400000000000000000000000000000000001B
:10519400000000000000000000000000000000000B
:1051A40000000000000000000000000000000000FB
:1051B40000000000000000000000000000000000EB
:1051C40000000000000000000000000000000000DB
:1051D40000000000000000000000000000000000CB
:1051E40000000000000000000000000000000000BB
:1051F40000000000000000000000000000000000AB
:10520400000000000000000000000000000000009A
:10521400000000000000000000000000000000008A
:10522400000000000000000000000000000000007A
:10523400000000000000000000000000000000006A
:10524400000000000000000000000000000000005A
:10525400000000000000000000000000000000004A
:10526400000000000000000000000000000000003A
:10527400000000000000000000000000000000002A
:10528400000000000000000000000000000000001A
:1052940048465732010000000000000000000000F2
:1052A40000000000000000000000000000000000FA
:1052B40000000000000000000000000000000000EA
:1052C40000000000000000000000000000000000DA
:1052D40000000000000000000000000000000000CA
:1052E40000000000000000000000000000000000BA
:1052F40000000000000000000000000000000000AA
:105304000000000000000000000000000000000099
:105314000000000000000000000000000000000089
:105324000000000000000000000000000000000079
:105334000000000000000000000000000000000069
:105344000000000000000000000000000000000059
:105354000000000000000000000000000000000049
:105364000000000000000000000000000000000039
:105374000000000000000000000000000000000029
:105384000000000000000000000000000000000019
:105394000000000000000000000000000000000009
:1053A40000000000000000000000000000000000F9
:1053B40000000000000000000000000000000000E9
:1053C40000000000000000000000000000000000D9
:1053D40000000000000000000000000000000000C9
:1053E40000000000000000000000000000000000B9
:1053F40000000000000000000000000000000000A9
:105404000000000000000000000000000000000098
:105414000000000000000000000000000000000088
:105424000000000000000000000000000000000078
:105434000000000000000000000000000000000068
:105444000000000000000000000000000000000058
:105454000000000000000000000000000000000048
:105464000000000000000000000000000000000038
:105474000000000000000000000000000000000028
:105484000000000000000000000000000000000018
:105494000000000000000000000000000000000008
:1054A40000000000000000000000000000000000F8
:1054B40000000000000000000000000000000000E8
:1054C40000000000000000000000000000000000D8
:1054D40000000000000000000000000000000000C8
:1054E40000000000000000000000000000000000B8
:1054F40000000000000000000000000000000000A8
:105504000000000000000000000000000000000097
:105514000000000000000000000000000000000087
:105524000000000000000000000000000000000077
:105534000000000000000000000000000000000067
:105544000000000000000000000000000000000057
:105554000000000000000000000000000000000047
:105564000000000000000000000000000000000037
:105574000000000000000000000000000000000027
:105584000000000000000000000000000000000017
:105594000000000000000000000000000000000007
:1055A40000000000000000000000000000000000F7
:1055B40000000000000000000000000000000000E7
:1055C40000000000000000000000000000000000D7
:1055D40000000000000000000000000000000000C7
:1055E40000000000000000000000000000000000B7
:1055F40000000000000000000000000000000000A7
:105604000000000000000000000000000000000096
:105614000000000000000000000000000000000086
:105624000000000000000000000000000000000076
:105634000000000000000000000000000000000066
:105644000000000000000000000000000000000056
:105654000000000000000000000000000000000046
:105664000000000000000000000000000000000036
:105674000000000000000000000000000000000026
:105684000000000000000000000000000000000016
:105694000000000000000000000000000000000006
:1056A40000000000000000000000000000000000F6
:1056B40000000000000000000000000000000000E6
:1056C40000000000000000000000000000000000D6
:1056D40000000000000000000000000000000000C6
:1056E40000000000000000000000000000000000B6
:1056F40000000000000000000000000000000000A6
:105704000000000000000000000000000000000095
:105714000000000000000000000000000000000085
:105724000000000000000000000000000000000075
:105734000000000000000000000000000000000065
:105744000000000000000000000000000000000055
:105754000000000000000000000000000000000045
:105764000000000000000000000000000000000035
:105774000000000000000000000000000000000025
:105784000000000000000000000000000000000015
:105794000000000000000000000000000000000005
:1057A400963007772C610EEEBA51099919C46D072A
:1057B4008FF46A7035A563E9A395649E3288DB0E85
:1057C400A4B8DC791EE9D5E088D9D2972B4CB60968
:1057D400BD7CB17E072DB8E7911DBF906410B71D45
:1057E400F220B06A4871B9F3DE41BE847DD4DA1A7E
:1057F400EBE4DD6D51B5D4F4C785D38356986C13AF
:10580400C0A86B647AF962FDECC9658A4F5C011427
:10581400D96C0663633D0FFAF50D088DC8206E3B05
:105824005E10694CE44160D5727167A2D1E4033C17
:1058340047D4044BFD850DD26BB50AA5FAA8B5353E
:105844006C98B242D6C9BBDB40F9BCACE36CD8322D
:10585400755CDF45CF0DD6DC593DD1ABAC30D926D4
:105864003A00DE518051D7C81661D0BFB5F4B421D7
:1058740023C4B3569995BACF0FA5BDB89EB80228D4
:105884000888055FB2D90CC624E90BB1877C6F2F59
:10589400114C6858AB1D61C13D2D66B69041DC7654
:1058A4000671DB01BC20D2982A10D5EF8985B1712D
:1058B4001FB5B606A5E4BF9F33D4B8E8A2C90778DC
:1058C40034F9000F8EA8099618980EE1BB0D6A7F73
:1058D4002D3D6D08976C6491015C63E6F4516B6B2C
:1058E40062616C1CD83065854E0062F2ED95066CE1
:1058F4007BA5011BC1F4088257C40FF5C6D9B06556
:1059040050E9B712EAB8BE8B7C88B9FCDF1DDD62B2
:10591400492DDA15F37CD38C654CD4FB5861B24D18
:10592400CE51B53A7400BCA3E230BBD441A5DF4AE2
:10593400D795D83D6DC4D1A4FBF4D6D36AE96943A5
:10594400FCD96E34468867ADD0B860DA732D044450
:10595400E51D03335F4C0AAAC97C0DDD3C7105507B
:10596400AA41022710100BBE86200CC925B5685722
:10597400B3856F2009D466B99FE461CE0EF9DE5E6B
:1059840098C9D9292298D0B0B4A8D7C7173DB3591C
:10599400810DB42E3B5CBDB7AD6CBAC02083B8EDAD
:1059A400B6B3BF9A0CE2B6039AD2B1743947D5EABA
:1059B400AF77D29D1526DB048316DC73120B63E3E9
:1059C400843B64943E6A6D0DA85A6A7A0BCF0EE448
:1059D4009DFF099327AE000AB19E077D44930FF003
:1059E400D2A3088768F2011EFEC206695D5762F7FA
:1059F400CB67658071366C19E7066B6E761BD4FE37
:105A0400E02BD3895A7ADA10CC4ADD676FDFB9F913
:105A1400F9EFBE8E43BEB717D58EB060E8A3D6D6D5
:105A24007E93D1A1C4C2D83852F2DF4FF167BBD103
:105A34006757BCA6DD06B53F4B36B248DA2B0DD806
:105A44004C1B0AAFF64A0336607A0441C3EF60DFA9
:105A540055DF67A8EF8E6E3179BE69468CB361CB92
:105A64001A8366BCA0D26F2536E2685295770CCCB7
:105A740003470BBBB91602222F260555BE3BBAC5F8
:105A8400280BBDB2925AB42B046AB35CA7FFD7C2E9
:105A940031CFD0B58B9ED92C1DAEDE5BB0C2649BDA
:105AA40026F263EC9CA36A750A936D02A906099C0D
:105AB4003F360EEB8567077213570005824ABF9580
:105AC400147AB8E2AE2BB17B381BB60C9B8ED29203
:105AD4000DBED5E5B7EFDC7C21DFDB0BD4D2D3865A
:105AE40042E2D4F1F8B3DD686E83DA1FCD16BE81CD
:105AF4005B26B9F6E177B06F7747B718E65A08889E
:105B0400706A0FFFCA3B06665C0B0111FF9E658F2E
:105B140069AE62F8D3FF6B6145CF6C1678E20AA0D8
:105B2400EED20DD75483044EC2B30339612667A75E
:105B3400F71660D04D476949DB776E3E4A6AD1AEAD
:105B4400DC5AD6D9660BDF40F03BD83753AEBCA93C
:105B5400C59EBBDE7FCFB247E9FFB5301CF2BDBDA9
:105B64008AC2BACA3093B353A6A3B4240536D0BAB2
:105B74009306D7CD2957DE54BF67D9232E7A66B34F
:105B8400B84A61C4021B685D942B6F2A37BE0BB4FC
:105B9400A18E0CC31BDF055A8DEF022D400D0300AF
:105BA40040420F000D000900110009000100090026
:105BB40007000900020009000500090003000900AC
:105BC4000600090004000900080009000500090096
:105BD4000D000900060009000E0009000900090073
:105BE400040009000A000900030009000B00090071
:105BF4000F0009000C000900100009003300010027
:105C0400C500020034000100C40002000100F9FFD5
:105C14000B0009000200F9FF0C0009000300F9FF62
:105C2400090009000400F9FF0A0009000100090045
:105C34000400090002000900010009000300090032
:105C4400020009000400090005000900050009001C
:105C54000700090006000900080009000700090000
:105C640014000900080009001300090009000900D4
:105C74000B0009000A0009000C0009000B000900D0
:105C84000E0009000C0009000F0009000E000900B5
:105C9400120009000F00090011000900330001007F
:105CA400C500020034000100C40002005146040093
:105CB40035510400A8C60400BD66020000000000BF
:105CC40057580400000000003B580400FFFFFFFF8A
:105CD400C97302000000000000000000EC1C00205A
:105CE4003A000000001D00203A000000C41C0020FF
:105CF4003A000000501D00203A0000005D620400DC
:105D0400576204000000000031920200000000000D
:105D1400000000000000000000000000000000007F
:105D2400000400009C0500200000000000000000AA
:105D3400000000000000000000000000000000005F
:105D4400000000000000000000000000000000004F
:105D5400000000000000000000000000000000003F
:105D6400000000000000000000000000000000002F
:105D7400000000000000000000000000000000001F
:105D8400000000000000000000000000000000000F
:105D940000000000000000000000000000000000FF
:105DA40000000000000000000000000000000000EF
:105DB40000000000000000000000000000000000DF
:105DC40000000000000000000000000000000000CF
:105DD40000000000000000000000000000000000BF
:105DE400E19A02000000000000000000DC1700201F
:105DF400DC17002000000000000000001DDA020093
:105E04008DE60200ED7504000000000000000000B3
:105E140019DD0200C7710400BD7204007DD60200C2
:105E2400000000000000000000000000000000006E
:105E340000000000F90E0300000000000000000054
:105E44009C1A002000000200A81A002000000A008A
:105E5400B81A00200000200000000000000000002C
:105E6400000000000000000000000000000000002E
:105E7400000000000000000000000000000000001E
:105E8400000000000000000000000000000000000E
:105E940000000000000000000000000000000000FE
:105EA40000000000000000000000000000000000EE
:105EB4002B7C040000000000CC1A0020000002002B
:105EC400D81A002000000200792803000000000016
:105ED400E538030080000000C13703000000000023
:105EE400E538030080000000C13703000000000013
:105EF4000000000000C201000001030000000000D7
:105F040098F7002097F70020000000000000000030
:105F140000C2010000010300000000009AF7002005
:105F240099F70020000000000090D003000000005A
:105F3400000000000000000000000000000000005D
:105F4400000000000000000000000000000000004D
:105F5400000000000000000000000000000000003D
:105F6400000000000000000000000000000000002D
:105F7400000000000000000000000000000000001D
:105F8400000000000000000000000000000000000D
:105F9400000000000000000000000000FF000000FE
:105FA4000000000000000000FFFF01009C19002019
:105FB4009C190020A4190020A4190020B019002065
:105FC40000000000A8D6040088D6040068D60400A7
:105FD40000000000000000000000000000000000BD
:105FE40000000000000000000000000000000000AD
:105FF400000000000000000000000000000000009D
:10600400000000000000000000000000000000008C
:10601400000000000000000000000000000000007C
:1060240000000000F1D50300CCC600203A00003A7D
:10603400B5D7030001D7030035D703007DD703008C
:10604400541A0020181A00204C1A002000000000E6
:10605400441A0020D0C600203A00003AD4C60020DA
:106064003A00003AD8C600203A00003AFCC90020A1
:10607400341A0020401A0020381A0020301A002058
:10608400681A0020F1E50300FDE5030009E60300BA
:10609400060006002C009001FFFFFFFFFFFFFFFF3B
:1060A400008000800080008000002A2B00002A2B42
:1060B400000003280000292B0000292B00000328DE
:1060C400000002290000052A0000052A0000032818
:1060D40000000118000000280000012A0000012A25
:1060E400000003280000002A0000002A0000032802
:1060F4000000001800000028530501030101FF659A
:10610400000000000000000000000000000000008B
:10611400000000000000000000000000000000007B
:10612400000000000000000000000000000000006B
:1061340000000000000000000000000000000065F6
:10614400000000000000000000000000000000004B
:10615400000000000000000000000000000000003B
:10616400000000000000000000000000000000002B
:10617400000000000000000000000000000000011A
:0261840001FF19
:106186000000000000000000000000000000000009
:0661960000000000000003
:10619C0000000000000000000000000000000000F3
:1061AC0000000000000000000000000000000000E3
:1061BC0000000000000000000000000000000000D3
:1061CC0000000000000000000000000000000000C3
:0461DC0000000000BF
:0461E00000000000BB
:1061E400D01B0020D01B002000000000080000008D
:1061F40030000000783A0220000000000000000097
:10620400F01B0020F01B0020000000002000000014
:106214005C00000090EF012000000000000000007E
:10622400101C0020101C00200000000008000000CA
:10623400F8000000409B0120000000000000000066
:10624400301C0020301C0020000000004000000032
:1062540014000000983E022000000000000000002E
:10626400501C0020501C00200000000018000000FA
:106274001C000000F83B02200000000000000000A9
:106284000000000000A30120004000000000000006
:08629400000000000000000002
:10629C00881C0020881C002000000000000000006A
:1062AC000E0000009C1C00209C1C00200000000024
:1062BC00000000000E000000B01C0020B01C0020EC
:1062CC0000000000000000000E000000C41C0020B4
:1062DC00C41C002000000000000000000E000000A4
:1062EC00D81C0020D81C002000000000000000007A
:1062FC000E000000EC1C0020EC1C00200000000034
:10630C00000000000E000000001D0020001D0020F9
:10631C0000000000000000000E000000141D002012
:10632C00141D002000000000000000000E00000002
:10633C00281D0020281D0020000000000000000087
:10634C000E0000003C1D00203C1D00200000000041
:10635C00000000000E000000501D0020501D002009
:10636C0000000000000000000E000000641D002072
:10637C00641D002000000000000000000E00000062
:10638C00781D0020781D0020000000000402000091
:10639C000200000048E7012050EB012048E70120F3
:1063AC0048E7012000000000A01D0020A01D0020D7
:1063BC0000000000AC1D0020AC1D002000000000FF
:1063CC00010000000800000020E7012028E7012060
:1063DC0020E7012020E7012000000000D41D002050
:1063EC00D41D002000000000E01D0020E01D002056
:1063FC0000000000040000000800000028E7012055
:10640C0048E7012028E7012028E7012000000000D0
:10641C00081E0020081E002000000000141E002092
:10642C00141E0020000000004400000010000000BA
:10643C0050EB012090EF012050EB012050EB01209C
:10644C00000000003C1E00203C1E0020000000004C
:10645C00481E0020481E00200000000044000000E0
:10646C000800000000E5012020E7012000E50120E4
:10647C0000E5012000000000701E0020701E0020AE
:10648C00000000007C1E00207C1E0020000000008C
:10649C00400000000800000000E3012000E501209E
:1064AC0000E3012000E3012000000000A41E0020F6
:0864BC00A41E002000000000F6
:1064C400B01E0020B01E00200000000001000000EB
:1064D400C01E0020C01E0020C81E0020C81E0020B0
:1064E4000000000001000000D81E0020D81E00207B
:1064F400E01E0020E01E002001000000010000005A
:10650400F01E0020F01E0020F81E0020F81E0020BF
:106514000100000001000000081F0020081F0020E7
:10652400101F0020101F00200100000001000000C7
:08653400201F0020201F0020A1
:10653C00000000000000000000000000341F0020DC
:10654C00341F00203C1F00203C1F002000000000D6
:10655C000000000000000000501F0020501F002011
:10656C00581F0020581F00200000000000000000F1
:10657C00000000006C1F00206C1F0020741F002006
:04658C00741F002058
:10659000000000000000000000000000881F002034
:1065A000881F0020901F0020901F0020000018006E
:1065B0001800040000000000A4C8040038380220BD
:1065C000000000000000000000000000B81F0020D4
:1065D000B81F0020C01F0020C01F002000000300C3
:1065E000030008000000000060C70400201602201D
:1065F000000000000000000000000000E81F002074
:10660000E81F0020F01F0020F01F002000000800FD
:10661000080008000000000094C80400701F022059
:106620000000000000000000000000001820002012
:106630001820002020200020202000200000020040
:10664000020008000000000060C80400401702209B
:1066500000000000000000000000000048200020B2
:10666000482000205020002050200020000018006A
:10667000180008000000000050C70400F8120220B3
:106680000000000000000000000000007820002052
:1066900078200020802000208020002000000100C1
:1066A000010008000000000070C7040098160220D6
:1066B0001201000200000040FECAF2BA0203010209
:1066C000030109020000000100A0320904000001DA
:1066D00003000000092110010001220000070580CD
:1066E0000340000107050003400001090400000108
:1066F00003000000092110010001220000070580AD
:1067000003400001070500034000010904000002E6
:10671000FF00000007050303400001070583034055
:1067200000010403090412036E5246353238343036
:1067300000000000000000002E034849442052657C
:106740006D617070657220426C7565746F6F7468EE
:106750000000000000000000000000000000000039
:106760000000000000002203303132333435363768
:106770003839414243444546000000000000000013
:0A678000000000000000000000000F
:02678A00FFFF0F
:10678C0000000000B7200020F58B0400493A0300FC
:10679C001D39030000000000F9370300020000005F
:1067AC00D018002000000000D7200020F58B04003A
:1067BC00493A03001D39030000000000F9370300BB
:1067CC0002000000C018002000000000F72000208C
:1067DC00A52F01000000000000000000D5FF030001
:0C67EC000000000002000000D8050020A2
:0467F80015E015E0B3
:0400000320008D2D1F
:00000001FF
