*** Booting Zephyr OS build c0689b16ff12 ***
usbdesc 000: 12 01 00 02 ef 02 01 40 7e 05 69 20 01 02 01 02
[0usbdesc 010: 03 01 09 02 00 00 00 01 00 a0 32 08 0b 00 01 03
usbdesc 020: 00 00 00 09 04 00 00 02 03 00 00 00 09 21 10 01
usbdesc 030: 00 01 22 73 00 07 05 81 03 40 00 04 07 05 01 03
usbdesc 040: 40 00 04 08 0b 01 01 ff 00 00 00 09 04 01 00 02
usbdesc 050: ff 00 00 00 07 05 02 02 40 00 00 07 05 82 02 40
0:00:00.000,305]usbdesc 060: 00 00 08 0b 02 03 01 01 00 00 09 04 02 00 00 01
 [1;31m<err> usb_descriptor: usb_fix_descriptor: Failed usbdesc 070: 01 00 00 0a 24 01 00 01 47 00 02 03 04 0c 24 02
to validate endpoints[0m
[00:00:00.000,335] [1;31m<usbdesc 080: 01 01 01 00 02 03 00 00 00 0a 24 06 02 01 01 03
err> usb_descriptor: usb_get_device_descriptor: Failed to usbdesc 090: 00 00 00 09 24 03 03 02 03 00 02 00 0c 24 02 04
fixup USB descriptor[0m
[00:00:00.000,335] [1;31m<eusbdesc 0a0: 01 02 00 01 00 00 00 00 09 24 06 05 04 01 03 00
rr> usb_device: usb_device_init: Failed to configure USB usbdesc 0b0: 00 09 24 03 06 01 01 00 05 00 09 04 03 00 00 01
device stack[0m
[00:00:00.004,272] [0m<inf> remapperusbdesc 0c0: 02 00 00 09 04 04 00 00 01 02 00 00 04 03 09 04
: main: HID Remapper Bluetooth[0m
[00:00:00.011,840] usbdesc 0d0: 12 03 4e 69 6e 74 65 6e 64 6f 00 00 00 00 00 00
[0m<inf> fs_nvs: nvs_mount: 8 Sectors of 4096 bytes[0m
usbdesc 0e0: 00 00 30 03 53 77 69 74 63 68 20 32 20 50 72 6f
[00:00:00.011,840] [0m<inf> fs_nvs: nvs_mount: alloc usbdesc 0f0: 20 43 6f 6e 74 72 6f 6c 6c 65 72 00 00 00 00 00
wra: 0, fe8[0m
[00:00:00.011,840] [0m<inf> fs_nvs:usbdesc 100: 00 00 00 00 00 00 00 00 00 00 00 00 00 00 00 00
 nvs_mount: data wra: 0, 0[0m
[00:00usbdesc 110: 00 00 22 03 30 31 32 33 34 35 36 37 38 39 41 42
:00.012,054] [0m<inf> sdc_hci_driver: hci_driver_open: SoftDevice Controller build revision: 
                                         6d 90 41 2a 38 e8 ad 17  29 a5 03 38 39 27 d7 85 |m.A*8... )..89'..
                                         1f 85 d8 e1                                      |....             [0m
[00:00:00.014,495] [0m<inf> bt_hci_core: hci_vs_init: HW Platform: Nordic Semiconductor (0x0002)[0m
[00:00:00.014,526] [0m<inf> bt_hci_core: hci_vs_init: HW Variant: nRF52x (0x0002)[0m
[00:00:00.014,556] [0m<inf> bt_hci_core: hci_vs_init: Firmware: Standard Bluetooth controller (0x00) Version 109.16784 Build 2917677098[0m
[00:00:00.015,075] [0m<inf> bt_hci_core: bt_init: No ID address. App must call settings_load()[0m
[00:00:00.015,594] [0m<inf> bt_hci_core: bt_dev_show_info: Identity: C6:5F:36:95:D7:F9 (random)[0m
[00:00:00.015,625] [0m<inf> bt_hci_core: bt_dev_show_info: HCI: version 5.3 (0x0c) revision 0x11fa, manufacturer 0x0059[0m
[00:00:00.015,655] [0m<inf> bt_hci_core: bt_dev_show_info: LMP: version 5.3 (0x0c) subver 0x11fa[0m
[00:00:00.015,686] [0m<inf> remapper: switch2_flight_dump_saved: switch2_flight dump count=0 next_seq=0 wrapped=0[0m
[00:00:00.015,716] [0m<inf> remapper: main: Switch 2 console USB build: forcing Switch 2 Pro descriptor[0m
[00:00:00.016,876] [0m<inf> usb_hid: hid_do_status_cb: Device connected[0m
[00:00:00.019,989] [0m<inf> usb_hid: hid_do_status_cb: Device suspended[0m
[00:00:00.121,459] [0m<inf> usb_hid: hid_do_status_cb: Device resumed[0m
[00:00:00.121,490] [0m<inf> usb_hid: hid_do_status_cb: from suspend[0m
[00:00:00.121,520] [0m<inf> usb_hid: hid_do_status_cb: Device reset detected[0m
[00:00:00.192,993] [0m<inf> usb_hid: hid_do_status_cb: Device reset detected[0m
[00:00:00.213,928] [0m<inf> remapper: switch_pro_log_stats: switch_pro_stats enabled=0 report_q=0/0 response_q=0/0 out_q=0 out_overflows=0 ble=0 ble_drop=0 host=0 host_drop=0 set=0 translated=0 mapped=0/0 heartbeat=0/0 response=0/0 response_drop=0 rumble=0/0 fail=0 busy=0 buttons=00 00 00[0m
[1;31m--- 5 messages dropped ---
[0m[00:00:00.251,251] [1;31m<err> remapper: switch_pro_send_input_heartbeat: hid_int_ep_write(hid_dev0, switch_pro_current_input, sizeof(switch_pro_current_input), NULL) returned -11 (../src/main.cc:1508)[0m
[1;31m--- 9 messages dropped ---
[0m[00:00:00.288,055] [1;33m<wrn> usb_hid: hid_int_ep_write: Device is not configured[0m
[1;31m--- 8 messages dropped ---
[0m[00:00:00.320,220] [1;33m<wrn> usb_hid: hid_int_ep_write: Device is not configured[0m
[1;31m--- 5 messages dropped ---
[0m[00:00:00.335,968] [1;31m<err> remapper: switch_pro_send_input_heartbeat: hid_int_ep_write(hid_dev0, switch_pro_current_input, sizeof(switch_pro_current_input), NULL) returned -11 (../src/main.cc:1508)[0m
[1;31m--- 9 messages dropped ---
[0m[00:00:00.375,030] [1;31m<err> remapper: switch_pro_send_input_heartbeat: hid_int_ep_write(hid_dev0, switch_pro_current_input, sizeof(switch_pro_current_input), NULL) returned -11 (../src/main.cc:1508)[0m
[1;31m--- 10 messages dropped ---
[0m[00:00:00.415,069] [1;31m<err> remapper: switch_pro_send_input_heartbeat: hid_int_ep_write(hid_dev0, switch_pro_current_input, sizeof(switch_pro_current_input), NULL) returned -11 (../src/main.cc:1508)[0m
[1;31m--- 10 messages dropped ---
[0m[00:00:00.455,047] [1;31m<err> remapper: switch_pro_send_input_heartbeat: hid_int_ep_write(hid_dev0, switch_pro_current_input, sizeof(switch_pro_current_input), NULL) returned -11 (../src/main.cc:1508)[0m
[1;31m--- 12 messages dropped ---
[0m[00:00:00.494,110] [1;33m<wrn> usb_hid: hid_int_ep_write: Device is not configured[0m
[1;31m--- 5 messages dropped ---
[0m[00:00:00.526,092] [1;33m<wrn> usb_hid: hid_int_ep_write: Device is not configured[0m
[1;31m--- 4 messages dropped ---
[0m[00:00:00.534,210] [1;33m<wrn> usb_hid: hid_int_ep_write: Device is not configured[0m
[1;31m--- 2 messages dropped ---
[0m[00:00:00.542,266] [1;31m<err> remapper: switch_pro_send_input_heartbeat: hid_int_ep_write(hid_dev0, switch_pro_current_input, sizeof(switch_pro_current_input), NULL) returned -11 (../src/main.cc:1508)[0m
[1;31m--- 11 messages dropped ---
[0m[00:00:00.590,118] [1;33m<wrn> usb_hid: hid_int_ep_write: Device is not configured[0m
[1;31m--- 3 messages dropped ---
[0m[00:00:00.600,219] [0m<inf> remapper: switch_pro_log_stats: switch_pro_stats enabled=0 report_q=0/0 response_q=0/0 out_q=0 out_overflows=0 ble=0 ble_drop=0 host=0 host_drop=0 set=0 translated=0 mapped=0/1 heartbeat=0/47 response=0/0 response_drop=0 rumble=0/0 fail=0 busy=0 buttons=00 00 00[0m
[1;31m--- 11 messages dropped ---
[0m[00:00:00.653,137] [1;31m<err> remapper: switch_pro_send_input_heartbeat: hid_int_ep_write(hid_dev0, switch_pro_current_input, sizeof(switch_pro_current_input), NULL) returned -11 (../src/main.cc:1508)[0m
[1;31m--- 8 messages dropped ---
[0m[00:00:00.677,215] [1;33m<wrn> usb_hid: hid_int_ep_write: Device is not configured[0m
[1;31m--- 4 messages dropped ---
[0m[00:00:00.701,110] [1;33m<wrn> usb_hid: hid_int_ep_write: Device is not configured[0m
[1;31m--- 9 messages dropped ---
[0m[00:00:00.733,062] [1;33m<wrn> usb_hid: hid_int_ep_write: Device is not configured[0m
[1;31m--- 4 messages dropped ---
[0m[00:00:00.749,206] [1;33m<wrn> usb_hid: hid_int_ep_write: Device is not configured[0m
[1;31m--- 3 messages dropped ---
[0m[00:00:00.764,465] [0m<inf> usb_hid: hid_do_status_cb: Device reset detected[0m
[1;31m--- 3 messages dropped ---
[0m[00:00:00.780,090] [1;31m<err> remapper: switch_pro_send_input_heartbeat: hid_int_ep_write(hid_dev0, switch_pro_current_input, sizeof(switch_pro_current_input), NULL) returned -11 (../src/main.cc:1508)[0m
[1;31m--- 7 messages dropped ---
[0m[00:00:00.812,072] [1;31m<err> remapper: switch_pro_send_input_heartbeat: hid_int_ep_write(hid_dev0, switch_pro_current_input, sizeof(switch_pro_current_input), NULL) returned -11 (../src/main.cc:1508)[0m
[1;31m--- 6 messages dropped ---
[0m[00:00:00.835,937] [1;33m<wrn> usb_hid: hid_int_ep_write: Device is not configured[0m
[1;31m--- 6 messages dropped ---
[0m[00:00:00.851,135] [1;31m<err> remapper: switch_pro_send_input_heartbeat: hid_int_ep_write(hid_dev0, switch_pro_current_input, sizeof(switch_pro_current_input), NULL) returned -11 (../src/main.cc:1508)[0m
[1;31m--- 4 messages dropped ---
[0m[00:00:00.875,061] [1;33m<wrn> usb_hid: hid_int_ep_write: Device is not configured[0m
[1;31m--- 4 messages dropped ---
[0m[00:00:00.907,348] [0m<inf> usb_hid: hid_do_status_cb: Device reset detected[0m
[1;31m--- 6 messages dropped ---
[0m[00:00:00.915,039] [1;33m<wrn> usb_hid: hid_int_ep_write: Device is not configured[0m
[1;31m--- 5 messages dropped ---
[0m[00:00:00.939,056] [1;31m<err> remapper: switch_pro_send_input_heartbeat: hid_int_ep_write(hid_dev0, switch_pro_current_input, sizeof(switch_pro_current_input), NULL) returned -11 (../src/main.cc:1508)[0m
[1;31m--- 7 messages dropped ---
[0m[00:00:00.979,064] [1;33m<wrn> usb_hid: hid_int_ep_write: Device is not configured[0m
[1;31m--- 2 messages dropped ---
[0m[00:00:00.987,182] [1;31m<err> remapper: switch_pro_send_input_heartbeat: hid_int_ep_write(hid_dev0, switch_pro_current_input, sizeof(switch_pro_current_input), NULL) returned -11 (../src/main.cc:1508)[0m
[1;31m--- 8 messages dropped ---
[0m[00:00:01.019,012] [1;33m<wrn> usb_hid: hid_int_ep_write: Device is not configured[0m
[1;31m--- 3 messages dropped ---
[0m[00:00:01.035,278] [1;31m<err> remapper: switch_pro_send_input_heartbeat: hid_int_ep_write(hid_dev0, switch_pro_current_input, sizeof(switch_pro_current_input), NULL) returned -11 (../src/main.cc:1508)[0m
[1;31m--- 8 messages dropped ---
[0m[00:00:01.074,035] [1;33m<wrn> usb_hid: hid_int_ep_write: Device is not configured[0m
[1;31m--- 3 messages dropped ---
[0m[00:00:01.090,026] [1;33m<wrn> usb_hid: hid_int_ep_write: Device is not configured[0m
[1;31m--- 6 messages dropped ---
[0m[00:00:01.106,231] [1;33m<wrn> usb_hid: hid_int_ep_write: Device is not configured[0m
[1;31m--- 1 messages dropped ---
[0m[00:00:01.121,887] [0m<inf> usb_hid: hid_do_status_cb: Device reset detected[0m
[1;31m--- 4 messages dropped ---
[0m[00:00:01.129,119] [1;33m<wrn> usb_hid: hid_int_ep_write: Device is not configured[0m
[1;31m--- 5 messages dropped ---
[0m[00:00:01.161,102] [1;33m<wrn> usb_hid: hid_int_ep_write: Device is not configured[0m
[1;31m--- 5 messages dropped ---
[0m[00:00:01.172,241] [0m<inf> remapper: switch_pro_log_stats: switch_pro_stats enabled=0 report_q=0/0 response_q=0/0 out_q=0 out_overflows=0 ble=0 ble_drop=0 host=0 host_drop=0 set=0 translated=0 mapped=0/1 heartbeat=0/117 response=0/0 response_drop=0 rumble=0/0 fail=0 busy=0 buttons=00 00 00[0m
[1;31m--- 9 messages dropped ---
[0m[00:00:01.214,569] [0m<inf> remapper: scan_start: Scanning started.[0m
[1;31m--- 3 messages dropped ---
[0m[00:00:01.225,250] [1;31m<err> remapper: switch_pro_send_input_heartbeat: hid_int_ep_write(hid_dev0, switch_pro_current_input, sizeof(switch_pro_current_input), NULL) returned -11 (../src/main.cc:1508)[0m
[1;31m--- 10 messages dropped ---
[0m[00:00:01.273,223] [1;33m<wrn> usb_hid: hid_int_ep_write: Device is not configured[0m
[1;31m--- 4 messages dropped ---
[0m[00:00:01.281,341] [1;31m<err> remapper: switch_pro_send_input_heartbeat: hid_int_ep_write(hid_dev0, switch_pro_current_input, sizeof(switch_pro_current_input), NULL) returned -11 (../src/main.cc:1508)[0m
[1;31m--- 7 messages dropped ---
[0m[00:00:01.321,258] [1;31m<err> remapper: switch_pro_send_input_heartbeat: hid_int_ep_write(hid_dev0, switch_pro_current_input, sizeof(switch_pro_current_input), NULL) returned -11 (../src/main.cc:1508)[0m
[1;31m--- 9 messages dropped ---
[0m[00:00:01.361,267] [1;31m<err> remapper: switch_pro_send_input_heartbeat: hid_int_ep_write(hid_dev0, switch_pro_current_input, sizeof(switch_pro_current_input), NULL) returned -11 (../src/main.cc:1508)[0m
[1;31m--- 5 messages dropped ---
[0m[00:00:01.377,258] [1;31m<err> remapper: switch_pro_send_input_heartbeat: hid_int_ep_write(hid_dev0, switch_pro_current_input, sizeof(switch_pro_current_input), NULL) returned -11 (../src/main.cc:1508)[0m
[1;31m--- 8 messages dropped ---
[0m[00:00:01.417,266] [1;31m<err> remapper: switch_pro_send_input_heartbeat: hid_int_ep_write(hid_dev0, switch_pro_current_input, sizeof(switch_pro_current_input), NULL) returned -11 (../src/main.cc:1508)[0m
[1;31m--- 7 messages dropped ---
[0m[00:00:01.449,218] [1;33m<wrn> usb_hid: hid_int_ep_write: Device is not configured[0m
[1;31m--- 4 messages dropped ---
[0m[00:00:01.473,266] [1;31m<err> remapper: switch_pro_send_input_heartbeat: hid_int_ep_write(hid_dev0, switch_pro_current_input, sizeof(switch_pro_current_input), NULL) returned -11 (../src/main.cc:1508)[0m
[1;31m--- 6 messages dropped ---
[0m[00:00:01.505,218] [1;33m<wrn> usb_hid: hid_int_ep_write: Device is not configured[0m
[1;31m--- 7 messages dropped ---
[0m[00:00:01.529,052] [1;33m<wrn> usb_hid: hid_int_ep_write: Device is not configured[0m
[1;31m--- 3 messages dropped ---
[0m[00:00:01.553,222] [1;33m<wrn> usb_hid: hid_int_ep_write: Device is not configured[0m
[1;31m--- 3 messages dropped ---
[0m[00:00:01.561,279] [1;31m<err> remapper: switch_pro_send_input_heartbeat: hid_int_ep_write(hid_dev0, switch_pro_current_input, sizeof(switch_pro_current_input), NULL) returned -11 (../src/main.cc:1508)[0m
[1;31m--- 10 messages dropped ---
[0m[00:00:01.609,222] [1;33m<wrn> usb_hid: hid_int_ep_write: Device is not configured[0m
[1;31m--- 3 messages dropped ---
[0m[00:00:01.617,279] [1;31m<err> remapper: switch_pro_send_input_heartbeat: hid_int_ep_write(hid_dev0, switch_pro_current_input, sizeof(switch_pro_current_input), NULL) returned -11 (../src/main.cc:1508)[0m
[1;31m--- 8 messages dropped ---
[0m[00:00:01.665,222] [1;33m<wrn> usb_hid: hid_int_ep_write: Device is not configured[0m
[1;31m--- 7 messages dropped ---
[0m[00:00:01.697,235] [1;33m<wrn> usb_hid: hid_int_ep_write: Device is not configured[0m
[1;31m--- 2 messages dropped ---
[0m[00:00:01.705,200] [1;33m<wrn> usb_hid: hid_int_ep_write: Device is not configured[0m
[1;31m--- 4 messages dropped ---
[0m[00:00:01.757,293] [1;33m<wrn> usb_hid: hid_int_ep_write: Device is not configured[0m
[1;31m--- 5 messages dropped ---
[0m[00:00:01.781,219] [1;33m<wrn> usb_hid: hid_int_ep_write: Device is not configured[0m
[1;31m--- 4 messages dropped ---
[0m[00:00:01.797,271] [1;31m<err> remapper: switch_pro_send_input_heartbeat: hid_int_ep_write(hid_dev0, switch_pro_current_input, sizeof(switch_pro_current_input), NULL) returned -11 (../src/main.cc:1508)[0m
[1;31m--- 9 messages dropped ---
[0m[00:00:01.829,254] [1;31m<err> remapper: switch_pro_send_input_heartbeat: hid_int_ep_write(hid_dev0, switch_pro_current_input, sizeof(switch_pro_current_input), NULL) returned -11 (../src/main.cc:1508)[0m
[1;31m--- 10 messages dropped ---
[0m[00:00:01.877,319] [1;33m<wrn> usb_hid: hid_int_ep_write: Device is not configured[0m
[1;31m--- 4 messages dropped ---
[0m[00:00:01.901,214] [1;33m<wrn> usb_hid: hid_int_ep_write: Device is not configured[0m
[1;31m--- 4 messages dropped ---
[0m[00:00:01.917,266] [1;31m<err> remapper: switch_pro_send_input_heartbeat: hid_int_ep_write(hid_dev0, switch_pro_current_input, sizeof(switch_pro_current_input), NULL) returned -11 (../src/main.cc:1508)[0m
[1;31m--- 7 messages dropped ---
[0m[00:00:01.957,214] [1;33m<wrn> usb_hid: hid_int_ep_write: Device is not configured[0m
[1;31m--- 5 messages dropped ---
[0m[00:00:01.973,266] [1;31m<err> remapper: switch_pro_send_input_heartbeat: hid_int_ep_write(hid_dev0, switch_pro_current_input, sizeof(switch_pro_current_input), NULL) returned -11 (../src/main.cc:1508)[0m
[1;31m--- 7 messages dropped ---
[0m[00:00:02.013,183] [1;33m<wrn> usb_hid: hid_int_ep_write: Device is not configured[0m
[1;31m--- 6 messages dropped ---
[0m[00:00:02.029,205] [1;33m<wrn> usb_hid: hid_int_ep_write: Device is not configured[0m
[1;31m--- 4 messages dropped ---
[0m[00:00:02.053,253] [1;31m<err> remapper: switch_pro_send_input_heartbeat: hid_int_ep_write(hid_dev0, switch_pro_current_input, sizeof(switch_pro_current_input), NULL) returned -11 (../src/main.cc:1508)[0m
[1;31m--- 9 messages dropped ---
[0m[00:00:02.093,231] [1;33m<wrn> usb_hid: hid_int_ep_write: Device is not configured[0m
[1;31m--- 3 messages dropped ---
[0m[00:00:02.109,252] [1;31m<err> remapper: switch_pro_send_input_heartbeat: hid_int_ep_write(hid_dev0, switch_pro_current_input, sizeof(switch_pro_current_input), NULL) returned -11 (../src/main.cc:1508)[0m
[1;31m--- 8 messages dropped ---
[0m[00:00:02.141,204] [1;33m<wrn> usb_hid: hid_int_ep_write: Device is not configured[0m
[00:00:02.141,265] [1;31m<err> remapper: switch_pro_send_input_heartbeat: hid_int_ep_write(hid_dev0, switch_pro_current_input, sizeof(switch_pro_current_input), NULL) returned -11 (../src/main.cc:1508)[0m
[00:00:02.149,230] [1;33m<wrn> usb_hid: hid_int_ep_write: Device is not configured[0m
[00:00:02.149,261] [1;31m<err> remapper: switch_pro_send_input_heartbeat: hid_int_ep_write(hid_dev0, switch_pro_current_input, sizeof(switch_pro_current_input), NULL) returned -11 (../src/main.cc:1508)[0m
[1;31m--- 4 messages dropped ---
[0m[00:00:02.173,217] [1;33m<wrn> usb_hid: hid_int_ep_write: Device is not configured[0m
[1;31m--- 5 messages dropped ---
[0m[00:00:02.197,265] [1;31m<err> remapper: switch_pro_send_input_heartbeat: hid_int_ep_write(hid_dev0, switch_pro_current_input, sizeof(switch_pro_current_input), NULL) returned -11 (../src/main.cc:1508)[0m
[1;31m--- 8 messages dropped ---
[0m[00:00:02.229,217] [1;33m<wrn> usb_hid: hid_int_ep_write: Device is not configured[0m
[1;31m--- 4 messages dropped ---
[0m[00:00:02.253,204] [1;33m<wrn> usb_hid: hid_int_ep_write: Device is not configured[0m
[1;31m--- 6 messages dropped ---
[0m[00:00:02.277,221] [1;33m<wrn> usb_hid: hid_int_ep_write: Device is not configured[0m
[1;31m--- 3 messages dropped ---
[0m[00:00:02.301,208] [1;33m<wrn> usb_hid: hid_int_ep_write: Device is not configured[0m
[1;31m--- 4 messages dropped ---
[0m[00:00:02.309,265] [1;31m<err> remapper: switch_pro_send_input_heartbeat: hid_int_ep_write(hid_dev0, switch_pro_current_input, sizeof(switch_pro_current_input), NULL) returned -11 (../src/main.cc:1508)[0m
[1;31m--- 8 messages dropped ---
[0m[00:00:02.357,208] [1;33m<wrn> usb_hid: hid_int_ep_write: Device is not configured[0m
[1;31m--- 5 messages dropped ---
[0m[00:00:02.373,229] [1;33m<wrn> usb_hid: hid_int_ep_write: Device is not configured[0m
[1;31m--- 2 messages dropped ---
[0m[00:00:02.389,251] [1;31m<err> remapper: switch_pro_send_input_heartbeat: hid_int_ep_write(hid_dev0, switch_pro_current_input, sizeof(switch_pro_current_input), NULL) returned -11 (../src/main.cc:1508)[0m
[1;31m--- 10 messages dropped ---
[0m[00:00:02.437,225] [1;33m<wrn> usb_hid: hid_int_ep_write: Device is not configured[0m
[1;31m--- 2 messages dropped ---
[0m[00:00:02.445,220] [1;33m<wrn> usb_hid: hid_int_ep_write: Device is not configured[0m
[1;31m--- 6 messages dropped ---
[0m[00:00:02.615,203] [1;33m<wrn> usb_hid: hid_int_ep_write: Device is not configured[0m
[1;31m--- 2 messages dropped ---
[0m[00:00:02.623,260] [1;31m<err> remapper: switch_pro_send_input_heartbeat: hid_int_ep_write(hid_dev0, switch_pro_current_input, sizeof(switch_pro_current_input), NULL) returned -11 (../src/main.cc:1508)[0m
[1;31m--- 9 messages dropped ---
[0m[00:00:02.663,269] [1;31m<err> remapper: switch_pro_send_input_heartbeat: hid_int_ep_write(hid_dev0, switch_pro_current_input, sizeof(switch_pro_current_input), NULL) returned -11 (../src/main.cc:1508)[0m
[1;31m--- 10 messages dropped ---
[0m[00:00:02.703,277] [1;31m<err> remapper: switch_pro_send_input_heartbeat: hid_int_ep_write(hid_dev0, switch_pro_current_input, sizeof(switch_pro_current_input), NULL) returned -11 (../src/main.cc:1508)[0m
[1;31m--- 8 messages dropped ---
[0m[00:00:02.743,255] [1;31m<err> remapper: switch_pro_send_input_heartbeat: hid_int_ep_write(hid_dev0, switch_pro_current_input, sizeof(switch_pro_current_input), NULL) returned -11 (../src/main.cc:1508)[0m
[1;31m--- 9 messages dropped ---
[0m[00:00:02.775,268] [1;31m<err> remapper: switch_pro_send_input_heartbeat: hid_int_ep_write(hid_dev0, switch_pro_current_input, sizeof(switch_pro_current_input), NULL) returned -11 (../src/main.cc:1508)[0m
[1;31m--- 7 messages dropped ---
[0m[00:00:02.815,246] [1;31m<err> remapper: switch_pro_send_input_heartbeat: hid_int_ep_write(hid_dev0, switch_pro_current_input, sizeof(switch_pro_current_input), NULL) returned -11 (../src/main.cc:1508)[0m
[1;31m--- 12 messages dropped ---
[0m[00:00:02.863,311] [1;33m<wrn> usb_hid: hid_int_ep_write: Device is not configured[0m
[1;31m--- 4 messages dropped ---
[0m[00:00:02.879,272] [1;31m<err> remapper: switch_pro_send_input_heartbeat: hid_int_ep_write(hid_dev0, switch_pro_current_input, sizeof(switch_pro_current_input), NULL) returned -11 (../src/main.cc:1508)[0m
[1;31m--- 5 messages dropped ---
[0m[00:00:02.911,224] [1;33m<wrn> usb_hid: hid_int_ep_write: Device is not configured[0m
[1;31m--- 4 messages dropped ---
[0m[00:00:02.927,215] [1;33m<wrn> usb_hid: hid_int_ep_write: Device is not configured[0m
[1;31m--- 4 messages dropped ---
[0m[00:00:02.951,202] [1;33m<wrn> usb_hid: hid_int_ep_write: Device is not configured[0m
[1;31m--- 3 messages dropped ---
[0m[00:00:02.959,259] [1;31m<err> remapper: switch_pro_send_input_heartbeat: hid_int_ep_write(hid_dev0, switch_pro_current_input, sizeof(switch_pro_current_input), NULL) returned -11 (../src/main.cc:1508)[0m
[1;31m--- 8 messages dropped ---
[0m[00:00:02.999,267] [1;31m<err> remapper: switch_pro_send_input_heartbeat: hid_int_ep_write(hid_dev0, switch_pro_current_input, sizeof(switch_pro_current_input), NULL) returned -11 (../src/main.cc:1508)[0m
[1;31m--- 10 messages dropped ---
[0m[00:00:03.039,215] [1;33m<wrn> usb_hid: hid_int_ep_write: Device is not configured[0m
[1;31m--- 4 messages dropped ---
[0m[00:00:03.055,267] [1;31m<err> remapper: switch_pro_send_input_heartbeat: hid_int_ep_write(hid_dev0, switch_pro_current_input, sizeof(switch_pro_current_input), NULL) returned -11 (../src/main.cc:1508)[0m
[1;31m--- 7 messages dropped ---
[0m[00:00:03.095,275] [1;31m<err> remapper: switch_pro_send_input_heartbeat: hid_int_ep_write(hid_dev0, switch_pro_current_input, sizeof(switch_pro_current_input), NULL) returned -11 (../src/main.cc:1508)[0m
[1;31m--- 9 messages dropped ---
[0m[00:00:03.135,253] [1;31m<err> remapper: switch_pro_send_input_heartbeat: hid_int_ep_write(hid_dev0, switch_pro_current_input, sizeof(switch_pro_current_input), NULL) returned -11 (../src/main.cc:1508)[0m
[1;31m--- 8 messages dropped ---
[0m[00:00:03.172,241] [0m<inf> remapper: switch_pro_log_stats: switch_pro_stats enabled=0 report_q=0/0 response_q=0/0 out_q=0 out_overflows=0 ble=0 ble_drop=0 host=0 host_drop=0 set=0 translated=0 mapped=0/1 heartbeat=0/346 response=0/0 response_drop=0 rumble=0/0 fail=0 busy=0 buttons=00 00 00[0m
[1;31m--- 10 messages dropped ---
[0m[00:00:03.241,668] [1;33m<wrn> usb_hid: hid_int_ep_write: Device is not configured[0m
[1;31m--- 6 messages dropped ---
[0m[00:00:03.265,197] [1;33m<wrn> usb_hid: hid_int_ep_write: Device is not configured[0m
[1;31m--- 3 messages dropped ---
[0m[00:00:03.281,219] [1;33m<wrn> usb_hid: hid_int_ep_write: Device is not configured[0m
[1;31m--- 5 messages dropped ---
[0m[00:00:03.305,206] [1;33m<wrn> usb_hid: hid_int_ep_write: Device is not configured[0m
[1;31m--- 2 messages dropped ---
[0m[00:00:03.313,262] [1;31m<err> remapper: switch_pro_send_input_heartbeat: hid_int_ep_write(hid_dev0, switch_pro_current_input, sizeof(switch_pro_current_input), NULL) returned -11 (../src/main.cc:1508)[0m
[1;31m--- 9 messages dropped ---
[0m[00:00:03.353,271] [1;31m<err> remapper: switch_pro_send_input_heartbeat: hid_int_ep_write(hid_dev0, switch_pro_current_input, sizeof(switch_pro_current_input), NULL) returned -11 (../src/main.cc:1508)[0m
[1;31m--- 10 messages dropped ---
[0m[00:00:03.401,214] [1;33m<wrn> usb_hid: hid_int_ep_write: Device is not configured[0m
[1;31m--- 2 messages dropped ---
[0m[00:00:03.409,271] [1;31m<err> remapper: switch_pro_send_input_heartbeat: hid_int_ep_write(hid_dev0, switch_pro_current_input, sizeof(switch_pro_current_input), NULL) returned -11 (../src/main.cc:1508)[0m
[1;31m--- 9 messages dropped ---
[0m[00:00:03.449,279] [1;31m<err> remapper: switch_pro_send_input_heartbeat: hid_int_ep_write(hid_dev0, switch_pro_current_input, sizeof(switch_pro_current_input), NULL) returned -11 (../src/main.cc:1508)[0m
[1;31m--- 10 messages dropped ---
[0m[00:00:03.497,283] [1;33m<wrn> usb_hid: hid_int_ep_write: Device is not configured[0m
[1;31m--- 3 messages dropped ---
[0m[00:00:03.513,275] [1;31m<err> remapper: switch_pro_send_input_heartbeat: hid_int_ep_write(hid_dev0, switch_pro_current_input, sizeof(switch_pro_current_input), NULL) returned -11 (../src/main.cc:1508)[0m
[1;31m--- 6 messages dropped ---
[0m[00:00:03.545,227] [1;33m<wrn> usb_hid: hid_int_ep_write: Device is not configured[0m
[1;31m--- 7 messages dropped ---
[0m[00:00:03.569,213] [1;33m<wrn> usb_hid: hid_int_ep_write: Device is not configured[0m
[1;31m--- 3 messages dropped ---
[0m[00:00:03.593,200] [1;33m<wrn> usb_hid: hid_int_ep_write: Device is not configured[0m
[1;31m--- 5 messages dropped ---
[0m[00:00:03.609,222] [1;33m<wrn> usb_hid: hid_int_ep_write: Device is not configured[0m
[1;31m--- 3 messages dropped ---
[0m[00:00:03.633,209] [1;33m<wrn> usb_hid: hid_int_ep_write: Device is not configured[0m
[1;31m--- 2 messages dropped ---
[0m[00:00:03.633,270] [1;31m<err> remapper: switch_pro_send_input_heartbeat: hid_int_ep_write(hid_dev0, switch_pro_current_input, sizeof(switch_pro_current_input), NULL) returned -11 (../src/main.cc:1508)[0m
[00:00:03.641,204] [1;33m<wrn> usb_hid: hid_int_ep_write: Device is not configured[0m
[1;31m--- 3 messages dropped ---
[0m[00:00:03.657,226] [1;33m<wrn> usb_hid: hid_int_ep_write: Device is not configured[0m
[1;31m--- 3 messages dropped ---
[0m[00:00:03.681,213] [1;33m<wrn> usb_hid: hid_int_ep_write: Device is not configured[0m
[1;31m--- 4 messages dropped ---
[0m[00:00:03.697,235] [1;33m<wrn> usb_hid: hid_int_ep_write: Device is not configured[0m
[1;31m--- 5 messages dropped ---
[0m[00:00:03.721,252] [1;31m<err> remapper: switch_pro_send_input_heartbeat: hid_int_ep_write(hid_dev0, switch_pro_current_input, sizeof(switch_pro_current_input), NULL) returned -11 (../src/main.cc:1508)[0m
[1;31m--- 8 messages dropped ---
[0m[00:00:03.753,234] [1;33m<wrn> usb_hid: hid_int_ep_write: Device is not configured[0m
[1;31m--- 4 messages dropped ---
[0m[00:00:03.777,252] [1;31m<err> remapper: switch_pro_send_input_heartbeat: hid_int_ep_write(hid_dev0, switch_pro_current_input, sizeof(switch_pro_current_input), NULL) returned -11 (../src/main.cc:1508)[0m
[1;31m--- 12 messages dropped ---
[0m[00:00:03.833,251] [1;31m<err> remapper: switch_pro_send_input_heartbeat: hid_int_ep_write(hid_dev0, switch_pro_current_input, sizeof(switch_pro_current_input), NULL) returned -11 (../src/main.cc:1508)[0m
[1;31m--- 9 messages dropped ---
[0m[00:00:03.865,203] [1;33m<wrn> usb_hid: hid_int_ep_write: Device is not configured[0m
[1;31m--- 5 messages dropped ---
[0m[00:00:03.889,221] [1;33m<wrn> usb_hid: hid_int_ep_write: Device is not configured[0m
[1;31m--- 4 messages dropped ---
[0m[00:00:03.905,273] [1;31m<err> remapper: switch_pro_send_input_heartbeat: hid_int_ep_write(hid_dev0, switch_pro_current_input, sizeof(switch_pro_current_input), NULL) returned -11 (../src/main.cc:1508)[0m
[1;31m--- 7 messages dropped ---
[0m[00:00:03.945,251] [1;31m<err> remapper: switch_pro_send_input_heartbeat: hid_int_ep_write(hid_dev0, switch_pro_current_input, sizeof(switch_pro_current_input), NULL) returned -11 (../src/main.cc:1508)[0m
[1;31m--- 8 messages dropped ---
[0m[00:00:04.021,270] [1;31m<err> remapper: switch_pro_send_input_heartbeat: hid_int_ep_write(hid_dev0, switch_pro_current_input, sizeof(switch_pro_current_input), NULL) returned -11 (../src/main.cc:1508)[0m
[1;31m--- 9 messages dropped ---
[0m[00:00:04.061,218] [1;33m<wrn> usb_hid: hid_int_ep_write: Device is not configured[0m
[1;31m--- 3 messages dropped ---
[0m[00:00:04.077,209] [1;33m<wrn> usb_hid: hid_int_ep_write: Device is not configured[0m
[1;31m--- 4 messages dropped ---
[0m[00:00:04.101,226] [1;33m<wrn> usb_hid: hid_int_ep_write: Device is not configured[0m
[1;31m--- 4 messages dropped ---
[0m[00:00:04.117,523] [1;31m<err> remapper: switch_pro_send_input_heartbeat: hid_int_ep_write(hid_dev0, switch_pro_current_input, sizeof(switch_pro_current_input), NULL) returned -11 (../src/main.cc:1508)[0m
[1;31m--- 8 messages dropped ---
[0m[00:00:04.157,287] [1;33m<wrn> usb_hid: hid_int_ep_write: Device is not configured[0m
[1;31m--- 6 messages dropped ---
[0m[00:00:04.173,217] [1;33m<wrn> usb_hid: hid_int_ep_write: Device is not configured[0m
[1;31m--- 2 messages dropped ---
[0m[00:00:04.189,270] [1;31m<err> remapper: switch_pro_send_input_heartbeat: hid_int_ep_write(hid_dev0, switch_pro_current_input, sizeof(switch_pro_current_input), NULL) returned -11 (../src/main.cc:1508)[0m
[1;31m--- 8 messages dropped ---
[0m[00:00:04.221,221] [1;33m<wrn> usb_hid: hid_int_ep_write: Device is not configured[0m
[1;31m--- 3 messages dropped ---
[0m[00:00:04.245,208] [1;33m<wrn> usb_hid: hid_int_ep_write: Device is not configured[0m
[1;31m--- 5 messages dropped ---
[0m[00:00:04.261,260] [1;31m<err> remapper: switch_pro_send_input_heartbeat: hid_int_ep_write(hid_dev0, switch_pro_current_input, sizeof(switch_pro_current_input), NULL) returned -11 (../src/main.cc:1508)[0m
[1;31m--- 9 messages dropped ---
[0m[00:00:04.301,269] [1;33m<wrn> usb_hid: hid_int_ep_write: Device is not configured[0m
[1;31m--- 2 messages dropped ---
[0m[00:00:04.317,260] [1;31m<err> remapper: switch_pro_send_input_heartbeat: hid_int_ep_write(hid_dev0, switch_pro_current_input, sizeof(switch_pro_current_input), NULL) returned -11 (../src/main.cc:1508)[0m
[1;31m--- 9 messages dropped ---
[0m[00:00:04.357,269] [1;31m<err> remapper: switch_pro_send_input_heartbeat: hid_int_ep_write(hid_dev0, switch_pro_current_input, sizeof(switch_pro_current_input), NULL) returned -11 (../src/main.cc:1508)[0m
[1;31m--- 7 messages dropped ---
[0m[00:00:04.381,256] [1;31m<err> remapper: switch_pro_send_input_heartbeat: hid_int_ep_write(hid_dev0, switch_pro_current_input, sizeof(switch_pro_current_input), NULL) returned -11 (../src/main.cc:1508)[0m
[00:00:04.389,221] [1;33m<wrn> usb_hid: hid_int_ep_write: Device is not configured[0m
[00:00:04.389,251] [1;31m<err> remapper: switch_pro_send_input_heartbeat: hid_int_ep_write(hid_dev0, switch_pro_current_input, sizeof(switch_pro_current_input), NULL) returned -11 (../src/main.cc:1508)[0m
[00:00:04.397,247] [1;33m<wrn> usb_hid: hid_int_ep_write: Device is not configured[0m
[00:00:04.397,277] [1;31m<err> remapper: switch_pro_send_input_heartbeat: hid_int_ep_write(hid_dev0, switch_pro_current_input, sizeof(switch_pro_current_input), NULL) returned -11 (../src/main.cc:1508)[0m
[00:00:04.405,212] [1;33m<wrn> usb_hid: hid_int_ep_write: Device is not configured[0m
[1;31m--- 2 messages dropped ---
[0m[00:00:04.421,264] [1;31m<err> remapper: switch_pro_send_input_heartbeat: hid_int_ep_write(hid_dev0, switch_pro_current_input, sizeof(switch_pro_current_input), NULL) returned -11 (../src/main.cc:1508)[0m
[1;31m--- 8 messages dropped ---
[0m[00:00:04.461,486] [1;33m<wrn> usb_hid: hid_int_ep_write: Device is not configured[0m
[1;31m--- 5 messages dropped ---
[0m[00:00:04.477,264] [1;31m<err> remapper: switch_pro_send_input_heartbeat: hid_int_ep_write(hid_dev0, switch_pro_current_input, sizeof(switch_pro_current_input), NULL) returned -11 (../src/main.cc:1508)[0m
[1;31m--- 7 messages dropped ---
[0m[00:00:04.525,207] [1;33m<wrn> usb_hid: hid_int_ep_write: Device is not configured[0m
[1;31m--- 7 messages dropped ---
[0m[00:00:04.541,229] [1;33m<wrn> usb_hid: hid_int_ep_write: Device is not configured[0m
[1;31m--- 3 messages dropped ---
[0m[00:00:04.565,216] [1;33m<wrn> usb_hid: hid_int_ep_write: Device is not configured[0m
[1;31m--- 5 messages dropped ---
[0m[00:00:04.581,207] [1;33m<wrn> usb_hid: hid_int_ep_write: Device is not configured[0m
[1;31m--- 4 messages dropped ---
[0m[00:00:04.605,224] [1;33m<wrn> usb_hid: hid_int_ep_write: Device is not configured[0m
[1;31m--- 3 messages dropped ---
[0m[00:00:04.621,276] [1;31m<err> remapper: switch_pro_send_input_heartbeat: hid_int_ep_write(hid_dev0, switch_pro_current_input, sizeof(switch_pro_current_input), NULL) returned -11 (../src/main.cc:1508)[0m
[1;31m--- 8 messages dropped ---
[0m[00:00:04.661,224] [1;33m<wrn> usb_hid: hid_int_ep_write: Device is not configured[0m
[1;31m--- 6 messages dropped ---
[0m[00:00:04.693,237] [1;33m<wrn> usb_hid: hid_int_ep_write: Device is not configured[0m
[1;31m--- 6 messages dropped ---
[0m[00:00:04.887,908] [1;33m<wrn> usb_hid: hid_int_ep_write: Device is not configured[0m
[1;31m--- 6 messages dropped ---
[0m[00:00:04.903,259] [1;31m<err> remapper: switch_pro_send_input_heartbeat: hid_int_ep_write(hid_dev0, switch_pro_current_input, sizeof(switch_pro_current_input), NULL) returned -11 (../src/main.cc:1508)[0m
[1;31m--- 7 messages dropped ---
[0m[00:00:04.935,272] [1;31m<err> remapper: switch_pro_send_input_heartbeat: hid_int_ep_write(hid_dev0, switch_pro_current_input, sizeof(switch_pro_current_input), NULL) returned -11 (../src/main.cc:1508)[0m
[1;31m--- 7 messages dropped ---
[0m[00:00:04.975,250] [1;31m<err> remapper: switch_pro_send_input_heartbeat: hid_int_ep_write(hid_dev0, switch_pro_current_input, sizeof(switch_pro_current_input), NULL) returned -11 (../src/main.cc:1508)[0m
[1;31m--- 9 messages dropped ---
[0m[00:00:05.015,258] [1;31m<err> remapper: switch_pro_send_input_heartbeat: hid_int_ep_write(hid_dev0, switch_pro_current_input, sizeof(switch_pro_current_input), NULL) returned -11 (../src/main.cc:1508)[0m
[1;31m--- 7 messages dropped ---
[0m[00:00:05.039,215] [1;33m<wrn> usb_hid: hid_int_ep_write: Device is not configured[0m
[1;31m--- 4 messages dropped ---
[0m[00:00:05.063,232] [1;33m<wrn> usb_hid: hid_int_ep_write: Device is not configured[0m
[1;31m--- 4 messages dropped ---
[0m[00:00:05.079,223] [1;33m<wrn> usb_hid: hid_int_ep_write: Device is not configured[0m
[1;31m--- 4 messages dropped ---
[0m[00:00:05.103,271] [1;31m<err> remapper: switch_pro_send_input_heartbeat: hid_int_ep_write(hid_dev0, switch_pro_current_input, sizeof(switch_pro_current_input), NULL) returned -11 (../src/main.cc:1508)[0m
[1;31m--- 8 messages dropped ---
[0m[00:00:05.135,223] [1;33m<wrn> usb_hid: hid_int_ep_write: Device is not configured[0m
[00:00:05.135,253] [1;31m<err> remapper: switch_pro_send_input_heartbeat: hid_int_ep_write(hid_dev0, switch_pro_current_input, sizeof(switch_pro_current_input), NULL) returned -11 (../src/main.cc:1508)[0m
[00:00:05.143,188] [1;33m<wrn> usb_hid: hid_int_ep_write: Device is not configured[0m
[00:00:05.143,249] [1;31m<err> remapper: switch_pro_send_input_heartbeat: hid_int_ep_write(hid_dev0, switch_pro_current_input, sizeof(switch_pro_current_input), NULL) returned -11 (../src/main.cc:1508)[0m
[1;31m--- 7 messages dropped ---
[0m[00:00:05.175,231] [1;33m<wrn> usb_hid: hid_int_ep_write: Device is not configured[0m
[1;31m--- 1 messages dropped ---
[0m[00:00:05.183,258] [1;31m<err> remapper: switch_pro_send_input_heartbeat: hid_int_ep_write(hid_dev0, switch_pro_current_input, sizeof(switch_pro_current_input), NULL) returned -11 (../src/main.cc:1508)[0m
[1;31m--- 7 messages dropped ---
[0m[00:00:05.223,205] [1;33m<wrn> usb_hid: hid_int_ep_write: Device is not configured[0m
[1;31m--- 6 messages dropped ---
[0m[00:00:05.239,257] [1;31m<err> remapper: switch_pro_send_input_heartbeat: hid_int_ep_write(hid_dev0, switch_pro_current_input, sizeof(switch_pro_current_input), NULL) returned -11 (../src/main.cc:1508)[0m
[1;31m--- 7 messages dropped ---
[0m[00:00:05.279,266] [1;31m<err> remapper: switch_pro_send_input_heartbeat: hid_int_ep_write(hid_dev0, switch_pro_current_input, sizeof(switch_pro_current_input), NULL) returned -11 (../src/main.cc:1508)[0m
[1;31m--- 9 messages dropped ---
[0m[00:00:05.319,274] [1;31m<err> remapper: switch_pro_send_input_heartbeat: hid_int_ep_write(hid_dev0, switch_pro_current_input, sizeof(switch_pro_current_input), NULL) returned -11 (../src/main.cc:1508)[0m
[1;31m--- 10 messages dropped ---
[0m[00:00:05.367,218] [1;33m<wrn> usb_hid: hid_int_ep_write: Device is not configured[0m
[1;31m--- 3 messages dropped ---
[0m[00:00:05.383,209] [1;33m<wrn> usb_hid: hid_int_ep_write: Device is not configured[0m
[1;31m--- 5 messages dropped ---
[0m[00:00:05.407,226] [1;33m<wrn> usb_hid: hid_int_ep_write: Device is not configured[0m
[1;31m--- 3 messages dropped ---
[0m[00:00:05.423,217] [1;33m<wrn> usb_hid: hid_int_ep_write: Device is not configured[0m
[1;31m--- 4 messages dropped ---
[0m[00:00:05.431,274] [1;31m<err> remapper: switch_pro_send_input_heartbeat: hid_int_ep_write(hid_dev0, switch_pro_current_input, sizeof(switch_pro_current_input), NULL) returned -11 (../src/main.cc:1508)[0m
[1;31m--- 8 messages dropped ---
[0m[00:00:05.521,270] [1;31m<err> remapper: switch_pro_send_input_heartbeat: hid_int_ep_write(hid_dev0, switch_pro_current_input, sizeof(switch_pro_current_input), NULL) returned -11 (../src/main.cc:1508)[0m
[1;31m--- 9 messages dropped ---
[0m[00:00:05.561,248] [1;31m<err> remapper: switch_pro_send_input_heartbeat: hid_int_ep_write(hid_dev0, switch_pro_current_input, sizeof(switch_pro_current_input), NULL) returned -11 (../src/main.cc:1508)[0m
[1;31m--- 8 messages dropped ---
[0m[00:00:05.601,257] [1;31m<err> remapper: switch_pro_send_input_heartbeat: hid_int_ep_write(hid_dev0, switch_pro_current_input, sizeof(switch_pro_current_input), NULL) returned -11 (../src/main.cc:1508)[0m
[1;31m--- 8 messages dropped ---
[0m[00:00:05.641,204] [1;33m<wrn> usb_hid: hid_int_ep_write: Device is not configured[0m
[1;31m--- 4 messages dropped ---
[0m[00:00:05.657,348] [1;31m<err> remapper: switch_pro_send_input_heartbeat: hid_int_ep_write(hid_dev0, switch_pro_current_input, sizeof(switch_pro_current_input), NULL) returned -11 (../src/main.cc:1508)[0m
[1;31m--- 10 messages dropped ---
[0m[00:00:05.705,230] [1;33m<wrn> usb_hid: hid_int_ep_write: Device is not configured[0m
[1;31m--- 5 messages dropped ---
[0m[00:00:05.721,221] [1;33m<wrn> usb_hid: hid_int_ep_write: Device is not configured[0m
[1;31m--- 5 messages dropped ---
[0m[00:00:05.753,204] [1;33m<wrn> usb_hid: hid_int_ep_write: Device is not configured[0m
[1;31m--- 5 messages dropped ---
[0m[00:00:05.769,226] [1;33m<wrn> usb_hid: hid_int_ep_write: Device is not configured[0m
[1;31m--- 3 messages dropped ---
[0m[00:00:05.793,212] [1;33m<wrn> usb_hid: hid_int_ep_write: Device is not configured[0m
[1;31m--- 5 messages dropped ---
[0m[00:00:05.809,204] [1;33m<wrn> usb_hid: hid_int_ep_write: Device is not configured[0m
[1;31m--- 3 messages dropped ---
[0m[00:00:05.825,256] [1;31m<err> remapper: switch_pro_send_input_heartbeat: hid_int_ep_write(hid_dev0, switch_pro_current_input, sizeof(switch_pro_current_input), NULL) returned -11 (../src/main.cc:1508)[0m
[1;31m--- 10 messages dropped ---
[0m[00:00:05.873,260] [1;31m<err> remapper: switch_pro_send_input_heartbeat: hid_int_ep_write(hid_dev0, switch_pro_current_input, sizeof(switch_pro_current_input), NULL) returned -11 (../src/main.cc:1508)[0m
[1;31m--- 7 messages dropped ---
[0m[00:00:05.897,277] [1;31m<err> remapper: switch_pro_send_input_heartbeat: hid_int_ep_write(hid_dev0, switch_pro_current_input, sizeof(switch_pro_current_input), NULL) returned -11 (../src/main.cc:1508)[0m
[1;31m--- 7 messages dropped ---
[0m[00:00:05.937,255] [1;31m<err> remapper: switch_pro_send_input_heartbeat: hid_int_ep_write(hid_dev0, switch_pro_current_input, sizeof(switch_pro_current_input), NULL) returned -11 (../src/main.cc:1508)[0m
[1;31m--- 9 messages dropped ---
[0m[00:00:05.977,264] [1;31m<err> remapper: switch_pro_send_input_heartbeat: hid_int_ep_write(hid_dev0, switch_pro_current_input, sizeof(switch_pro_current_input), NULL) returned -11 (../src/main.cc:1508)[0m
[1;31m--- 8 messages dropped ---
[0m[00:00:06.017,211] [1;33m<wrn> usb_hid: hid_int_ep_write: Device is not configured[0m
[1;31m--- 4 messages dropped ---
[0m[00:00:06.033,233] [1;33m<wrn> usb_hid: hid_int_ep_write: Device is not configured[0m
[1;31m--- 5 messages dropped ---
[0m[00:00:06.057,220] [1;33m<wrn> usb_hid: hid_int_ep_write: Device is not configured[0m
[1;31m--- 2 messages dropped ---
[0m[00:00:06.065,216] [1;33m<wrn> usb_hid: hid_int_ep_write: Device is not configured[0m
[1;31m--- 5 messages dropped ---
[0m[00:00:06.081,451] [1;31m<err> remapper: switch_pro_send_input_heartbeat: hid_int_ep_write(hid_dev0, switch_pro_current_input, sizeof(switch_pro_current_input), NULL) returned -11 (../src/main.cc:1508)[0m
[1;31m--- 9 messages dropped ---
[0m[00:00:06.121,276] [1;31m<err> remapper: switch_pro_send_input_heartbeat: hid_int_ep_write(hid_dev0, switch_pro_current_input, sizeof(switch_pro_current_input), NULL) returned -11 (../src/main.cc:1508)[0m
[1;31m--- 7 messages dropped ---
[0m[00:00:06.161,254] [1;31m<err> remapper: switch_pro_send_input_heartbeat: hid_int_ep_write(hid_dev0, switch_pro_current_input, sizeof(switch_pro_current_input), NULL) returned -11 (../src/main.cc:1508)[0m
[1;31m--- 6 messages dropped ---
[0m[00:00:06.185,272] [1;31m<err> remapper: switch_pro_send_input_heartbeat: hid_int_ep_write(hid_dev0, switch_pro_current_input, sizeof(switch_pro_current_input), NULL) returned -11 (../src/main.cc:1508)[0m
[1;31m--- 8 messages dropped ---
[0m[00:00:06.241,699] [1;31m<err> remapper: switch_pro_send_input_heartbeat: hid_int_ep_write(hid_dev0, switch_pro_current_input, sizeof(switch_pro_current_input), NULL) returned -11 (../src/main.cc:1508)[0m
[1;31m--- 9 messages dropped ---
[0m[00:00:06.281,219] [1;33m<wrn> usb_hid: hid_int_ep_write: Device is not configured[0m
[1;31m--- 4 messages dropped ---
[0m[00:00:06.305,267] [1;31m<err> remapper: switch_pro_send_input_heartbeat: hid_int_ep_write(hid_dev0, switch_pro_current_input, sizeof(switch_pro_current_input), NULL) returned -11 (../src/main.cc:1508)[0m
[1;31m--- 9 messages dropped ---
[0m[00:00:06.345,275] [1;31m<err> remapper: switch_pro_send_input_heartbeat: hid_int_ep_write(hid_dev0, switch_pro_current_input, sizeof(switch_pro_current_input), NULL) returned -11 (../src/main.cc:1508)[0m
[1;31m--- 9 messages dropped ---
[0m[00:00:06.385,223] [1;33m<wrn> usb_hid: hid_int_ep_write: Device is not configured[0m
[1;31m--- 4 messages dropped ---
[0m[00:00:06.409,210] [1;33m<wrn> usb_hid: hid_int_ep_write: Device is not configured[0m
[1;31m--- 4 messages dropped ---
[0m[00:00:06.417,266] [1;31m<err> remapper: switch_pro_send_input_heartbeat: hid_int_ep_write(hid_dev0, switch_pro_current_input, sizeof(switch_pro_current_input), NULL) returned -11 (../src/main.cc:1508)[0m
[1;31m--- 7 messages dropped ---
[0m[00:00:06.457,275] [1;31m<err> remapper: switch_pro_send_input_heartbeat: hid_int_ep_write(hid_dev0, switch_pro_current_input, sizeof(switch_pro_current_input), NULL) returned -11 (../src/main.cc:1508)[0m
[1;31m--- 8 messages dropped ---
[0m[00:00:06.497,283] [1;33m<wrn> usb_hid: hid_int_ep_write: Device is not configured[0m
[1;31m--- 7 messages dropped ---
[0m[00:00:06.521,240] [1;33m<wrn> usb_hid: hid_int_ep_write: Device is not configured[0m
[1;31m--- 2 messages dropped ---
[0m[00:00:06.537,261] [1;31m<err> remapper: switch_pro_send_input_heartbeat: hid_int_ep_write(hid_dev0, switch_pro_current_input, sizeof(switch_pro_current_input), NULL) returned -11 (../src/main.cc:1508)[0m
[1;31m--- 9 messages dropped ---
[0m[00:00:06.577,270] [1;31m<err> remapper: switch_pro_send_input_heartbeat: hid_int_ep_write(hid_dev0, switch_pro_current_input, sizeof(switch_pro_current_input), NULL) returned -11 (../src/main.cc:1508)[0m
[1;31m--- 9 messages dropped ---
[0m[00:00:06.617,279] [1;31m<err> remapper: switch_pro_send_input_heartbeat: hid_int_ep_write(hid_dev0, switch_pro_current_input, sizeof(switch_pro_current_input), NULL) returned -11 (../src/main.cc:1508)[0m
[1;31m--- 3 messages dropped ---
[0m[00:00:06.625,274] [1;31m<err> remapper: switch_pro_send_input_heartbeat: hid_int_ep_write(hid_dev0, switch_pro_current_input, sizeof(switch_pro_current_input), NULL) returned -11 (../src/main.cc:1508)[0m
[00:00:06.633,209] [1;33m<wrn> usb_hid: hid_int_ep_write: Device is not configured[0m
[1;31m--- 3 messages dropped ---
[0m[00:00:06.649,230] [1;33m<wrn> usb_hid: hid_int_ep_write: Device is not configured[0m
[1;31m--- 5 messages dropped ---
[0m[00:00:06.673,217] [1;33m<wrn> usb_hid: hid_int_ep_write: Device is not configured[0m
[1;31m--- 3 messages dropped ---
[0m[00:00:06.689,544] [1;31m<err> remapper: switch_pro_send_input_heartbeat: hid_int_ep_write(hid_dev0, switch_pro_current_input, sizeof(switch_pro_current_input), NULL) returned -11 (../src/main.cc:1508)[0m
[1;31m--- 12 messages dropped ---
[0m[00:00:06.737,274] [1;31m<err> remapper: switch_pro_send_input_heartbeat: hid_int_ep_write(hid_dev0, switch_pro_current_input, sizeof(switch_pro_current_input), NULL) returned -11 (../src/main.cc:1508)[0m
[1;31m--- 6 messages dropped ---
[0m[00:00:06.777,221] [1;33m<wrn> usb_hid: hid_int_ep_write: Device is not configured[0m
[1;31m--- 7 messages dropped ---
[0m[00:00:06.801,239] [1;33m<wrn> usb_hid: hid_int_ep_write: Device is not configured[0m
[1;31m--- 3 messages dropped ---
[0m[00:00:06.825,225] [1;33m<wrn> usb_hid: hid_int_ep_write: Device is not configured[0m
[1;31m--- 5 messages dropped ---
[0m[00:00:06.849,212] [1;33m<wrn> usb_hid: hid_int_ep_write: Device is not configured[0m
[1;31m--- 4 messages dropped ---
[0m[00:00:06.865,264] [1;31m<err> remapper: switch_pro_send_input_heartbeat: hid_int_ep_write(hid_dev0, switch_pro_current_input, sizeof(switch_pro_current_input), NULL) returned -11 (../src/main.cc:1508)[0m
[1;31m--- 8 messages dropped ---
[0m[00:00:06.905,212] [1;33m<wrn> usb_hid: hid_int_ep_write: Device is not configured[0m
[1;31m--- 5 messages dropped ---
[0m[00:00:06.921,234] [1;33m<wrn> usb_hid: hid_int_ep_write: Device is not configured[0m
[1;31m--- 5 messages dropped ---
[0m[00:00:06.953,216] [1;33m<wrn> usb_hid: hid_int_ep_write: Device is not configured[0m
[1;31m--- 3 messages dropped ---
[0m[00:00:06.961,273] [1;31m<err> remapper: switch_pro_send_input_heartbeat: hid_int_ep_write(hid_dev0, switch_pro_current_input, sizeof(switch_pro_current_input), NULL) returned -11 (../src/main.cc:1508)[0m
[1;31m--- 6 messages dropped ---
[0m[00:00:07.131,225] [1;33m<wrn> usb_hid: hid_int_ep_write: Device is not configured[0m
[1;31m--- 5 messages dropped ---
[0m[00:00:07.147,216] [1;33m<wrn> usb_hid: hid_int_ep_write: Device is not configured[0m
[1;31m--- 3 messages dropped ---
[0m[00:00:07.171,234] [1;33m<wrn> usb_hid: hid_int_ep_write: Device is not configured[0m
[1;31m--- 4 messages dropped ---
[0m[00:00:07.179,229] [1;33m<wrn> usb_hid: hid_int_ep_write: Device is not configured[0m
[1;31m--- 3 messages dropped ---
[0m[00:00:07.203,216] [1;33m<wrn> usb_hid: hid_int_ep_write: Device is not configured[0m
[1;31m--- 6 messages dropped ---
[0m[00:00:07.219,268] [1;31m<err> remapper: switch_pro_send_input_heartbeat: hid_int_ep_write(hid_dev0, switch_pro_current_input, sizeof(switch_pro_current_input), NULL) returned -11 (../src/main.cc:1508)[0m
[1;31m--- 7 messages dropped ---
[0m[00:00:07.259,216] [1;33m<wrn> usb_hid: hid_int_ep_write: Device is not configured[0m
[1;31m--- 5 messages dropped ---
[0m[00:00:07.283,233] [1;33m<wrn> usb_hid: hid_int_ep_write: Device is not configured[0m
[1;31m--- 3 messages dropped ---
[0m[00:00:07.299,255] [1;31m<err> remapper: switch_pro_send_input_heartbeat: hid_int_ep_write(hid_dev0, switch_pro_current_input, sizeof(switch_pro_current_input), NULL) returned -11 (../src/main.cc:1508)[0m
[1;31m--- 8 messages dropped ---
[0m[00:00:07.339,233] [1;33m<wrn> usb_hid: hid_int_ep_write: Device is not configured[0m
[1;31m--- 5 messages dropped ---
[0m[00:00:07.355,224] [1;33m<wrn> usb_hid: hid_int_ep_write: Device is not configured[0m
[1;31m--- 3 messages dropped ---
[0m[00:00:07.371,276] [1;31m<err> remapper: switch_pro_send_input_heartbeat: hid_int_ep_write(hid_dev0, switch_pro_current_input, sizeof(switch_pro_current_input), NULL) returned -11 (../src/main.cc:1508)[0m
[1;31m--- 4 messages dropped ---
[0m[00:00:07.395,263] [1;31m<err> remapper: switch_pro_send_input_heartbeat: hid_int_ep_write(hid_dev0, switch_pro_current_input, sizeof(switch_pro_current_input), NULL) returned -11 (../src/main.cc:1508)[0m
[1;31m--- 8 messages dropped ---
[0m[00:00:07.435,211] [1;33m<wrn> usb_hid: hid_int_ep_write: Device is not configured[0m
[1;31m--- 5 messages dropped ---
[0m[00:00:07.459,228] [1;33m<wrn> usb_hid: hid_int_ep_write: Device is not configured[0m
[1;31m--- 3 messages dropped ---
[0m[00:00:07.475,219] [1;33m<wrn> usb_hid: hid_int_ep_write: Device is not configured[0m
[1;31m--- 5 messages dropped ---
[0m[00:00:07.499,206] [1;33m<wrn> usb_hid: hid_int_ep_write: Device is not configured[0m
[1;31m--- 3 messages dropped ---
[0m[00:00:07.515,228] [1;33m<wrn> usb_hid: hid_int_ep_write: Device is not configured[0m
[1;31m--- 6 messages dropped ---
[0m[00:00:07.539,276] [1;31m<err> remapper: switch_pro_send_input_heartbeat: hid_int_ep_write(hid_dev0, switch_pro_current_input, sizeof(switch_pro_current_input), NULL) returned -11 (../src/main.cc:1508)[0m
[1;31m--- 7 messages dropped ---
[0m[00:00:07.571,258] [1;31m<err> remapper: switch_pro_send_input_heartbeat: hid_int_ep_write(hid_dev0, switch_pro_current_input, sizeof(switch_pro_current_input), NULL) returned -11 (../src/main.cc:1508)[0m
[1;31m--- 10 messages dropped ---
[0m[00:00:07.611,267] [1;31m<err> remapper: switch_pro_send_input_heartbeat: hid_int_ep_write(hid_dev0, switch_pro_current_input, sizeof(switch_pro_current_input), NULL) returned -11 (../src/main.cc:1508)[0m
[1;31m--- 7 messages dropped ---
[0m[00:00:07.651,214] [1;33m<wrn> usb_hid: hid_int_ep_write: Device is not configured[0m
[1;31m--- 6 messages dropped ---
[0m[00:00:07.667,266] [1;31m<err> remapper: switch_pro_send_input_heartbeat: hid_int_ep_write(hid_dev0, switch_pro_current_input, sizeof(switch_pro_current_input), NULL) returned -11 (../src/main.cc:1508)[0m
[1;31m--- 6 messages dropped ---
[0m[00:00:07.707,214] [1;33m<wrn> usb_hid: hid_int_ep_write: Device is not configured[0m
[1;31m--- 6 messages dropped ---
[0m[00:00:07.749,267] [1;31m<err> remapper: switch_pro_send_input_heartbeat: hid_int_ep_write(hid_dev0, switch_pro_current_input, sizeof(switch_pro_current_input), NULL) returned -11 (../src/main.cc:1508)[0m
[1;31m--- 8 messages dropped ---
[0m[00:00:07.789,215] [1;33m<wrn> usb_hid: hid_int_ep_write: Device is not configured[0m
[1;31m--- 5 messages dropped ---
[0m[00:00:07.813,232] [1;33m<wrn> usb_hid: hid_int_ep_write: Device is not configured[0m
[1;31m--- 3 messages dropped ---
[0m[00:00:07.829,223] [1;33m<wrn> usb_hid: hid_int_ep_write: Device is not configured[0m
[1;31m--- 5 messages dropped ---
[0m[00:00:07.869,232] [1;33m<wrn> usb_hid: hid_int_ep_write: Device is not configured[0m
[1;31m--- 7 messages dropped ---
[0m[00:00:07.885,223] [1;33m<wrn> usb_hid: hid_int_ep_write: Device is not configured[0m
[1;31m--- 2 messages dropped ---
[0m[00:00:07.901,275] [1;31m<err> remapper: switch_pro_send_input_heartbeat: hid_int_ep_write(hid_dev0, switch_pro_current_input, sizeof(switch_pro_current_input), NULL) returned -11 (../src/main.cc:1508)[0m
[1;31m--- 9 messages dropped ---
[0m[00:00:07.933,258] [1;31m<err> remapper: switch_pro_send_input_heartbeat: hid_int_ep_write(hid_dev0, switch_pro_current_input, sizeof(switch_pro_current_input), NULL) returned -11 (../src/main.cc:1508)[0m
[1;31m--- 7 messages dropped ---
[0m[00:00:07.973,266] [1;31m<err> remapper: switch_pro_send_input_heartbeat: hid_int_ep_write(hid_dev0, switch_pro_current_input, sizeof(switch_pro_current_input), NULL) returned -11 (../src/main.cc:1508)[0m
[1;31m--- 10 messages dropped ---
[0m[00:00:08.021,209] [1;33m<wrn> usb_hid: hid_int_ep_write: Device is not configured[0m
[1;31m--- 3 messages dropped ---
[0m[00:00:08.029,205] [1;33m<wrn> usb_hid: hid_int_ep_write: Device is not configured[0m
[1;31m--- 5 messages dropped ---
[0m[00:00:08.061,218] [1;33m<wrn> usb_hid: hid_int_ep_write: Device is not configured[0m
[1;31m--- 4 messages dropped ---
[0m[00:00:08.069,274] [1;31m<err> remapper: switch_pro_send_input_heartbeat: hid_int_ep_write(hid_dev0, switch_pro_current_input, sizeof(switch_pro_current_input), NULL) returned -11 (../src/main.cc:1508)[0m
[1;31m--- 7 messages dropped ---
[0m[00:00:08.109,252] [1;31m<err> remapper: switch_pro_send_input_heartbeat: hid_int_ep_write(hid_dev0, switch_pro_current_input, sizeof(switch_pro_current_input), NULL) returned -11 (../src/main.cc:1508)[0m
[1;31m--- 9 messages dropped ---
[0m[00:00:08.141,235] [1;33m<wrn> usb_hid: hid_int_ep_write: Device is not configured[0m
[00:00:08.141,265] [1;31m<err> remapper: switch_pro_send_input_heartbeat: hid_int_ep_write(hid_dev0, switch_pro_current_input, sizeof(switch_pro_current_input), NULL) returned -11 (../src/main.cc:1508)[0m
[00:00:08.149,230] [1;33m<wrn> usb_hid: hid_int_ep_write: Device is not configured[0m
[00:00:08.149,261] [1;31m<err> remapper: switch_pro_send_input_heartbeat: hid_int_ep_write(hid_dev0, switch_pro_current_input, sizeof(switch_pro_current_input), NULL) returned -11 (../src/main.cc:1508)[0m
[1;31m--- 5 messages dropped ---
[0m[00:00:08.173,278] [1;31m<err> remapper: switch_pro_send_input_heartbeat: hid_int_ep_write(hid_dev0, switch_pro_current_input, sizeof(switch_pro_current_input), NULL) returned -11 (../src/main.cc:1508)[0m
[1;31m--- 7 messages dropped ---
[0m[00:00:08.205,230] [1;33m<wrn> usb_hid: hid_int_ep_write: Device is not configured[0m
[1;31m--- 3 messages dropped ---
[0m[00:00:08.229,217] [1;33m<wrn> usb_hid: hid_int_ep_write: Device is not configured[0m
[1;31m--- 6 messages dropped ---
[0m[00:00:08.245,269] [1;31m<err> remapper: switch_pro_send_input_heartbeat: hid_int_ep_write(hid_dev0, switch_pro_current_input, sizeof(switch_pro_current_input), NULL) returned -11 (../src/main.cc:1508)[0m
[1;31m--- 7 messages dropped ---
[0m[00:00:08.285,278] [1;31m<err> remapper: switch_pro_send_input_heartbeat: hid_int_ep_write(hid_dev0, switch_pro_current_input, sizeof(switch_pro_current_input), NULL) returned -11 (../src/main.cc:1508)[0m
[1;31m--- 9 messages dropped ---
[0m[00:00:08.325,256] [1;31m<err> remapper: switch_pro_send_input_heartbeat: hid_int_ep_write(hid_dev0, switch_pro_current_input, sizeof(switch_pro_current_input), NULL) returned -11 (../src/main.cc:1508)[0m
[1;31m--- 8 messages dropped ---
[0m[00:00:08.365,203] [1;33m<wrn> usb_hid: hid_int_ep_write: Device is not configured[0m
[1;31m--- 4 messages dropped ---
[0m[00:00:08.381,225] [1;33m<wrn> usb_hid: hid_int_ep_write: Device is not configured[0m
[1;31m--- 4 messages dropped ---
[0m[00:00:08.405,212] [1;33m<wrn> usb_hid: hid_int_ep_write: Device is not configured[0m
[1;31m--- 4 messages dropped ---
[0m[00:00:08.421,264] [1;31m<err> remapper: switch_pro_send_input_heartbeat: hid_int_ep_write(hid_dev0, switch_pro_current_input, sizeof(switch_pro_current_input), NULL) returned -11 (../src/main.cc:1508)[0m
[1;31m--- 9 messages dropped ---
[0m[00:00:08.461,273] [1;31m<err> remapper: switch_pro_send_input_heartbeat: hid_int_ep_write(hid_dev0, switch_pro_current_input, sizeof(switch_pro_current_input), NULL) returned -11 (../src/main.cc:1508)[0m
[1;31m--- 9 messages dropped ---
[0m[00:00:08.545,257] [1;31m<err> remapper: switch_pro_send_input_heartbeat: hid_int_ep_write(hid_dev0, switch_pro_current_input, sizeof(switch_pro_current_input), NULL) returned -11 (../src/main.cc:1508)[0m
[1;31m--- 9 messages dropped ---
[0m[00:00:08.577,270] [1;31m<err> remapper: switch_pro_send_input_heartbeat: hid_int_ep_write(hid_dev0, switch_pro_current_input, sizeof(switch_pro_current_input), NULL) returned -11 (../src/main.cc:1508)[0m
[1;31m--- 7 messages dropped ---
[0m[00:00:08.617,279] [1;31m<err> remapper: switch_pro_send_input_heartbeat: hid_int_ep_write(hid_dev0, switch_pro_current_input, sizeof(switch_pro_current_input), NULL) returned -11 (../src/main.cc:1508)[0m
[1;31m--- 8 messages dropped ---
[0m[00:00:08.657,287] [1;33m<wrn> usb_hid: hid_int_ep_write: Device is not configured[0m
[1;31m--- 5 messages dropped ---
[0m[00:00:08.673,217] [1;33m<wrn> usb_hid: hid_int_ep_write: Device is not configured[0m
[1;31m--- 4 messages dropped ---
[0m[00:00:08.697,265] [1;31m<err> remapper: switch_pro_send_input_heartbeat: hid_int_ep_write(hid_dev0, switch_pro_current_input, sizeof(switch_pro_current_input), NULL) returned -11 (../src/main.cc:1508)[0m
[1;31m--- 9 messages dropped ---
[0m[00:00:08.737,274] [1;31m<err> remapper: switch_pro_send_input_heartbeat: hid_int_ep_write(hid_dev0, switch_pro_current_input, sizeof(switch_pro_current_input), NULL) returned -11 (../src/main.cc:1508)[0m
[1;31m--- 8 messages dropped ---
[0m[00:00:08.769,226] [1;33m<wrn> usb_hid: hid_int_ep_write: Device is not configured[0m
[1;31m--- 6 messages dropped ---
[0m[00:00:08.801,208] [1;33m<wrn> usb_hid: hid_int_ep_write: Device is not configured[0m
[1;31m--- 3 messages dropped ---
[0m[00:00:08.809,265] [1;31m<err> remapper: switch_pro_send_input_heartbeat: hid_int_ep_write(hid_dev0, switch_pro_current_input, sizeof(switch_pro_current_input), NULL) returned -11 (../src/main.cc:1508)[0m
[1;31m--- 10 messages dropped ---
[0m[00:00:08.865,234] [1;33m<wrn> usb_hid: hid_int_ep_write: Device is not configured[0m
[1;31m--- 7 messages dropped ---
[0m[00:00:08.889,221] [1;33m<wrn> usb_hid: hid_int_ep_write: Device is not configured[0m
[00:00:08.889,282] [1;31m<err> remapper: switch_pro_send_input_heartbeat: hid_int_ep_write(hid_dev0, switch_pro_current_input, sizeof(switch_pro_current_input), NULL) returned -11 (../src/main.cc:1508)[0m
[00:00:08.897,216] [1;33m<wrn> usb_hid: hid_int_ep_write: Device is not configured[0m
[00:00:08.897,277] [1;31m<err> remapper: switch_pro_send_input_heartbeat: hid_int_ep_write(hid_dev0, switch_pro_current_input, sizeof(switch_pro_current_input), NULL) returned -11 (../src/main.cc:1508)[0m
[00:00:08.905,273] [1;33m<wrn> usb_hid: hid_int_ep_write: Device is not configured[0m
[00:00:08.905,303] [1;31m<err> remapper: switch_pro_send_input_heartbeat: hid_int_ep_write(hid_dev0, switch_pro_current_input, sizeof(switch_pro_current_input), NULL) returned -11 (../src/main.cc:1508)[0m
[00:00:08.913,208] [1;33m<wrn> usb_hid: hid_int_ep_write: Device is not configured[0m
[1;31m--- 1 messages dropped ---
[0m[00:00:08.929,260] [1;31m<err> remapper: switch_pro_send_input_heartbeat: hid_int_ep_write(hid_dev0, switch_pro_current_input, sizeof(switch_pro_current_input), NULL) returned -11 (../src/main.cc:1508)[0m
[1;31m--- 10 messages dropped ---
[0m[00:00:08.969,268] [1;31m<err> remapper: switch_pro_send_input_heartbeat: hid_int_ep_write(hid_dev0, switch_pro_current_input, sizeof(switch_pro_current_input), NULL) returned -11 (../src/main.cc:1508)[0m
[1;31m--- 9 messages dropped ---
[0m[00:00:09.009,246] [1;31m<err> remapper: switch_pro_send_input_heartbeat: hid_int_ep_write(hid_dev0, switch_pro_current_input, sizeof(switch_pro_current_input), NULL) returned -11 (../src/main.cc:1508)[0m
[1;31m--- 8 messages dropped ---
[0m[00:00:09.041,229] [1;33m<wrn> usb_hid: hid_int_ep_write: Device is not configured[0m
[1;31m--- 4 messages dropped ---
[0m[00:00:09.065,277] [1;31m<err> remapper: switch_pro_send_input_heartbeat: hid_int_ep_write(hid_dev0, switch_pro_current_input, sizeof(switch_pro_current_input), NULL) returned -11 (../src/main.cc:1508)[0m
[1;31m--- 9 messages dropped ---
[0m[00:00:09.105,255] [1;31m<err> remapper: switch_pro_send_input_heartbeat: hid_int_ep_write(hid_dev0, switch_pro_current_input, sizeof(switch_pro_current_input), NULL) returned -11 (../src/main.cc:1508)[0m
[1;31m--- 9 messages dropped ---
[0m[00:00:09.137,207] [1;33m<wrn> usb_hid: hid_int_ep_write: Device is not configured[0m
[1;31m--- 3 messages dropped ---
[0m[00:00:09.153,228] [1;33m<wrn> usb_hid: hid_int_ep_write: Device is not configured[0m
[1;31m--- 5 messages dropped ---
[0m[00:00:09.172,241] [0m<inf> remapper: switch_pro_log_stats: switch_pro_stats enabled=0 report_q=0/0 response_q=0/0 out_q=0 out_overflows=0 ble=0 ble_drop=0 host=0 host_drop=0 set=0 translated=0 mapped=0/1 heartbeat=0/1031 response=0/0 response_drop=0 rumble=0/0 fail=0 busy=0 buttons=00 00 00[0m
[1;31m--- 11 messages dropped ---
[0m[00:00:09.395,263] [1;31m<err> remapper: switch_pro_send_input_heartbeat: hid_int_ep_write(hid_dev0, switch_pro_current_input, sizeof(switch_pro_current_input), NULL) returned -11 (../src/main.cc:1508)[0m
[1;31m--- 8 messages dropped ---
[0m[00:00:09.427,276] [1;31m<err> remapper: switch_pro_send_input_heartbeat: hid_int_ep_write(hid_dev0, switch_pro_current_input, sizeof(switch_pro_current_input), NULL) returned -11 (../src/main.cc:1508)[0m
[1;31m--- 9 messages dropped ---
[0m[00:00:09.467,285] [1;31m<err> remapper: switch_pro_send_input_heartbeat: hid_int_ep_write(hid_dev0, switch_pro_current_input, sizeof(switch_pro_current_input), NULL) returned -11 (../src/main.cc:1508)[0m
[1;31m--- 9 messages dropped ---
[0m[00:00:09.507,232] [1;33m<wrn> usb_hid: hid_int_ep_write: Device is not configured[0m
[1;31m--- 4 messages dropped ---
[0m[00:00:09.531,250] [1;31m<err> remapper: switch_pro_send_input_heartbeat: hid_int_ep_write(hid_dev0, switch_pro_current_input, sizeof(switch_pro_current_input), NULL) returned -11 (../src/main.cc:1508)[0m
[1;31m--- 8 messages dropped ---
[0m[00:00:09.571,228] [1;33m<wrn> usb_hid: hid_int_ep_write: Device is not configured[0m
[1;31m--- 4 messages dropped ---
[0m[00:00:09.587,280] [1;31m<err> remapper: switch_pro_send_input_heartbeat: hid_int_ep_write(hid_dev0, switch_pro_current_input, sizeof(switch_pro_current_input), NULL) returned -11 (../src/main.cc:1508)[0m
[1;31m--- 9 messages dropped ---
[0m[00:00:09.627,258] [1;31m<err> remapper: switch_pro_send_input_heartbeat: hid_int_ep_write(hid_dev0, switch_pro_current_input, sizeof(switch_pro_current_input), NULL) returned -11 (../src/main.cc:1508)[0m
[1;31m--- 2 messages dropped ---
[0m[00:00:09.635,223] [1;33m<wrn> usb_hid: hid_int_ep_write: Device is not configured[0m
[00:00:09.635,253] [1;31m<err> remapper: switch_pro_send_input_heartbeat: hid_int_ep_write(hid_dev0, switch_pro_current_input, sizeof(switch_pro_current_input), NULL) returned -11 (../src/main.cc:1508)[0m
[1;31m--- 4 messages dropped ---
[0m[00:00:09.659,271] [1;31m<err> remapper: switch_pro_send_input_heartbeat: hid_int_ep_write(hid_dev0, switch_pro_current_input, sizeof(switch_pro_current_input), NULL) returned -11 (../src/main.cc:1508)[0m
[1;31m--- 6 messages dropped ---
[0m[00:00:09.691,253] [1;31m<err> remapper: switch_pro_send_input_heartbeat: hid_int_ep_write(hid_dev0, switch_pro_current_input, sizeof(switch_pro_current_input), NULL) returned -11 (../src/main.cc:1508)[0m
[1;31m--- 10 messages dropped ---
[0m[00:00:09.731,231] [1;33m<wrn> usb_hid: hid_int_ep_write: Device is not configured[0m
[1;31m--- 5 messages dropped ---
[0m[00:00:09.763,214] [1;33m<wrn> usb_hid: hid_int_ep_write: Device is not configured[0m
[1;31m--- 4 messages dropped ---
[0m[00:00:09.771,270] [1;31m<err> remapper: switch_pro_send_input_heartbeat: hid_int_ep_write(hid_dev0, switch_pro_current_input, sizeof(switch_pro_current_input), NULL) returned -11 (../src/main.cc:1508)[0m
[1;31m--- 12 messages dropped ---
[0m[00:00:09.827,209] [1;33m<wrn> usb_hid: hid_int_ep_write: Device is not configured[0m
[1;31m--- 4 messages dropped ---
[0m[00:00:09.851,226] [1;33m<wrn> usb_hid: hid_int_ep_write: Device is not configured[0m
[1;31m--- 4 messages dropped ---
[0m[00:00:09.867,218] [1;33m<wrn> usb_hid: hid_int_ep_write: Device is not configured[0m
[1;31m--- 4 messages dropped ---
[0m[00:00:09.891,265] [1;31m<err> remapper: switch_pro_send_input_heartbeat: hid_int_ep_write(hid_dev0, switch_pro_current_input, sizeof(switch_pro_current_input), NULL) returned -11 (../src/main.cc:1508)[0m
[1;31m--- 8 messages dropped ---
[0m[00:00:09.923,217] [1;33m<wrn> usb_hid: hid_int_ep_write: Device is not configured[0m
[1;31m--- 4 messages dropped ---
[0m[00:00:09.947,265] [1;31m<err> remapper: switch_pro_send_input_heartbeat: hid_int_ep_write(hid_dev0, switch_pro_current_input, sizeof(switch_pro_current_input), NULL) returned -11 (../src/main.cc:1508)[0m
[1;31m--- 9 messages dropped ---
[0m[00:00:10.037,353] [1;31m<err> remapper: switch_pro_send_input_heartbeat: hid_int_ep_write(hid_dev0, switch_pro_current_input, sizeof(switch_pro_current_input), NULL) returned -11 (../src/main.cc:1508)[0m
[1;31m--- 9 messages dropped ---
[0m[00:00:10.069,274] [1;31m<err> remapper: switch_pro_send_input_heartbeat: hid_int_ep_write(hid_dev0, switch_pro_current_input, sizeof(switch_pro_current_input), NULL) returned -11 (../src/main.cc:1508)[0m
[1;31m--- 9 messages dropped ---
[0m[00:00:10.109,252] [1;31m<err> remapper: switch_pro_send_input_heartbeat: hid_int_ep_write(hid_dev0, switch_pro_current_input, sizeof(switch_pro_current_input), NULL) returned -11 (../src/main.cc:1508)[0m
[1;31m--- 7 messages dropped ---
[0m[00:00:10.141,265] [1;31m<err> remapper: switch_pro_send_input_heartbeat: hid_int_ep_write(hid_dev0, switch_pro_current_input, sizeof(switch_pro_current_input), NULL) returned -11 (../src/main.cc:1508)[0m
[1;31m--- 8 messages dropped ---
[0m[00:00:10.173,217] [1;33m<wrn> usb_hid: hid_int_ep_write: Device is not configured[0m
[1;31m--- 4 messages dropped ---
[0m[00:00:10.189,270] [1;31m<err> remapper: switch_pro_send_input_heartbeat: hid_int_ep_write(hid_dev0, switch_pro_current_input, sizeof(switch_pro_current_input), NULL) returned -11 (../src/main.cc:1508)[0m
[1;31m--- 6 messages dropped ---
[0m[00:00:10.229,217] [1;33m<wrn> usb_hid: hid_int_ep_write: Device is not configured[0m
[1;31m--- 5 messages dropped ---
[0m[00:00:10.253,234] [1;33m<wrn> usb_hid: hid_int_ep_write: Device is not configured[0m
[1;31m--- 3 messages dropped ---
[0m[00:00:10.261,260] [1;31m<err> remapper: switch_pro_send_input_heartbeat: hid_int_ep_write(hid_dev0, switch_pro_current_input, sizeof(switch_pro_current_input), NULL) returned -11 (../src/main.cc:1508)[0m
[1;31m--- 9 messages dropped ---
[0m[00:00:10.309,234] [1;33m<wrn> usb_hid: hid_int_ep_write: Device is not configured[0m
[1;31m--- 4 messages dropped ---
[0m[00:00:10.317,260] [1;31m<err> remapper: switch_pro_send_input_heartbeat: hid_int_ep_write(hid_dev0, switch_pro_current_input, sizeof(switch_pro_current_input), NULL) returned -11 (../src/main.cc:1508)[0m
[1;31m--- 8 messages dropped ---
[0m[00:00:10.357,269] [1;31m<err> remapper: switch_pro_send_input_heartbeat: hid_int_ep_write(hid_dev0, switch_pro_current_input, sizeof(switch_pro_current_input), NULL) returned -11 (../src/main.cc:1508)[0m
[1;31m--- 6 messages dropped ---
[0m[00:00:10.389,221] [1;33m<wrn> usb_hid: hid_int_ep_write: Device is not configured[0m
[1;31m--- 3 messages dropped ---
[0m[00:00:10.405,273] [1;31m<err> remapper: switch_pro_send_input_heartbeat: hid_int_ep_write(hid_dev0, switch_pro_current_input, sizeof(switch_pro_current_input), NULL) returned -11 (../src/main.cc:1508)[0m
[1;31m--- 9 messages dropped ---
[0m[00:00:10.445,251] [1;31m<err> remapper: switch_pro_send_input_heartbeat: hid_int_ep_write(hid_dev0, switch_pro_current_input, sizeof(switch_pro_current_input), NULL) returned -11 (../src/main.cc:1508)[0m
[1;31m--- 9 messages dropped ---
[0m[00:00:10.485,260] [1;31m<err> remapper: switch_pro_send_input_heartbeat: hid_int_ep_write(hid_dev0, switch_pro_current_input, sizeof(switch_pro_current_input), NULL) returned -11 (../src/main.cc:1508)[0m
[1;31m--- 9 messages dropped ---
[0m[00:00:10.525,238] [1;33m<wrn> usb_hid: hid_int_ep_write: Device is not configured[0m
[1;31m--- 3 messages dropped ---
[0m[00:00:10.541,259] [1;31m<err> remapper: switch_pro_send_input_heartbeat: hid_int_ep_write(hid_dev0, switch_pro_current_input, sizeof(switch_pro_current_input), NULL) returned -11 (../src/main.cc:1508)[0m
[1;31m--- 10 messages dropped ---
[0m[00:00:10.589,202] [1;33m<wrn> usb_hid: hid_int_ep_write: Device is not configured[0m
[1;31m--- 5 messages dropped ---
[0m[00:00:10.605,224] [1;33m<wrn> usb_hid: hid_int_ep_write: Device is not configured[0m
[1;31m--- 2 messages dropped ---
[0m[00:00:10.621,276] [1;31m<err> remapper: switch_pro_send_input_heartbeat: hid_int_ep_write(hid_dev0, switch_pro_current_input, sizeof(switch_pro_current_input), NULL) returned -11 (../src/main.cc:1508)[0m
[1;31m--- 10 messages dropped ---
[0m[00:00:10.661,224] [1;33m<wrn> usb_hid: hid_int_ep_write: Device is not configured[0m
[1;31m--- 2 messages dropped ---
[0m[00:00:10.677,276] [1;31m<err> remapper: switch_pro_send_input_heartbeat: hid_int_ep_write(hid_dev0, switch_pro_current_input, sizeof(switch_pro_current_input), NULL) returned -11 (../src/main.cc:1508)[0m
[1;31m--- 9 messages dropped ---
[0m[00:00:10.741,699] [1;31m<err> remapper: switch_pro_send_input_heartbeat: hid_int_ep_write(hid_dev0, switch_pro_current_input, sizeof(switch_pro_current_input), NULL) returned -11 (../src/main.cc:1508)[0m
[1;31m--- 7 messages dropped ---
[0m[00:00:10.773,254] [1;31m<err> remapper: switch_pro_send_input_heartbeat: hid_int_ep_write(hid_dev0, switch_pro_current_input, sizeof(switch_pro_current_input), NULL) returned -11 (../src/main.cc:1508)[0m
[1;31m--- 10 messages dropped ---
[0m[00:00:10.813,232] [1;33m<wrn> usb_hid: hid_int_ep_write: Device is not configured[0m
[1;31m--- 5 messages dropped ---
[0m[00:00:10.845,214] [1;33m<wrn> usb_hid: hid_int_ep_write: Device is not configured[0m
[1;31m--- 10 messages dropped ---
[0m[00:00:10.877,349] [1;31m<err> remapper: switch_pro_send_input_heartbeat: hid_int_ep_write(hid_dev0, switch_pro_current_input, sizeof(switch_pro_current_input), NULL) returned -11 (../src/main.cc:1508)[0m
[1;31m--- 5 messages dropped ---
[0m[00:00:10.909,271] [1;31m<err> remapper: switch_pro_send_input_heartbeat: hid_int_ep_write(hid_dev0, switch_pro_current_input, sizeof(switch_pro_current_input), NULL) returned -11 (../src/main.cc:1508)[0m
[1;31m--- 10 messages dropped ---
[0m[00:00:10.957,214] [1;33m<wrn> usb_hid: hid_int_ep_write: Device is not configured[0m
[1;31m--- 5 messages dropped ---
[0m[00:00:10.973,236] [1;33m<wrn> usb_hid: hid_int_ep_write: Device is not configured[0m
[1;31m--- 2 messages dropped ---
[0m[00:00:10.989,257] [1;31m<err> remapper: switch_pro_send_input_heartbeat: hid_int_ep_write(hid_dev0, switch_pro_current_input, sizeof(switch_pro_current_input), NULL) returned -11 (../src/main.cc:1508)[0m
[1;31m--- 10 messages dropped ---
[0m[00:00:11.037,231] [1;33m<wrn> usb_hid: hid_int_ep_write: Device is not configured[0m
[1;31m--- 4 messages dropped ---
[0m[00:00:11.045,257] [1;31m<err> remapper: switch_pro_send_input_heartbeat: hid_int_ep_write(hid_dev0, switch_pro_current_input, sizeof(switch_pro_current_input), NULL) returned -11 (../src/main.cc:1508)[0m
[1;31m--- 7 messages dropped ---
[0m[00:00:11.085,266] [1;31m<err> remapper: switch_pro_send_input_heartbeat: hid_int_ep_write(hid_dev0, switch_pro_current_input, sizeof(switch_pro_current_input), NULL) returned -11 (../src/main.cc:1508)[0m
[1;31m--- 9 messages dropped ---
[0m[00:00:11.125,213] [1;33m<wrn> usb_hid: hid_int_ep_write: Device is not configured[0m
[1;31m--- 4 messages dropped ---
[0m[00:00:11.141,265] [1;31m<err> remapper: switch_pro_send_input_heartbeat: hid_int_ep_write(hid_dev0, switch_pro_current_input, sizeof(switch_pro_current_input), NULL) returned -11 (../src/main.cc:1508)[0m
[1;31m--- 4 messages dropped ---
[0m[00:00:11.157,226] [1;33m<wrn> usb_hid: hid_int_ep_write: Device is not configured[0m
[00:00:11.157,257] [1;31m<err> remapper: switch_pro_send_input_heartbeat: hid_int_ep_write(hid_dev0, switch_pro_current_input, sizeof(switch_pro_current_input), NULL) returned -11 (../src/main.cc:1508)[0m
[1;31m--- 2 messages dropped ---
[0m[00:00:11.172,241] [0m<inf> remapper: switch_pro_log_stats: switch_pro_stats enabled=0 report_q=0/0 response_q=0/0 out_q=0 out_overflows=0 ble=0 ble_drop=0 host=0 host_drop=0 set=0 translated=0 mapped=0/1 heartbeat=0/1250 response=0/0 response_drop=0 rumble=0/0 fail=0 busy=0 buttons=00 00 00[0m
[1;31m--- 11 messages dropped ---
[0m[00:00:11.213,256] [1;31m<err> remapper: switch_pro_send_input_heartbeat: hid_int_ep_write(hid_dev0, switch_pro_current_input, sizeof(switch_pro_current_input), NULL) returned -11 (../src/main.cc:1508)[0m
[1;31m--- 7 messages dropped ---
[0m[00:00:11.253,265] [1;31m<err> remapper: switch_pro_send_input_heartbeat: hid_int_ep_write(hid_dev0, switch_pro_current_input, sizeof(switch_pro_current_input), NULL) returned -11 (../src/main.cc:1508)[0m
[1;31m--- 9 messages dropped ---
[0m[00:00:11.293,212] [1;33m<wrn> usb_hid: hid_int_ep_write: Device is not configured[0m
[1;31m--- 4 messages dropped ---
[0m[00:00:11.309,234] [1;33m<wrn> usb_hid: hid_int_ep_write: Device is not configured[0m
[1;31m--- 4 messages dropped ---
[0m[00:00:11.333,251] [1;31m<err> remapper: switch_pro_send_input_heartbeat: hid_int_ep_write(hid_dev0, switch_pro_current_input, sizeof(switch_pro_current_input), NULL) returned -11 (../src/main.cc:1508)[0m
[1;31m--- 8 messages dropped ---
[0m[00:00:11.365,234] [1;33m<wrn> usb_hid: hid_int_ep_write: Device is not configured[0m
[1;31m--- 4 messages dropped ---
[0m[00:00:11.389,251] [1;31m<err> remapper: switch_pro_send_input_heartbeat: hid_int_ep_write(hid_dev0, switch_pro_current_input, sizeof(switch_pro_current_input), NULL) returned -11 (../src/main.cc:1508)[0m
[1;31m--- 9 messages dropped ---
[0m[00:00:11.429,260] [1;31m<err> remapper: switch_pro_send_input_heartbeat: hid_int_ep_write(hid_dev0, switch_pro_current_input, sizeof(switch_pro_current_input), NULL) returned -11 (../src/main.cc:1508)[0m
[1;31m--- 8 messages dropped ---
[0m[00:00:11.461,273] [1;31m<err> remapper: switch_pro_send_input_heartbeat: hid_int_ep_write(hid_dev0, switch_pro_current_input, sizeof(switch_pro_current_input), NULL) returned -11 (../src/main.cc:1508)[0m
[1;31m--- 7 messages dropped ---
[0m[00:00:11.631,225] [1;33m<wrn> usb_hid: hid_int_ep_write: Device is not configured[0m
[00:00:11.631,286] [1;31m<err> remapper: switch_pro_send_input_heartbeat: hid_int_ep_write(hid_dev0, switch_pro_current_input, sizeof(switch_pro_current_input), NULL) returned -11 (../src/main.cc:1508)[0m
[1;31m--- 8 messages dropped ---
[0m[00:00:11.679,229] [1;33m<wrn> usb_hid: hid_int_ep_write: Device is not configured[0m
[1;31m--- 2 messages dropped ---
[0m[00:00:11.687,225] [1;33m<wrn> usb_hid: hid_int_ep_write: Device is not configured[0m
[1;31m--- 6 messages dropped ---
[0m[00:00:11.719,238] [1;33m<wrn> usb_hid: hid_int_ep_write: Device is not configured[0m
[1;31m--- 2 messages dropped ---
[0m[00:00:11.727,233] [1;33m<wrn> usb_hid: hid_int_ep_write: Device is not configured[0m
[1;31m--- 6 messages dropped ---
[0m[00:00:11.759,216] [1;33m<wrn> usb_hid: hid_int_ep_write: Device is not configured[0m
[1;31m--- 2 messages dropped ---
[0m[00:00:11.767,211] [1;33m<wrn> usb_hid: hid_int_ep_write: Device is not configured[0m
[1;31m--- 6 messages dropped ---
[0m[00:00:11.791,229] [1;33m<wrn> usb_hid: hid_int_ep_write: Device is not configured[0m
[1;31m--- 2 messages dropped ---
[0m[00:00:11.807,281] [1;31m<err> remapper: switch_pro_send_input_heartbeat: hid_int_ep_write(hid_dev0, switch_pro_current_input, sizeof(switch_pro_current_input), NULL) returned -11 (../src/main.cc:1508)[0m
[1;31m--- 12 messages dropped ---
[0m[00:00:11.855,285] [1;31m<err> remapper: switch_pro_send_input_heartbeat: hid_int_ep_write(hid_dev0, switch_pro_current_input, sizeof(switch_pro_current_input), NULL) returned -11 (../src/main.cc:1508)[0m
[1;31m--- 6 messages dropped ---
[0m[00:00:11.879,272] [1;31m<err> remapper: switch_pro_send_input_heartbeat: hid_int_ep_write(hid_dev0, switch_pro_current_input, sizeof(switch_pro_current_input), NULL) returned -11 (../src/main.cc:1508)[0m
[1;31m--- 7 messages dropped ---
[0m[00:00:11.919,250] [1;31m<err> remapper: switch_pro_send_input_heartbeat: hid_int_ep_write(hid_dev0, switch_pro_current_input, sizeof(switch_pro_current_input), NULL) returned -11 (../src/main.cc:1508)[0m
[1;31m--- 10 messages dropped ---
[0m[00:00:11.967,224] [1;33m<wrn> usb_hid: hid_int_ep_write: Device is not configured[0m
[1;31m--- 4 messages dropped ---
[0m[00:00:11.983,276] [1;31m<err> remapper: switch_pro_send_input_heartbeat: hid_int_ep_write(hid_dev0, switch_pro_current_input, sizeof(switch_pro_current_input), NULL) returned -11 (../src/main.cc:1508)[0m
[1;31m--- 9 messages dropped ---
[0m[00:00:12.023,254] [1;31m<err> remapper: switch_pro_send_input_heartbeat: hid_int_ep_write(hid_dev0, switch_pro_current_input, sizeof(switch_pro_current_input), NULL) returned -11 (../src/main.cc:1508)[0m
[1;31m--- 9 messages dropped ---
[0m[00:00:12.063,262] [1;31m<err> remapper: switch_pro_send_input_heartbeat: hid_int_ep_write(hid_dev0, switch_pro_current_input, sizeof(switch_pro_current_input), NULL) returned -11 (../src/main.cc:1508)[0m
[1;31m--- 9 messages dropped ---
[0m[00:00:12.095,275] [1;31m<err> remapper: switch_pro_send_input_heartbeat: hid_int_ep_write(hid_dev0, switch_pro_current_input, sizeof(switch_pro_current_input), NULL) returned -11 (../src/main.cc:1508)[0m
[1;31m--- 7 messages dropped ---
[0m[00:00:12.135,223] [1;33m<wrn> usb_hid: hid_int_ep_write: Device is not configured[0m
[1;31m--- 5 messages dropped ---
[0m[00:00:12.159,240] [1;33m<wrn> usb_hid: hid_int_ep_write: Device is not configured[0m
[1;31m--- 2 messages dropped ---
[0m[00:00:12.167,236] [1;33m<wrn> usb_hid: hid_int_ep_write: Device is not configured[0m
[1;31m--- 3 messages dropped ---
[0m[00:00:12.183,227] [1;33m<wrn> usb_hid: hid_int_ep_write: Device is not configured[0m
[1;31m--- 5 messages dropped ---
[0m[00:00:12.199,218] [1;33m<wrn> usb_hid: hid_int_ep_write: Device is not configured[0m
[1;31m--- 3 messages dropped ---
[0m[00:00:12.241,668] [1;33m<wrn> usb_hid: hid_int_ep_write: Device is not configured[0m
[1;31m--- 4 messages dropped ---
[0m[00:00:12.265,258] [1;31m<err> remapper: switch_pro_send_input_heartbeat: hid_int_ep_write(hid_dev0, switch_pro_current_input, sizeof(switch_pro_current_input), NULL) returned -11 (../src/main.cc:1508)[0m
[1;31m--- 9 messages dropped ---
[0m[00:00:12.305,267] [1;31m<err> remapper: switch_pro_send_input_heartbeat: hid_int_ep_write(hid_dev0, switch_pro_current_input, sizeof(switch_pro_current_input), NULL) returned -11 (../src/main.cc:1508)[0m
[1;31m--- 10 messages dropped ---
[0m[00:00:12.345,214] [1;33m<wrn> usb_hid: hid_int_ep_write: Device is not configured[0m
[1;31m--- 3 messages dropped ---
[0m[00:00:12.369,232] [1;33m<wrn> usb_hid: hid_int_ep_write: Device is not configured[0m
[1;31m--- 4 messages dropped ---
[0m[00:00:12.385,253] [1;31m<err> remapper: switch_pro_send_input_heartbeat: hid_int_ep_write(hid_dev0, switch_pro_current_input, sizeof(switch_pro_current_input), NULL) returned -11 (../src/main.cc:1508)[0m
[1;31m--- 9 messages dropped ---
[0m[00:00:12.417,266] [1;31m<err> remapper: switch_pro_send_input_heartbeat: hid_int_ep_write(hid_dev0, switch_pro_current_input, sizeof(switch_pro_current_input), NULL) returned -11 (../src/main.cc:1508)[0m
[1;31m--- 7 messages dropped ---
[0m[00:00:12.457,275] [1;31m<err> remapper: switch_pro_send_input_heartbeat: hid_int_ep_write(hid_dev0, switch_pro_current_input, sizeof(switch_pro_current_input), NULL) returned -11 (../src/main.cc:1508)[0m
[1;31m--- 10 messages dropped ---
[0m[00:00:12.505,218] [1;33m<wrn> usb_hid: hid_int_ep_write: Device is not configured[0m
[1;31m--- 6 messages dropped ---
[0m[00:00:12.521,270] [1;31m<err> remapper: switch_pro_send_input_heartbeat: hid_int_ep_write(hid_dev0, switch_pro_current_input, sizeof(switch_pro_current_input), NULL) returned -11 (../src/main.cc:1508)[0m
[1;31m--- 8 messages dropped ---
[0m[00:00:12.561,218] [1;33m<wrn> usb_hid: hid_int_ep_write: Device is not configured[0m
[1;31m--- 3 messages dropped ---
[0m[00:00:12.585,205] [1;33m<wrn> usb_hid: hid_int_ep_write: Device is not configured[0m
[1;31m--- 5 messages dropped ---
[0m[00:00:12.601,226] [1;33m<wrn> usb_hid: hid_int_ep_write: Device is not configured[0m
[1;31m--- 2 messages dropped ---
[0m[00:00:12.617,279] [1;31m<err> remapper: switch_pro_send_input_heartbeat: hid_int_ep_write(hid_dev0, switch_pro_current_input, sizeof(switch_pro_current_input), NULL) returned -11 (../src/main.cc:1508)[0m
[1;31m--- 4 messages dropped ---
[0m[00:00:12.633,239] [1;33m<wrn> usb_hid: hid_int_ep_write: Device is not configured[0m
[00:00:12.633,270] [1;31m<err> remapper: switch_pro_send_input_heartbeat: hid_int_ep_write(hid_dev0, switch_pro_current_input, sizeof(switch_pro_current_input), NULL) returned -11 (../src/main.cc:1508)[0m
[1;31m--- 5 messages dropped ---
[0m[00:00:12.657,257] [1;31m<err> remapper: switch_pro_send_input_heartbeat: hid_int_ep_write(hid_dev0, switch_pro_current_input, sizeof(switch_pro_current_input), NULL) returned -11 (../src/main.cc:1508)[0m
[1;31m--- 9 messages dropped ---
[0m[00:00:12.697,265] [1;31m<err> remapper: switch_pro_send_input_heartbeat: hid_int_ep_write(hid_dev0, switch_pro_current_input, sizeof(switch_pro_current_input), NULL) returned -11 (../src/main.cc:1508)[0m
[1;31m--- 6 messages dropped ---
[0m[00:00:12.737,213] [1;33m<wrn> usb_hid: hid_int_ep_write: Device is not configured[0m
[1;31m--- 7 messages dropped ---
[0m[00:00:12.761,230] [1;33m<wrn> usb_hid: hid_int_ep_write: Device is not configured[0m
[1;31m--- 3 messages dropped ---
[0m[00:00:12.785,217] [1;33m<wrn> usb_hid: hid_int_ep_write: Device is not configured[0m
[1;31m--- 5 messages dropped ---
[0m[00:00:12.817,260] [1;31m<err> remapper: switch_pro_send_input_heartbeat: hid_int_ep_write(hid_dev0, switch_pro_current_input, sizeof(switch_pro_current_input), NULL) returned -11 (../src/main.cc:1508)[0m
[1;31m--- 13 messages dropped ---
[0m[00:00:12.857,238] [1;33m<wrn> usb_hid: hid_int_ep_write: Device is not configured[0m
[1;31m--- 2 messages dropped ---
[0m[00:00:12.873,565] [1;31m<err> remapper: switch_pro_send_input_heartbeat: hid_int_ep_write(hid_dev0, switch_pro_current_input, sizeof(switch_pro_current_input), NULL) returned -11 (../src/main.cc:1508)[0m
[1;31m--- 9 messages dropped ---
[0m[00:00:12.913,269] [1;31m<err> remapper: switch_pro_send_input_heartbeat: hid_int_ep_write(hid_dev0, switch_pro_current_input, sizeof(switch_pro_current_input), NULL) returned -11 (../src/main.cc:1508)[0m
[1;31m--- 8 messages dropped ---
[0m[00:00:12.945,220] [1;33m<wrn> usb_hid: hid_int_ep_write: Device is not configured[0m
[1;31m--- 3 messages dropped ---
[0m[00:00:13.013,732] [1;33m<wrn> usb_hid: hid_int_ep_write: Device is not configured[0m
[1;31m--- 5 messages dropped ---
[0m[00:00:13.029,235] [1;33m<wrn> usb_hid: hid_int_ep_write: Device is not configured[0m
[1;31m--- 2 messages dropped ---
[0m[00:00:13.045,257] [1;31m<err> remapper: switch_pro_send_input_heartbeat: hid_int_ep_write(hid_dev0, switch_pro_current_input, sizeof(switch_pro_current_input), NULL) returned -11 (../src/main.cc:1508)[0m
[1;31m--- 9 messages dropped ---
[0m[00:00:13.085,266] [1;31m<err> remapper: switch_pro_send_input_heartbeat: hid_int_ep_write(hid_dev0, switch_pro_current_input, sizeof(switch_pro_current_input), NULL) returned -11 (../src/main.cc:1508)[0m
[1;31m--- 10 messages dropped ---
[0m[00:00:13.125,213] [1;33m<wrn> usb_hid: hid_int_ep_write: Device is not configured[0m
[1;31m--- 4 messages dropped ---
[0m[00:00:13.141,235] [1;33m<wrn> usb_hid: hid_int_ep_write: Device is not configured[0m
[1;31m--- 4 messages dropped ---
[0m[00:00:13.157,348] [1;31m<err> remapper: switch_pro_send_input_heartbeat: hid_int_ep_write(hid_dev0, switch_pro_current_input, sizeof(switch_pro_current_input), NULL) returned -11 (../src/main.cc:1508)[0m
[1;31m--- 5 messages dropped ---
[0m[00:00:13.181,243] [1;33m<wrn> usb_hid: hid_int_ep_write: Device is not configured[0m
[1;31m--- 5 messages dropped ---
[0m[00:00:13.213,226] [1;33m<wrn> usb_hid: hid_int_ep_write: Device is not configured[0m
[1;31m--- 4 messages dropped ---
[0m[00:00:13.229,217] [1;33m<wrn> usb_hid: hid_int_ep_write: Device is not configured[0m
[1;31m--- 3 messages dropped ---
[0m[00:00:13.245,269] [1;31m<err> remapper: switch_pro_send_input_heartbeat: hid_int_ep_write(hid_dev0, switch_pro_current_input, sizeof(switch_pro_current_input), NULL) returned -11 (../src/main.cc:1508)[0m
[1;31m--- 9 messages dropped ---
[0m[00:00:13.277,282] [1;31m<err> remapper: switch_pro_send_input_heartbeat: hid_int_ep_write(hid_dev0, switch_pro_current_input, sizeof(switch_pro_current_input), NULL) returned -11 (../src/main.cc:1508)[0m
[1;31m--- 8 messages dropped ---
[0m[00:00:13.325,225] [1;33m<wrn> usb_hid: hid_int_ep_write: Device is not configured[0m
[1;31m--- 5 messages dropped ---
[0m[00:00:13.341,278] [1;31m<err> remapper: switch_pro_send_input_heartbeat: hid_int_ep_write(hid_dev0, switch_pro_current_input, sizeof(switch_pro_current_input), NULL) returned -11 (../src/main.cc:1508)[0m
[1;31m--- 7 messages dropped ---
[0m[00:00:13.373,229] [1;33m<wrn> usb_hid: hid_int_ep_write: Device is not configured[0m
[00:00:13.373,260] [1;31m<err> remapper: switch_pro_send_input_heartbeat: hid_int_ep_write(hid_dev0, switch_pro_current_input, sizeof(switch_pro_current_input), NULL) returned -11 (../src/main.cc:1508)[0m
[00:00:13.381,225] [1;33m<wrn> usb_hid: hid_int_ep_write: Device is not configured[0m
[00:00:13.381,256] [1;31m<err> remapper: switch_pro_send_input_heartbeat: hid_int_ep_write(hid_dev0, switch_pro_current_input, sizeof(switch_pro_current_input), NULL) returned -11 (../src/main.cc:1508)[0m
[00:00:13.389,221] [1;33m<wrn> usb_hid: hid_int_ep_write: Device is not configured[0m
[00:00:13.389,251] [1;31m<err> remapper: switch_pro_send_input_heartbeat: hid_int_ep_write(hid_dev0, switch_pro_current_input, sizeof(switch_pro_current_input), NULL) returned -11 (../src/main.cc:1508)[0m
[1;31m--- 2 messages dropped ---
[0m[00:00:13.413,238] [1;33m<wrn> usb_hid: hid_int_ep_write: Device is not configured[0m
[1;31m--- 5 messages dropped ---
[0m[00:00:13.429,229] [1;33m<wrn> usb_hid: hid_int_ep_write: Device is not configured[0m
[1;31m--- 4 messages dropped ---
[0m[00:00:13.453,216] [1;33m<wrn> usb_hid: hid_int_ep_write: Device is not configured[0m
[1;31m--- 4 messages dropped ---
[0m[00:00:13.477,233] [1;33m<wrn> usb_hid: hid_int_ep_write: Device is not configured[0m
[1;31m--- 4 messages dropped ---
[0m[00:00:13.485,260] [1;31m<err> remapper: switch_pro_send_input_heartbeat: hid_int_ep_write(hid_dev0, switch_pro_current_input, sizeof(switch_pro_current_input), NULL) returned -11 (../src/main.cc:1508)[0m
[1;31m--- 8 messages dropped ---
[0m[00:00:13.533,233] [1;33m<wrn> usb_hid: hid_int_ep_write: Device is not configured[0m
[1;31m--- 6 messages dropped ---
[0m[00:00:13.549,255] [1;31m<err> remapper: switch_pro_send_input_heartbeat: hid_int_ep_write(hid_dev0, switch_pro_current_input, sizeof(switch_pro_current_input), NULL) returned -11 (../src/main.cc:1508)[0m
[1;31m--- 7 messages dropped ---
[0m[00:00:13.589,233] [1;33m<wrn> usb_hid: hid_int_ep_write: Device is not configured[0m
[1;31m--- 5 messages dropped ---
[0m[00:00:13.613,281] [1;31m<err> remapper: switch_pro_send_input_heartbeat: hid_int_ep_write(hid_dev0, switch_pro_current_input, sizeof(switch_pro_current_input), NULL) returned -11 (../src/main.cc:1508)[0m
[1;31m--- 10 messages dropped ---
[0m[00:00:13.653,228] [1;33m<wrn> usb_hid: hid_int_ep_write: Device is not configured[0m
[1;31m--- 3 messages dropped ---
[0m[00:00:13.677,276] [1;31m<err> remapper: switch_pro_send_input_heartbeat: hid_int_ep_write(hid_dev0, switch_pro_current_input, sizeof(switch_pro_current_input), NULL) returned -11 (../src/main.cc:1508)[0m
[1;31m--- 13 messages dropped ---
[0m[00:00:13.903,228] [1;33m<wrn> usb_hid: hid_int_ep_write: Device is not configured[0m
[1;31m--- 2 messages dropped ---
[0m[00:00:13.911,254] [1;31m<err> remapper: switch_pro_send_input_heartbeat: hid_int_ep_write(hid_dev0, switch_pro_current_input, sizeof(switch_pro_current_input), NULL) returned -11 (../src/main.cc:1508)[0m
[1;31m--- 8 messages dropped ---
[0m[00:00:13.951,232] [1;33m<wrn> usb_hid: hid_int_ep_write: Device is not configured[0m
[1;31m--- 5 messages dropped ---
[0m[00:00:13.967,224] [1;33m<wrn> usb_hid: hid_int_ep_write: Device is not configured[0m
[1;31m--- 4 messages dropped ---
[0m[00:00:13.991,210] [1;33m<wrn> usb_hid: hid_int_ep_write: Device is not configured[0m
[1;31m--- 2 messages dropped ---
[0m[00:00:14.007,232] [1;33m<wrn> usb_hid: hid_int_ep_write: Device is not configured[0m
[1;31m--- 7 messages dropped ---
[0m[00:00:14.039,215] [1;33m<wrn> usb_hid: hid_int_ep_write: Device is not configured[0m
[1;31m--- 3 messages dropped ---
[0m[00:00:14.055,206] [1;33m<wrn> usb_hid: hid_int_ep_write: Device is not configured[0m
[1;31m--- 3 messages dropped ---
[0m[00:00:14.071,228] [1;33m<wrn> usb_hid: hid_int_ep_write: Device is not configured[0m
[1;31m--- 5 messages dropped ---
[0m[00:00:14.095,214] [1;33m<wrn> usb_hid: hid_int_ep_write: Device is not configured[0m
[1;31m--- 4 messages dropped ---
[0m[00:00:14.103,271] [1;31m<err> remapper: switch_pro_send_input_heartbeat: hid_int_ep_write(hid_dev0, switch_pro_current_input, sizeof(switch_pro_current_input), NULL) returned -11 (../src/main.cc:1508)[0m
[1;31m--- 7 messages dropped ---
[0m[00:00:14.143,218] [1;33m<wrn> usb_hid: hid_int_ep_write: Device is not configured[0m
[1;31m--- 2 messages dropped ---
[0m[00:00:14.143,280] [1;31m<err> remapper: switch_pro_send_input_heartbeat: hid_int_ep_write(hid_dev0, switch_pro_current_input, sizeof(switch_pro_current_input), NULL) returned -11 (../src/main.cc:1508)[0m
[00:00:14.151,214] [1;33m<wrn> usb_hid: hid_int_ep_write: Device is not configured[0m
[00:00:14.151,275] [1;31m<err> remapper: switch_pro_send_input_heartbeat: hid_int_ep_write(hid_dev0, switch_pro_current_input, sizeof(switch_pro_current_input), NULL) returned -11 (../src/main.cc:1508)[0m
[1;31m--- 4 messages dropped ---
[0m[00:00:14.175,231] [1;33m<wrn> usb_hid: hid_int_ep_write: Device is not configured[0m
[1;31m--- 4 messages dropped ---
[0m[00:00:14.199,218] [1;33m<wrn> usb_hid: hid_int_ep_write: Device is not configured[0m
[1;31m--- 4 messages dropped ---
[0m[00:00:14.215,240] [1;33m<wrn> usb_hid: hid_int_ep_write: Device is not configured[0m
[1;31m--- 4 messages dropped ---
[0m[00:00:14.231,262] [1;31m<err> remapper: switch_pro_send_input_heartbeat: hid_int_ep_write(hid_dev0, switch_pro_current_input, sizeof(switch_pro_current_input), NULL) returned -11 (../src/main.cc:1508)[0m
[1;31m--- 9 messages dropped ---
[0m[00:00:14.271,240] [1;33m<wrn> usb_hid: hid_int_ep_write: Device is not configured[0m
[1;31m--- 3 messages dropped ---
[0m[00:00:14.295,227] [1;33m<wrn> usb_hid: hid_int_ep_write: Device is not configured[0m
[1;31m--- 5 messages dropped ---
[0m[00:00:14.311,218] [1;33m<wrn> usb_hid: hid_int_ep_write: Device is not configured[0m
[1;31m--- 3 messages dropped ---
[0m[00:00:14.327,270] [1;31m<err> remapper: switch_pro_send_input_heartbeat: hid_int_ep_write(hid_dev0, switch_pro_current_input, sizeof(switch_pro_current_input), NULL) returned -11 (../src/main.cc:1508)[0m
[1;31m--- 9 messages dropped ---
[0m[00:00:14.367,218] [1;33m<wrn> usb_hid: hid_int_ep_write: Device is not configured[0m
[1;31m--- 3 messages dropped ---
[0m[00:00:14.391,235] [1;33m<wrn> usb_hid: hid_int_ep_write: Device is not configured[0m
[1;31m--- 5 messages dropped ---
[0m[00:00:14.407,226] [1;33m<wrn> usb_hid: hid_int_ep_write: Device is not configured[0m
[1;31m--- 3 messages dropped ---
[0m[00:00:14.423,217] [1;33m<wrn> usb_hid: hid_int_ep_write: Device is not configured[0m
[1;31m--- 4 messages dropped ---
[0m[00:00:14.439,270] [1;31m<err> remapper: switch_pro_send_input_heartbeat: hid_int_ep_write(hid_dev0, switch_pro_current_input, sizeof(switch_pro_current_input), NULL) returned -11 (../src/main.cc:1508)[0m
[1;31m--- 9 messages dropped ---
[0m[00:00:14.529,266] [1;31m<err> remapper: switch_pro_send_input_heartbeat: hid_int_ep_write(hid_dev0, switch_pro_current_input, sizeof(switch_pro_current_input), NULL) returned -11 (../src/main.cc:1508)[0m
[1;31m--- 8 messages dropped ---
[0m[00:00:14.569,274] [1;31m<err> remapper: switch_pro_send_input_heartbeat: hid_int_ep_write(hid_dev0, switch_pro_current_input, sizeof(switch_pro_current_input), NULL) returned -11 (../src/main.cc:1508)[0m
[1;31m--- 8 messages dropped ---
[0m[00:00:14.601,318] [1;31m<err> remapper: switch_pro_send_input_heartbeat: hid_int_ep_write(hid_dev0, switch_pro_current_input, sizeof(switch_pro_current_input), NULL) returned -11 (../src/main.cc:1508)[0m
[1;31m--- 6 messages dropped ---
[0m[00:00:14.641,235] [1;33m<wrn> usb_hid: hid_int_ep_write: Device is not configured[0m
[1;31m--- 6 messages dropped ---
[0m[00:00:14.665,222] [1;33m<wrn> usb_hid: hid_int_ep_write: Device is not configured[0m
[1;31m--- 4 messages dropped ---
[0m[00:00:14.681,274] [1;31m<err> remapper: switch_pro_send_input_heartbeat: hid_int_ep_write(hid_dev0, switch_pro_current_input, sizeof(switch_pro_current_input), NULL) returned -11 (../src/main.cc:1508)[0m
[1;31m--- 8 messages dropped ---
[0m[00:00:14.721,221] [1;33m<wrn> usb_hid: hid_int_ep_write: Device is not configured[0m
[1;31m--- 5 messages dropped ---
[0m[00:00:14.737,274] [1;31m<err> remapper: switch_pro_send_input_heartbeat: hid_int_ep_write(hid_dev0, switch_pro_current_input, sizeof(switch_pro_current_input), NULL) returned -11 (../src/main.cc:1508)[0m
[1;31m--- 8 messages dropped ---
[0m[00:00:14.785,217] [1;33m<wrn> usb_hid: hid_int_ep_write: Device is not configured[0m
[1;31m--- 5 messages dropped ---
[0m[00:00:14.809,234] [1;33m<wrn> usb_hid: hid_int_ep_write: Device is not configured[0m
[1;31m--- 4 messages dropped ---
[0m[00:00:14.825,225] [1;33m<wrn> usb_hid: hid_int_ep_write: Device is not configured[0m
[1;31m--- 6 messages dropped ---
[0m[00:00:14.857,238] [1;33m<wrn> usb_hid: hid_int_ep_write: Device is not configured[0m
[1;31m--- 5 messages dropped ---
[0m[00:00:14.873,229] [1;33m<wrn> usb_hid: hid_int_ep_write: Device is not configured[0m
[1;31m--- 5 messages dropped ---
[0m[00:00:14.897,216] [1;33m<wrn> usb_hid: hid_int_ep_write: Device is not configured[0m
[00:00:14.897,277] [1;31m<err> remapper: switch_pro_send_input_heartbeat: hid_int_ep_write(hid_dev0, switch_pro_current_input, sizeof(switch_pro_current_input), NULL) returned -11 (../src/main.cc:1508)[0m
[1;31m--- 6 messages dropped ---
[0m[00:00:14.937,225] [1;33m<wrn> usb_hid: hid_int_ep_write: Device is not configured[0m
[1;31m--- 5 messages dropped ---
[0m[00:00:14.953,216] [1;33m<wrn> usb_hid: hid_int_ep_write: Device is not configured[0m
[1;31m--- 5 messages dropped ---
[0m[00:00:14.985,229] [1;33m<wrn> usb_hid: hid_int_ep_write: Device is not configured[0m
[1;31m--- 5 messages dropped ---
[0m[00:00:15.001,220] [1;33m<wrn> usb_hid: hid_int_ep_write: Device is not configured[0m
[1;31m--- 3 messages dropped ---
[0m[00:00:15.025,207] [1;33m<wrn> usb_hid: hid_int_ep_write: Device is not configured[0m
[1;31m--- 2 messages dropped ---
[0m[00:00:15.033,264] [1;31m<err> remapper: switch_pro_send_input_heartbeat: hid_int_ep_write(hid_dev0, switch_pro_current_input, sizeof(switch_pro_current_input), NULL) returned -11 (../src/main.cc:1508)[0m
[1;31m--- 9 messages dropped ---
[0m[00:00:15.073,272] [1;31m<err> remapper: switch_pro_send_input_heartbeat: hid_int_ep_write(hid_dev0, switch_pro_current_input, sizeof(switch_pro_current_input), NULL) returned -11 (../src/main.cc:1508)[0m
[1;31m--- 9 messages dropped ---
[0m[00:00:15.113,281] [1;31m<err> remapper: switch_pro_send_input_heartbeat: hid_int_ep_write(hid_dev0, switch_pro_current_input, sizeof(switch_pro_current_input), NULL) returned -11 (../src/main.cc:1508)[0m
[1;31m--- 9 messages dropped ---
[0m[00:00:15.145,263] [1;31m<err> remapper: switch_pro_send_input_heartbeat: hid_int_ep_write(hid_dev0, switch_pro_current_input, sizeof(switch_pro_current_input), NULL) returned -11 (../src/main.cc:1508)[0m
[1;31m--- 8 messages dropped ---
[0m[00:00:15.177,215] [1;33m<wrn> usb_hid: hid_int_ep_write: Device is not configured[0m
[1;31m--- 1 messages dropped ---
[0m[00:00:15.193,206] [1;33m<wrn> usb_hid: hid_int_ep_write: Device is not configured[0m
[1;31m--- 4 messages dropped ---
[0m[00:00:15.201,263] [1;31m<err> remapper: switch_pro_send_input_heartbeat: hid_int_ep_write(hid_dev0, switch_pro_current_input, sizeof(switch_pro_current_input), NULL) returned -11 (../src/main.cc:1508)[0m
[1;31m--- 7 messages dropped ---
[0m[00:00:15.265,258] [1;31m<err> remapper: switch_pro_send_input_heartbeat: hid_int_ep_write(hid_dev0, switch_pro_current_input, sizeof(switch_pro_current_input), NULL) returned -11 (../src/main.cc:1508)[0m
[1;31m--- 8 messages dropped ---
[0m[00:00:15.305,206] [1;33m<wrn> usb_hid: hid_int_ep_write: Device is not configured[0m
[1;31m--- 7 messages dropped ---
[0m[00:00:15.329,223] [1;33m<wrn> usb_hid: hid_int_ep_write: Device is not configured[0m
[1;31m--- 2 messages dropped ---
[0m[00:00:15.345,214] [1;33m<wrn> usb_hid: hid_int_ep_write: Device is not configured[0m
[1;31m--- 5 messages dropped ---
[0m[00:00:15.361,267] [1;31m<err> remapper: switch_pro_send_input_heartbeat: hid_int_ep_write(hid_dev0, switch_pro_current_input, sizeof(switch_pro_current_input), NULL) returned -11 (../src/main.cc:1508)[0m
[1;31m--- 6 messages dropped ---
[0m[00:00:15.401,214] [1;33m<wrn> usb_hid: hid_int_ep_write: Device is not configured[0m
[1;31m--- 5 messages dropped ---
[0m[00:00:15.425,231] [1;33m<wrn> usb_hid: hid_int_ep_write: Device is not configured[0m
[1;31m--- 7 messages dropped ---
[0m[00:00:15.449,218] [1;33m<wrn> usb_hid: hid_int_ep_write: Device is not configured[0m
[1;31m--- 2 messages dropped ---
[0m[00:00:15.465,270] [1;31m<err> remapper: switch_pro_send_input_heartbeat: hid_int_ep_write(hid_dev0, switch_pro_current_input, sizeof(switch_pro_current_input), NULL) returned -11 (../src/main.cc:1508)[0m
[1;31m--- 9 messages dropped ---
[0m[00:00:15.497,283] [1;31m<err> remapper: switch_pro_send_input_heartbeat: hid_int_ep_write(hid_dev0, switch_pro_current_input, sizeof(switch_pro_current_input), NULL) returned -11 (../src/main.cc:1508)[0m
[1;31m--- 8 messages dropped ---
[0m[00:00:15.545,227] [1;33m<wrn> usb_hid: hid_int_ep_write: Device is not configured[0m
[1;31m--- 4 messages dropped ---
[0m[00:00:15.561,279] [1;31m<err> remapper: switch_pro_send_input_heartbeat: hid_int_ep_write(hid_dev0, switch_pro_current_input, sizeof(switch_pro_current_input), NULL) returned -11 (../src/main.cc:1508)[0m
[1;31m--- 10 messages dropped ---
[0m[00:00:15.601,226] [1;33m<wrn> usb_hid: hid_int_ep_write: Device is not configured[0m
[1;31m--- 2 messages dropped ---
[0m[00:00:15.617,279] [1;31m<err> remapper: switch_pro_send_input_heartbeat: hid_int_ep_write(hid_dev0, switch_pro_current_input, sizeof(switch_pro_current_input), NULL) returned -11 (../src/main.cc:1508)[0m
[1;31m--- 5 messages dropped ---
[0m[00:00:15.633,270] [1;31m<err> remapper: switch_pro_send_input_heartbeat: hid_int_ep_write(hid_dev0, switch_pro_current_input, sizeof(switch_pro_current_input), NULL) returned -11 (../src/main.cc:1508)[0m
[00:00:15.641,235] [1;33m<wrn> usb_hid: hid_int_ep_write: Device is not configured[0m
[00:00:15.641,265] [1;31m<err> remapper: switch_pro_send_input_heartbeat: hid_int_ep_write(hid_dev0, switch_pro_current_input, sizeof(switch_pro_current_input), NULL) returned -11 (../src/main.cc:1508)[0m
[00:00:15.649,230] [1;33m<wrn> usb_hid: hid_int_ep_write: Device is not configured[0m
[00:00:15.649,261] [1;31m<err> remapper: switch_pro_send_input_heartbeat: hid_int_ep_write(hid_dev0, switch_pro_current_input, sizeof(switch_pro_current_input), NULL) returned -11 (../src/main.cc:1508)[0m
[00:00:15.657,226] [1;33m<wrn> usb_hid: hid_int_ep_write: Device is not configured[0m
[1;31m--- 3 messages dropped ---
[0m[00:00:15.673,217] [1;33m<wrn> usb_hid: hid_int_ep_write: Device is not configured[0m
[1;31m--- 3 messages dropped ---
[0m[00:00:15.689,239] [1;33m<wrn> usb_hid: hid_int_ep_write: Device is not configured[0m
[1;31m--- 4 messages dropped ---
[0m[00:00:15.705,261] [1;31m<err> remapper: switch_pro_send_input_heartbeat: hid_int_ep_write(hid_dev0, switch_pro_current_input, sizeof(switch_pro_current_input), NULL) returned -11 (../src/main.cc:1508)[0m
[1;31m--- 8 messages dropped ---
[0m[00:00:15.745,269] [1;31m<err> remapper: switch_pro_send_input_heartbeat: hid_int_ep_write(hid_dev0, switch_pro_current_input, sizeof(switch_pro_current_input), NULL) returned -11 (../src/main.cc:1508)[0m
[1;31m--- 8 messages dropped ---
[0m[00:00:15.785,278] [1;31m<err> remapper: switch_pro_send_input_heartbeat: hid_int_ep_write(hid_dev0, switch_pro_current_input, sizeof(switch_pro_current_input), NULL) returned -11 (../src/main.cc:1508)[0m
[1;31m--- 8 messages dropped ---
[0m[00:00:15.825,225] [1;33m<wrn> usb_hid: hid_int_ep_write: Device is not configured[0m
[1;31m--- 5 messages dropped ---
[0m[00:00:15.841,217] [1;33m<wrn> usb_hid: hid_int_ep_write: Device is not configured[0m
[1;31m--- 5 messages dropped ---
[0m[00:00:15.873,229] [1;33m<wrn> usb_hid: hid_int_ep_write: Device is not configured[0m
[1;31m--- 4 messages dropped ---
[0m[00:00:15.889,221] [1;33m<wrn> usb_hid: hid_int_ep_write: Device is not configured[0m
[1;31m--- 4 messages dropped ---
[0m[00:00:15.905,242] [1;33m<wrn> usb_hid: hid_int_ep_write: Device is not configured[0m
[1;31m--- 4 messages dropped ---
[0m[00:00:15.929,260] [1;31m<err> remapper: switch_pro_send_input_heartbeat: hid_int_ep_write(hid_dev0, switch_pro_current_input, sizeof(switch_pro_current_input), NULL) returned -11 (../src/main.cc:1508)[0m
[1;31m--- 8 messages dropped ---
[0m[00:00:16.167,938] [1;33m<wrn> usb_hid: hid_int_ep_write: Device is not configured[0m
[1;31m--- 4 messages dropped ---
[0m[00:00:16.175,231] [1;33m<wrn> usb_hid: hid_int_ep_write: Device is not configured[0m
[1;31m--- 3 messages dropped ---
[0m[00:00:16.191,223] [1;33m<wrn> usb_hid: hid_int_ep_write: Device is not configured[0m
[1;31m--- 3 messages dropped ---
[0m[00:00:16.207,214] [1;33m<wrn> usb_hid: hid_int_ep_write: Device is not configured[0m
[1;31m--- 5 messages dropped ---
[0m[00:00:16.223,266] [1;31m<err> remapper: switch_pro_send_input_heartbeat: hid_int_ep_write(hid_dev0, switch_pro_current_input, sizeof(switch_pro_current_input), NULL) returned -11 (../src/main.cc:1508)[0m
[1;31m--- 8 messages dropped ---
[0m[00:00:16.263,275] [1;31m<err> remapper: switch_pro_send_input_heartbeat: hid_int_ep_write(hid_dev0, switch_pro_current_input, sizeof(switch_pro_current_input), NULL) returned -11 (../src/main.cc:1508)[0m
[1;31m--- 10 messages dropped ---
[0m[00:00:16.303,283] [1;31m<err> remapper: switch_pro_send_input_heartbeat: hid_int_ep_write(hid_dev0, switch_pro_current_input, sizeof(switch_pro_current_input), NULL) returned -11 (../src/main.cc:1508)[0m
[1;31m--- 7 messages dropped ---
[0m[00:00:16.343,231] [1;33m<wrn> usb_hid: hid_int_ep_write: Device is not configured[0m
[1;31m--- 4 messages dropped ---
[0m[00:00:16.359,222] [1;33m<wrn> usb_hid: hid_int_ep_write: Device is not configured[0m
[1;31m--- 4 messages dropped ---
[0m[00:00:16.383,270] [1;31m<err> remapper: switch_pro_send_input_heartbeat: hid_int_ep_write(hid_dev0, switch_pro_current_input, sizeof(switch_pro_current_input), NULL) returned -11 (../src/main.cc:1508)[0m
[1;31m--- 5 messages dropped ---
[0m[00:00:16.407,257] [1;31m<err> remapper: switch_pro_send_input_heartbeat: hid_int_ep_write(hid_dev0, switch_pro_current_input, sizeof(switch_pro_current_input), NULL) returned -11 (../src/main.cc:1508)[0m
[1;31m--- 8 messages dropped ---
[0m[00:00:16.447,235] [1;33m<wrn> usb_hid: hid_int_ep_write: Device is not configured[0m
[1;31m--- 5 messages dropped ---
[0m[00:00:16.471,221] [1;33m<wrn> usb_hid: hid_int_ep_write: Device is not configured[0m
[1;31m--- 5 messages dropped ---
[0m[00:00:16.495,208] [1;33m<wrn> usb_hid: hid_int_ep_write: Device is not configured[0m
[1;31m--- 4 messages dropped ---
[0m[00:00:16.503,265] [1;31m<err> remapper: switch_pro_send_input_heartbeat: hid_int_ep_write(hid_dev0, switch_pro_current_input, sizeof(switch_pro_current_input), NULL) returned -11 (../src/main.cc:1508)[0m
[1;31m--- 7 messages dropped ---
[0m[00:00:16.543,212] [1;33m<wrn> usb_hid: hid_int_ep_write: Device is not configured[0m
[1;31m--- 4 messages dropped ---
[0m[00:00:16.559,234] [1;33m<wrn> usb_hid: hid_int_ep_write: Device is not configured[0m
[1;31m--- 4 messages dropped ---
[0m[00:00:16.583,282] [1;31m<err> remapper: switch_pro_send_input_heartbeat: hid_int_ep_write(hid_dev0, switch_pro_current_input, sizeof(switch_pro_current_input), NULL) returned -11 (../src/main.cc:1508)[0m
[1;31m--- 9 messages dropped ---
[0m[00:00:16.623,260] [1;31m<err> remapper: switch_pro_send_input_heartbeat: hid_int_ep_write(hid_dev0, switch_pro_current_input, sizeof(switch_pro_current_input), NULL) returned -11 (../src/main.cc:1508)[0m
[1;31m--- 9 messages dropped ---
[0m[00:00:16.655,273] [1;31m<err> remapper: switch_pro_send_input_heartbeat: hid_int_ep_write(hid_dev0, switch_pro_current_input, sizeof(switch_pro_current_input), NULL) returned -11 (../src/main.cc:1508)[0m
[1;31m--- 7 messages dropped ---
[0m[00:00:16.695,220] [1;33m<wrn> usb_hid: hid_int_ep_write: Device is not configured[0m
[1;31m--- 5 messages dropped ---
[0m[00:00:16.711,273] [1;31m<err> remapper: switch_pro_send_input_heartbeat: hid_int_ep_write(hid_dev0, switch_pro_current_input, sizeof(switch_pro_current_input), NULL) returned -11 (../src/main.cc:1508)[0m
[1;31m--- 5 messages dropped ---
[0m[00:00:16.757,354] [1;31m<err> remapper: switch_pro_send_input_heartbeat: hid_int_ep_write(hid_dev0, switch_pro_current_input, sizeof(switch_pro_current_input), NULL) returned -11 (../src/main.cc:1508)[0m
[1;31m--- 8 messages dropped ---
[0m[00:00:16.797,271] [1;31m<err> remapper: switch_pro_send_input_heartbeat: hid_int_ep_write(hid_dev0, switch_pro_current_input, sizeof(switch_pro_current_input), NULL) returned -11 (../src/main.cc:1508)[0m
[1;31m--- 9 messages dropped ---
[0m[00:00:16.853,240] [1;33m<wrn> usb_hid: hid_int_ep_write: Device is not configured[0m
[1;31m--- 8 messages dropped ---
[0m[00:00:16.869,262] [1;31m<err> remapper: switch_pro_send_input_heartbeat: hid_int_ep_write(hid_dev0, switch_pro_current_input, sizeof(switch_pro_current_input), NULL) returned -11 (../src/main.cc:1508)[0m
[1;31m--- 8 messages dropped ---
[0m[00:00:16.909,271] [1;31m<err> remapper: switch_pro_send_input_heartbeat: hid_int_ep_write(hid_dev0, switch_pro_current_input, sizeof(switch_pro_current_input), NULL) returned -11 (../src/main.cc:1508)[0m
[1;31m--- 7 messages dropped ---
[0m[00:00:16.949,218] [1;33m<wrn> usb_hid: hid_int_ep_write: Device is not configured[0m
[1;31m--- 7 messages dropped ---
[0m[00:00:16.973,236] [1;33m<wrn> usb_hid: hid_int_ep_write: Device is not configured[0m
[1;31m--- 2 messages dropped ---
[0m[00:00:16.989,257] [1;31m<err> remapper: switch_pro_send_input_heartbeat: hid_int_ep_write(hid_dev0, switch_pro_current_input, sizeof(switch_pro_current_input), NULL) returned -11 (../src/main.cc:1508)[0m
[1;31m--- 9 messages dropped ---
[0m[00:00:17.029,266] [1;31m<err> remapper: switch_pro_send_input_heartbeat: hid_int_ep_write(hid_dev0, switch_pro_current_input, sizeof(switch_pro_current_input), NULL) returned -11 (../src/main.cc:1508)[0m
[1;31m--- 10 messages dropped ---
[0m[00:00:17.069,274] [1;31m<err> remapper: switch_pro_send_input_heartbeat: hid_int_ep_write(hid_dev0, switch_pro_current_input, sizeof(switch_pro_current_input), NULL) returned -11 (../src/main.cc:1508)[0m
[1;31m--- 8 messages dropped ---
[0m[00:00:17.109,283] [1;31m<err> remapper: switch_pro_send_input_heartbeat: hid_int_ep_write(hid_dev0, switch_pro_current_input, sizeof(switch_pro_current_input), NULL) returned -11 (../src/main.cc:1508)[0m
[1;31m--- 9 messages dropped ---
[0m[00:00:17.141,265] [1;31m<err> remapper: switch_pro_send_input_heartbeat: hid_int_ep_write(hid_dev0, switch_pro_current_input, sizeof(switch_pro_current_input), NULL) returned -11 (../src/main.cc:1508)[0m
[00:00:17.149,230] [1;33m<wrn> usb_hid: hid_int_ep_write: Device is not configured[0m
[00:00:17.149,261] [1;31m<err> remapper: switch_pro_send_input_heartbeat: hid_int_ep_write(hid_dev0, switch_pro_current_input, sizeof(switch_pro_current_input), NULL) returned -11 (../src/main.cc:1508)[0m
[1;31m--- 5 messages dropped ---
[0m[00:00:17.173,187] [1;33m<wrn> usb_hid: hid_int_ep_write: Device is not configured[0m
[1;31m--- 3 messages dropped ---
[0m[00:00:17.189,239] [1;33m<wrn> usb_hid: hid_int_ep_write: Device is not configured[0m
[1;31m--- 2 messages dropped ---
[0m[00:00:17.197,265] [1;31m<err> remapper: switch_pro_send_input_heartbeat: hid_int_ep_write(hid_dev0, switch_pro_current_input, sizeof(switch_pro_current_input), NULL) returned -11 (../src/main.cc:1508)[0m
[1;31m--- 10 messages dropped ---
[0m[00:00:17.237,274] [1;31m<err> remapper: switch_pro_send_input_heartbeat: hid_int_ep_write(hid_dev0, switch_pro_current_input, sizeof(switch_pro_current_input), NULL) returned -11 (../src/main.cc:1508)[0m
[1;31m--- 8 messages dropped ---
[0m[00:00:17.277,282] [1;31m<err> remapper: switch_pro_send_input_heartbeat: hid_int_ep_write(hid_dev0, switch_pro_current_input, sizeof(switch_pro_current_input), NULL) returned -11 (../src/main.cc:1508)[0m
[1;31m--- 9 messages dropped ---
[0m[00:00:17.317,230] [1;33m<wrn> usb_hid: hid_int_ep_write: Device is not configured[0m
[1;31m--- 2 messages dropped ---
[0m[00:00:17.333,282] [1;31m<err> remapper: switch_pro_send_input_heartbeat: hid_int_ep_write(hid_dev0, switch_pro_current_input, sizeof(switch_pro_current_input), NULL) returned -11 (../src/main.cc:1508)[0m
[1;31m--- 9 messages dropped ---
[0m[00:00:17.373,260] [1;31m<err> remapper: switch_pro_send_input_heartbeat: hid_int_ep_write(hid_dev0, switch_pro_current_input, sizeof(switch_pro_current_input), NULL) returned -11 (../src/main.cc:1508)[0m
[1;31m--- 9 messages dropped ---
[0m[00:00:17.405,273] [1;31m<err> remapper: switch_pro_send_input_heartbeat: hid_int_ep_write(hid_dev0, switch_pro_current_input, sizeof(switch_pro_current_input), NULL) returned -11 (../src/main.cc:1508)[0m
[1;31m--- 7 messages dropped ---
[0m[00:00:17.445,281] [1;31m<err> remapper: switch_pro_send_input_heartbeat: hid_int_ep_write(hid_dev0, switch_pro_current_input, sizeof(switch_pro_current_input), NULL) returned -11 (../src/main.cc:1508)[0m
[1;31m--- 9 messages dropped ---
[0m[00:00:17.529,266] [1;31m<err> remapper: switch_pro_send_input_heartbeat: hid_int_ep_write(hid_dev0, switch_pro_current_input, sizeof(switch_pro_current_input), NULL) returned -11 (../src/main.cc:1508)[0m
[1;31m--- 9 messages dropped ---
[0m[00:00:17.569,274] [1;31m<err> remapper: switch_pro_send_input_heartbeat: hid_int_ep_write(hid_dev0, switch_pro_current_input, sizeof(switch_pro_current_input), NULL) returned -11 (../src/main.cc:1508)[0m
[1;31m--- 8 messages dropped ---
[0m[00:00:17.609,222] [1;33m<wrn> usb_hid: hid_int_ep_write: Device is not configured[0m
[1;31m--- 5 messages dropped ---
[0m[00:00:17.625,244] [1;33m<wrn> usb_hid: hid_int_ep_write: Device is not configured[0m
[1;31m--- 5 messages dropped ---
[0m[00:00:17.657,226] [1;33m<wrn> usb_hid: hid_int_ep_write: Device is not configured[0m
[1;31m--- 3 messages dropped ---
[0m[00:00:17.665,283] [1;31m<err> remapper: switch_pro_send_input_heartbeat: hid_int_ep_write(hid_dev0, switch_pro_current_input, sizeof(switch_pro_current_input), NULL) returned -11 (../src/main.cc:1508)[0m
[1;31m--- 10 messages dropped ---
[0m[00:00:17.713,226] [1;33m<wrn> usb_hid: hid_int_ep_write: Device is not configured[0m
[1;31m--- 3 messages dropped ---
[0m[00:00:17.721,282] [1;31m<err> remapper: switch_pro_send_input_heartbeat: hid_int_ep_write(hid_dev0, switch_pro_current_input, sizeof(switch_pro_current_input), NULL) returned -11 (../src/main.cc:1508)[0m
[1;31m--- 8 messages dropped ---
[0m[00:00:17.761,260] [1;31m<err> remapper: switch_pro_send_input_heartbeat: hid_int_ep_write(hid_dev0, switch_pro_current_input, sizeof(switch_pro_current_input), NULL) returned -11 (../src/main.cc:1508)[0m
[1;31m--- 8 messages dropped ---
[0m[00:00:17.801,269] [1;31m<err> remapper: switch_pro_send_input_heartbeat: hid_int_ep_write(hid_dev0, switch_pro_current_input, sizeof(switch_pro_current_input), NULL) returned -11 (../src/main.cc:1508)[0m
[1;31m--- 11 messages dropped ---
[0m[00:00:17.857,238] [1;33m<wrn> usb_hid: hid_int_ep_write: Device is not configured[0m
[1;31m--- 6 messages dropped ---
[0m[00:00:17.873,229] [1;33m<wrn> usb_hid: hid_int_ep_write: Device is not configured[0m
[1;31m--- 5 messages dropped ---
[0m[00:00:17.897,216] [1;33m<wrn> usb_hid: hid_int_ep_write: Device is not configured[0m
[00:00:17.897,277] [1;31m<err> remapper: switch_pro_send_input_heartbeat: hid_int_ep_write(hid_dev0, switch_pro_current_input, sizeof(switch_pro_current_input), NULL) returned -11 (../src/main.cc:1508)[0m
[00:00:17.905,212] [1;33m<wrn> usb_hid: hid_int_ep_write: Device is not configured[0m
[00:00:17.905,273] [1;31m<err> remapper: switch_pro_send_input_heartbeat: hid_int_ep_write(hid_dev0, switch_pro_current_input, sizeof(switch_pro_current_input), NULL) returned -11 (../src/main.cc:1508)[0m
[00:00:17.913,208] [1;33m<wrn> usb_hid: hid_int_ep_write: Device is not configured[0m
[00:00:17.913,269] [1;31m<err> remapper: switch_pro_send_input_heartbeat: hid_int_ep_write(hid_dev0, switch_pro_current_input, sizeof(switch_pro_current_input), NULL) returned -11 (../src/main.cc:1508)[0m
[00:00:17.921,234] [1;33m<wrn> usb_hid: hid_int_ep_write: Device is not configured[0m
[1;31m--- 3 messages dropped ---
[0m[00:00:17.945,220] [1;33m<wrn> usb_hid: hid_int_ep_write: Device is not configured[0m
[1;31m--- 4 messages dropped ---
[0m[00:00:17.953,277] [1;31m<err> remapper: switch_pro_send_input_heartbeat: hid_int_ep_write(hid_dev0, switch_pro_current_input, sizeof(switch_pro_current_input), NULL) returned -11 (../src/main.cc:1508)[0m
[1;31m--- 7 messages dropped ---
[0m[00:00:17.993,286] [1;31m<err> remapper: switch_pro_send_input_heartbeat: hid_int_ep_write(hid_dev0, switch_pro_current_input, sizeof(switch_pro_current_input), NULL) returned -11 (../src/main.cc:1508)[0m
[1;31m--- 8 messages dropped ---
[0m[00:00:18.033,233] [1;33m<wrn> usb_hid: hid_int_ep_write: Device is not configured[0m
[1;31m--- 6 messages dropped ---
[0m[00:00:18.049,285] [1;31m<err> remapper: switch_pro_send_input_heartbeat: hid_int_ep_write(hid_dev0, switch_pro_current_input, sizeof(switch_pro_current_input), NULL) returned -11 (../src/main.cc:1508)[0m
[1;31m--- 6 messages dropped ---
[0m[00:00:18.089,233] [1;33m<wrn> usb_hid: hid_int_ep_write: Device is not configured[0m
[1;31m--- 5 messages dropped ---
[0m[00:00:18.105,224] [1;33m<wrn> usb_hid: hid_int_ep_write: Device is not configured[0m
[1;31m--- 4 messages dropped ---
[0m[00:00:18.129,272] [1;31m<err> remapper: switch_pro_send_input_heartbeat: hid_int_ep_write(hid_dev0, switch_pro_current_input, sizeof(switch_pro_current_input), NULL) returned -11 (../src/main.cc:1508)[0m
[1;31m--- 10 messages dropped ---
[0m[00:00:18.172,241] [0m<inf> remapper: switch_pro_log_stats: switch_pro_stats enabled=0 report_q=0/0 response_q=0/0 out_q=0 out_overflows=0 ble=0 ble_drop=0 host=0 host_drop=0 set=0 translated=0 mapped=0/1 heartbeat=0/2036 response=0/0 response_drop=0 rumble=0/0 fail=0 busy=0 buttons=00 00 00[0m
[1;31m--- 11 messages dropped ---
[0m[00:00:18.209,228] [1;33m<wrn> usb_hid: hid_int_ep_write: Device is not configured[0m
[1;31m--- 5 messages dropped ---
[0m[00:00:18.411,224] [1;33m<wrn> usb_hid: hid_int_ep_write: Device is not configured[0m
[1;31m--- 4 messages dropped ---
[0m[00:00:18.419,281] [1;31m<err> remapper: switch_pro_send_input_heartbeat: hid_int_ep_write(hid_dev0, switch_pro_current_input, sizeof(switch_pro_current_input), NULL) returned -11 (../src/main.cc:1508)[0m
[1;31m--- 6 messages dropped ---
[0m[00:00:18.459,228] [1;33m<wrn> usb_hid: hid_int_ep_write: Device is not configured[0m
[1;31m--- 7 messages dropped ---
[0m[00:00:18.491,210] [1;33m<wrn> usb_hid: hid_int_ep_write: Device is not configured[0m
[1;31m--- 2 messages dropped ---
[0m[00:00:18.499,267] [1;31m<err> remapper: switch_pro_send_input_heartbeat: hid_int_ep_write(hid_dev0, switch_pro_current_input, sizeof(switch_pro_current_input), NULL) returned -11 (../src/main.cc:1508)[0m
[1;31m--- 10 messages dropped ---
[0m[00:00:18.547,210] [1;33m<wrn> usb_hid: hid_int_ep_write: Device is not configured[0m
[1;31m--- 2 messages dropped ---
[0m[00:00:18.555,267] [1;31m<err> remapper: switch_pro_send_input_heartbeat: hid_int_ep_write(hid_dev0, switch_pro_current_input, sizeof(switch_pro_current_input), NULL) returned -11 (../src/main.cc:1508)[0m
[1;31m--- 9 messages dropped ---
[0m[00:00:18.595,275] [1;31m<err> remapper: switch_pro_send_input_heartbeat: hid_int_ep_write(hid_dev0, switch_pro_current_input, sizeof(switch_pro_current_input), NULL) returned -11 (../src/main.cc:1508)[0m
[1;31m--- 8 messages dropped ---
[0m[00:00:18.627,227] [1;33m<wrn> usb_hid: hid_int_ep_write: Device is not configured[0m
[00:00:18.627,288] [1;31m<err> remapper: switch_pro_send_input_heartbeat: hid_int_ep_write(hid_dev0, switch_pro_current_input, sizeof(switch_pro_current_input), NULL) returned -11 (../src/main.cc:1508)[0m
[00:00:18.635,223] [1;33m<wrn> usb_hid: hid_int_ep_write: Device is not configured[0m
[00:00:18.635,284] [1;31m<err> remapper: switch_pro_send_input_heartbeat: hid_int_ep_write(hid_dev0, switch_pro_current_input, sizeof(switch_pro_current_input), NULL) returned -11 (../src/main.cc:1508)[0m
[1;31m--- 7 messages dropped ---
[0m[00:00:18.667,266] [1;31m<err> remapper: switch_pro_send_input_heartbeat: hid_int_ep_write(hid_dev0, switch_pro_current_input, sizeof(switch_pro_current_input), NULL) returned -11 (../src/main.cc:1508)[0m
[1;31m--- 7 messages dropped ---
[0m[00:00:18.699,279] [1;31m<err> remapper: switch_pro_send_input_heartbeat: hid_int_ep_write(hid_dev0, switch_pro_current_input, sizeof(switch_pro_current_input), NULL) returned -11 (../src/main.cc:1508)[0m
[1;31m--- 7 messages dropped ---
[0m[00:00:18.739,257] [1;31m<err> remapper: switch_pro_send_input_heartbeat: hid_int_ep_write(hid_dev0, switch_pro_current_input, sizeof(switch_pro_current_input), NULL) returned -11 (../src/main.cc:1508)[0m
[1;31m--- 8 messages dropped ---
[0m[00:00:18.779,235] [1;33m<wrn> usb_hid: hid_int_ep_write: Device is not configured[0m
[1;31m--- 9 messages dropped ---
[0m[00:00:18.811,218] [1;33m<wrn> usb_hid: hid_int_ep_write: Device is not configured[0m
[1;31m--- 3 messages dropped ---
[0m[00:00:18.835,235] [1;33m<wrn> usb_hid: hid_int_ep_write: Device is not configured[0m
[1;31m--- 5 messages dropped ---
[0m[00:00:18.851,226] [1;33m<wrn> usb_hid: hid_int_ep_write: Device is not configured[0m
[1;31m--- 4 messages dropped ---
[0m[00:00:18.875,274] [1;31m<err> remapper: switch_pro_send_input_heartbeat: hid_int_ep_write(hid_dev0, switch_pro_current_input, sizeof(switch_pro_current_input), NULL) returned -11 (../src/main.cc:1508)[0m
[1;31m--- 8 messages dropped ---
[0m[00:00:18.915,222] [1;33m<wrn> usb_hid: hid_int_ep_write: Device is not configured[0m
[1;31m--- 5 messages dropped ---
[0m[00:00:18.931,243] [1;33m<wrn> usb_hid: hid_int_ep_write: Device is not configured[0m
[1;31m--- 5 messages dropped ---
[0m[00:00:19.013,732] [1;33m<wrn> usb_hid: hid_int_ep_write: Device is not configured[0m
[1;31m--- 5 messages dropped ---
[0m[00:00:19.029,235] [1;33m<wrn> usb_hid: hid_int_ep_write: Device is not configured[0m
[1;31m--- 4 messages dropped ---
[0m[00:00:19.053,253] [1;31m<err> remapper: switch_pro_send_input_heartbeat: hid_int_ep_write(hid_dev0, switch_pro_current_input, sizeof(switch_pro_current_input), NULL) returned -11 (../src/main.cc:1508)[0m
[1;31m--- 9 messages dropped ---
[0m[00:00:19.085,266] [1;31m<err> remapper: switch_pro_send_input_heartbeat: hid_int_ep_write(hid_dev0, switch_pro_current_input, sizeof(switch_pro_current_input), NULL) returned -11 (../src/main.cc:1508)[0m
[1;31m--- 7 messages dropped ---
[0m[00:00:19.125,274] [1;31m<err> remapper: switch_pro_send_input_heartbeat: hid_int_ep_write(hid_dev0, switch_pro_current_input, sizeof(switch_pro_current_input), NULL) returned -11 (../src/main.cc:1508)[0m
[1;31m--- 9 messages dropped ---
[0m[00:00:19.165,283] [1;31m<err> remapper: switch_pro_send_input_heartbeat: hid_int_ep_write(hid_dev0, switch_pro_current_input, sizeof(switch_pro_current_input), NULL) returned -11 (../src/main.cc:1508)[0m
[1;31m--- 7 messages dropped ---
[0m[00:00:19.189,239] [1;33m<wrn> usb_hid: hid_int_ep_write: Device is not configured[0m
[1;31m--- 4 messages dropped ---
[0m[00:00:19.213,226] [1;33m<wrn> usb_hid: hid_int_ep_write: Device is not configured[0m
[1;31m--- 5 messages dropped ---
[0m[00:00:19.229,339] [1;31m<err> remapper: switch_pro_send_input_heartbeat: hid_int_ep_write(hid_dev0, switch_pro_current_input, sizeof(switch_pro_current_input), NULL) returned -11 (../src/main.cc:1508)[0m
[1;31m--- 7 messages dropped ---
[0m[00:00:19.261,230] [1;33m<wrn> usb_hid: hid_int_ep_write: Device is not configured[0m
[1;31m--- 4 messages dropped ---
[0m[00:00:19.285,278] [1;31m<err> remapper: switch_pro_send_input_heartbeat: hid_int_ep_write(hid_dev0, switch_pro_current_input, sizeof(switch_pro_current_input), NULL) returned -11 (../src/main.cc:1508)[0m
[1;31m--- 8 messages dropped ---
[0m[00:00:19.325,225] [1;33m<wrn> usb_hid: hid_int_ep_write: Device is not configured[0m
[1;31m--- 4 messages dropped ---
[0m[00:00:19.341,217] [1;33m<wrn> usb_hid: hid_int_ep_write: Device is not configured[0m
[1;31m--- 5 messages dropped ---
[0m[00:00:19.357,269] [1;31m<err> remapper: switch_pro_send_input_heartbeat: hid_int_ep_write(hid_dev0, switch_pro_current_input, sizeof(switch_pro_current_input), NULL) returned -11 (../src/main.cc:1508)[0m
[1;31m--- 5 messages dropped ---
[0m[00:00:19.381,256] [1;31m<err> remapper: switch_pro_send_input_heartbeat: hid_int_ep_write(hid_dev0, switch_pro_current_input, sizeof(switch_pro_current_input), NULL) returned -11 (../src/main.cc:1508)[0m
[1;31m--- 7 messages dropped ---
[0m[00:00:19.421,264] [1;31m<err> remapper: switch_pro_send_input_heartbeat: hid_int_ep_write(hid_dev0, switch_pro_current_input, sizeof(switch_pro_current_input), NULL) returned -11 (../src/main.cc:1508)[0m
[1;31m--- 9 messages dropped ---
[0m[00:00:19.453,277] [1;31m<err> remapper: switch_pro_send_input_heartbeat: hid_int_ep_write(hid_dev0, switch_pro_current_input, sizeof(switch_pro_current_input), NULL) returned -11 (../src/main.cc:1508)[0m
[1;31m--- 7 messages dropped ---
[0m[00:00:19.493,255] [1;31m<err> remapper: switch_pro_send_input_heartbeat: hid_int_ep_write(hid_dev0, switch_pro_current_input, sizeof(switch_pro_current_input), NULL) returned -11 (../src/main.cc:1508)[0m
[1;31m--- 9 messages dropped ---
[0m[00:00:19.533,264] [1;31m<err> remapper: switch_pro_send_input_heartbeat: hid_int_ep_write(hid_dev0, switch_pro_current_input, sizeof(switch_pro_current_input), NULL) returned -11 (../src/main.cc:1508)[0m
[1;31m--- 9 messages dropped ---
[0m[00:00:19.573,242] [1;33m<wrn> usb_hid: hid_int_ep_write: Device is not configured[0m
[1;31m--- 4 messages dropped ---
[0m[00:00:19.597,229] [1;33m<wrn> usb_hid: hid_int_ep_write: Device is not configured[0m
[1;31m--- 5 messages dropped ---
[0m[00:00:19.621,215] [1;33m<wrn> usb_hid: hid_int_ep_write: Device is not configured[0m
[1;31m--- 2 messages dropped ---
[0m[00:00:19.629,211] [1;33m<wrn> usb_hid: hid_int_ep_write: Device is not configured[0m
[1;31m--- 5 messages dropped ---
[0m[00:00:19.653,259] [1;31m<err> remapper: switch_pro_send_input_heartbeat: hid_int_ep_write(hid_dev0, switch_pro_current_input, sizeof(switch_pro_current_input), NULL) returned -11 (../src/main.cc:1508)[0m
[1;31m--- 7 messages dropped ---
[0m[00:00:19.677,276] [1;31m<err> remapper: switch_pro_send_input_heartbeat: hid_int_ep_write(hid_dev0, switch_pro_current_input, sizeof(switch_pro_current_input), NULL) returned -11 (../src/main.cc:1508)[0m
[1;31m--- 7 messages dropped ---
[0m[00:00:19.741,668] [1;33m<wrn> usb_hid: hid_int_ep_write: Device is not configured[0m
[1;31m--- 5 messages dropped ---
[0m[00:00:19.765,258] [1;31m<err> remapper: switch_pro_send_input_heartbeat: hid_int_ep_write(hid_dev0, switch_pro_current_input, sizeof(switch_pro_current_input), NULL) returned -11 (../src/main.cc:1508)[0m
[1;31m--- 9 messages dropped ---
[0m[00:00:19.797,271] [1;31m<err> remapper: switch_pro_send_input_heartbeat: hid_int_ep_write(hid_dev0, switch_pro_current_input, sizeof(switch_pro_current_input), NULL) returned -11 (../src/main.cc:1508)[0m
[1;31m--- 10 messages dropped ---
[0m[00:00:19.853,240] [1;33m<wrn> usb_hid: hid_int_ep_write: Device is not configured[0m
[1;31m--- 6 messages dropped ---
[0m[00:00:19.877,288] [1;31m<err> remapper: switch_pro_send_input_heartbeat: hid_int_ep_write(hid_dev0, switch_pro_current_input, sizeof(switch_pro_current_input), NULL) returned -11 (../src/main.cc:1508)[0m
[1;31m--- 9 messages dropped ---
[0m[00:00:19.909,271] [1;31m<err> remapper: switch_pro_send_input_heartbeat: hid_int_ep_write(hid_dev0, switch_pro_current_input, sizeof(switch_pro_current_input), NULL) returned -11 (../src/main.cc:1508)[0m
[1;31m--- 9 messages dropped ---
[0m[00:00:19.949,279] [1;31m<err> remapper: switch_pro_send_input_heartbeat: hid_int_ep_write(hid_dev0, switch_pro_current_input, sizeof(switch_pro_current_input), NULL) returned -11 (../src/main.cc:1508)[0m
[1;31m--- 8 messages dropped ---
[0m[00:00:19.989,288] [1;31m<err> remapper: switch_pro_send_input_heartbeat: hid_int_ep_write(hid_dev0, switch_pro_current_input, sizeof(switch_pro_current_input), NULL) returned -11 (../src/main.cc:1508)[0m
[1;31m--- 8 messages dropped ---
[0m[00:00:20.029,266] [1;31m<err> remapper: switch_pro_send_input_heartbeat: hid_int_ep_write(hid_dev0, switch_pro_current_input, sizeof(switch_pro_current_input), NULL) returned -11 (../src/main.cc:1508)[0m
[1;31m--- 10 messages dropped ---
[0m[00:00:20.077,239] [1;33m<wrn> usb_hid: hid_int_ep_write: Device is not configured[0m
[1;31m--- 4 messages dropped ---
[0m[00:00:20.085,266] [1;31m<err> remapper: switch_pro_send_input_heartbeat: hid_int_ep_write(hid_dev0, switch_pro_current_input, sizeof(switch_pro_current_input), NULL) returned -11 (../src/main.cc:1508)[0m
[1;31m--- 7 messages dropped ---
[0m[00:00:20.125,274] [1;31m<err> remapper: switch_pro_send_input_heartbeat: hid_int_ep_write(hid_dev0, switch_pro_current_input, sizeof(switch_pro_current_input), NULL) returned -11 (../src/main.cc:1508)[0m
[1;31m--- 5 messages dropped ---
[0m[00:00:20.141,265] [1;31m<err> remapper: switch_pro_send_input_heartbeat: hid_int_ep_write(hid_dev0, switch_pro_current_input, sizeof(switch_pro_current_input), NULL) returned -11 (../src/main.cc:1508)[0m
[00:00:20.149,230] [1;33m<wrn> usb_hid: hid_int_ep_write: Device is not configured[0m
[00:00:20.149,261] [1;31m<err> remapper: switch_pro_send_input_heartbeat: hid_int_ep_write(hid_dev0, switch_pro_current_input, sizeof(switch_pro_current_input), NULL) returned -11 (../src/main.cc:1508)[0m
[1;31m--- 5 messages dropped ---
[0m[00:00:20.173,248] [1;31m<err> remapper: switch_pro_send_input_heartbeat: hid_int_ep_write(hid_dev0, switch_pro_current_input, sizeof(switch_pro_current_input), NULL) returned -11 (../src/main.cc:1508)[0m
[1;31m--- 8 messages dropped ---
[0m[00:00:20.205,230] [1;33m<wrn> usb_hid: hid_int_ep_write: Device is not configured[0m
[1;31m--- 3 messages dropped ---
[0m[00:00:20.229,217] [1;33m<wrn> usb_hid: hid_int_ep_write: Device is not configured[0m
[1;31m--- 4 messages dropped ---
[0m[00:00:20.245,269] [1;31m<err> remapper: switch_pro_send_input_heartbeat: hid_int_ep_write(hid_dev0, switch_pro_current_input, sizeof(switch_pro_current_input), NULL) returned -11 (../src/main.cc:1508)[0m
[1;31m--- 9 messages dropped ---
[0m[00:00:20.277,282] [1;31m<err> remapper: switch_pro_send_input_heartbeat: hid_int_ep_write(hid_dev0, switch_pro_current_input, sizeof(switch_pro_current_input), NULL) returned -11 (../src/main.cc:1508)[0m
[1;31m--- 8 messages dropped ---
[0m[00:00:20.317,291] [1;31m<err> remapper: switch_pro_send_input_heartbeat: hid_int_ep_write(hid_dev0, switch_pro_current_input, sizeof(switch_pro_current_input), NULL) returned -11 (../src/main.cc:1508)[0m
[1;31m--- 9 messages dropped ---
[0m[00:00:20.357,269] [1;31m<err> remapper: switch_pro_send_input_heartbeat: hid_int_ep_write(hid_dev0, switch_pro_current_input, sizeof(switch_pro_current_input), NULL) returned -11 (../src/main.cc:1508)[0m
[1;31m--- 10 messages dropped ---
[0m[00:00:20.405,212] [1;33m<wrn> usb_hid: hid_int_ep_write: Device is not configured[0m
[1;31m--- 2 messages dropped ---
[0m[00:00:20.413,269] [1;31m<err> remapper: switch_pro_send_input_heartbeat: hid_int_ep_write(hid_dev0, switch_pro_current_input, sizeof(switch_pro_current_input), NULL) returned -11 (../src/main.cc:1508)[0m
[1;31m--- 9 messages dropped ---
[0m[00:00:20.453,277] [1;31m<err> remapper: switch_pro_send_input_heartbeat: hid_int_ep_write(hid_dev0, switch_pro_current_input, sizeof(switch_pro_current_input), NULL) returned -11 (../src/main.cc:1508)[0m
[1;31m--- 8 messages dropped ---
[0m[00:00:20.631,256] [1;31m<err> remapper: switch_pro_send_input_heartbeat: hid_int_ep_write(hid_dev0, switch_pro_current_input, sizeof(switch_pro_current_input), NULL) returned -11 (../src/main.cc:1508)[0m
[1;31m--- 9 messages dropped ---
[0m[00:00:20.671,264] [1;31m<err> remapper: switch_pro_send_input_heartbeat: hid_int_ep_write(hid_dev0, switch_pro_current_input, sizeof(switch_pro_current_input), NULL) returned -11 (../src/main.cc:1508)[0m
[1;31m--- 8 messages dropped ---
[0m[00:00:20.703,277] [1;31m<err> remapper: switch_pro_send_input_heartbeat: hid_int_ep_write(hid_dev0, switch_pro_current_input, sizeof(switch_pro_current_input), NULL) returned -11 (../src/main.cc:1508)[0m
[1;31m--- 7 messages dropped ---
[0m[00:00:20.743,225] [1;33m<wrn> usb_hid: hid_int_ep_write: Device is not configured[0m
[1;31m--- 5 messages dropped ---
[0m[00:00:20.767,242] [1;33m<wrn> usb_hid: hid_int_ep_write: Device is not configured[0m
[1;31m--- 4 messages dropped ---
[0m[00:00:20.783,264] [1;31m<err> remapper: switch_pro_send_input_heartbeat: hid_int_ep_write(hid_dev0, switch_pro_current_input, sizeof(switch_pro_current_input), NULL) returned -11 (../src/main.cc:1508)[0m
[1;31m--- 9 messages dropped ---
[0m[00:00:20.823,272] [1;31m<err> remapper: switch_pro_send_input_heartbeat: hid_int_ep_write(hid_dev0, switch_pro_current_input, sizeof(switch_pro_current_input), NULL) returned -11 (../src/main.cc:1508)[0m
[1;31m--- 15 messages dropped ---
[0m[00:00:20.887,237] [1;33m<wrn> usb_hid: hid_int_ep_write: Device is not configured[0m
[1;31m--- 2 messages dropped ---
[0m[00:00:20.895,233] [1;33m<wrn> usb_hid: hid_int_ep_write: Device is not configured[0m
[00:00:20.895,263] [1;31m<err> remapper: switch_pro_send_input_heartbeat: hid_int_ep_write(hid_dev0, switch_pro_current_input, sizeof(switch_pro_current_input), NULL) returned -11 (../src/main.cc:1508)[0m
[1;31m--- 8 messages dropped ---
[0m[00:00:20.935,241] [1;33m<wrn> usb_hid: hid_int_ep_write: Device is not configured[0m
[1;31m--- 5 messages dropped ---
[0m[00:00:20.967,224] [1;33m<wrn> usb_hid: hid_int_ep_write: Device is not configured[0m
[1;31m--- 4 messages dropped ---
[0m[00:00:20.975,280] [1;31m<err> remapper: switch_pro_send_input_heartbeat: hid_int_ep_write(hid_dev0, switch_pro_current_input, sizeof(switch_pro_current_input), NULL) returned -11 (../src/main.cc:1508)[0m
[1;31m--- 8 messages dropped ---
[0m[00:00:21.015,289] [1;31m<err> remapper: switch_pro_send_input_heartbeat: hid_int_ep_write(hid_dev0, switch_pro_current_input, sizeof(switch_pro_current_input), NULL) returned -11 (../src/main.cc:1508)[0m
[1;31m--- 8 messages dropped ---
[0m[00:00:21.055,267] [1;31m<err> remapper: switch_pro_send_input_heartbeat: hid_int_ep_write(hid_dev0, switch_pro_current_input, sizeof(switch_pro_current_input), NULL) returned -11 (../src/main.cc:1508)[0m
[1;31m--- 10 messages dropped ---
[0m[00:00:21.095,214] [1;33m<wrn> usb_hid: hid_int_ep_write: Device is not configured[0m
[1;31m--- 4 messages dropped ---
[0m[00:00:21.119,232] [1;33m<wrn> usb_hid: hid_int_ep_write: Device is not configured[0m
[1;31m--- 3 messages dropped ---
[0m[00:00:21.127,288] [1;31m<err> remapper: switch_pro_send_input_heartbeat: hid_int_ep_write(hid_dev0, switch_pro_current_input, sizeof(switch_pro_current_input), NULL) returned -11 (../src/main.cc:1508)[0m
[1;31m--- 8 messages dropped ---
[0m[00:00:21.167,266] [1;31m<err> remapper: switch_pro_send_input_heartbeat: hid_int_ep_write(hid_dev0, switch_pro_current_input, sizeof(switch_pro_current_input), NULL) returned -11 (../src/main.cc:1508)[0m
[1;31m--- 5 messages dropped ---
[0m[00:00:21.191,223] [1;33m<wrn> usb_hid: hid_int_ep_write: Device is not configured[0m
[1;31m--- 5 messages dropped ---
[0m[00:00:21.207,244] [1;33m<wrn> usb_hid: hid_int_ep_write: Device is not configured[0m
[1;31m--- 2 messages dropped ---
[0m[00:00:21.249,267] [1;31m<err> remapper: switch_pro_send_input_heartbeat: hid_int_ep_write(hid_dev0, switch_pro_current_input, sizeof(switch_pro_current_input), NULL) returned -11 (../src/main.cc:1508)[0m
[1;31m--- 9 messages dropped ---
[0m[00:00:21.289,276] [1;31m<err> remapper: switch_pro_send_input_heartbeat: hid_int_ep_write(hid_dev0, switch_pro_current_input, sizeof(switch_pro_current_input), NULL) returned -11 (../src/main.cc:1508)[0m
[1;31m--- 8 messages dropped ---
[0m[00:00:21.321,228] [1;33m<wrn> usb_hid: hid_int_ep_write: Device is not configured[0m
[1;31m--- 4 messages dropped ---
[0m[00:00:21.345,275] [1;31m<err> remapper: switch_pro_send_input_heartbeat: hid_int_ep_write(hid_dev0, switch_pro_current_input, sizeof(switch_pro_current_input), NULL) returned -11 (../src/main.cc:1508)[0m
[1;31m--- 9 messages dropped ---
[0m[00:00:21.385,253] [1;31m<err> remapper: switch_pro_send_input_heartbeat: hid_int_ep_write(hid_dev0, switch_pro_current_input, sizeof(switch_pro_current_input), NULL) returned -11 (../src/main.cc:1508)[0m
[1;31m--- 9 messages dropped ---
[0m[00:00:21.417,266] [1;31m<err> remapper: switch_pro_send_input_heartbeat: hid_int_ep_write(hid_dev0, switch_pro_current_input, sizeof(switch_pro_current_input), NULL) returned -11 (../src/main.cc:1508)[0m
[1;31m--- 8 messages dropped ---
[0m[00:00:21.457,275] [1;31m<err> remapper: switch_pro_send_input_heartbeat: hid_int_ep_write(hid_dev0, switch_pro_current_input, sizeof(switch_pro_current_input), NULL) returned -11 (../src/main.cc:1508)[0m
[1;31m--- 7 messages dropped ---
[0m[00:00:21.497,192] [1;33m<wrn> usb_hid: hid_int_ep_write: Device is not configured[0m
[1;31m--- 5 messages dropped ---
[0m[00:00:21.513,244] [1;33m<wrn> usb_hid: hid_int_ep_write: Device is not configured[0m
[1;31m--- 4 messages dropped ---
[0m[00:00:21.537,261] [1;31m<err> remapper: switch_pro_send_input_heartbeat: hid_int_ep_write(hid_dev0, switch_pro_current_input, sizeof(switch_pro_current_input), NULL) returned -11 (../src/main.cc:1508)[0m
[1;31m--- 8 messages dropped ---
[0m[00:00:21.577,209] [1;33m<wrn> usb_hid: hid_int_ep_write: Device is not configured[0m
[1;31m--- 5 messages dropped ---
[0m[00:00:21.593,231] [1;33m<wrn> usb_hid: hid_int_ep_write: Device is not configured[0m
[1;31m--- 5 messages dropped ---
[0m[00:00:21.625,213] [1;33m<wrn> usb_hid: hid_int_ep_write: Device is not configured[0m
[1;31m--- 3 messages dropped ---
[0m[00:00:21.633,239] [1;33m<wrn> usb_hid: hid_int_ep_write: Device is not configured[0m
[00:00:21.633,270] [1;31m<err> remapper: switch_pro_send_input_heartbeat: hid_int_ep_write(hid_dev0, switch_pro_current_input, sizeof(switch_pro_current_input), NULL) returned -11 (../src/main.cc:1508)[0m
[00:00:21.641,235] [1;33m<wrn> usb_hid: hid_int_ep_write: Device is not configured[0m
[1;31m--- 2 messages dropped ---
[0m[00:00:21.657,257] [1;31m<err> remapper: switch_pro_send_input_heartbeat: hid_int_ep_write(hid_dev0, switch_pro_current_input, sizeof(switch_pro_current_input), NULL) returned -11 (../src/main.cc:1508)[0m
[1;31m--- 8 messages dropped ---
[0m[00:00:21.697,235] [1;33m<wrn> usb_hid: hid_int_ep_write: Device is not configured[0m
[1;31m--- 4 messages dropped ---
[0m[00:00:21.713,287] [1;31m<err> remapper: switch_pro_send_input_heartbeat: hid_int_ep_write(hid_dev0, switch_pro_current_input, sizeof(switch_pro_current_input), NULL) returned -11 (../src/main.cc:1508)[0m
[1;31m--- 9 messages dropped ---
[0m[00:00:21.753,265] [1;31m<err> remapper: switch_pro_send_input_heartbeat: hid_int_ep_write(hid_dev0, switch_pro_current_input, sizeof(switch_pro_current_input), NULL) returned -11 (../src/main.cc:1508)[0m
[1;31m--- 9 messages dropped ---
[0m[00:00:21.793,273] [1;31m<err> remapper: switch_pro_send_input_heartbeat: hid_int_ep_write(hid_dev0, switch_pro_current_input, sizeof(switch_pro_current_input), NULL) returned -11 (../src/main.cc:1508)[0m
[1;31m--- 12 messages dropped ---
[0m[00:00:21.841,217] [1;33m<wrn> usb_hid: hid_int_ep_write: Device is not configured[0m
[1;31m--- 4 messages dropped ---
[0m[00:00:21.865,234] [1;33m<wrn> usb_hid: hid_int_ep_write: Device is not configured[0m
[1;31m--- 4 messages dropped ---
[0m[00:00:21.881,225] [1;33m<wrn> usb_hid: hid_int_ep_write: Device is not configured[0m
[1;31m--- 4 messages dropped ---
[0m[00:00:21.905,273] [1;31m<err> remapper: switch_pro_send_input_heartbeat: hid_int_ep_write(hid_dev0, switch_pro_current_input, sizeof(switch_pro_current_input), NULL) returned -11 (../src/main.cc:1508)[0m
[1;31m--- 8 messages dropped ---
[0m[00:00:21.945,220] [1;33m<wrn> usb_hid: hid_int_ep_write: Device is not configured[0m
[1;31m--- 4 messages dropped ---
[0m[00:00:21.961,273] [1;31m<err> remapper: switch_pro_send_input_heartbeat: hid_int_ep_write(hid_dev0, switch_pro_current_input, sizeof(switch_pro_current_input), NULL) returned -11 (../src/main.cc:1508)[0m
[1;31m--- 8 messages dropped ---
[0m[00:00:22.037,200] [1;33m<wrn> usb_hid: hid_int_ep_write: Device is not configured[0m
[1;31m--- 5 messages dropped ---
[0m[00:00:22.061,218] [1;33m<wrn> usb_hid: hid_int_ep_write: Device is not configured[0m
[1;31m--- 4 messages dropped ---
[0m[00:00:22.085,235] [1;33m<wrn> usb_hid: hid_int_ep_write: Device is not configured[0m
[1;31m--- 2 messages dropped ---
[0m[00:00:22.093,292] [1;31m<err> remapper: switch_pro_send_input_heartbeat: hid_int_ep_write(hid_dev0, switch_pro_current_input, sizeof(switch_pro_current_input), NULL) returned -11 (../src/main.cc:1508)[0m
[1;31m--- 9 messages dropped ---
[0m[00:00:22.133,270] [1;31m<err> remapper: switch_pro_send_input_heartbeat: hid_int_ep_write(hid_dev0, switch_pro_current_input, sizeof(switch_pro_current_input), NULL) returned -11 (../src/main.cc:1508)[0m
[1;31m--- 9 messages dropped ---
[0m[00:00:22.173,065] [1;33m<wrn> usb_hid: hid_int_ep_write: Device is not configured[0m
[1;31m--- 1 messages dropped ---
[0m[00:00:22.181,213] [1;33m<wrn> usb_hid: hid_int_ep_write: Device is not configured[0m
[1;31m--- 5 messages dropped ---
[0m[00:00:22.205,230] [1;33m<wrn> usb_hid: hid_int_ep_write: Device is not configured[0m
[1;31m--- 2 messages dropped ---
[0m[00:00:22.213,226] [1;33m<wrn> usb_hid: hid_int_ep_write: Device is not configured[0m
[1;31m--- 5 messages dropped ---
[0m[00:00:22.237,274] [1;31m<err> remapper: switch_pro_send_input_heartbeat: hid_int_ep_write(hid_dev0, switch_pro_current_input, sizeof(switch_pro_current_input), NULL) returned -11 (../src/main.cc:1508)[0m
[1;31m--- 8 messages dropped ---
[0m[00:00:22.269,226] [1;33m<wrn> usb_hid: hid_int_ep_write: Device is not configured[0m
[1;31m--- 4 messages dropped ---
[0m[00:00:22.293,273] [1;31m<err> remapper: switch_pro_send_input_heartbeat: hid_int_ep_write(hid_dev0, switch_pro_current_input, sizeof(switch_pro_current_input), NULL) returned -11 (../src/main.cc:1508)[0m
[1;31m--- 9 messages dropped ---
[0m[00:00:22.325,286] [1;31m<err> remapper: switch_pro_send_input_heartbeat: hid_int_ep_write(hid_dev0, switch_pro_current_input, sizeof(switch_pro_current_input), NULL) returned -11 (../src/main.cc:1508)[0m
[1;31m--- 8 messages dropped ---
[0m[00:00:22.365,234] [1;33m<wrn> usb_hid: hid_int_ep_write: Device is not configured[0m
[1;31m--- 2 messages dropped ---
[0m[00:00:22.373,260] [1;31m<err> remapper: switch_pro_send_input_heartbeat: hid_int_ep_write(hid_dev0, switch_pro_current_input, sizeof(switch_pro_current_input), NULL) returned -11 (../src/main.cc:1508)[0m
[00:00:22.381,225] [1;33m<wrn> usb_hid: hid_int_ep_write: Device is not configured[0m
[00:00:22.381,286] [1;31m<err> remapper: switch_pro_send_input_heartbeat: hid_int_ep_write(hid_dev0, switch_pro_current_input, sizeof(switch_pro_current_input), NULL) returned -11 (../src/main.cc:1508)[0m
[00:00:22.389,221] [1;33m<wrn> usb_hid: hid_int_ep_write: Device is not configured[0m
[00:00:22.389,282] [1;31m<err> remapper: switch_pro_send_input_heartbeat: hid_int_ep_write(hid_dev0, switch_pro_current_input, sizeof(switch_pro_current_input), NULL) returned -11 (../src/main.cc:1508)[0m
[1;31m--- 2 messages dropped ---
[0m[00:00:22.405,273] [1;31m<err> remapper: switch_pro_send_input_heartbeat: hid_int_ep_write(hid_dev0, switch_pro_current_input, sizeof(switch_pro_current_input), NULL) returned -11 (../src/main.cc:1508)[0m
[1;31m--- 8 messages dropped ---
[0m[00:00:22.437,286] [1;31m<err> remapper: switch_pro_send_input_heartbeat: hid_int_ep_write(hid_dev0, switch_pro_current_input, sizeof(switch_pro_current_input), NULL) returned -11 (../src/main.cc:1508)[0m
[1;31m--- 7 messages dropped ---
[0m[00:00:22.477,264] [1;31m<err> remapper: switch_pro_send_input_heartbeat: hid_int_ep_write(hid_dev0, switch_pro_current_input, sizeof(switch_pro_current_input), NULL) returned -11 (../src/main.cc:1508)[0m
[1;31m--- 11 messages dropped ---
[0m[00:00:22.525,238] [1;33m<wrn> usb_hid: hid_int_ep_write: Device is not configured[0m
[1;31m--- 5 messages dropped ---
[0m[00:00:22.541,351] [1;31m<err> remapper: switch_pro_send_input_heartbeat: hid_int_ep_write(hid_dev0, switch_pro_current_input, sizeof(switch_pro_current_input), NULL) returned -11 (../src/main.cc:1508)[0m
[1;31m--- 7 messages dropped ---
[0m[00:00:22.581,237] [1;33m<wrn> usb_hid: hid_int_ep_write: Device is not configured[0m
[1;31m--- 5 messages dropped ---
[0m[00:00:22.605,255] [1;31m<err> remapper: switch_pro_send_input_heartbeat: hid_int_ep_write(hid_dev0, switch_pro_current_input, sizeof(switch_pro_current_input), NULL) returned -11 (../src/main.cc:1508)[0m
[1;31m--- 8 messages dropped ---
[0m[00:00:22.637,207] [1;33m<wrn> usb_hid: hid_int_ep_write: Device is not configured[0m
[1;31m--- 4 messages dropped ---
[0m[00:00:22.661,285] [1;31m<err> remapper: switch_pro_send_input_heartbeat: hid_int_ep_write(hid_dev0, switch_pro_current_input, sizeof(switch_pro_current_input), NULL) returned -11 (../src/main.cc:1508)[0m
[1;31m--- 13 messages dropped ---
[0m[00:00:22.709,289] [1;31m<err> remapper: switch_pro_send_input_heartbeat: hid_int_ep_write(hid_dev0, switch_pro_current_input, sizeof(switch_pro_current_input), NULL) returned -11 (../src/main.cc:1508)[0m
[1;31m--- 6 messages dropped ---
[0m[00:00:22.919,219] [1;33m<wrn> usb_hid: hid_int_ep_write: Device is not configured[0m
[1;31m--- 4 messages dropped ---
[0m[00:00:22.935,272] [1;31m<err> remapper: switch_pro_send_input_heartbeat: hid_int_ep_write(hid_dev0, switch_pro_current_input, sizeof(switch_pro_current_input), NULL) returned -11 (../src/main.cc:1508)[0m
[1;31m--- 9 messages dropped ---
[0m[00:00:22.967,285] [1;31m<err> remapper: switch_pro_send_input_heartbeat: hid_int_ep_write(hid_dev0, switch_pro_current_input, sizeof(switch_pro_current_input), NULL) returned -11 (../src/main.cc:1508)[0m
[1;31m--- 9 messages dropped ---
[0m[00:00:23.007,263] [1;31m<err> remapper: switch_pro_send_input_heartbeat: hid_int_ep_write(hid_dev0, switch_pro_current_input, sizeof(switch_pro_current_input), NULL) returned -11 (../src/main.cc:1508)[0m
[1;31m--- 8 messages dropped ---
[0m[00:00:23.047,241] [1;33m<wrn> usb_hid: hid_int_ep_write: Device is not configured[0m
[1;31m--- 4 messages dropped ---
[0m[00:00:23.063,262] [1;31m<err> remapper: switch_pro_send_input_heartbeat: hid_int_ep_write(hid_dev0, switch_pro_current_input, sizeof(switch_pro_current_input), NULL) returned -11 (../src/main.cc:1508)[0m
[1;31m--- 7 messages dropped ---
[0m[00:00:23.103,271] [1;31m<err> remapper: switch_pro_send_input_heartbeat: hid_int_ep_write(hid_dev0, switch_pro_current_input, sizeof(switch_pro_current_input), NULL) returned -11 (../src/main.cc:1508)[0m
[1;31m--- 9 messages dropped ---
[0m[00:00:23.135,284] [1;31m<err> remapper: switch_pro_send_input_heartbeat: hid_int_ep_write(hid_dev0, switch_pro_current_input, sizeof(switch_pro_current_input), NULL) returned -11 (../src/main.cc:1508)[0m
[00:00:23.143,218] [1;33m<wrn> usb_hid: hid_int_ep_write: Device is not configured[0m
[00:00:23.143,280] [1;31m<err> remapper: switch_pro_send_input_heartbeat: hid_int_ep_write(hid_dev0, switch_pro_current_input, sizeof(switch_pro_current_input), NULL) returned -11 (../src/main.cc:1508)[0m
[1;31m--- 4 messages dropped ---
[0m[00:00:23.167,236] [1;33m<wrn> usb_hid: hid_int_ep_write: Device is not configured[0m
[1;31m--- 2 messages dropped ---
[0m[00:00:23.183,227] [1;33m<wrn> usb_hid: hid_int_ep_write: Device is not configured[0m
[1;31m--- 5 messages dropped ---
[0m[00:00:23.199,218] [1;33m<wrn> usb_hid: hid_int_ep_write: Device is not configured[0m
[1;31m--- 4 messages dropped ---
[0m[00:00:23.215,240] [1;33m<wrn> usb_hid: hid_int_ep_write: Device is not configured[0m
[1;31m--- 5 messages dropped ---
[0m[00:00:23.247,222] [1;33m<wrn> usb_hid: hid_int_ep_write: Device is not configured[0m
[1;31m--- 5 messages dropped ---
[0m[00:00:23.263,244] [1;33m<wrn> usb_hid: hid_int_ep_write: Device is not configured[0m
[1;31m--- 2 messages dropped ---
[0m[00:00:23.279,266] [1;31m<err> remapper: switch_pro_send_input_heartbeat: hid_int_ep_write(hid_dev0, switch_pro_current_input, sizeof(switch_pro_current_input), NULL) returned -11 (../src/main.cc:1508)[0m
[1;31m--- 9 messages dropped ---
[0m[00:00:23.319,274] [1;31m<err> remapper: switch_pro_send_input_heartbeat: hid_int_ep_write(hid_dev0, switch_pro_current_input, sizeof(switch_pro_current_input), NULL) returned -11 (../src/main.cc:1508)[0m
[1;31m--- 9 messages dropped ---
[0m[00:00:23.351,287] [1;31m<err> remapper: switch_pro_send_input_heartbeat: hid_int_ep_write(hid_dev0, switch_pro_current_input, sizeof(switch_pro_current_input), NULL) returned -11 (../src/main.cc:1508)[0m
[1;31m--- 8 messages dropped ---
[0m[00:00:23.391,235] [1;33m<wrn> usb_hid: hid_int_ep_write: Device is not configured[0m
[1;31m--- 4 messages dropped ---
[0m[00:00:23.415,283] [1;31m<err> remapper: switch_pro_send_input_heartbeat: hid_int_ep_write(hid_dev0, switch_pro_current_input, sizeof(switch_pro_current_input), NULL) returned -11 (../src/main.cc:1508)[0m
[1;31m--- 9 messages dropped ---
[0m[00:00:23.447,265] [1;31m<err> remapper: switch_pro_send_input_heartbeat: hid_int_ep_write(hid_dev0, switch_pro_current_input, sizeof(switch_pro_current_input), NULL) returned -11 (../src/main.cc:1508)[0m
[1;31m--- 6 messages dropped ---
[0m[00:00:23.537,200] [1;33m<wrn> usb_hid: hid_int_ep_write: Device is not configured[0m
[1;31m--- 5 messages dropped ---
[0m[00:00:23.553,222] [1;33m<wrn> usb_hid: hid_int_ep_write: Device is not configured[0m
[1;31m--- 3 messages dropped ---
[0m[00:00:23.577,239] [1;33m<wrn> usb_hid: hid_int_ep_write: Device is not configured[0m
[1;31m--- 5 messages dropped ---
[0m[00:00:23.593,231] [1;33m<wrn> usb_hid: hid_int_ep_write: Device is not configured[0m
[1;31m--- 3 messages dropped ---
[0m[00:00:23.617,218] [1;33m<wrn> usb_hid: hid_int_ep_write: Device is not configured[0m
[1;31m--- 5 messages dropped ---
[0m[00:00:23.633,239] [1;33m<wrn> usb_hid: hid_int_ep_write: Device is not configured[0m
[1;31m--- 4 messages dropped ---
[0m[00:00:23.657,196] [1;33m<wrn> usb_hid: hid_int_ep_write: Device is not configured[0m
[1;31m--- 4 messages dropped ---
[0m[00:00:23.673,217] [1;33m<wrn> usb_hid: hid_int_ep_write: Device is not configured[0m
[1;31m--- 4 messages dropped ---
[0m[00:00:23.697,265] [1;31m<err> remapper: switch_pro_send_input_heartbeat: hid_int_ep_write(hid_dev0, switch_pro_current_input, sizeof(switch_pro_current_input), NULL) returned -11 (../src/main.cc:1508)[0m
[1;31m--- 9 messages dropped ---
[0m[00:00:23.737,243] [1;33m<wrn> usb_hid: hid_int_ep_write: Device is not configured[0m
[1;31m--- 3 messages dropped ---
[0m[00:00:23.753,265] [1;31m<err> remapper: switch_pro_send_input_heartbeat: hid_int_ep_write(hid_dev0, switch_pro_current_input, sizeof(switch_pro_current_input), NULL) returned -11 (../src/main.cc:1508)[0m
[1;31m--- 10 messages dropped ---
[0m[00:00:23.801,239] [1;33m<wrn> usb_hid: hid_int_ep_write: Device is not configured[0m
[1;31m--- 4 messages dropped ---
[0m[00:00:23.809,265] [1;31m<err> remapper: switch_pro_send_input_heartbeat: hid_int_ep_write(hid_dev0, switch_pro_current_input, sizeof(switch_pro_current_input), NULL) returned -11 (../src/main.cc:1508)[0m
[1;31m--- 10 messages dropped ---
[0m[00:00:23.865,234] [1;33m<wrn> usb_hid: hid_int_ep_write: Device is not configured[0m
[1;31m--- 7 messages dropped ---
[0m[00:00:23.889,221] [1;33m<wrn> usb_hid: hid_int_ep_write: Device is not configured[0m
