[12:10:44.749687] CTRL IN  req=IN STANDARD request GET_DESCRIPTOR (0x06) to DEVICE [value=0x0100, index=0x0000, length=8] len=8 12010002ef020140
[12:10:44.751709] CTRL IN  req=IN STANDARD request GET_DESCRIPTOR (0x06) to DEVICE [value=0x0100, index=0x0000, length=18] len=18 12010002ef0201407e056920010201020301
[12:10:44.754295] CTRL IN  req=IN STANDARD request GET_DESCRIPTOR (0x06) to DEVICE [value=0x0200, index=0x0000, length=9] len=9 09020c01050104c0fa
[12:10:44.756473] CTRL IN  req=IN STANDARD request GET_DESCRIPTOR (0x06) to DEVICE [value=0x0200, index=0x0000, length=268] len=268 09020c01050104c0fa080b0001030000000904000002030000050921110100012261000705810340000407050103400004080b0101ff0000000904010002ff0000060705020240000007058202400000080b0203010100000904020000010100000a2401000147000203040c24020101010002030000000a2406020101030000000924030302030002000c2402040102000100000000092406050401030000092403060101000500090403000001020000090403010101020000072401010001000b2402010202100180bb000705030dc0000107250100000000090404000001020000090404010101020000072401060001000b2402010202100180bb000705830dc0000107250100000000
[12:10:44.761145] EP OUT 0x03 len=0 
[12:10:44.764165] CTRL IN  req=IN STANDARD request GET_DESCRIPTOR (0x06) to DEVICE [value=0x0300, index=0x0000, length=4096] len=8 0803090402040108
[12:10:44.765625] EP OUT 0x03 len=0 
[12:10:44.767600] CTRL IN  req=IN VENDOR request 0x03 to DEVICE [value=0x0000, index=0x0000, length=64] len=64 0100484557373030303631363937383000007e056920010601232323a0a0a0e6e6e6323232ffffffffffffffffffffffffffffffffffffffffffffffffffffff
[12:10:44.769154] EP OUT 0x03 len=0 
[12:10:44.770741] CTRL IN  req=IN STANDARD request GET_DESCRIPTOR (0x06) to DEVICE [value=0x0302, index=0x0409, length=2] len=2 3003
[12:10:44.772136] EP OUT 0x03 len=0 
[12:10:44.808603] CTRL IN  req=IN VENDOR request 0x02 to DEVICE [value=0x0000, index=0x0000, length=16] len=16 0201040000000c0002033d1769aba93c
[12:10:44.810133] EP OUT 0x03 len=0 
[12:10:44.811809] CTRL IN  req=IN STANDARD request GET_DESCRIPTOR (0x06) to DEVICE [value=0x0302, index=0x0409, length=48] len=48 3003530077006900740063006800200032002000500072006f00200043006f006e00740072006f006c006c0065007200
[12:10:44.813246] EP OUT 0x03 len=0 
[12:10:44.815801] EP OUT 0x03 len=0 
[12:10:44.817475] CTRL IN  req=IN STANDARD request GET_DESCRIPTOR (0x06) to DEVICE [value=0x0301, index=0x0409, length=2] len=2 1203
[12:10:44.818952] EP OUT 0x03 len=0 
[12:10:44.825511] CTRL IN  req=IN STANDARD request GET_DESCRIPTOR (0x06) to DEVICE [value=0x0301, index=0x0409, length=18] len=18 12034e0069006e00740065006e0064006f00
[12:10:44.827167] EP OUT 0x01 len=64 00000000000000000000000000000000000000000000000000000000000000000000000000000000000000000000000000000000000000000000000000000000
[12:10:44.828536] EP OUT 0x03 len=0 
[12:10:44.835399] CTRL IN  req=IN CLASS request 0x83 to INTERFACE [value=0x0200, index=0x0202, length=2] len=2 0f27
[12:10:44.836961] EP OUT 0x01 len=0 
[12:10:44.837143] EP OUT 0x03 len=0 
[12:10:45.967608] CTRL IN  req=IN CLASS request 0x82 to INTERFACE [value=0x0200, index=0x0202, length=2] len=2 f0d8
[12:10:45.970118] EP OUT 0x01 len=0 
[12:10:45.970541] EP OUT 0x02 len=16 0391000d000800000100e139650548c8
[12:10:45.971052] EP OUT 0x03 len=0 
[12:10:45.975517] EP IN  0x81 len=64 0965200000007847845f288330000000000000000000000000000000000000000000000000000000000000000000000000000000000000000000000000000000
[12:10:45.976627] EP IN  0x82 len=12 0301000d00f8000001000000
[12:10:45.978688] CTRL IN  req=IN CLASS request 0x81 to INTERFACE [value=0x0200, index=0x0202, length=2] len=2 0000
[12:10:45.981575] EP OUT 0x01 len=0 
[12:10:45.981933] EP OUT 0x02 len=16 0301000d00f8000001000000650548c8
[12:10:45.982416] EP OUT 0x03 len=0 
[12:10:45.987535] EP IN  0x81 len=64 0967200000007847845f388330000000000000000000000000000000000000000000000000000000000000000000000000000000000000000000000000000000
[12:10:45.988958] EP IN  0x82 len=8 0300000d00f80000
[12:10:45.991793] CTRL IN  req=IN STANDARD request GET_DESCRIPTOR (0x06) to DEVICE [value=0x0300, index=0x0000, length=4096] len=8 0803090402040108
[12:10:45.994490] EP OUT 0x02 len=8 0300000d00f80000
[12:10:45.994941] EP OUT 0x03 len=0 
[12:10:45.999453] EP IN  0x81 len=64 096a200000007747845f288330000000000000000000000000000000000000000000000000000000000000000000000000000000000000000000000000000000
[12:10:46.000358] EP IN  0x82 len=8 0300000d00f80000
[12:10:46.002100] CTRL IN  req=IN STANDARD request GET_DESCRIPTOR (0x06) to DEVICE [value=0x0302, index=0x0409, length=2] len=2 3003
[12:10:46.004197] EP OUT 0x03 len=0 
[12:10:46.007384] EP IN  0x81 len=64 096d200000007837845f288330000000000000000000000000000000000000000000000000000000000000000000000000000000000000000000000000000000
[12:10:46.009503] CTRL IN  req=IN STANDARD request GET_DESCRIPTOR (0x06) to DEVICE [value=0x0302, index=0x0409, length=48] len=48 3003530077006900740063006800200032002000500072006f00200043006f006e00740072006f006c006c0065007200
[12:10:46.011120] EP OUT 0x03 len=0 
[12:10:46.015481] EP IN  0x81 len=64 096f2000000078478460288330000000000000000000000000000000000000000000000000000000000000000000000000000000000000000000000000000000
[12:10:46.016726] CTRL IN  req=IN STANDARD request GET_DESCRIPTOR (0x06) to DEVICE [value=0x0301, index=0x0409, length=2] len=2 1203
[12:10:46.018396] EP OUT 0x03 len=0 
[12:10:46.023456] EP IN  0x81 len=64 0971200000007837845e288330000000000000000000000000000000000000000000000000000000000000000000000000000000000000000000000000000000
[12:10:46.025178] CTRL IN  req=IN STANDARD request GET_DESCRIPTOR (0x06) to DEVICE [value=0x0301, index=0x0409, length=18] len=18 12034e0069006e00740065006e0064006f00
[12:10:46.026834] EP OUT 0x03 len=0 
[12:10:46.031447] EP IN  0x81 len=64 0973200000007837845e288330000000000000000000000000000000000000000000000000000000000000000000000000000000000000000000000000000000
[12:10:46.032871] CTRL IN  req=IN CLASS request 0x83 to INTERFACE [value=0x0200, index=0x0502, length=2] len=2 0000
[12:10:46.034505] EP OUT 0x03 len=0 
[12:10:46.039358] EP IN  0x81 len=64 0975200000007837845e288330000000000000000000000000000000000000000000000000000000000000000000000000000000000000000000000000000000
[12:10:46.041046] CTRL IN  req=IN CLASS request 0x82 to INTERFACE [value=0x0200, index=0x0502, length=2] len=2 40f0
[12:10:46.042718] EP OUT 0x03 len=0 
[12:10:46.047407] EP IN  0x81 len=64 0977200000007847845f288330000000000000000000000000000000000000000000000000000000000000000000000000000000000000000000000000000000
[12:10:46.048522] CTRL IN  req=IN CLASS request 0x81 to INTERFACE [value=0x0200, index=0x0502, length=2] len=2 0000
[12:10:46.049866] EP OUT 0x03 len=0 
[12:10:46.055409] EP IN  0x81 len=64 0979200000007737845f288330000000000000000000000000000000000000000000000000000000000000000000000000000000000000000000000000000000
[12:10:46.057323] EP OUT 0x03 len=0 
[12:10:46.064152] EP OUT 0x03 len=0 
[12:10:46.067429] EP IN  0x81 len=64 097b200000007837845e388330000000000000000000000000000000000000000000000000000000000000000000000000000000000000000000000000000000
[12:10:46.068838] EP OUT 0x03 len=0 
[12:10:46.071438] EP IN  0x81 len=64 097e200000007847845f388330000000000000000000000000000000000000000000000000000000000000000000000000000000000000000000000000000000
[12:10:46.073410] EP OUT 0x03 len=0 
[12:10:46.075153] EP OUT 0x03 len=0 
[12:10:46.079500] EP IN  0x81 len=64 097f200000007837845f288330000000000000000000000000000000000000000000000000000000000000000000000000000000000000000000000000000000
[12:10:46.080801] EP OUT 0x03 len=0 
[12:10:46.083465] EP IN  0x81 len=64 0981200000007837845f288330000000000000000000000000000000000000000000000000000000000000000000000000000000000000000000000000000000
[12:10:46.085538] EP OUT 0x03 len=0 
[12:10:46.087577] EP OUT 0x03 len=0 
[12:10:46.089544] EP OUT 0x03 len=0 
[12:10:46.096332] EP OUT 0x03 len=0 
[12:10:46.099432] EP IN  0x81 len=64 0985200000007737845e388330000000000000000000000000000000000000000000000000000000000000000000000000000000000000000000000000000000
[12:10:46.100854] EP OUT 0x03 len=0 
[12:10:46.103419] EP IN  0x81 len=64 0986200000007837845e288330000000000000000000000000000000000000000000000000000000000000000000000000000000000000000000000000000000
[12:10:46.105344] EP OUT 0x03 len=0 
[12:10:46.107416] EP OUT 0x03 len=0 
[12:10:46.109353] EP OUT 0x03 len=0 
[12:10:46.115968] EP OUT 0x03 len=0 
[12:10:46.119455] EP IN  0x81 len=64 0987200000007747845e288330000000000000000000000000000000000000000000000000000000000000000000000000000000000000000000000000000000
[12:10:46.120686] EP OUT 0x03 len=0 
[12:10:46.123434] EP IN  0x81 len=64 098b200000007837845f288330000000000000000000000000000000000000000000000000000000000000000000000000000000000000000000000000000000
[12:10:46.125173] EP OUT 0x03 len=0 
[12:10:46.127137] EP OUT 0x03 len=0 
[12:10:46.131443] EP IN  0x81 len=64 098c200000007847845f288330000000000000000000000000000000000000000000000000000000000000000000000000000000000000000000000000000000
[12:10:46.132795] EP OUT 0x03 len=0 
[12:10:46.135493] EP IN  0x81 len=64 098e200000007837845f288330000000000000000000000000000000000000000000000000000000000000000000000000000000000000000000000000000000
[12:10:46.137535] EP OUT 0x03 len=0 
[12:10:46.139445] EP OUT 0x03 len=0 
[12:10:46.141448] EP OUT 0x03 len=0 
[12:10:46.148283] EP OUT 0x03 len=0 
[12:10:46.151430] EP IN  0x81 len=64 0992200000007947845f388330000000000000000000000000000000000000000000000000000000000000000000000000000000000000000000000000000000
[12:10:46.152589] EP OUT 0x03 len=0 
[12:10:46.155417] EP IN  0x81 len=64 0993200000007747845f388330000000000000000000000000000000000000000000000000000000000000000000000000000000000000000000000000000000
[12:10:46.157339] EP OUT 0x03 len=0 
[12:10:46.159392] EP OUT 0x03 len=0 
[12:10:46.161377] EP OUT 0x03 len=0 
[12:10:46.168098] EP OUT 0x03 len=0 
[12:10:46.171439] EP IN  0x81 len=64 0994200000007837845f288330000000000000000000000000000000000000000000000000000000000000000000000000000000000000000000000000000000
[12:10:46.172746] EP OUT 0x03 len=0 
[12:10:46.175428] EP IN  0x81 len=64 0998200000007737845f188330000000000000000000000000000000000000000000000000000000000000000000000000000000000000000000000000000000
[12:10:46.177327] EP OUT 0x03 len=0 
[12:10:46.179323] EP OUT 0x03 len=0 
[12:10:46.183442] EP IN  0x81 len=64 0999200000007837845f288330000000000000000000000000000000000000000000000000000000000000000000000000000000000000000000000000000000
[12:10:46.184865] EP OUT 0x03 len=0 
[12:10:46.187417] EP IN  0x81 len=64 099b200000007837845e288330000000000000000000000000000000000000000000000000000000000000000000000000000000000000000000000000000000
[12:10:46.189202] EP OUT 0x03 len=0 
[12:10:46.191511] EP OUT 0x03 len=0 
[12:10:46.193453] EP OUT 0x03 len=0 
[12:10:46.200175] EP OUT 0x03 len=0 
[12:10:46.203400] EP IN  0x81 len=64 099f200000007837845f388330000000000000000000000000000000000000000000000000000000000000000000000000000000000000000000000000000000
[12:10:46.204809] EP OUT 0x03 len=0 
[12:10:46.207435] EP IN  0x81 len=64 09a0200000007837845e288330000000000000000000000000000000000000000000000000000000000000000000000000000000000000000000000000000000
[12:10:46.209512] EP OUT 0x03 len=0 
[12:10:46.211444] EP OUT 0x03 len=0 
[12:10:46.213455] EP OUT 0x03 len=0 
[12:10:46.220304] EP OUT 0x03 len=0 
[12:10:46.223438] EP IN  0x81 len=64 09a4200000007837845f188330000000000000000000000000000000000000000000000000000000000000000000000000000000000000000000000000000000
[12:10:46.224854] EP OUT 0x03 len=0 
[12:10:46.227350] EP IN  0x81 len=64 09a5200000007837845f288330000000000000000000000000000000000000000000000000000000000000000000000000000000000000000000000000000000
[12:10:46.228729] EP OUT 0x03 len=0 
[12:10:46.231304] EP OUT 0x03 len=0 
[12:10:46.233427] EP OUT 0x03 len=0 
[12:10:46.235439] EP OUT 0x03 len=0 
[12:10:46.237379] EP OUT 0x03 len=0 
[12:10:46.244093] EP OUT 0x03 len=0 
[12:10:46.247422] EP IN  0x81 len=64 09a6200000007847845f288330000000000000000000000000000000000000000000000000000000000000000000000000000000000000000000000000000000
[12:10:46.248888] EP OUT 0x03 len=0 
[12:10:46.251436] EP IN  0x81 len=64 09ab200000007837845f288330000000000000000000000000000000000000000000000000000000000000000000000000000000000000000000000000000000
[12:10:46.253494] EP OUT 0x03 len=0 
[12:10:46.255383] EP OUT 0x03 len=0 
[12:10:46.259414] EP IN  0x81 len=64 09ac200000007837845f288330000000000000000000000000000000000000000000000000000000000000000000000000000000000000000000000000000000
[12:10:46.260804] EP OUT 0x03 len=0 
[12:10:46.263348] EP IN  0x81 len=64 09ae200000007847845f288330000000000000000000000000000000000000000000000000000000000000000000000000000000000000000000000000000000
[12:10:46.264675] EP OUT 0x03 len=0 
[12:10:46.266517] EP OUT 0x03 len=0 
[12:10:46.268606] EP OUT 0x03 len=0 
[12:10:46.270550] EP OUT 0x03 len=0 
[12:10:46.272304] EP OUT 0x03 len=0 
[12:10:46.275371] EP IN  0x81 len=64 09af200000007737845e288330000000000000000000000000000000000000000000000000000000000000000000000000000000000000000000000000000000
[12:10:46.276594] EP OUT 0x03 len=0 
[12:10:46.279437] EP IN  0x81 len=64 09b2200000007737845f288330000000000000000000000000000000000000000000000000000000000000000000000000000000000000000000000000000000
[12:10:46.281428] EP OUT 0x03 len=0 
[12:10:46.283421] EP OUT 0x03 len=0 
[12:10:46.285426] EP OUT 0x03 len=0 
[12:10:46.292282] EP OUT 0x03 len=0 
[12:10:46.295373] EP IN  0x81 len=64 09b6200000007847845e288330000000000000000000000000000000000000000000000000000000000000000000000000000000000000000000000000000000
[12:10:46.296646] EP OUT 0x03 len=0 
[12:10:46.299352] EP IN  0x81 len=64 09b7200000007847845e288330000000000000000000000000000000000000000000000000000000000000000000000000000000000000000000000000000000
[12:10:46.300883] EP OUT 0x03 len=0 
[12:10:46.303256] EP OUT 0x03 len=0 
[12:10:46.305107] EP OUT 0x03 len=0 
[12:10:46.307377] EP OUT 0x03 len=0 
[12:10:46.311416] EP IN  0x81 len=64 09b8200000007837845e288330000000000000000000000000000000000000000000000000000000000000000000000000000000000000000000000000000000
[12:10:46.312814] EP OUT 0x03 len=0 
[12:10:46.315412] EP IN  0x81 len=64 09bb200000007847845e388330000000000000000000000000000000000000000000000000000000000000000000000000000000000000000000000000000000
[12:10:46.317015] EP OUT 0x03 len=0 
[12:10:46.319235] EP OUT 0x03 len=0 
[12:10:46.321057] EP OUT 0x03 len=0 
[12:10:46.322933] EP OUT 0x03 len=0 
[12:10:46.327419] EP IN  0x81 len=64 09bc200000007737845f288330000000000000000000000000000000000000000000000000000000000000000000000000000000000000000000000000000000
[12:10:46.328805] EP OUT 0x03 len=0 
[12:10:46.331417] EP IN  0x81 len=64 09bf200000007737845f288330000000000000000000000000000000000000000000000000000000000000000000000000000000000000000000000000000000
[12:10:46.333236] EP OUT 0x03 len=0 
[12:10:46.335137] EP OUT 0x03 len=0 
[12:10:46.339410] EP IN  0x81 len=64 09c0200000007847845f288330000000000000000000000000000000000000000000000000000000000000000000000000000000000000000000000000000000
[12:10:46.340649] EP OUT 0x03 len=0 
[12:10:46.343408] EP IN  0x81 len=64 09c2200000007837845f388330000000000000000000000000000000000000000000000000000000000000000000000000000000000000000000000000000000
[12:10:46.345417] EP OUT 0x03 len=0 
[12:10:46.347361] EP OUT 0x03 len=0 
[12:10:46.349329] EP OUT 0x03 len=0 
[12:10:46.356014] EP OUT 0x03 len=0 
[12:10:46.359431] EP IN  0x81 len=64 09c3200000007837845e388330000000000000000000000000000000000000000000000000000000000000000000000000000000000000000000000000000000
[12:10:46.360772] EP OUT 0x03 len=0 
[12:10:46.363367] EP IN  0x81 len=64 09c7200000007847845f288330000000000000000000000000000000000000000000000000000000000000000000000000000000000000000000000000000000
[12:10:46.364865] EP OUT 0x03 len=0 
[12:10:46.367187] EP OUT 0x03 len=0 
[12:10:46.369191] EP OUT 0x03 len=0 
[12:10:46.370953] EP OUT 0x03 len=0 
[12:10:46.375418] EP IN  0x81 len=64 09c8200000007737845f288330000000000000000000000000000000000000000000000000000000000000000000000000000000000000000000000000000000
[12:10:46.376730] EP OUT 0x03 len=0 
[12:10:46.379380] EP IN  0x81 len=64 09cb2000000078478460388330000000000000000000000000000000000000000000000000000000000000000000000000000000000000000000000000000000
[12:10:46.380720] EP OUT 0x03 len=0 
[12:10:46.382477] EP OUT 0x03 len=0 
[12:10:46.384467] EP OUT 0x03 len=0 
[12:10:46.386381] EP OUT 0x03 len=0 
[12:10:46.388255] EP OUT 0x03 len=0 
[12:10:46.391428] EP IN  0x81 len=64 09cc200000007937845f288330000000000000000000000000000000000000000000000000000000000000000000000000000000000000000000000000000000
[12:10:46.392688] EP OUT 0x03 len=0 
[12:10:46.395358] EP IN  0x81 len=64 09cf200000007837845f288330000000000000000000000000000000000000000000000000000000000000000000000000000000000000000000000000000000
[12:10:46.396701] EP OUT 0x03 len=0 
[12:10:46.398394] EP OUT 0x03 len=0 
[12:10:46.400257] EP OUT 0x03 len=0 
[12:10:46.402168] EP OUT 0x03 len=0 
[12:10:46.404113] EP OUT 0x03 len=0 
[12:10:46.407394] EP IN  0x81 len=64 09d0200000007837845f288330000000000000000000000000000000000000000000000000000000000000000000000000000000000000000000000000000000
[12:10:46.408563] EP OUT 0x03 len=0 
[12:10:46.411434] EP IN  0x81 len=64 09d3200000007847845f388330000000000000000000000000000000000000000000000000000000000000000000000000000000000000000000000000000000
[12:10:46.413095] EP OUT 0x03 len=0 
[12:10:46.415096] EP OUT 0x03 len=0 
[12:10:46.419452] EP IN  0x81 len=64 09d4200000007837845f388330000000000000000000000000000000000000000000000000000000000000000000000000000000000000000000000000000000
[12:10:46.420728] EP OUT 0x03 len=0 
[12:10:46.423432] EP IN  0x81 len=64 09d6200000007837845f288330000000000000000000000000000000000000000000000000000000000000000000000000000000000000000000000000000000
[12:10:46.425119] EP OUT 0x03 len=0 
[12:10:46.427147] EP OUT 0x03 len=0 
[12:10:46.431430] EP IN  0x81 len=64 09d7200000007837845f388330000000000000000000000000000000000000000000000000000000000000000000000000000000000000000000000000000000
[12:10:46.432613] EP OUT 0x03 len=0 
[12:10:46.435414] EP IN  0x81 len=64 09d9200000007847845f388330000000000000000000000000000000000000000000000000000000000000000000000000000000000000000000000000000000
[12:10:46.437088] EP OUT 0x03 len=0 
[12:10:46.439160] EP OUT 0x03 len=0 
[12:10:46.443381] EP IN  0x81 len=64 09da200000007837845f288330000000000000000000000000000000000000000000000000000000000000000000000000000000000000000000000000000000
[12:10:46.444643] EP OUT 0x03 len=0 
[12:10:46.447425] EP IN  0x81 len=64 09dc200000007847845f288330000000000000000000000000000000000000000000000000000000000000000000000000000000000000000000000000000000
[12:10:46.449093] EP OUT 0x03 len=0 
[12:10:46.451254] EP OUT 0x03 len=0 
[12:10:46.455415] EP IN  0x81 len=64 09dd200000007837845f288330000000000000000000000000000000000000000000000000000000000000000000000000000000000000000000000000000000
[12:10:46.456677] EP OUT 0x03 len=0 
[12:10:46.459413] EP IN  0x81 len=64 09df200000007947845f288330000000000000000000000000000000000000000000000000000000000000000000000000000000000000000000000000000000
[12:10:46.461171] EP OUT 0x03 len=0 
[12:10:46.463194] EP OUT 0x03 len=0 
[12:10:46.467439] EP IN  0x81 len=64 09e0200000007737845e288330000000000000000000000000000000000000000000000000000000000000000000000000000000000000000000000000000000
[12:10:46.468750] EP OUT 0x03 len=0 
[12:10:46.471428] EP IN  0x81 len=64 09e2200000007937845e388330000000000000000000000000000000000000000000000000000000000000000000000000000000000000000000000000000000
[12:10:46.473255] EP OUT 0x03 len=0 
[12:10:46.475191] EP OUT 0x03 len=0 
[12:10:46.479389] EP IN  0x81 len=64 09e3200000007747845e288330000000000000000000000000000000000000000000000000000000000000000000000000000000000000000000000000000000
[12:10:46.480677] EP OUT 0x03 len=0 
[12:10:46.483426] EP IN  0x81 len=64 09e5200000007837845f288330000000000000000000000000000000000000000000000000000000000000000000000000000000000000000000000000000000
[12:10:46.485265] EP OUT 0x03 len=0 
[12:10:46.487173] EP OUT 0x03 len=0 
[12:10:46.491371] EP IN  0x81 len=64 09e6200000007847845f388330000000000000000000000000000000000000000000000000000000000000000000000000000000000000000000000000000000
[12:10:46.492669] EP OUT 0x03 len=0 
[12:10:46.495420] EP IN  0x81 len=64 09e8200000007847845f288330000000000000000000000000000000000000000000000000000000000000000000000000000000000000000000000000000000
[12:10:46.497307] EP OUT 0x03 len=0 
[12:10:46.499296] EP OUT 0x03 len=0 
[12:10:46.503377] EP IN  0x81 len=64 09e9200000007837845f288330000000000000000000000000000000000000000000000000000000000000000000000000000000000000000000000000000000
[12:10:46.504661] EP OUT 0x03 len=0 
[12:10:46.507407] EP IN  0x81 len=64 09eb200000007847845e288330000000000000000000000000000000000000000000000000000000000000000000000000000000000000000000000000000000
[12:10:46.509238] EP OUT 0x03 len=0 
[12:10:46.511225] EP OUT 0x03 len=0 
[12:10:46.515338] EP IN  0x81 len=64 09ec200000007837845f388330000000000000000000000000000000000000000000000000000000000000000000000000000000000000000000000000000000
[12:10:46.516606] EP OUT 0x03 len=0 
[12:10:46.519443] EP IN  0x81 len=64 09ee200000007837845f288330000000000000000000000000000000000000000000000000000000000000000000000000000000000000000000000000000000
[12:10:46.521178] EP OUT 0x03 len=0 
[12:10:46.523100] EP OUT 0x03 len=0 
[12:10:46.527415] EP IN  0x81 len=64 09ef200000007837845f288330000000000000000000000000000000000000000000000000000000000000000000000000000000000000000000000000000000
[12:10:46.528710] EP OUT 0x03 len=0 
[12:10:46.531447] EP IN  0x81 len=64 09f1200000007847845f288330000000000000000000000000000000000000000000000000000000000000000000000000000000000000000000000000000000
[12:10:46.533374] EP OUT 0x03 len=0 
[12:10:46.535288] EP OUT 0x03 len=0 
[12:10:46.539435] EP IN  0x81 len=64 09f2200000007847845f288330000000000000000000000000000000000000000000000000000000000000000000000000000000000000000000000000000000
[12:10:46.540730] EP OUT 0x03 len=0 
[12:10:46.543439] EP IN  0x81 len=64 09f4200000007837845f288330000000000000000000000000000000000000000000000000000000000000000000000000000000000000000000000000000000
[12:10:46.545335] EP OUT 0x03 len=0 
[12:10:46.547342] EP OUT 0x03 len=0 
[12:10:46.551342] EP IN  0x81 len=64 09f5200000007847845f288330000000000000000000000000000000000000000000000000000000000000000000000000000000000000000000000000000000
[12:10:46.552624] EP OUT 0x03 len=0 
[12:10:46.555377] EP IN  0x81 len=64 09f7200000007837845f288330000000000000000000000000000000000000000000000000000000000000000000000000000000000000000000000000000000
[12:10:46.556707] EP OUT 0x03 len=0 
[12:10:46.558491] EP OUT 0x03 len=0 
[12:10:46.560405] EP OUT 0x03 len=0 
[12:10:46.562279] EP OUT 0x03 len=0 
[12:10:46.564261] EP OUT 0x03 len=0 
[12:10:46.567379] EP IN  0x81 len=64 09f8200000007737845f288330000000000000000000000000000000000000000000000000000000000000000000000000000000000000000000000000000000
[12:10:46.568696] EP OUT 0x03 len=0 
[12:10:46.571410] EP IN  0x81 len=64 09fb200000007837845f288330000000000000000000000000000000000000000000000000000000000000000000000000000000000000000000000000000000
[12:10:46.572860] EP OUT 0x03 len=0 
[12:10:46.575236] EP OUT 0x03 len=0 
[12:10:46.577144] EP OUT 0x03 len=0 
[12:10:46.579049] EP OUT 0x03 len=0 
[12:10:46.580935] EP OUT 0x03 len=0 
[12:10:46.583440] EP IN  0x81 len=64 09fc200000007847845f288330000000000000000000000000000000000000000000000000000000000000000000000000000000000000000000000000000000
[12:10:46.584770] EP OUT 0x03 len=0 
[12:10:46.587336] EP IN  0x81 len=64 09ff200000007837845e388330000000000000000000000000000000000000000000000000000000000000000000000000000000000000000000000000000000
[12:10:46.588606] EP OUT 0x03 len=0 
[12:10:46.590276] EP OUT 0x03 len=0 
[12:10:46.592351] EP OUT 0x03 len=0 
[12:10:46.594291] EP OUT 0x03 len=0 
[12:10:46.596098] EP OUT 0x03 len=0 
[12:10:46.599372] EP IN  0x81 len=64 0900200000007837845f388330000000000000000000000000000000000000000000000000000000000000000000000000000000000000000000000000000000
[12:10:46.600721] EP OUT 0x03 len=0 
[12:10:46.603340] EP IN  0x81 len=64 0903200000007837845f288330000000000000000000000000000000000000000000000000000000000000000000000000000000000000000000000000000000
[12:10:46.604830] EP OUT 0x03 len=0 
[12:10:46.607261] EP OUT 0x03 len=0 
[12:10:46.609215] EP OUT 0x03 len=0 
[12:10:46.611064] EP OUT 0x03 len=0 
[12:10:46.612928] EP OUT 0x03 len=0 
[12:10:46.615366] EP IN  0x81 len=64 0904200000007847845f188330000000000000000000000000000000000000000000000000000000000000000000000000000000000000000000000000000000
[12:10:46.616537] EP OUT 0x03 len=0 
[12:10:46.619438] EP IN  0x81 len=64 0907200000007837845f288330000000000000000000000000000000000000000000000000000000000000000000000000000000000000000000000000000000
[12:10:46.621088] EP OUT 0x03 len=0 
[12:10:46.623091] EP OUT 0x03 len=0 
[12:10:46.627444] EP IN  0x81 len=64 0908200000007837845f288330000000000000000000000000000000000000000000000000000000000000000000000000000000000000000000000000000000
[12:10:46.628699] EP OUT 0x03 len=0 
[12:10:46.631430] EP IN  0x81 len=64 090a200000007847845f288330000000000000000000000000000000000000000000000000000000000000000000000000000000000000000000000000000000
[12:10:46.633164] EP OUT 0x03 len=0 
[12:10:46.635153] EP OUT 0x03 len=0 
[12:10:46.639435] EP IN  0x81 len=64 090b200000007837845e188330000000000000000000000000000000000000000000000000000000000000000000000000000000000000000000000000000000
[12:10:46.640758] EP OUT 0x03 len=0 
[12:10:46.643430] EP IN  0x81 len=64 090d200000007837845e288330000000000000000000000000000000000000000000000000000000000000000000000000000000000000000000000000000000
[12:10:46.645231] EP OUT 0x03 len=0 
[12:10:46.647165] EP OUT 0x03 len=0 
[12:10:46.651441] EP IN  0x81 len=64 090e200000007847845f288330000000000000000000000000000000000000000000000000000000000000000000000000000000000000000000000000000000
[12:10:46.652777] EP OUT 0x03 len=0 
[12:10:46.655336] EP IN  0x81 len=64 0910200000007837845f288330000000000000000000000000000000000000000000000000000000000000000000000000000000000000000000000000000000
[12:10:46.656607] EP OUT 0x03 len=0 
[12:10:46.658333] EP OUT 0x03 len=0 
[12:10:46.660366] EP OUT 0x03 len=0 
[12:10:46.662255] EP OUT 0x03 len=0 
[12:10:46.664092] EP OUT 0x03 len=0 
[12:10:46.667445] EP IN  0x81 len=64 0911200000007737845f288330000000000000000000000000000000000000000000000000000000000000000000000000000000000000000000000000000000
[12:10:46.668770] EP OUT 0x03 len=0 
[12:10:46.671380] EP IN  0x81 len=64 0914200000007847845f288330000000000000000000000000000000000000000000000000000000000000000000000000000000000000000000000000000000
[12:10:46.672798] EP OUT 0x03 len=0 
[12:10:46.675268] EP OUT 0x03 len=0 
[12:10:46.677192] EP OUT 0x03 len=0 
[12:10:46.679080] EP OUT 0x03 len=0 
[12:10:46.680952] EP OUT 0x03 len=0 
[12:10:46.683413] EP IN  0x81 len=64 0915200000007847845f288330000000000000000000000000000000000000000000000000000000000000000000000000000000000000000000000000000000
[12:10:46.684763] EP OUT 0x03 len=0 
[12:10:46.687402] EP IN  0x81 len=64 0918200000007837845f388330000000000000000000000000000000000000000000000000000000000000000000000000000000000000000000000000000000
[12:10:46.688848] EP OUT 0x03 len=0 
[12:10:46.691230] EP OUT 0x03 len=0 
[12:10:46.693019] EP OUT 0x03 len=0 
[12:10:46.695196] EP OUT 0x03 len=0 
[12:10:46.699354] EP IN  0x81 len=64 0919200000007747845f288330000000000000000000000000000000000000000000000000000000000000000000000000000000000000000000000000000000
[12:10:46.700677] EP OUT 0x03 len=0 
[12:10:46.703338] EP IN  0x81 len=64 091c200000007847845f288330000000000000000000000000000000000000000000000000000000000000000000000000000000000000000000000000000000
[12:10:46.704806] EP OUT 0x03 len=0 
[12:10:46.707217] EP OUT 0x03 len=0 
[12:10:46.709204] EP OUT 0x03 len=0 
[12:10:46.711037] EP OUT 0x03 len=0 
[12:10:46.712921] EP OUT 0x03 len=0 
[12:10:46.715357] EP IN  0x81 len=64 091d200000007837845e388330000000000000000000000000000000000000000000000000000000000000000000000000000000000000000000000000000000
[12:10:46.716528] EP OUT 0x03 len=0 
[12:10:46.719444] EP IN  0x81 len=64 09202000000078478460288330000000000000000000000000000000000000000000000000000000000000000000000000000000000000000000000000000000
[12:10:46.721242] EP OUT 0x03 len=0 
[12:10:46.723262] EP OUT 0x03 len=0 
[12:10:46.727447] EP IN  0x81 len=64 0921200000007737845f288330000000000000000000000000000000000000000000000000000000000000000000000000000000000000000000000000000000
[12:10:46.728753] EP OUT 0x03 len=0 
[12:10:46.731361] EP IN  0x81 len=64 0923200000007847845f288330000000000000000000000000000000000000000000000000000000000000000000000000000000000000000000000000000000
[12:10:46.732804] EP OUT 0x03 len=0 
[12:10:46.735273] EP OUT 0x03 len=0 
[12:10:46.737086] EP OUT 0x03 len=0 
[12:10:46.739258] EP OUT 0x03 len=0 
[12:10:46.743430] EP IN  0x81 len=64 09242000000077378460388330000000000000000000000000000000000000000000000000000000000000000000000000000000000000000000000000000000
[12:10:46.744734] EP OUT 0x03 len=0 
[12:10:46.747442] EP IN  0x81 len=64 0927200000007847845f288330000000000000000000000000000000000000000000000000000000000000000000000000000000000000000000000000000000
[12:10:46.749280] EP OUT 0x03 len=0 
[12:10:46.751279] EP OUT 0x03 len=0 
[12:10:46.755409] EP IN  0x81 len=64 0928200000007837845f288330000000000000000000000000000000000000000000000000000000000000000000000000000000000000000000000000000000
[12:10:46.756683] EP OUT 0x03 len=0 
[12:10:46.759429] EP IN  0x81 len=64 092a200000007847845f288330000000000000000000000000000000000000000000000000000000000000000000000000000000000000000000000000000000
[12:10:46.761252] EP OUT 0x03 len=0 
[12:10:46.763237] EP OUT 0x03 len=0 
[12:10:46.767343] EP IN  0x81 len=64 092b200000007737845f288330000000000000000000000000000000000000000000000000000000000000000000000000000000000000000000000000000000
[12:10:46.768630] EP OUT 0x03 len=0 
[12:10:46.771432] EP IN  0x81 len=64 092d200000007837845f288330000000000000000000000000000000000000000000000000000000000000000000000000000000000000000000000000000000
[12:10:46.773070] EP OUT 0x03 len=0 
[12:10:46.775235] EP OUT 0x03 len=0 
[12:10:46.779446] EP IN  0x81 len=64 092e200000007847845f388330000000000000000000000000000000000000000000000000000000000000000000000000000000000000000000000000000000
[12:10:46.780689] EP OUT 0x03 len=0 
[12:10:46.783422] EP IN  0x81 len=64 0930200000007847845f288330000000000000000000000000000000000000000000000000000000000000000000000000000000000000000000000000000000
[12:10:46.785315] EP OUT 0x03 len=0 
[12:10:46.787238] EP OUT 0x03 len=0 
[12:10:46.791420] EP IN  0x81 len=64 0931200000007847845f288330000000000000000000000000000000000000000000000000000000000000000000000000000000000000000000000000000000
[12:10:46.792644] EP OUT 0x03 len=0 
[12:10:46.795350] EP IN  0x81 len=64 0933200000007837845f288330000000000000000000000000000000000000000000000000000000000000000000000000000000000000000000000000000000
[12:10:46.796697] EP OUT 0x03 len=0 
[12:10:46.798571] EP OUT 0x03 len=0 
[12:10:46.800349] EP OUT 0x03 len=0 
[12:10:46.802117] EP OUT 0x03 len=0 
[12:10:46.804142] EP OUT 0x03 len=0 
[12:10:46.807407] EP IN  0x81 len=64 0934200000007837845e288330000000000000000000000000000000000000000000000000000000000000000000000000000000000000000000000000000000
[12:10:46.808716] EP OUT 0x03 len=0 
[12:10:46.811440] EP IN  0x81 len=64 0937200000007847845f288330000000000000000000000000000000000000000000000000000000000000000000000000000000000000000000000000000000
[12:10:46.813174] EP OUT 0x03 len=0 
[12:10:46.815096] EP OUT 0x03 len=0 
[12:10:46.819446] EP IN  0x81 len=64 0938200000007837845f288330000000000000000000000000000000000000000000000000000000000000000000000000000000000000000000000000000000
[12:10:46.820747] EP OUT 0x03 len=0 
[12:10:46.823451] EP IN  0x81 len=64 093a200000007837845f288330000000000000000000000000000000000000000000000000000000000000000000000000000000000000000000000000000000
[12:10:46.825317] EP OUT 0x03 len=0 
[12:10:46.827092] EP OUT 0x03 len=0 
[12:10:46.831442] EP IN  0x81 len=64 093b200000007837845f288330000000000000000000000000000000000000000000000000000000000000000000000000000000000000000000000000000000
[12:10:46.832606] EP OUT 0x03 len=0 
[12:10:46.835341] EP IN  0x81 len=64 093d200000007837845f188330000000000000000000000000000000000000000000000000000000000000000000000000000000000000000000000000000000
[12:10:46.836654] EP OUT 0x03 len=0 
[12:10:46.838282] EP OUT 0x03 len=0 
[12:10:46.840157] EP OUT 0x03 len=0 
[12:10:46.842332] EP OUT 0x03 len=0 
[12:10:46.844088] EP OUT 0x03 len=0 
[12:10:46.847432] EP IN  0x81 len=64 093e200000007847845f288330000000000000000000000000000000000000000000000000000000000000000000000000000000000000000000000000000000
[12:10:46.848552] EP OUT 0x03 len=0 
[12:10:46.851436] EP IN  0x81 len=64 0941200000007837845f388330000000000000000000000000000000000000000000000000000000000000000000000000000000000000000000000000000000
[12:10:46.853101] EP OUT 0x03 len=0 
[12:10:46.855100] EP OUT 0x03 len=0 
[12:10:46.859439] EP IN  0x81 len=64 0942200000007847845f288330000000000000000000000000000000000000000000000000000000000000000000000000000000000000000000000000000000
[12:10:46.860601] EP OUT 0x03 len=0 
[12:10:46.863344] EP IN  0x81 len=64 0944200000007747845f288330000000000000000000000000000000000000000000000000000000000000000000000000000000000000000000000000000000
[12:10:46.864672] EP OUT 0x03 len=0 
[12:10:46.866341] EP OUT 0x03 len=0 
[12:10:46.868188] EP OUT 0x03 len=0 
[12:10:46.869868] EP OUT 0x03 len=0 
[12:10:46.872139] EP OUT 0x03 len=0 
[12:10:46.875336] EP IN  0x81 len=64 0945200000007837845e388330000000000000000000000000000000000000000000000000000000000000000000000000000000000000000000000000000000
[12:10:46.876458] EP OUT 0x03 len=0 
[12:10:46.879475] EP IN  0x81 len=64 0948200000007837845f288330000000000000000000000000000000000000000000000000000000000000000000000000000000000000000000000000000000
[12:10:46.881078] EP OUT 0x03 len=0 
[12:10:46.883137] EP OUT 0x03 len=0 
[12:10:46.887444] EP IN  0x81 len=64 0949200000007837845f288330000000000000000000000000000000000000000000000000000000000000000000000000000000000000000000000000000000
[12:10:46.888614] EP OUT 0x03 len=0 
[12:10:46.891350] EP IN  0x81 len=64 094b200000007837845f288330000000000000000000000000000000000000000000000000000000000000000000000000000000000000000000000000000000
[12:10:46.892705] EP OUT 0x03 len=0 
[12:10:46.894359] EP OUT 0x03 len=0 
[12:10:46.896212] EP OUT 0x03 len=0 
[12:10:46.897903] EP OUT 0x03 len=0 
[12:10:46.900207] EP OUT 0x03 len=0 
[12:10:46.903337] EP IN  0x81 len=64 094c200000007837845f288330000000000000000000000000000000000000000000000000000000000000000000000000000000000000000000000000000000
[12:10:46.904485] EP OUT 0x03 len=0 
[12:10:46.907415] EP IN  0x81 len=64 094f200000007847845f288330000000000000000000000000000000000000000000000000000000000000000000000000000000000000000000000000000000
[12:10:46.908748] EP OUT 0x03 len=0 
[12:10:46.910425] EP OUT 0x03 len=0 
[12:10:46.912268] EP OUT 0x03 len=0 
[12:10:46.914101] EP OUT 0x03 len=0 
[12:10:46.916084] EP OUT 0x03 len=0 
[12:10:46.919426] EP IN  0x81 len=64 0950200000007947845e288330000000000000000000000000000000000000000000000000000000000000000000000000000000000000000000000000000000
[12:10:46.920585] EP OUT 0x03 len=0 
[12:10:46.923337] EP IN  0x81 len=64 0953200000007847845f288330000000000000000000000000000000000000000000000000000000000000000000000000000000000000000000000000000000
[12:10:46.924636] EP OUT 0x03 len=0 
[12:10:46.926296] EP OUT 0x03 len=0 
[12:10:46.928249] EP OUT 0x03 len=0 
[12:10:46.930140] EP OUT 0x03 len=0 
[12:10:46.932106] EP OUT 0x03 len=0 
[12:10:46.935351] EP IN  0x81 len=64 0954200000007737845e288330000000000000000000000000000000000000000000000000000000000000000000000000000000000000000000000000000000
[12:10:46.936538] EP OUT 0x03 len=0 
[12:10:46.939354] EP IN  0x81 len=64 0957200000007847845f388330000000000000000000000000000000000000000000000000000000000000000000000000000000000000000000000000000000
[12:10:46.940698] EP OUT 0x03 len=0 
[12:10:46.942375] EP OUT 0x03 len=0 
[12:10:46.944236] EP OUT 0x03 len=0 
[12:10:46.945913] EP OUT 0x03 len=0 
[12:10:46.948181] EP OUT 0x03 len=0 
[12:10:46.951340] EP IN  0x81 len=64 0958200000007837845f288330000000000000000000000000000000000000000000000000000000000000000000000000000000000000000000000000000000
[12:10:46.952506] EP OUT 0x03 len=0 
[12:10:46.955357] EP IN  0x81 len=64 095b200000007737845f288330000000000000000000000000000000000000000000000000000000000000000000000000000000000000000000000000000000
[12:10:46.956661] EP OUT 0x03 len=0 
[12:10:46.958313] EP OUT 0x03 len=0 
[12:10:46.960247] EP OUT 0x03 len=0 
[12:10:46.962117] EP OUT 0x03 len=0 
[12:10:46.964181] EP OUT 0x03 len=0 
[12:10:46.967427] EP IN  0x81 len=64 095c200000007847845f388330000000000000000000000000000000000000000000000000000000000000000000000000000000000000000000000000000000
[12:10:46.968611] EP OUT 0x03 len=0 
[12:10:46.971426] EP IN  0x81 len=64 095f2000000078378460288330000000000000000000000000000000000000000000000000000000000000000000000000000000000000000000000000000000
[12:10:46.973113] EP OUT 0x03 len=0 
[12:10:46.975127] EP OUT 0x03 len=0 
[12:10:46.979400] EP IN  0x81 len=64 0960200000007837845f288330000000000000000000000000000000000000000000000000000000000000000000000000000000000000000000000000000000
[12:10:46.980547] EP OUT 0x03 len=0 
[12:10:46.983386] EP IN  0x81 len=64 0962200000007737845e288330000000000000000000000000000000000000000000000000000000000000000000000000000000000000000000000000000000
[12:10:46.984755] EP OUT 0x03 len=0 
[12:10:46.986472] EP OUT 0x03 len=0 
[12:10:46.988296] EP OUT 0x03 len=0 
[12:10:46.990111] EP OUT 0x03 len=0 
[12:10:46.992119] EP OUT 0x03 len=0 
[12:10:46.995369] EP IN  0x81 len=64 0963200000007837845e388330000000000000000000000000000000000000000000000000000000000000000000000000000000000000000000000000000000
[12:10:46.996495] EP OUT 0x03 len=0 
[12:10:46.999345] EP IN  0x81 len=64 0966200000007837845f388330000000000000000000000000000000000000000000000000000000000000000000000000000000000000000000000000000000
[12:10:47.000655] EP OUT 0x03 len=0 
[12:10:47.002331] EP OUT 0x03 len=0 
[12:10:47.004153] EP OUT 0x03 len=0 
[12:10:47.006368] EP OUT 0x03 len=0 
[12:10:47.008119] EP OUT 0x03 len=0 
[12:10:47.011424] EP IN  0x81 len=64 0967200000007837845f288330000000000000000000000000000000000000000000000000000000000000000000000000000000000000000000000000000000
[12:10:47.012595] EP OUT 0x03 len=0 
[12:10:47.015355] EP IN  0x81 len=64 096a200000007737845f288330000000000000000000000000000000000000000000000000000000000000000000000000000000000000000000000000000000
[12:10:47.016645] EP OUT 0x03 len=0 
[12:10:47.018293] EP OUT 0x03 len=0 
[12:10:47.020191] EP OUT 0x03 len=0 
[12:10:47.022330] EP OUT 0x03 len=0 
[12:10:47.024133] EP OUT 0x03 len=0 
[12:10:47.027346] EP IN  0x81 len=64 096b200000007737845f288330000000000000000000000000000000000000000000000000000000000000000000000000000000000000000000000000000000
[12:10:47.028496] EP OUT 0x03 len=0 
[12:10:47.031427] EP IN  0x81 len=64 096e200000007737845f288330000000000000000000000000000000000000000000000000000000000000000000000000000000000000000000000000000000
[12:10:47.033073] EP OUT 0x03 len=0 
[12:10:47.035096] EP OUT 0x03 len=0 
[12:10:47.039435] EP IN  0x81 len=64 096f200000007847845e288330000000000000000000000000000000000000000000000000000000000000000000000000000000000000000000000000000000
[12:10:47.040606] EP OUT 0x03 len=0 
[12:10:47.043426] EP IN  0x81 len=64 0971200000007847845f288330000000000000000000000000000000000000000000000000000000000000000000000000000000000000000000000000000000
[12:10:47.045081] EP OUT 0x03 len=0 
[12:10:47.047105] EP OUT 0x03 len=0 
[12:10:47.051424] EP IN  0x81 len=64 0972200000007747845f288330000000000000000000000000000000000000000000000000000000000000000000000000000000000000000000000000000000
[12:10:47.052592] EP OUT 0x03 len=0 
[12:10:47.055340] EP IN  0x81 len=64 0974200000007837845f288330000000000000000000000000000000000000000000000000000000000000000000000000000000000000000000000000000000
[12:10:47.056647] EP OUT 0x03 len=0 
[12:10:47.058318] EP OUT 0x03 len=0 
[12:10:47.060170] EP OUT 0x03 len=0 
[12:10:47.061884] EP OUT 0x03 len=0 
[12:10:47.064131] EP OUT 0x03 len=0 
[12:10:47.067430] EP IN  0x81 len=64 0975200000007737845e288330000000000000000000000000000000000000000000000000000000000000000000000000000000000000000000000000000000
[12:10:47.068609] EP OUT 0x03 len=0 
[12:10:47.071428] EP IN  0x81 len=64 0978200000007747845f288330000000000000000000000000000000000000000000000000000000000000000000000000000000000000000000000000000000
[12:10:47.073114] EP OUT 0x03 len=0 
[12:10:47.075119] EP OUT 0x03 len=0 
[12:10:47.079430] EP IN  0x81 len=64 0979200000007837845f288330000000000000000000000000000000000000000000000000000000000000000000000000000000000000000000000000000000
[12:10:47.080598] EP OUT 0x03 len=0 
[12:10:47.083426] EP IN  0x81 len=64 097b200000007747845f288330000000000000000000000000000000000000000000000000000000000000000000000000000000000000000000000000000000
[12:10:47.085075] EP OUT 0x03 len=0 
[12:10:47.087081] EP OUT 0x03 len=0 
[12:10:47.091379] EP IN  0x81 len=64 097c200000007837845f288330000000000000000000000000000000000000000000000000000000000000000000000000000000000000000000000000000000
[12:10:47.092528] EP OUT 0x03 len=0 
[12:10:47.095343] EP IN  0x81 len=64 097e200000007837845f288330000000000000000000000000000000000000000000000000000000000000000000000000000000000000000000000000000000
[12:10:47.096644] EP OUT 0x03 len=0 
[12:10:47.098298] EP OUT 0x03 len=0 
[12:10:47.100221] EP OUT 0x03 len=0 
[12:10:47.101919] EP OUT 0x03 len=0 
[12:10:47.104222] EP OUT 0x03 len=0 
[12:10:47.107427] EP IN  0x81 len=64 097f200000007837845f288330000000000000000000000000000000000000000000000000000000000000000000000000000000000000000000000000000000
[12:10:47.108583] EP OUT 0x03 len=0 
[12:10:47.111432] EP IN  0x81 len=64 0982200000007837845e288330000000000000000000000000000000000000000000000000000000000000000000000000000000000000000000000000000000
[12:10:47.113109] EP OUT 0x03 len=0 
[12:10:47.115165] EP OUT 0x03 len=0 
[12:10:47.119435] EP IN  0x81 len=64 09832000000078378460288330000000000000000000000000000000000000000000000000000000000000000000000000000000000000000000000000000000
[12:10:47.120601] EP OUT 0x03 len=0 
[12:10:47.123432] EP IN  0x81 len=64 0985200000007847845f288330000000000000000000000000000000000000000000000000000000000000000000000000000000000000000000000000000000
[12:10:47.125106] EP OUT 0x03 len=0 
[12:10:47.127085] EP OUT 0x03 len=0 
[12:10:47.131422] EP IN  0x81 len=64 0986200000007837845e188330000000000000000000000000000000000000000000000000000000000000000000000000000000000000000000000000000000
[12:10:47.132584] EP OUT 0x03 len=0 
[12:10:47.135422] EP IN  0x81 len=64 0988200000007747845f288330000000000000000000000000000000000000000000000000000000000000000000000000000000000000000000000000000000
[12:10:47.137111] EP OUT 0x03 len=0 
[12:10:47.139140] EP OUT 0x03 len=0 
[12:10:47.143434] EP IN  0x81 len=64 0989200000007837845f288330000000000000000000000000000000000000000000000000000000000000000000000000000000000000000000000000000000
[12:10:47.144631] EP OUT 0x03 len=0 
[12:10:47.147421] EP IN  0x81 len=64 098b200000007737845f188330000000000000000000000000000000000000000000000000000000000000000000000000000000000000000000000000000000
[12:10:47.149085] EP OUT 0x03 len=0 
[12:10:47.151101] EP OUT 0x03 len=0 
[12:10:47.155344] EP IN  0x81 len=64 098c200000007837845f288330000000000000000000000000000000000000000000000000000000000000000000000000000000000000000000000000000000
[12:10:47.156518] EP OUT 0x03 len=0 
[12:10:47.159427] EP IN  0x81 len=64 098e200000007847845f288330000000000000000000000000000000000000000000000000000000000000000000000000000000000000000000000000000000
[12:10:47.161127] EP OUT 0x03 len=0 
[12:10:47.163135] EP OUT 0x03 len=0 
[12:10:47.167424] EP IN  0x81 len=64 098f2000000077478460388330000000000000000000000000000000000000000000000000000000000000000000000000000000000000000000000000000000
[12:10:47.168632] EP OUT 0x03 len=0 
[12:10:47.171422] EP IN  0x81 len=64 0991200000007847845f388330000000000000000000000000000000000000000000000000000000000000000000000000000000000000000000000000000000
[12:10:47.173051] EP OUT 0x03 len=0 
[12:10:47.175097] EP OUT 0x03 len=0 
[12:10:47.179427] EP IN  0x81 len=64 0992200000007837845f388330000000000000000000000000000000000000000000000000000000000000000000000000000000000000000000000000000000
[12:10:47.180608] EP OUT 0x03 len=0 
[12:10:47.183430] EP IN  0x81 len=64 0994200000007847845e288330000000000000000000000000000000000000000000000000000000000000000000000000000000000000000000000000000000
[12:10:47.185115] EP OUT 0x03 len=0 
[12:10:47.187126] EP OUT 0x03 len=0 
[12:10:47.191422] EP IN  0x81 len=64 0995200000007837845f288330000000000000000000000000000000000000000000000000000000000000000000000000000000000000000000000000000000
[12:10:47.192591] EP OUT 0x03 len=0 
[12:10:47.195351] EP IN  0x81 len=64 0997200000007847845f288330000000000000000000000000000000000000000000000000000000000000000000000000000000000000000000000000000000
[12:10:47.196661] EP OUT 0x03 len=0 
[12:10:47.198370] EP OUT 0x03 len=0 
[12:10:47.200188] EP OUT 0x03 len=0 
[12:10:47.201835] EP OUT 0x03 len=0 
[12:10:47.204113] EP OUT 0x03 len=0 
[12:10:47.207344] EP IN  0x81 len=64 0998200000007837845f288330000000000000000000000000000000000000000000000000000000000000000000000000000000000000000000000000000000
[12:10:47.208491] EP OUT 0x03 len=0 
[12:10:47.211428] EP IN  0x81 len=64 099b200000007747845f288330000000000000000000000000000000000000000000000000000000000000000000000000000000000000000000000000000000
[12:10:47.213092] EP OUT 0x03 len=0 
[12:10:47.215113] EP OUT 0x03 len=0 
[12:10:47.219423] EP IN  0x81 len=64 099c200000007847845f288330000000000000000000000000000000000000000000000000000000000000000000000000000000000000000000000000000000
[12:10:47.220575] EP OUT 0x03 len=0 
[12:10:47.223420] EP IN  0x81 len=64 099e200000007837845f288330000000000000000000000000000000000000000000000000000000000000000000000000000000000000000000000000000000
[12:10:47.225090] EP OUT 0x03 len=0 
[12:10:47.227152] EP OUT 0x03 len=0 
[12:10:47.231426] EP IN  0x81 len=64 099f2000000077478460288330000000000000000000000000000000000000000000000000000000000000000000000000000000000000000000000000000000
[12:10:47.232621] EP OUT 0x03 len=0 
[12:10:47.235393] EP IN  0x81 len=64 09a1200000007737845f288330000000000000000000000000000000000000000000000000000000000000000000000000000000000000000000000000000000
[12:10:47.236743] EP OUT 0x03 len=0 
[12:10:47.238398] EP OUT 0x03 len=0 
[12:10:47.240199] EP OUT 0x03 len=0 
[12:10:47.241898] EP OUT 0x03 len=0 
[12:10:47.244214] EP OUT 0x03 len=0 
[12:10:47.247426] EP IN  0x81 len=64 09a2200000007837845f288330000000000000000000000000000000000000000000000000000000000000000000000000000000000000000000000000000000
[12:10:47.248583] EP OUT 0x03 len=0 
[12:10:47.251428] EP IN  0x81 len=64 09a5200000007847845f288330000000000000000000000000000000000000000000000000000000000000000000000000000000000000000000000000000000
[12:10:47.253131] EP OUT 0x03 len=0 
[12:10:47.255136] EP OUT 0x03 len=0 
[12:10:47.259434] EP IN  0x81 len=64 09a6200000007737845f288330000000000000000000000000000000000000000000000000000000000000000000000000000000000000000000000000000000
[12:10:47.260611] EP OUT 0x03 len=0 
[12:10:47.263347] EP IN  0x81 len=64 09a8200000007837845f288330000000000000000000000000000000000000000000000000000000000000000000000000000000000000000000000000000000
[12:10:47.264689] EP OUT 0x03 len=0 
[12:10:47.266390] EP OUT 0x03 len=0 
[12:10:47.268268] EP OUT 0x03 len=0 
[12:10:47.270128] EP OUT 0x03 len=0 
[12:10:47.272124] EP OUT 0x03 len=0 
[12:10:47.275443] EP IN  0x81 len=64 09a9200000007847845f188330000000000000000000000000000000000000000000000000000000000000000000000000000000000000000000000000000000
[12:10:47.276636] EP OUT 0x03 len=0 
[12:10:47.279426] EP IN  0x81 len=64 09ac200000007747845f288330000000000000000000000000000000000000000000000000000000000000000000000000000000000000000000000000000000
[12:10:47.281065] EP OUT 0x03 len=0 
[12:10:47.283155] EP OUT 0x03 len=0 
[12:10:47.287333] EP IN  0x81 len=64 09ad200000007837845f288330000000000000000000000000000000000000000000000000000000000000000000000000000000000000000000000000000000
[12:10:47.288502] EP OUT 0x03 len=0 
[12:10:47.291349] EP IN  0x81 len=64 09af200000007847845f288330000000000000000000000000000000000000000000000000000000000000000000000000000000000000000000000000000000
[12:10:47.292695] EP OUT 0x03 len=0 
[12:10:47.294396] EP OUT 0x03 len=0 
[12:10:47.296243] EP OUT 0x03 len=0 
[12:10:47.298168] EP OUT 0x03 len=0 
[12:10:47.300128] EP OUT 0x03 len=0 
[12:10:47.303335] EP IN  0x81 len=64 09b0200000007837845f288330000000000000000000000000000000000000000000000000000000000000000000000000000000000000000000000000000000
[12:10:47.304479] EP OUT 0x03 len=0 
[12:10:47.307343] EP IN  0x81 len=64 09b3200000007837845f288330000000000000000000000000000000000000000000000000000000000000000000000000000000000000000000000000000000
[12:10:47.308640] EP OUT 0x03 len=0 
[12:10:47.310287] EP OUT 0x03 len=0 
[12:10:47.312224] EP OUT 0x03 len=0 
[12:10:47.314125] EP OUT 0x03 len=0 
[12:10:47.316113] EP OUT 0x03 len=0 
[12:10:47.319434] EP IN  0x81 len=64 09b4200000007837845f388330000000000000000000000000000000000000000000000000000000000000000000000000000000000000000000000000000000
[12:10:47.320585] EP OUT 0x03 len=0 
[12:10:47.323430] EP IN  0x81 len=64 09b7200000007837845f388330000000000000000000000000000000000000000000000000000000000000000000000000000000000000000000000000000000
[12:10:47.325122] EP OUT 0x03 len=0 
[12:10:47.327143] EP OUT 0x03 len=0 
[12:10:47.331434] EP IN  0x81 len=64 09b8200000007747845f388330000000000000000000000000000000000000000000000000000000000000000000000000000000000000000000000000000000
[12:10:47.332612] EP OUT 0x03 len=0 
[12:10:47.335424] EP IN  0x81 len=64 09ba200000007837845f288330000000000000000000000000000000000000000000000000000000000000000000000000000000000000000000000000000000
[12:10:47.337100] EP OUT 0x03 len=0 
[12:10:47.339158] EP OUT 0x03 len=0 
[12:10:47.343430] EP IN  0x81 len=64 09bb200000007847845f288330000000000000000000000000000000000000000000000000000000000000000000000000000000000000000000000000000000
[12:10:47.344615] EP OUT 0x03 len=0 
[12:10:47.347342] EP IN  0x81 len=64 09bd200000007847845f288330000000000000000000000000000000000000000000000000000000000000000000000000000000000000000000000000000000
[12:10:47.348648] EP OUT 0x03 len=0 
[12:10:47.350347] EP OUT 0x03 len=0 
[12:10:47.352214] EP OUT 0x03 len=0 
[12:10:47.353904] EP OUT 0x03 len=0 
[12:10:47.356142] EP OUT 0x03 len=0 
[12:10:47.359429] EP IN  0x81 len=64 09be200000007947845e188330000000000000000000000000000000000000000000000000000000000000000000000000000000000000000000000000000000
[12:10:47.360624] EP OUT 0x03 len=0 
[12:10:47.363344] EP IN  0x81 len=64 09c1200000007737845e188330000000000000000000000000000000000000000000000000000000000000000000000000000000000000000000000000000000
[12:10:47.364688] EP OUT 0x03 len=0 
[12:10:47.366369] EP OUT 0x03 len=0 
[12:10:47.368230] EP OUT 0x03 len=0 
[12:10:47.369928] EP OUT 0x03 len=0 
[12:10:47.372218] EP OUT 0x03 len=0 
[12:10:47.375430] EP IN  0x81 len=64 09c2200000007837845f288330000000000000000000000000000000000000000000000000000000000000000000000000000000000000000000000000000000
[12:10:47.376611] EP OUT 0x03 len=0 
[12:10:47.379431] EP IN  0x81 len=64 09c52000000078478460388330000000000000000000000000000000000000000000000000000000000000000000000000000000000000000000000000000000
[12:10:47.381125] EP OUT 0x03 len=0 
[12:10:47.383126] EP OUT 0x03 len=0 
[12:10:47.387338] EP IN  0x81 len=64 09c6200000007747845f288330000000000000000000000000000000000000000000000000000000000000000000000000000000000000000000000000000000
[12:10:47.388474] EP OUT 0x03 len=0 
[12:10:47.391365] EP IN  0x81 len=64 09c8200000007737845f288330000000000000000000000000000000000000000000000000000000000000000000000000000000000000000000000000000000
[12:10:47.392749] EP OUT 0x03 len=0 
[12:10:47.395212] EP OUT 0x03 len=0 
[12:10:47.397043] EP OUT 0x03 len=0 
[12:10:47.398941] EP OUT 0x03 len=0 
[12:10:47.403351] EP IN  0x81 len=64 09c9200000007837845e288330000000000000000000000000000000000000000000000000000000000000000000000000000000000000000000000000000000
[12:10:47.404566] EP OUT 0x03 len=0 
[12:10:47.407418] EP IN  0x81 len=64 09cc200000007837845f388330000000000000000000000000000000000000000000000000000000000000000000000000000000000000000000000000000000
[12:10:47.409263] EP OUT 0x03 len=0 
[12:10:47.411190] EP OUT 0x03 len=0 
[12:10:47.415420] EP IN  0x81 len=64 09cd200000007837845e288330000000000000000000000000000000000000000000000000000000000000000000000000000000000000000000000000000000
[12:10:47.416713] EP OUT 0x03 len=0 
[12:10:47.419430] EP IN  0x81 len=64 09cf200000007837845f288330000000000000000000000000000000000000000000000000000000000000000000000000000000000000000000000000000000
[12:10:47.421135] EP OUT 0x03 len=0 
[12:10:47.423123] EP OUT 0x03 len=0 
[12:10:47.427447] EP IN  0x81 len=64 09d0200000007837845f288330000000000000000000000000000000000000000000000000000000000000000000000000000000000000000000000000000000
[12:10:47.428741] EP OUT 0x03 len=0 
[12:10:47.431435] EP IN  0x81 len=64 09d2200000007847845f288330000000000000000000000000000000000000000000000000000000000000000000000000000000000000000000000000000000
[12:10:47.433109] EP OUT 0x03 len=0 
[12:10:47.435259] EP OUT 0x03 len=0 
[12:10:47.439431] EP IN  0x81 len=64 09d3200000007847845f288330000000000000000000000000000000000000000000000000000000000000000000000000000000000000000000000000000000
[12:10:47.440693] EP OUT 0x03 len=0 
[12:10:47.443435] EP IN  0x81 len=64 09d5200000007837845f288330000000000000000000000000000000000000000000000000000000000000000000000000000000000000000000000000000000
[12:10:47.445284] EP OUT 0x03 len=0 
[12:10:47.447273] EP OUT 0x03 len=0 
[12:10:47.451450] EP IN  0x81 len=64 09d6200000007827845f288330000000000000000000000000000000000000000000000000000000000000000000000000000000000000000000000000000000
[12:10:47.452790] EP OUT 0x03 len=0 
[12:10:47.455338] EP IN  0x81 len=64 09d8200000007847845f288330000000000000000000000000000000000000000000000000000000000000000000000000000000000000000000000000000000
[12:10:47.456716] EP OUT 0x03 len=0 
[12:10:47.458433] EP OUT 0x03 len=0 
[12:10:47.460297] EP OUT 0x03 len=0 
[12:10:47.462171] EP OUT 0x03 len=0 
[12:10:47.464096] EP OUT 0x03 len=0 
[12:10:47.467451] EP IN  0x81 len=64 09d9200000007747845f288330000000000000000000000000000000000000000000000000000000000000000000000000000000000000000000000000000000
[12:10:47.468790] EP OUT 0x03 len=0 
[12:10:47.471439] EP IN  0x81 len=64 09dc200000007837845f288330000000000000000000000000000000000000000000000000000000000000000000000000000000000000000000000000000000
[12:10:47.473222] EP OUT 0x03 len=0 
[12:10:47.475195] EP OUT 0x03 len=0 
[12:10:47.479348] EP IN  0x81 len=64 09dd200000007837845f288330000000000000000000000000000000000000000000000000000000000000000000000000000000000000000000000000000000
[12:10:47.480616] EP OUT 0x03 len=0 
[12:10:47.483438] EP IN  0x81 len=64 09df200000007837845f288330000000000000000000000000000000000000000000000000000000000000000000000000000000000000000000000000000000
[12:10:47.485287] EP OUT 0x03 len=0 
[12:10:47.487255] EP OUT 0x03 len=0 
[12:10:47.491331] EP IN  0x81 len=64 09e0200000007847845e288330000000000000000000000000000000000000000000000000000000000000000000000000000000000000000000000000000000
[12:10:47.492466] EP OUT 0x03 len=0 
[12:10:47.495357] EP IN  0x81 len=64 09e2200000007847845f288330000000000000000000000000000000000000000000000000000000000000000000000000000000000000000000000000000000
[12:10:47.496672] EP OUT 0x03 len=0 
[12:10:47.498320] EP OUT 0x03 len=0 
[12:10:47.500278] EP OUT 0x03 len=0 
[12:10:47.502182] EP OUT 0x03 len=0 
[12:10:47.504050] EP OUT 0x03 len=0 
[12:10:47.507420] EP IN  0x81 len=64 09e3200000007847845f288330000000000000000000000000000000000000000000000000000000000000000000000000000000000000000000000000000000
[12:10:47.508743] EP OUT 0x03 len=0 
[12:10:47.511442] EP IN  0x81 len=64 09e6200000007747845f288330000000000000000000000000000000000000000000000000000000000000000000000000000000000000000000000000000000
[12:10:47.513218] EP OUT 0x03 len=0 
[12:10:47.515191] EP OUT 0x03 len=0 
[12:10:47.519448] EP IN  0x81 len=64 09e7200000007847845f388330000000000000000000000000000000000000000000000000000000000000000000000000000000000000000000000000000000
[12:10:47.520679] EP OUT 0x03 len=0 
[12:10:47.523424] EP IN  0x81 len=64 09e92000000078378460288330000000000000000000000000000000000000000000000000000000000000000000000000000000000000000000000000000000
[12:10:47.525255] EP OUT 0x03 len=0 
[12:10:47.527163] EP OUT 0x03 len=0 
[12:10:47.531360] EP IN  0x81 len=64 09ea200000007837845f288330000000000000000000000000000000000000000000000000000000000000000000000000000000000000000000000000000000
[12:10:47.532597] EP OUT 0x03 len=0 
[12:10:47.535355] EP IN  0x81 len=64 09ec200000007837845f288330000000000000000000000000000000000000000000000000000000000000000000000000000000000000000000000000000000
[12:10:47.536796] EP OUT 0x03 len=0 
[12:10:47.539145] EP OUT 0x03 len=0 
[12:10:47.540999] EP OUT 0x03 len=0 
[12:10:47.542871] EP OUT 0x03 len=0 
[12:10:47.547428] EP IN  0x81 len=64 09ed200000007837845f288330000000000000000000000000000000000000000000000000000000000000000000000000000000000000000000000000000000
[12:10:47.548755] EP OUT 0x03 len=0 
[12:10:47.551435] EP IN  0x81 len=64 09f0200000007847845f288330000000000000000000000000000000000000000000000000000000000000000000000000000000000000000000000000000000
[12:10:47.553305] EP OUT 0x03 len=0 
[12:10:47.555191] EP OUT 0x03 len=0 
[12:10:47.559446] EP IN  0x81 len=64 09f1200000007847845f288330000000000000000000000000000000000000000000000000000000000000000000000000000000000000000000000000000000
[12:10:47.560719] EP OUT 0x03 len=0 
[12:10:47.563335] EP IN  0x81 len=64 09f3200000007837845f288330000000000000000000000000000000000000000000000000000000000000000000000000000000000000000000000000000000
[12:10:47.564603] EP OUT 0x03 len=0 
[12:10:47.566278] EP OUT 0x03 len=0 
[12:10:47.568351] EP OUT 0x03 len=0 
[12:10:47.570322] EP OUT 0x03 len=0 
[12:10:47.572086] EP OUT 0x03 len=0 
[12:10:47.575350] EP IN  0x81 len=64 09f4200000007847845f288330000000000000000000000000000000000000000000000000000000000000000000000000000000000000000000000000000000
[12:10:47.576587] EP OUT 0x03 len=0 
[12:10:47.579424] EP IN  0x81 len=64 09f7200000007847845f288330000000000000000000000000000000000000000000000000000000000000000000000000000000000000000000000000000000
[12:10:47.581299] EP OUT 0x03 len=0 
[12:10:47.583274] EP OUT 0x03 len=0 
[12:10:47.587338] EP IN  0x81 len=64 09f8200000007737845f288330000000000000000000000000000000000000000000000000000000000000000000000000000000000000000000000000000000
[12:10:47.588547] EP OUT 0x03 len=0 
[12:10:47.591423] EP IN  0x81 len=64 09fa200000007837845f288330000000000000000000000000000000000000000000000000000000000000000000000000000000000000000000000000000000
[12:10:47.593269] EP OUT 0x03 len=0 
[12:10:47.595212] EP OUT 0x03 len=0 
[12:10:47.599336] EP IN  0x81 len=64 09fb200000007847845f288330000000000000000000000000000000000000000000000000000000000000000000000000000000000000000000000000000000
[12:10:47.600438] EP OUT 0x03 len=0 
[12:10:47.603347] EP IN  0x81 len=64 09fd200000007847845e288330000000000000000000000000000000000000000000000000000000000000000000000000000000000000000000000000000000
[12:10:47.604697] EP OUT 0x03 len=0 
[12:10:47.606379] EP OUT 0x03 len=0 
[12:10:47.608402] EP OUT 0x03 len=0 
[12:10:47.610249] EP OUT 0x03 len=0 
[12:10:47.612145] EP OUT 0x03 len=0 
[12:10:47.615355] EP IN  0x81 len=64 09fe200000007837845e288330000000000000000000000000000000000000000000000000000000000000000000000000000000000000000000000000000000
[12:10:47.616642] EP OUT 0x03 len=0 
[12:10:47.619439] EP IN  0x81 len=64 0901200000007947845f288330000000000000000000000000000000000000000000000000000000000000000000000000000000000000000000000000000000
[12:10:47.621289] EP OUT 0x03 len=0 
[12:10:47.623196] EP OUT 0x03 len=0 
[12:10:47.627358] EP IN  0x81 len=64 0902200000007737845f388330000000000000000000000000000000000000000000000000000000000000000000000000000000000000000000000000000000
[12:10:47.628666] EP OUT 0x03 len=0 
[12:10:47.631431] EP IN  0x81 len=64 0904200000007837845f288330000000000000000000000000000000000000000000000000000000000000000000000000000000000000000000000000000000
[12:10:47.633305] EP OUT 0x03 len=0 
[12:10:47.635298] EP OUT 0x03 len=0 
[12:10:47.639338] EP IN  0x81 len=64 0905200000007737845f288330000000000000000000000000000000000000000000000000000000000000000000000000000000000000000000000000000000
[12:10:47.640453] EP OUT 0x03 len=0 
[12:10:47.643431] EP IN  0x81 len=64 0907200000007847845f288330000000000000000000000000000000000000000000000000000000000000000000000000000000000000000000000000000000
[12:10:47.645290] EP OUT 0x03 len=0 
[12:10:47.647117] EP OUT 0x03 len=0 
[12:10:47.651445] EP IN  0x81 len=64 0908200000007847845f288330000000000000000000000000000000000000000000000000000000000000000000000000000000000000000000000000000000
[12:10:47.652778] EP OUT 0x03 len=0 
[12:10:47.655343] EP IN  0x81 len=64 090a200000007737845f288330000000000000000000000000000000000000000000000000000000000000000000000000000000000000000000000000000000
[12:10:47.656795] EP OUT 0x03 len=0 
[12:10:47.659242] EP OUT 0x03 len=0 
[12:10:47.661142] EP OUT 0x03 len=0 
[12:10:47.662872] EP OUT 0x03 len=0 
[12:10:47.667437] EP IN  0x81 len=64 090b200000007837845e188330000000000000000000000000000000000000000000000000000000000000000000000000000000000000000000000000000000
[12:10:47.668758] EP OUT 0x03 len=0 
[12:10:47.671332] EP IN  0x81 len=64 090e200000007847845f288330000000000000000000000000000000000000000000000000000000000000000000000000000000000000000000000000000000
[12:10:47.672650] EP OUT 0x03 len=0 
[12:10:47.674461] EP OUT 0x03 len=0 
[12:10:47.676398] EP OUT 0x03 len=0 
[12:10:47.678340] EP OUT 0x03 len=0 
[12:10:47.680107] EP OUT 0x03 len=0 
[12:10:47.683351] EP IN  0x81 len=64 090f200000007847845f288330000000000000000000000000000000000000000000000000000000000000000000000000000000000000000000000000000000
[12:10:47.684648] EP OUT 0x03 len=0 
[12:10:47.687407] EP IN  0x81 len=64 0912200000007837845f288330000000000000000000000000000000000000000000000000000000000000000000000000000000000000000000000000000000
[12:10:47.689212] EP OUT 0x03 len=0 
[12:10:47.691208] EP OUT 0x03 len=0 
[12:10:47.695347] EP IN  0x81 len=64 0913200000007837845f288330000000000000000000000000000000000000000000000000000000000000000000000000000000000000000000000000000000
[12:10:47.696622] EP OUT 0x03 len=0 
[12:10:47.699351] EP IN  0x81 len=64 0915200000007847845f288330000000000000000000000000000000000000000000000000000000000000000000000000000000000000000000000000000000
[12:10:47.700732] EP OUT 0x03 len=0 
[12:10:47.703211] EP OUT 0x03 len=0 
[12:10:47.705135] EP OUT 0x03 len=0 
[12:10:47.706983] EP OUT 0x03 len=0 
[12:10:47.711364] EP IN  0x81 len=64 0916200000007837845e288330000000000000000000000000000000000000000000000000000000000000000000000000000000000000000000000000000000
[12:10:47.712598] EP OUT 0x03 len=0 
[12:10:47.715331] EP IN  0x81 len=64 0919200000007847845e388330000000000000000000000000000000000000000000000000000000000000000000000000000000000000000000000000000000
[12:10:47.716626] EP OUT 0x03 len=0 
[12:10:47.718370] EP OUT 0x03 len=0 
[12:10:47.720347] EP OUT 0x03 len=0 
[12:10:47.722079] EP OUT 0x03 len=0 
[12:10:47.723971] EP OUT 0x03 len=0 
[12:10:47.727354] EP IN  0x81 len=64 091a200000007737845f388330000000000000000000000000000000000000000000000000000000000000000000000000000000000000000000000000000000
[12:10:47.728627] EP OUT 0x03 len=0 
[12:10:47.731357] EP IN  0x81 len=64 091d200000007837845f288330000000000000000000000000000000000000000000000000000000000000000000000000000000000000000000000000000000
[12:10:47.732842] EP OUT 0x03 len=0 
[12:10:47.735195] EP OUT 0x03 len=0 
[12:10:47.737129] EP OUT 0x03 len=0 
[12:10:47.738924] EP OUT 0x03 len=0 
[12:10:47.743428] EP IN  0x81 len=64 091e200000007837845e288330000000000000000000000000000000000000000000000000000000000000000000000000000000000000000000000000000000
[12:10:47.744733] EP OUT 0x03 len=0 
[12:10:47.747339] EP IN  0x81 len=64 0921200000007737845f288330000000000000000000000000000000000000000000000000000000000000000000000000000000000000000000000000000000
[12:10:47.748727] EP OUT 0x03 len=0 
[12:10:47.751274] EP OUT 0x03 len=0 
[12:10:47.753220] EP OUT 0x03 len=0 
[12:10:47.754905] EP OUT 0x03 len=0 
[12:10:47.759422] EP IN  0x81 len=64 0922200000007837845f288330000000000000000000000000000000000000000000000000000000000000000000000000000000000000000000000000000000
[12:10:47.760663] EP OUT 0x03 len=0 
[12:10:47.763339] EP IN  0x81 len=64 0925200000007837845e288330000000000000000000000000000000000000000000000000000000000000000000000000000000000000000000000000000000
[12:10:47.764926] EP OUT 0x03 len=0 
[12:10:47.767253] EP OUT 0x03 len=0 
[12:10:47.769250] EP OUT 0x03 len=0 
[12:10:47.771085] EP OUT 0x03 len=0 
[12:10:47.775345] EP IN  0x81 len=64 0926200000007837845f288330000000000000000000000000000000000000000000000000000000000000000000000000000000000000000000000000000000
[12:10:47.776602] EP OUT 0x03 len=0 
[12:10:47.779437] EP IN  0x81 len=64 0929200000007837845f288330000000000000000000000000000000000000000000000000000000000000000000000000000000000000000000000000000000
[12:10:47.781259] EP OUT 0x03 len=0 
[12:10:47.783070] EP OUT 0x03 len=0 
[12:10:47.787336] EP IN  0x81 len=64 092a200000007847845e288330000000000000000000000000000000000000000000000000000000000000000000000000000000000000000000000000000000
[12:10:47.788464] EP OUT 0x03 len=0 
[12:10:47.791342] EP IN  0x81 len=64 092c200000007847845f288330000000000000000000000000000000000000000000000000000000000000000000000000000000000000000000000000000000
[12:10:47.792735] EP OUT 0x03 len=0 
[12:10:47.795197] EP OUT 0x03 len=0 
[12:10:47.797071] EP OUT 0x03 len=0 
[12:10:47.798964] EP OUT 0x03 len=0 
[12:10:47.803333] EP IN  0x81 len=64 092d200000007847845f288330000000000000000000000000000000000000000000000000000000000000000000000000000000000000000000000000000000
[12:10:47.804569] EP OUT 0x03 len=0 
[12:10:47.807423] EP IN  0x81 len=64 0930200000007847845e288330000000000000000000000000000000000000000000000000000000000000000000000000000000000000000000000000000000
[12:10:47.809269] EP OUT 0x03 len=0 
[12:10:47.811210] EP OUT 0x03 len=0 
[12:10:47.815441] EP IN  0x81 len=64 0931200000007847845f288330000000000000000000000000000000000000000000000000000000000000000000000000000000000000000000000000000000
[12:10:47.816738] EP OUT 0x03 len=0 
[12:10:47.819433] EP IN  0x81 len=64 0933200000007737845f288330000000000000000000000000000000000000000000000000000000000000000000000000000000000000000000000000000000
[12:10:47.821144] EP OUT 0x03 len=0 
[12:10:47.823102] EP OUT 0x03 len=0 
[12:10:47.827425] EP IN  0x81 len=64 0934200000007837845f288330000000000000000000000000000000000000000000000000000000000000000000000000000000000000000000000000000000
[12:10:47.828753] EP OUT 0x03 len=0 
[12:10:47.831424] EP IN  0x81 len=64 0936200000007847845e288330000000000000000000000000000000000000000000000000000000000000000000000000000000000000000000000000000000
[12:10:47.833139] EP OUT 0x03 len=0 
[12:10:47.835209] EP OUT 0x03 len=0 
[12:10:47.839422] EP IN  0x81 len=64 0937200000007847845e288330000000000000000000000000000000000000000000000000000000000000000000000000000000000000000000000000000000
[12:10:47.840715] EP OUT 0x03 len=0 
[12:10:47.843432] EP IN  0x81 len=64 0939200000007837845e288330000000000000000000000000000000000000000000000000000000000000000000000000000000000000000000000000000000
[12:10:47.845285] EP OUT 0x03 len=0 
[12:10:47.847261] EP OUT 0x03 len=0 
[12:10:47.851425] EP IN  0x81 len=64 093a200000007847845e288330000000000000000000000000000000000000000000000000000000000000000000000000000000000000000000000000000000
[12:10:47.852768] EP OUT 0x03 len=0 
[12:10:47.855334] EP IN  0x81 len=64 093c200000007847845f288330000000000000000000000000000000000000000000000000000000000000000000000000000000000000000000000000000000
[12:10:47.856697] EP OUT 0x03 len=0 
[12:10:47.858564] EP OUT 0x03 len=0 
[12:10:47.860481] EP OUT 0x03 len=0 
[12:10:47.862334] EP OUT 0x03 len=0 
[12:10:47.864117] EP OUT 0x03 len=0 
[12:10:47.867439] EP IN  0x81 len=64 093d200000007837845f288330000000000000000000000000000000000000000000000000000000000000000000000000000000000000000000000000000000
[12:10:47.868770] EP OUT 0x03 len=0 
[12:10:47.871437] EP IN  0x81 len=64 0940200000007847845f388330000000000000000000000000000000000000000000000000000000000000000000000000000000000000000000000000000000
[12:10:47.873222] EP OUT 0x03 len=0 
[12:10:47.875199] EP OUT 0x03 len=0 
[12:10:47.879431] EP IN  0x81 len=64 0941200000007837845e288330000000000000000000000000000000000000000000000000000000000000000000000000000000000000000000000000000000
[12:10:47.880715] EP OUT 0x03 len=0 
[12:10:47.883437] EP IN  0x81 len=64 0943200000007837845f288330000000000000000000000000000000000000000000000000000000000000000000000000000000000000000000000000000000
[12:10:47.885311] EP OUT 0x03 len=0 
[12:10:47.887213] EP OUT 0x03 len=0 
[12:10:47.891331] EP IN  0x81 len=64 0944200000007947845e388330000000000000000000000000000000000000000000000000000000000000000000000000000000000000000000000000000000
[12:10:47.892504] EP OUT 0x03 len=0 
[12:10:47.895348] EP IN  0x81 len=64 0946200000007837845f288330000000000000000000000000000000000000000000000000000000000000000000000000000000000000000000000000000000
[12:10:47.896665] EP OUT 0x03 len=0 
[12:10:47.898362] EP OUT 0x03 len=0 
[12:10:47.900327] EP OUT 0x03 len=0 
[12:10:47.902240] EP OUT 0x03 len=0 
[12:10:47.904273] EP OUT 0x03 len=0 
[12:10:47.907431] EP IN  0x81 len=64 0947200000007737845f288330000000000000000000000000000000000000000000000000000000000000000000000000000000000000000000000000000000
[12:10:47.908713] EP OUT 0x03 len=0 
[12:10:47.911446] EP IN  0x81 len=64 094a200000007837845e288330000000000000000000000000000000000000000000000000000000000000000000000000000000000000000000000000000000
[12:10:47.913300] EP OUT 0x03 len=0 
[12:10:47.915269] EP OUT 0x03 len=0 
[12:10:47.919447] EP IN  0x81 len=64 094b200000007827845f288330000000000000000000000000000000000000000000000000000000000000000000000000000000000000000000000000000000
[12:10:47.920660] EP OUT 0x03 len=0 
[12:10:47.923442] EP IN  0x81 len=64 094d200000007837845f288330000000000000000000000000000000000000000000000000000000000000000000000000000000000000000000000000000000
[12:10:47.925305] EP OUT 0x03 len=0 
[12:10:47.927157] EP OUT 0x03 len=0 
[12:10:47.931440] EP IN  0x81 len=64 094e200000007747845f288330000000000000000000000000000000000000000000000000000000000000000000000000000000000000000000000000000000
[12:10:47.932779] EP OUT 0x03 len=0 
[12:10:47.935429] EP IN  0x81 len=64 0950200000007837845f288330000000000000000000000000000000000000000000000000000000000000000000000000000000000000000000000000000000
[12:10:47.937245] EP OUT 0x03 len=0 
[12:10:47.939145] EP OUT 0x03 len=0 
[12:10:47.943421] EP IN  0x81 len=64 0951200000007737845f388330000000000000000000000000000000000000000000000000000000000000000000000000000000000000000000000000000000
[12:10:47.944719] EP OUT 0x03 len=0 
[12:10:47.947415] EP IN  0x81 len=64 0953200000007837845f288330000000000000000000000000000000000000000000000000000000000000000000000000000000000000000000000000000000
[12:10:47.949300] EP OUT 0x03 len=0 
[12:10:47.951324] EP OUT 0x03 len=0 
[12:10:47.955412] EP IN  0x81 len=64 0954200000007847845f288330000000000000000000000000000000000000000000000000000000000000000000000000000000000000000000000000000000
[12:10:47.956721] EP OUT 0x03 len=0 
[12:10:47.959416] EP IN  0x81 len=64 0956200000007837845e188330000000000000000000000000000000000000000000000000000000000000000000000000000000000000000000000000000000
[12:10:47.961332] EP OUT 0x03 len=0 
[12:10:47.963252] EP OUT 0x03 len=0 
[12:10:47.967367] EP IN  0x81 len=64 0957200000007847845e288330000000000000000000000000000000000000000000000000000000000000000000000000000000000000000000000000000000
[12:10:47.968688] EP OUT 0x03 len=0 
[12:10:47.971414] EP IN  0x81 len=64 0959200000007837845f288330000000000000000000000000000000000000000000000000000000000000000000000000000000000000000000000000000000
[12:10:47.972743] EP OUT 0x03 len=0 
[12:10:47.974499] EP OUT 0x03 len=0 
[12:10:47.976459] EP OUT 0x03 len=0 
[12:10:47.978266] EP OUT 0x03 len=0 
[12:10:47.980240] EP OUT 0x03 len=0 
[12:10:47.983363] EP IN  0x81 len=64 095a200000007847845f288330000000000000000000000000000000000000000000000000000000000000000000000000000000000000000000000000000000
[12:10:47.984673] EP OUT 0x03 len=0 
[12:10:47.987448] EP IN  0x81 len=64 095d200000007747845f388330000000000000000000000000000000000000000000000000000000000000000000000000000000000000000000000000000000
[12:10:47.989237] EP OUT 0x03 len=0 
[12:10:47.991199] EP OUT 0x03 len=0 
[12:10:47.995403] EP IN  0x81 len=64 095e200000007837845e288330000000000000000000000000000000000000000000000000000000000000000000000000000000000000000000000000000000
[12:10:47.996576] EP OUT 0x03 len=0 
[12:10:47.999334] EP IN  0x81 len=64 0960200000007837845e288330000000000000000000000000000000000000000000000000000000000000000000000000000000000000000000000000000000
[12:10:48.000597] EP OUT 0x03 len=0 
[12:10:48.002281] EP OUT 0x03 len=0 
[12:10:48.004236] EP OUT 0x03 len=0 
[12:10:48.005888] EP OUT 0x03 len=0 
[12:10:48.008312] EP OUT 0x03 len=0 
[12:10:48.011442] EP IN  0x81 len=64 0961200000007837845f288330000000000000000000000000000000000000000000000000000000000000000000000000000000000000000000000000000000
[12:10:48.012750] EP OUT 0x03 len=0 
[12:10:48.015422] EP IN  0x81 len=64 0964200000007837845f288330000000000000000000000000000000000000000000000000000000000000000000000000000000000000000000000000000000
[12:10:48.016754] EP OUT 0x03 len=0 
[12:10:48.019231] EP OUT 0x03 len=0 
[12:10:48.021126] EP OUT 0x03 len=0 
[12:10:48.022933] EP OUT 0x03 len=0 
[12:10:48.027439] EP IN  0x81 len=64 09652000000078478460288330000000000000000000000000000000000000000000000000000000000000000000000000000000000000000000000000000000
[12:10:48.028743] EP OUT 0x03 len=0 
[12:10:48.031435] EP IN  0x81 len=64 0968200000007747845f288330000000000000000000000000000000000000000000000000000000000000000000000000000000000000000000000000000000
[12:10:48.033326] EP OUT 0x03 len=0 
[12:10:48.035284] EP OUT 0x03 len=0 
[12:10:48.039347] EP IN  0x81 len=64 0969200000007737845f288330000000000000000000000000000000000000000000000000000000000000000000000000000000000000000000000000000000
[12:10:48.040591] EP OUT 0x03 len=0 
[12:10:48.043440] EP IN  0x81 len=64 096b200000007737845f288330000000000000000000000000000000000000000000000000000000000000000000000000000000000000000000000000000000
[12:10:48.045291] EP OUT 0x03 len=0 
[12:10:48.047124] EP OUT 0x03 len=0 
[12:10:48.051360] EP IN  0x81 len=64 096c200000007737845f288330000000000000000000000000000000000000000000000000000000000000000000000000000000000000000000000000000000
[12:10:48.052661] EP OUT 0x03 len=0 
[12:10:48.055345] EP IN  0x81 len=64 096e200000007837845e288330000000000000000000000000000000000000000000000000000000000000000000000000000000000000000000000000000000
[12:10:48.056812] EP OUT 0x03 len=0 
[12:10:48.059193] EP OUT 0x03 len=0 
[12:10:48.061095] EP OUT 0x03 len=0 
[12:10:48.062845] EP OUT 0x03 len=0 
[12:10:48.067411] EP IN  0x81 len=64 096f200000007737845f288330000000000000000000000000000000000000000000000000000000000000000000000000000000000000000000000000000000
[12:10:48.068754] EP OUT 0x03 len=0 
[12:10:48.071332] EP IN  0x81 len=64 0972200000007837845f288330000000000000000000000000000000000000000000000000000000000000000000000000000000000000000000000000000000
[12:10:48.072641] EP OUT 0x03 len=0 
[12:10:48.074387] EP OUT 0x03 len=0 
[12:10:48.076325] EP OUT 0x03 len=0 
[12:10:48.078206] EP OUT 0x03 len=0 
[12:10:48.079921] EP OUT 0x03 len=0 
[12:10:48.083435] EP IN  0x81 len=64 0973200000007747845f288330000000000000000000000000000000000000000000000000000000000000000000000000000000000000000000000000000000
[12:10:48.084690] EP OUT 0x03 len=0 
[12:10:48.087339] EP IN  0x81 len=64 0976200000007837845f388330000000000000000000000000000000000000000000000000000000000000000000000000000000000000000000000000000000
[12:10:48.088764] EP OUT 0x03 len=0 
[12:10:48.090595] EP OUT 0x03 len=0 
[12:10:48.092612] EP OUT 0x03 len=0 
[12:10:48.094401] EP OUT 0x03 len=0 
[12:10:48.096335] EP OUT 0x03 len=0 
[12:10:48.099351] EP IN  0x81 len=64 0977200000007837845f388330000000000000000000000000000000000000000000000000000000000000000000000000000000000000000000000000000000
[12:10:48.100654] EP OUT 0x03 len=0 
[12:10:48.103337] EP IN  0x81 len=64 097a200000007837845f288330000000000000000000000000000000000000000000000000000000000000000000000000000000000000000000000000000000
[12:10:48.104783] EP OUT 0x03 len=0 
[12:10:48.107199] EP OUT 0x03 len=0 
[12:10:48.110329] EP OUT 0x03 len=0 
[12:10:48.112243] EP OUT 0x03 len=0 
[12:10:48.115335] EP IN  0x81 len=64 097b200000007847845f288330000000000000000000000000000000000000000000000000000000000000000000000000000000000000000000000000000000
[12:10:48.116603] EP OUT 0x03 len=0 
[12:10:48.119450] EP IN  0x81 len=64 097e200000007847845f388330000000000000000000000000000000000000000000000000000000000000000000000000000000000000000000000000000000
[12:10:48.121216] EP OUT 0x03 len=0 
[12:10:48.123193] EP OUT 0x03 len=0 
[12:10:48.127385] EP IN  0x81 len=64 097f200000007837845e188330000000000000000000000000000000000000000000000000000000000000000000000000000000000000000000000000000000
[12:10:48.128623] EP OUT 0x03 len=0 
[12:10:48.131437] EP IN  0x81 len=64 0981200000007837845f388330000000000000000000000000000000000000000000000000000000000000000000000000000000000000000000000000000000
[12:10:48.133304] EP OUT 0x03 len=0 
[12:10:48.135292] EP OUT 0x03 len=0 
[12:10:48.139422] EP IN  0x81 len=64 0982200000007947845f288330000000000000000000000000000000000000000000000000000000000000000000000000000000000000000000000000000000
[12:10:48.140733] EP OUT 0x03 len=0 
[12:10:48.143444] EP IN  0x81 len=64 0984200000007737845f288330000000000000000000000000000000000000000000000000000000000000000000000000000000000000000000000000000000
[12:10:48.145305] EP OUT 0x03 len=0 
[12:10:48.147096] EP OUT 0x03 len=0 
[12:10:48.151435] EP IN  0x81 len=64 0985200000007837845f288330000000000000000000000000000000000000000000000000000000000000000000000000000000000000000000000000000000
[12:10:48.152788] EP OUT 0x03 len=0 
[12:10:48.155349] EP IN  0x81 len=64 0987200000007847845f288330000000000000000000000000000000000000000000000000000000000000000000000000000000000000000000000000000000
[12:10:48.156662] EP OUT 0x03 len=0 
[12:10:48.158474] EP OUT 0x03 len=0 
[12:10:48.160377] EP OUT 0x03 len=0 
[12:10:48.162247] EP OUT 0x03 len=0 
[12:10:48.164144] EP OUT 0x03 len=0 
[12:10:48.166034] EP OUT 0x03 len=0 
[12:10:48.171422] EP IN  0x81 len=64 0988200000007847845f288330000000000000000000000000000000000000000000000000000000000000000000000000000000000000000000000000000000
[12:10:48.172738] EP OUT 0x03 len=0 
[12:10:48.175453] EP IN  0x81 len=64 098c200000007847845f288330000000000000000000000000000000000000000000000000000000000000000000000000000000000000000000000000000000
[12:10:48.177272] EP OUT 0x03 len=0 
[12:10:48.179169] EP OUT 0x03 len=0 
[12:10:48.183361] EP IN  0x81 len=64 098d200000007847845f388330000000000000000000000000000000000000000000000000000000000000000000000000000000000000000000000000000000
[12:10:48.184702] EP OUT 0x03 len=0 
[12:10:48.187330] EP IN  0x81 len=64 098f200000007837845f288330000000000000000000000000000000000000000000000000000000000000000000000000000000000000000000000000000000
[12:10:48.188643] EP OUT 0x03 len=0 
[12:10:48.190331] EP OUT 0x03 len=0 
[12:10:48.192255] EP OUT 0x03 len=0 
[12:10:48.194049] EP OUT 0x03 len=0 
[12:10:48.195845] EP OUT 0x03 len=0 
[12:10:48.199355] EP IN  0x81 len=64 0990200000007747845e288330000000000000000000000000000000000000000000000000000000000000000000000000000000000000000000000000000000
[12:10:48.200646] EP OUT 0x03 len=0 
[12:10:48.203331] EP IN  0x81 len=64 0993200000007847845f288330000000000000000000000000000000000000000000000000000000000000000000000000000000000000000000000000000000
[12:10:48.204763] EP OUT 0x03 len=0 
[12:10:48.206577] EP OUT 0x03 len=0 
[12:10:48.208537] EP OUT 0x03 len=0 
[12:10:48.210373] EP OUT 0x03 len=0 
[12:10:48.212266] EP OUT 0x03 len=0 
[12:10:48.215355] EP IN  0x81 len=64 0994200000007837845f288330000000000000000000000000000000000000000000000000000000000000000000000000000000000000000000000000000000
[12:10:48.216653] EP OUT 0x03 len=0 
[12:10:48.219453] EP IN  0x81 len=64 0997200000007847845f288330000000000000000000000000000000000000000000000000000000000000000000000000000000000000000000000000000000
[12:10:48.221201] EP OUT 0x03 len=0 
[12:10:48.223156] EP OUT 0x03 len=0 
[12:10:48.227431] EP IN  0x81 len=64 0998200000007847845f288330000000000000000000000000000000000000000000000000000000000000000000000000000000000000000000000000000000
[12:10:48.228696] EP OUT 0x03 len=0 
[12:10:48.231432] EP IN  0x81 len=64 099a200000007837845e288330000000000000000000000000000000000000000000000000000000000000000000000000000000000000000000000000000000
[12:10:48.233322] EP OUT 0x03 len=0 
[12:10:48.235342] EP OUT 0x03 len=0 
[12:10:48.239433] EP IN  0x81 len=64 099b2000000078378460288330000000000000000000000000000000000000000000000000000000000000000000000000000000000000000000000000000000
[12:10:48.240748] EP OUT 0x03 len=0 
[12:10:48.243435] EP IN  0x81 len=64 099d200000007737845f188330000000000000000000000000000000000000000000000000000000000000000000000000000000000000000000000000000000
[12:10:48.245308] EP OUT 0x03 len=0 
[12:10:48.247306] EP OUT 0x03 len=0 
[12:10:48.251362] EP IN  0x81 len=64 099e200000007837845f288330000000000000000000000000000000000000000000000000000000000000000000000000000000000000000000000000000000
[12:10:48.252681] EP OUT 0x03 len=0 
[12:10:48.255414] EP IN  0x81 len=64 09a0200000007837845f288330000000000000000000000000000000000000000000000000000000000000000000000000000000000000000000000000000000
[12:10:48.256767] EP OUT 0x03 len=0 
[12:10:48.258567] EP OUT 0x03 len=0 
[12:10:48.260484] EP OUT 0x03 len=0 
[12:10:48.262310] EP OUT 0x03 len=0 
[12:10:48.264210] EP OUT 0x03 len=0 
[12:10:48.267351] EP IN  0x81 len=64 09a1200000007737845f288330000000000000000000000000000000000000000000000000000000000000000000000000000000000000000000000000000000
[12:10:48.268541] EP OUT 0x03 len=0 
[12:10:48.271418] EP IN  0x81 len=64 09a4200000007847845e288330000000000000000000000000000000000000000000000000000000000000000000000000000000000000000000000000000000
[12:10:48.273253] EP OUT 0x03 len=0 
[12:10:48.275204] EP OUT 0x03 len=0 
[12:10:48.279422] EP IN  0x81 len=64 09a5200000007847845f288330000000000000000000000000000000000000000000000000000000000000000000000000000000000000000000000000000000
[12:10:48.280732] EP OUT 0x03 len=0 
[12:10:48.283439] EP IN  0x81 len=64 09a7200000007837845f288330000000000000000000000000000000000000000000000000000000000000000000000000000000000000000000000000000000
[12:10:48.285292] EP OUT 0x03 len=0 
[12:10:48.287206] EP OUT 0x03 len=0 
[12:10:48.291365] EP IN  0x81 len=64 09a8200000007837845f288330000000000000000000000000000000000000000000000000000000000000000000000000000000000000000000000000000000
[12:10:48.292637] EP OUT 0x03 len=0 
[12:10:48.295352] EP IN  0x81 len=64 09aa200000007837845f288330000000000000000000000000000000000000000000000000000000000000000000000000000000000000000000000000000000
[12:10:48.296698] EP OUT 0x03 len=0 
[12:10:48.298383] EP OUT 0x03 len=0 
[12:10:48.300376] EP OUT 0x03 len=0 
[12:10:48.302280] EP OUT 0x03 len=0 
[12:10:48.304141] EP OUT 0x03 len=0 
[12:10:48.307447] EP IN  0x81 len=64 09ab200000007737845f188330000000000000000000000000000000000000000000000000000000000000000000000000000000000000000000000000000000
[12:10:48.308778] EP OUT 0x03 len=0 
[12:10:48.311363] EP IN  0x81 len=64 09ae200000007847845f288330000000000000000000000000000000000000000000000000000000000000000000000000000000000000000000000000000000
[12:10:48.312828] EP OUT 0x03 len=0 
[12:10:48.315270] EP OUT 0x03 len=0 
[12:10:48.317237] EP OUT 0x03 len=0 
[12:10:48.319128] EP OUT 0x03 len=0 
[12:10:48.320905] EP OUT 0x03 len=0 
[12:10:48.323398] EP IN  0x81 len=64 09af200000007937845e288330000000000000000000000000000000000000000000000000000000000000000000000000000000000000000000000000000000
[12:10:48.324666] EP OUT 0x03 len=0 
[12:10:48.327425] EP IN  0x81 len=64 09b2200000007737845e288330000000000000000000000000000000000000000000000000000000000000000000000000000000000000000000000000000000
[12:10:48.329218] EP OUT 0x03 len=0 
[12:10:48.331166] EP OUT 0x03 len=0 
[12:10:48.335386] EP IN  0x81 len=64 09b3200000007847845f288330000000000000000000000000000000000000000000000000000000000000000000000000000000000000000000000000000000
[12:10:48.336668] EP OUT 0x03 len=0 
[12:10:48.339432] EP IN  0x81 len=64 09b5200000007837845f288330000000000000000000000000000000000000000000000000000000000000000000000000000000000000000000000000000000
[12:10:48.341290] EP OUT 0x03 len=0 
[12:10:48.343204] EP OUT 0x03 len=0 
[12:10:48.347435] EP IN  0x81 len=64 09b6200000007937845f388330000000000000000000000000000000000000000000000000000000000000000000000000000000000000000000000000000000
[12:10:48.348768] EP OUT 0x03 len=0 
[12:10:48.351354] EP IN  0x81 len=64 09b8200000007847845f288330000000000000000000000000000000000000000000000000000000000000000000000000000000000000000000000000000000
[12:10:48.352853] EP OUT 0x03 len=0 
[12:10:48.355164] EP OUT 0x03 len=0 
[12:10:48.358498] EP OUT 0x03 len=0 
[12:10:48.360314] EP OUT 0x03 len=0 
[12:10:48.363332] EP IN  0x81 len=64 09b9200000007837845f288330000000000000000000000000000000000000000000000000000000000000000000000000000000000000000000000000000000
[12:10:48.364467] EP OUT 0x03 len=0 
[12:10:48.367449] EP IN  0x81 len=64 09bc200000007837845f288330000000000000000000000000000000000000000000000000000000000000000000000000000000000000000000000000000000
[12:10:48.369334] EP OUT 0x03 len=0 
[12:10:48.371270] EP OUT 0x03 len=0 
[12:10:48.375432] EP IN  0x81 len=64 09bd2000000078478460288330000000000000000000000000000000000000000000000000000000000000000000000000000000000000000000000000000000
[12:10:48.376670] EP OUT 0x03 len=0 
[12:10:48.379431] EP IN  0x81 len=64 09bf200000007847845f188330000000000000000000000000000000000000000000000000000000000000000000000000000000000000000000000000000000
[12:10:48.381274] EP OUT 0x03 len=0 
[12:10:48.383241] EP OUT 0x03 len=0 
[12:10:48.387331] EP IN  0x81 len=64 09c0200000007747845e288330000000000000000000000000000000000000000000000000000000000000000000000000000000000000000000000000000000
[12:10:48.388539] EP OUT 0x03 len=0 
[12:10:48.391336] EP IN  0x81 len=64 09c2200000007847845f288330000000000000000000000000000000000000000000000000000000000000000000000000000000000000000000000000000000
[12:10:48.392600] EP OUT 0x03 len=0 
[12:10:48.394358] EP OUT 0x03 len=0 
[12:10:48.396303] EP OUT 0x03 len=0 
[12:10:48.398131] EP OUT 0x03 len=0 
[12:10:48.400226] EP OUT 0x03 len=0 
[12:10:48.403337] EP IN  0x81 len=64 09c3200000007837845f288330000000000000000000000000000000000000000000000000000000000000000000000000000000000000000000000000000000
[12:10:48.404570] EP OUT 0x03 len=0 
[12:10:48.407426] EP IN  0x81 len=64 09c6200000007837845e388330000000000000000000000000000000000000000000000000000000000000000000000000000000000000000000000000000000
[12:10:48.409222] EP OUT 0x03 len=0 
[12:10:48.411202] EP OUT 0x03 len=0 
[12:10:48.415349] EP IN  0x81 len=64 09c7200000007747845f288330000000000000000000000000000000000000000000000000000000000000000000000000000000000000000000000000000000
[12:10:48.416644] EP OUT 0x03 len=0 
[12:10:48.419442] EP IN  0x81 len=64 09c9200000007837845e388330000000000000000000000000000000000000000000000000000000000000000000000000000000000000000000000000000000
[12:10:48.421289] EP OUT 0x03 len=0 
[12:10:48.423269] EP OUT 0x03 len=0 
[12:10:48.427440] EP IN  0x81 len=64 09ca200000007837845f288330000000000000000000000000000000000000000000000000000000000000000000000000000000000000000000000000000000
[12:10:48.428738] EP OUT 0x03 len=0 
[12:10:48.431352] EP IN  0x81 len=64 09cc200000007847845f288330000000000000000000000000000000000000000000000000000000000000000000000000000000000000000000000000000000
[12:10:48.432796] EP OUT 0x03 len=0 
[12:10:48.435271] EP OUT 0x03 len=0 
[12:10:48.437144] EP OUT 0x03 len=0 
[12:10:48.439334] EP OUT 0x03 len=0 
[12:10:48.443425] EP IN  0x81 len=64 09cd200000007847845f288330000000000000000000000000000000000000000000000000000000000000000000000000000000000000000000000000000000
[12:10:48.444710] EP OUT 0x03 len=0 
[12:10:48.447432] EP IN  0x81 len=64 09d0200000007837845f288330000000000000000000000000000000000000000000000000000000000000000000000000000000000000000000000000000000
[12:10:48.449305] EP OUT 0x03 len=0 
[12:10:48.451292] EP OUT 0x03 len=0 
[12:10:48.455347] EP IN  0x81 len=64 09d1200000007837845f288330000000000000000000000000000000000000000000000000000000000000000000000000000000000000000000000000000000
[12:10:48.456629] EP OUT 0x03 len=0 
[12:10:48.459420] EP IN  0x81 len=64 09d3200000007737845f288330000000000000000000000000000000000000000000000000000000000000000000000000000000000000000000000000000000
[12:10:48.460837] EP OUT 0x03 len=0 
[12:10:48.463108] EP OUT 0x03 len=0 
[12:10:48.466425] EP OUT 0x03 len=0 
[12:10:48.468338] EP OUT 0x03 len=0 
[12:10:48.471415] EP IN  0x81 len=64 09d42000000078478460188330000000000000000000000000000000000000000000000000000000000000000000000000000000000000000000000000000000
[12:10:48.472567] EP OUT 0x03 len=0 
[12:10:48.475421] EP IN  0x81 len=64 09d7200000007737845f388330000000000000000000000000000000000000000000000000000000000000000000000000000000000000000000000000000000
[12:10:48.476825] EP OUT 0x03 len=0 
[12:10:48.479287] EP OUT 0x03 len=0 
[12:10:48.481246] EP OUT 0x03 len=0 
[12:10:48.483121] EP OUT 0x03 len=0 
[12:10:48.485005] EP OUT 0x03 len=0 
[12:10:48.487350] EP IN  0x81 len=64 09d8200000007737845f288330000000000000000000000000000000000000000000000000000000000000000000000000000000000000000000000000000000
[12:10:48.488609] EP OUT 0x03 len=0 
[12:10:48.491434] EP IN  0x81 len=64 09db200000007947845f288330000000000000000000000000000000000000000000000000000000000000000000000000000000000000000000000000000000
[12:10:48.493244] EP OUT 0x03 len=0 
[12:10:48.495211] EP OUT 0x03 len=0 
[12:10:48.499354] EP IN  0x81 len=64 09dc200000007737845f388330000000000000000000000000000000000000000000000000000000000000000000000000000000000000000000000000000000
[12:10:48.500690] EP OUT 0x03 len=0 
[12:10:48.503337] EP IN  0x81 len=64 09de200000007837845f388330000000000000000000000000000000000000000000000000000000000000000000000000000000000000000000000000000000
[12:10:48.504655] EP OUT 0x03 len=0 
[12:10:48.506305] EP OUT 0x03 len=0 
[12:10:48.508272] EP OUT 0x03 len=0 
[12:10:48.509998] EP OUT 0x03 len=0 
[12:10:48.512499] EP OUT 0x03 len=0 
[12:10:48.515351] EP IN  0x81 len=64 09df200000007837845f288330000000000000000000000000000000000000000000000000000000000000000000000000000000000000000000000000000000
[12:10:48.516646] EP OUT 0x03 len=0 
[12:10:48.519441] EP IN  0x81 len=64 09e2200000007847845f288330000000000000000000000000000000000000000000000000000000000000000000000000000000000000000000000000000000
[12:10:48.521223] EP OUT 0x03 len=0 
[12:10:48.523242] EP OUT 0x03 len=0 
[12:10:48.527418] EP IN  0x81 len=64 09e3200000007837845f288330000000000000000000000000000000000000000000000000000000000000000000000000000000000000000000000000000000
[12:10:48.528712] EP OUT 0x03 len=0 
[12:10:48.531446] EP IN  0x81 len=64 09e5200000007837845f288330000000000000000000000000000000000000000000000000000000000000000000000000000000000000000000000000000000
[12:10:48.533174] EP OUT 0x03 len=0 
[12:10:48.535143] EP OUT 0x03 len=0 
[12:10:48.539434] EP IN  0x81 len=64 09e6200000007847845f288330000000000000000000000000000000000000000000000000000000000000000000000000000000000000000000000000000000
[12:10:48.540591] EP OUT 0x03 len=0 
[12:10:48.543430] EP IN  0x81 len=64 09e8200000007837845e388330000000000000000000000000000000000000000000000000000000000000000000000000000000000000000000000000000000
[12:10:48.545297] EP OUT 0x03 len=0 
[12:10:48.547282] EP OUT 0x03 len=0 
[12:10:48.551443] EP IN  0x81 len=64 09e9200000007737845f288330000000000000000000000000000000000000000000000000000000000000000000000000000000000000000000000000000000
[12:10:48.552774] EP OUT 0x03 len=0 
[12:10:48.555339] EP IN  0x81 len=64 09eb200000007847845f288330000000000000000000000000000000000000000000000000000000000000000000000000000000000000000000000000000000
[12:10:48.556831] EP OUT 0x03 len=0 
[12:10:48.559215] EP OUT 0x03 len=0 
[12:10:48.561155] EP OUT 0x03 len=0 
[12:10:48.563030] EP OUT 0x03 len=0 
[12:10:48.564954] EP OUT 0x03 len=0 
[12:10:48.567354] EP IN  0x81 len=64 09ec200000007847845f288330000000000000000000000000000000000000000000000000000000000000000000000000000000000000000000000000000000
[12:10:48.568656] EP OUT 0x03 len=0 
[12:10:48.571332] EP IN  0x81 len=64 09ef200000007937845f288330000000000000000000000000000000000000000000000000000000000000000000000000000000000000000000000000000000
[12:10:48.572650] EP OUT 0x03 len=0 
[12:10:48.574455] EP OUT 0x03 len=0 
[12:10:48.576362] EP OUT 0x03 len=0 
[12:10:48.578246] EP OUT 0x03 len=0 
[12:10:48.579925] EP OUT 0x03 len=0 
[12:10:48.583438] EP IN  0x81 len=64 09f0200000007737845f288330000000000000000000000000000000000000000000000000000000000000000000000000000000000000000000000000000000
[12:10:48.584741] EP OUT 0x03 len=0 
[12:10:48.587427] EP IN  0x81 len=64 09f3200000007837845f288330000000000000000000000000000000000000000000000000000000000000000000000000000000000000000000000000000000
[12:10:48.588855] EP OUT 0x03 len=0 
[12:10:48.591234] EP OUT 0x03 len=0 
[12:10:48.593125] EP OUT 0x03 len=0 
[12:10:48.594999] EP OUT 0x03 len=0 
[12:10:48.599347] EP IN  0x81 len=64 09f4200000007847845e288330000000000000000000000000000000000000000000000000000000000000000000000000000000000000000000000000000000
[12:10:48.600582] EP OUT 0x03 len=0 
[12:10:48.603337] EP IN  0x81 len=64 09f7200000007837845f388330000000000000000000000000000000000000000000000000000000000000000000000000000000000000000000000000000000
[12:10:48.604640] EP OUT 0x03 len=0 
[12:10:48.606282] EP OUT 0x03 len=0 
[12:10:48.608236] EP OUT 0x03 len=0 
[12:10:48.610040] EP OUT 0x03 len=0 
[12:10:48.611915] EP OUT 0x03 len=0 
[12:10:48.615341] EP IN  0x81 len=64 09f8200000007847845f188330000000000000000000000000000000000000000000000000000000000000000000000000000000000000000000000000000000
[12:10:48.616558] EP OUT 0x03 len=0 
[12:10:48.619433] EP IN  0x81 len=64 09fb200000007837845e288330000000000000000000000000000000000000000000000000000000000000000000000000000000000000000000000000000000
[12:10:48.621275] EP OUT 0x03 len=0 
[12:10:48.623171] EP OUT 0x03 len=0 
[12:10:48.627431] EP IN  0x81 len=64 09fc200000007837845f188330000000000000000000000000000000000000000000000000000000000000000000000000000000000000000000000000000000
[12:10:48.628731] EP OUT 0x03 len=0 
[12:10:48.631441] EP IN  0x81 len=64 09fe200000007847845f288330000000000000000000000000000000000000000000000000000000000000000000000000000000000000000000000000000000
[12:10:48.633326] EP OUT 0x03 len=0 
[12:10:48.635285] EP OUT 0x03 len=0 
[12:10:48.639350] EP IN  0x81 len=64 09ff200000007837845f288330000000000000000000000000000000000000000000000000000000000000000000000000000000000000000000000000000000
[12:10:48.640597] EP OUT 0x03 len=0 
[12:10:48.643430] EP IN  0x81 len=64 0901200000007837845f288330000000000000000000000000000000000000000000000000000000000000000000000000000000000000000000000000000000
[12:10:48.645279] EP OUT 0x03 len=0 
[12:10:48.647130] EP OUT 0x03 len=0 
[12:10:48.651426] EP IN  0x81 len=64 0902200000007847845f288330000000000000000000000000000000000000000000000000000000000000000000000000000000000000000000000000000000
[12:10:48.652757] EP OUT 0x03 len=0 
[12:10:48.655413] EP IN  0x81 len=64 0904200000007837845e288330000000000000000000000000000000000000000000000000000000000000000000000000000000000000000000000000000000
[12:10:48.656898] EP OUT 0x03 len=0 
[12:10:48.659227] EP OUT 0x03 len=0 
[12:10:48.661159] EP OUT 0x03 len=0 
[12:10:48.662898] EP OUT 0x03 len=0 
[12:10:48.667345] EP IN  0x81 len=64 0905200000007837845f288330000000000000000000000000000000000000000000000000000000000000000000000000000000000000000000000000000000
[12:10:48.668642] EP OUT 0x03 len=0 
[12:10:48.671478] EP IN  0x81 len=64 0908200000007847845f288330000000000000000000000000000000000000000000000000000000000000000000000000000000000000000000000000000000
[12:10:48.673272] EP OUT 0x03 len=0 
[12:10:48.675108] EP OUT 0x03 len=0 
[12:10:48.679348] EP IN  0x81 len=64 0909200000007847845e288330000000000000000000000000000000000000000000000000000000000000000000000000000000000000000000000000000000
[12:10:48.680519] EP OUT 0x03 len=0 
[12:10:48.683422] EP IN  0x81 len=64 090b200000007927845f388330000000000000000000000000000000000000000000000000000000000000000000000000000000000000000000000000000000
[12:10:48.685234] EP OUT 0x03 len=0 
[12:10:48.687212] EP OUT 0x03 len=0 
[12:10:48.691412] EP IN  0x81 len=64 090c200000007937845f288330000000000000000000000000000000000000000000000000000000000000000000000000000000000000000000000000000000
[12:10:48.692664] EP OUT 0x03 len=0 
[12:10:48.695341] EP IN  0x81 len=64 090e200000007737845e288330000000000000000000000000000000000000000000000000000000000000000000000000000000000000000000000000000000
[12:10:48.696811] EP OUT 0x03 len=0 
[12:10:48.699197] EP OUT 0x03 len=0 
[12:10:48.701183] EP OUT 0x03 len=0 
[12:10:48.703050] EP OUT 0x03 len=0 
[12:10:48.707412] EP IN  0x81 len=64 090f200000007837845f288330000000000000000000000000000000000000000000000000000000000000000000000000000000000000000000000000000000
[12:10:48.708724] EP OUT 0x03 len=0 
[12:10:48.711403] EP IN  0x81 len=64 0912200000007837845f288330000000000000000000000000000000000000000000000000000000000000000000000000000000000000000000000000000000
[12:10:48.712761] EP OUT 0x03 len=0 
[12:10:48.714374] EP OUT 0x03 len=0 
[12:10:48.716240] EP OUT 0x03 len=0 
[12:10:48.718182] EP OUT 0x03 len=0 
[12:10:48.720219] EP OUT 0x03 len=0 
[12:10:48.723387] EP IN  0x81 len=64 0913200000007847845f288330000000000000000000000000000000000000000000000000000000000000000000000000000000000000000000000000000000
[12:10:48.724531] EP OUT 0x03 len=0 
[12:10:48.727424] EP IN  0x81 len=64 0916200000007737845e288330000000000000000000000000000000000000000000000000000000000000000000000000000000000000000000000000000000
[12:10:48.729220] EP OUT 0x03 len=0 
[12:10:48.731208] EP OUT 0x03 len=0 
[12:10:48.735434] EP IN  0x81 len=64 0917200000007847845e288330000000000000000000000000000000000000000000000000000000000000000000000000000000000000000000000000000000
[12:10:48.736706] EP OUT 0x03 len=0 
[12:10:48.739430] EP IN  0x81 len=64 0919200000007847845f388330000000000000000000000000000000000000000000000000000000000000000000000000000000000000000000000000000000
[12:10:48.741270] EP OUT 0x03 len=0 
[12:10:48.743193] EP OUT 0x03 len=0 
[12:10:48.747334] EP IN  0x81 len=64 091a200000007847845f188330000000000000000000000000000000000000000000000000000000000000000000000000000000000000000000000000000000
[12:10:48.748548] EP OUT 0x03 len=0 
[12:10:48.751435] EP IN  0x81 len=64 091c200000007837845f288330000000000000000000000000000000000000000000000000000000000000000000000000000000000000000000000000000000
[12:10:48.753305] EP OUT 0x03 len=0 
[12:10:48.755172] EP OUT 0x03 len=0 
[12:10:48.759449] EP IN  0x81 len=64 091d200000007837845f288330000000000000000000000000000000000000000000000000000000000000000000000000000000000000000000000000000000
[12:10:48.760657] EP OUT 0x03 len=0 
[12:10:48.763351] EP IN  0x81 len=64 091f200000007847845f288330000000000000000000000000000000000000000000000000000000000000000000000000000000000000000000000000000000
[12:10:48.764847] EP OUT 0x03 len=0 
[12:10:48.767241] EP OUT 0x03 len=0 
[12:10:48.769223] EP OUT 0x03 len=0 
[12:10:48.771062] EP OUT 0x03 len=0 
[12:10:48.775427] EP IN  0x81 len=64 0920200000007837845f288330000000000000000000000000000000000000000000000000000000000000000000000000000000000000000000000000000000
[12:10:48.776688] EP OUT 0x03 len=0 
[12:10:48.779420] EP IN  0x81 len=64 0923200000007837845f288330000000000000000000000000000000000000000000000000000000000000000000000000000000000000000000000000000000
[12:10:48.781275] EP OUT 0x03 len=0 
[12:10:48.783085] EP OUT 0x03 len=0 
[12:10:48.787333] EP IN  0x81 len=64 0924200000007847845f288330000000000000000000000000000000000000000000000000000000000000000000000000000000000000000000000000000000
[12:10:48.788501] EP OUT 0x03 len=0 
[12:10:48.791342] EP IN  0x81 len=64 0926200000007837845f188330000000000000000000000000000000000000000000000000000000000000000000000000000000000000000000000000000000
[12:10:48.792750] EP OUT 0x03 len=0 
[12:10:48.795205] EP OUT 0x03 len=0 
[12:10:48.797058] EP OUT 0x03 len=0 
[12:10:48.798952] EP OUT 0x03 len=0 
[12:10:48.803338] EP IN  0x81 len=64 0927200000007847845e288330000000000000000000000000000000000000000000000000000000000000000000000000000000000000000000000000000000
[12:10:48.804578] EP OUT 0x03 len=0 
[12:10:48.807346] EP IN  0x81 len=64 092a2000000078378460288330000000000000000000000000000000000000000000000000000000000000000000000000000000000000000000000000000000
[12:10:48.808834] EP OUT 0x03 len=0 
[12:10:48.811261] EP OUT 0x03 len=0 
[12:10:48.813245] EP OUT 0x03 len=0 
[12:10:48.815144] EP OUT 0x03 len=0 
[12:10:48.816946] EP OUT 0x03 len=0 
[12:10:48.819336] EP IN  0x81 len=64 092b200000007847845e388330000000000000000000000000000000000000000000000000000000000000000000000000000000000000000000000000000000
[12:10:48.820456] EP OUT 0x03 len=0 
[12:10:48.823449] EP IN  0x81 len=64 092e200000007837845f388330000000000000000000000000000000000000000000000000000000000000000000000000000000000000000000000000000000
[12:10:48.825318] EP OUT 0x03 len=0 
[12:10:48.827255] EP OUT 0x03 len=0 
[12:10:48.831420] EP IN  0x81 len=64 092f200000007837845e388330000000000000000000000000000000000000000000000000000000000000000000000000000000000000000000000000000000
[12:10:48.832586] EP OUT 0x03 len=0 
[12:10:48.835421] EP IN  0x81 len=64 0931200000007847845f288330000000000000000000000000000000000000000000000000000000000000000000000000000000000000000000000000000000
[12:10:48.837119] EP OUT 0x03 len=0 
[12:10:48.839229] EP OUT 0x03 len=0 
[12:10:48.843442] EP IN  0x81 len=64 0932200000007837845f288330000000000000000000000000000000000000000000000000000000000000000000000000000000000000000000000000000000
[12:10:48.844759] EP OUT 0x03 len=0 
[12:10:48.847431] EP IN  0x81 len=64 0934200000007847845f288330000000000000000000000000000000000000000000000000000000000000000000000000000000000000000000000000000000
[12:10:48.849323] EP OUT 0x03 len=0 
[12:10:48.851325] EP OUT 0x03 len=0 
[12:10:48.855335] EP IN  0x81 len=64 09352000000079478460288330000000000000000000000000000000000000000000000000000000000000000000000000000000000000000000000000000000
[12:10:48.856444] EP OUT 0x03 len=0 
[12:10:48.859396] EP IN  0x81 len=64 0937200000007837845f388330000000000000000000000000000000000000000000000000000000000000000000000000000000000000000000000000000000
[12:10:48.860859] EP OUT 0x03 len=0 
[12:10:48.863158] EP OUT 0x03 len=0 
[12:10:48.866357] EP OUT 0x03 len=0 
[12:10:48.868380] EP OUT 0x03 len=0 
[12:10:48.871419] EP IN  0x81 len=64 0938200000007847845f288330000000000000000000000000000000000000000000000000000000000000000000000000000000000000000000000000000000
[12:10:48.872639] EP OUT 0x03 len=0 
[12:10:48.875424] EP IN  0x81 len=64 093b200000007837845e288330000000000000000000000000000000000000000000000000000000000000000000000000000000000000000000000000000000
[12:10:48.876836] EP OUT 0x03 len=0 
[12:10:48.879194] EP OUT 0x03 len=0 
[12:10:48.881122] EP OUT 0x03 len=0 
[12:10:48.882999] EP OUT 0x03 len=0 
[12:10:48.887396] EP IN  0x81 len=64 093c200000007737845e288330000000000000000000000000000000000000000000000000000000000000000000000000000000000000000000000000000000
[12:10:48.888675] EP OUT 0x03 len=0 
[12:10:48.891333] EP IN  0x81 len=64 093f200000007847845f288330000000000000000000000000000000000000000000000000000000000000000000000000000000000000000000000000000000
[12:10:48.892626] EP OUT 0x03 len=0 
[12:10:48.894365] EP OUT 0x03 len=0 
[12:10:48.896306] EP OUT 0x03 len=0 
[12:10:48.898175] EP OUT 0x03 len=0 
[12:10:48.900243] EP OUT 0x03 len=0 
[12:10:48.903330] EP IN  0x81 len=64 0940200000007737845f288330000000000000000000000000000000000000000000000000000000000000000000000000000000000000000000000000000000
[12:10:48.904561] EP OUT 0x03 len=0 
[12:10:48.907399] EP IN  0x81 len=64 0943200000007837845e288330000000000000000000000000000000000000000000000000000000000000000000000000000000000000000000000000000000
[12:10:48.908771] EP OUT 0x03 len=0 
[12:10:48.911197] EP OUT 0x03 len=0 
[12:10:48.913166] EP OUT 0x03 len=0 
[12:10:48.915083] EP OUT 0x03 len=0 
[12:10:48.916957] EP OUT 0x03 len=0 
[12:10:48.919432] EP IN  0x81 len=64 0944200000007837845e388330000000000000000000000000000000000000000000000000000000000000000000000000000000000000000000000000000000
[12:10:48.920696] EP OUT 0x03 len=0 
[12:10:48.923442] EP IN  0x81 len=64 0947200000007747845f388330000000000000000000000000000000000000000000000000000000000000000000000000000000000000000000000000000000
[12:10:48.925304] EP OUT 0x03 len=0 
[12:10:48.927219] EP OUT 0x03 len=0 
[12:10:48.931414] EP IN  0x81 len=64 0948200000007837845f288330000000000000000000000000000000000000000000000000000000000000000000000000000000000000000000000000000000
[12:10:48.932678] EP OUT 0x03 len=0 
[12:10:48.935360] EP IN  0x81 len=64 094a200000007737845f288330000000000000000000000000000000000000000000000000000000000000000000000000000000000000000000000000000000
[12:10:48.936838] EP OUT 0x03 len=0 
[12:10:48.939110] EP OUT 0x03 len=0 
[12:10:48.942481] EP OUT 0x03 len=0 
[12:10:48.944282] EP OUT 0x03 len=0 
[12:10:48.947462] EP IN  0x81 len=64 094b200000007837845e288330000000000000000000000000000000000000000000000000000000000000000000000000000000000000000000000000000000
[12:10:48.948777] EP OUT 0x03 len=0 
[12:10:48.951406] EP IN  0x81 len=64 094e200000007747845f288330000000000000000000000000000000000000000000000000000000000000000000000000000000000000000000000000000000
[12:10:48.953290] EP OUT 0x03 len=0 
[12:10:48.955174] EP OUT 0x03 len=0 
[12:10:48.959333] EP IN  0x81 len=64 094f200000007847845f288330000000000000000000000000000000000000000000000000000000000000000000000000000000000000000000000000000000
[12:10:48.960554] EP OUT 0x03 len=0 
[12:10:48.963331] EP IN  0x81 len=64 0951200000007737845f388330000000000000000000000000000000000000000000000000000000000000000000000000000000000000000000000000000000
[12:10:48.964599] EP OUT 0x03 len=0 
[12:10:48.966333] EP OUT 0x03 len=0 
[12:10:48.968426] EP OUT 0x03 len=0 
[12:10:48.970305] EP OUT 0x03 len=0 
[12:10:48.972139] EP OUT 0x03 len=0 
[12:10:48.975338] EP IN  0x81 len=64 0952200000007837845f388330000000000000000000000000000000000000000000000000000000000000000000000000000000000000000000000000000000
[12:10:48.976549] EP OUT 0x03 len=0 
[12:10:48.979398] EP IN  0x81 len=64 0955200000007737845f288330000000000000000000000000000000000000000000000000000000000000000000000000000000000000000000000000000000
[12:10:48.980884] EP OUT 0x03 len=0 
[12:10:48.983282] EP OUT 0x03 len=0 
[12:10:48.985272] EP OUT 0x03 len=0 
[12:10:48.987054] EP OUT 0x03 len=0 
[12:10:48.991348] EP IN  0x81 len=64 0956200000007837845f288330000000000000000000000000000000000000000000000000000000000000000000000000000000000000000000000000000000
[12:10:48.992626] EP OUT 0x03 len=0 
[12:10:48.995470] EP IN  0x81 len=64 0959200000007837845f288330000000000000000000000000000000000000000000000000000000000000000000000000000000000000000000000000000000
[12:10:48.997194] EP OUT 0x03 len=0 
[12:10:48.999206] EP OUT 0x03 len=0 
[12:10:49.003335] EP IN  0x81 len=64 095a200000007837845f288330000000000000000000000000000000000000000000000000000000000000000000000000000000000000000000000000000000
[12:10:49.004520] EP OUT 0x03 len=0 
[12:10:49.007329] EP IN  0x81 len=64 095c200000007837845f388330000000000000000000000000000000000000000000000000000000000000000000000000000000000000000000000000000000
[12:10:49.008846] EP OUT 0x03 len=0 
[12:10:49.011217] EP OUT 0x03 len=0 
[12:10:49.013159] EP OUT 0x03 len=0 
[12:10:49.015038] EP OUT 0x03 len=0 
[12:10:49.016966] EP OUT 0x03 len=0 
[12:10:49.019432] EP IN  0x81 len=64 095d200000007837845f288330000000000000000000000000000000000000000000000000000000000000000000000000000000000000000000000000000000
[12:10:49.020698] EP OUT 0x03 len=0 
[12:10:49.023407] EP IN  0x81 len=64 0960200000007837845f288330000000000000000000000000000000000000000000000000000000000000000000000000000000000000000000000000000000
[12:10:49.024876] EP OUT 0x03 len=0 
[12:10:49.027140] EP OUT 0x03 len=0 
[12:10:49.030345] EP OUT 0x03 len=0 
[12:10:49.032117] EP OUT 0x03 len=0 
[12:10:49.035331] EP IN  0x81 len=64 0961200000007847845f288330000000000000000000000000000000000000000000000000000000000000000000000000000000000000000000000000000000
[12:10:49.036484] EP OUT 0x03 len=0 
[12:10:49.039332] EP IN  0x81 len=64 0964200000007837845f288330000000000000000000000000000000000000000000000000000000000000000000000000000000000000000000000000000000
[12:10:49.040615] EP OUT 0x03 len=0 
[12:10:49.042276] EP OUT 0x03 len=0 
[12:10:49.044191] EP OUT 0x03 len=0 
[12:10:49.046345] EP OUT 0x03 len=0 
[12:10:49.048143] EP OUT 0x03 len=0 
[12:10:49.051425] EP IN  0x81 len=64 0965200000007737845f288330000000000000000000000000000000000000000000000000000000000000000000000000000000000000000000000000000000
[12:10:49.052570] EP OUT 0x03 len=0 
[12:10:49.055416] EP IN  0x81 len=64 0968200000007837845e288330000000000000000000000000000000000000000000000000000000000000000000000000000000000000000000000000000000
[12:10:49.056712] EP OUT 0x03 len=0 
[12:10:49.058331] EP OUT 0x03 len=0 
[12:10:49.060214] EP OUT 0x03 len=0 
[12:10:49.061871] EP OUT 0x03 len=0 
[12:10:49.064162] EP OUT 0x03 len=0 
[12:10:49.067419] EP IN  0x81 len=64 0969200000007837845f288330000000000000000000000000000000000000000000000000000000000000000000000000000000000000000000000000000000
[12:10:49.068552] EP OUT 0x03 len=0 
[12:10:49.071331] EP IN  0x81 len=64 096c200000007837845e288330000000000000000000000000000000000000000000000000000000000000000000000000000000000000000000000000000000
[12:10:49.072604] EP OUT 0x03 len=0 
[12:10:49.074249] EP OUT 0x03 len=0 
[12:10:49.076239] EP OUT 0x03 len=0 
[12:10:49.078109] EP OUT 0x03 len=0 
[12:10:49.080150] EP OUT 0x03 len=0 
[12:10:49.083412] EP IN  0x81 len=64 096d200000007737845f288330000000000000000000000000000000000000000000000000000000000000000000000000000000000000000000000000000000
[12:10:49.084524] EP OUT 0x03 len=0 
[12:10:49.087343] EP IN  0x81 len=64 09702000000078378460388330000000000000000000000000000000000000000000000000000000000000000000000000000000000000000000000000000000
[12:10:49.088617] EP OUT 0x03 len=0 
[12:10:49.090253] EP OUT 0x03 len=0 
[12:10:49.092200] EP OUT 0x03 len=0 
[12:10:49.093837] EP OUT 0x03 len=0 
[12:10:49.096100] EP OUT 0x03 len=0 
[12:10:49.099332] EP IN  0x81 len=64 0971200000007837845f388330000000000000000000000000000000000000000000000000000000000000000000000000000000000000000000000000000000
[12:10:49.100442] EP OUT 0x03 len=0 
[12:10:49.103327] EP IN  0x81 len=64 09742000000078478460288330000000000000000000000000000000000000000000000000000000000000000000000000000000000000000000000000000000
[12:10:49.104588] EP OUT 0x03 len=0 
[12:10:49.106236] EP OUT 0x03 len=0 
[12:10:49.108172] EP OUT 0x03 len=0 
[12:10:49.110285] EP OUT 0x03 len=0 
[12:10:49.112089] EP OUT 0x03 len=0 
[12:10:49.115337] EP IN  0x81 len=64 0975200000007837845f288330000000000000000000000000000000000000000000000000000000000000000000000000000000000000000000000000000000
[12:10:49.116594] EP OUT 0x03 len=0 
[12:10:49.119431] EP IN  0x81 len=64 0978200000007837845f188330000000000000000000000000000000000000000000000000000000000000000000000000000000000000000000000000000000
[12:10:49.121070] EP OUT 0x03 len=0 
[12:10:49.123122] EP OUT 0x03 len=0 
[12:10:49.127418] EP IN  0x81 len=64 0979200000007747845f388330000000000000000000000000000000000000000000000000000000000000000000000000000000000000000000000000000000
[12:10:49.128586] EP OUT 0x03 len=0 
[12:10:49.131426] EP IN  0x81 len=64 097b200000007847845f388330000000000000000000000000000000000000000000000000000000000000000000000000000000000000000000000000000000
[12:10:49.132859] EP OUT 0x03 len=0 
[12:10:49.135196] EP OUT 0x03 len=0 
[12:10:49.137093] EP OUT 0x03 len=0 
[12:10:49.139426] EP OUT 0x03 len=0 
[12:10:49.143432] EP IN  0x81 len=64 097c200000007737845f288330000000000000000000000000000000000000000000000000000000000000000000000000000000000000000000000000000000
[12:10:49.144740] EP OUT 0x03 len=0 
[12:10:49.147330] EP IN  0x81 len=64 097f2000000077378460288330000000000000000000000000000000000000000000000000000000000000000000000000000000000000000000000000000000
[12:10:49.148708] EP OUT 0x03 len=0 
[12:10:49.150606] EP OUT 0x03 len=0 
[12:10:49.152595] EP OUT 0x03 len=0 
[12:10:49.154348] EP OUT 0x03 len=0 
[12:10:49.156158] EP OUT 0x03 len=0 
[12:10:49.159433] EP IN  0x81 len=64 0980200000007847845f288330000000000000000000000000000000000000000000000000000000000000000000000000000000000000000000000000000000
[12:10:49.160666] EP OUT 0x03 len=0 
[12:10:49.163329] EP IN  0x81 len=64 0983200000007847845f288330000000000000000000000000000000000000000000000000000000000000000000000000000000000000000000000000000000
[12:10:49.164736] EP OUT 0x03 len=0 
[12:10:49.166592] EP OUT 0x03 len=0 
[12:10:49.168590] EP OUT 0x03 len=0 
[12:10:49.170411] EP OUT 0x03 len=0 
[12:10:49.172238] EP OUT 0x03 len=0 
[12:10:49.175334] EP IN  0x81 len=64 0984200000007737845f288330000000000000000000000000000000000000000000000000000000000000000000000000000000000000000000000000000000
[12:10:49.176570] EP OUT 0x03 len=0 
[12:10:49.179342] EP IN  0x81 len=64 0987200000007747845f288330000000000000000000000000000000000000000000000000000000000000000000000000000000000000000000000000000000
[12:10:49.180731] EP OUT 0x03 len=0 
[12:10:49.183138] EP OUT 0x03 len=0 
[12:10:49.186291] EP OUT 0x03 len=0 
[12:10:49.188102] EP OUT 0x03 len=0 
[12:10:49.191343] EP IN  0x81 len=64 0988200000007847845f288330000000000000000000000000000000000000000000000000000000000000000000000000000000000000000000000000000000
[12:10:49.192661] EP OUT 0x03 len=0 
[12:10:49.195343] EP IN  0x81 len=64 098b200000007737845f288330000000000000000000000000000000000000000000000000000000000000000000000000000000000000000000000000000000
[12:10:49.196657] EP OUT 0x03 len=0 
[12:10:49.198488] EP OUT 0x03 len=0 
[12:10:49.200415] EP OUT 0x03 len=0 
[12:10:49.202309] EP OUT 0x03 len=0 
[12:10:49.204190] EP OUT 0x03 len=0 
[12:10:49.207423] EP IN  0x81 len=64 098c200000007837845f388330000000000000000000000000000000000000000000000000000000000000000000000000000000000000000000000000000000
[12:10:49.208733] EP OUT 0x03 len=0 
[12:10:49.211434] EP IN  0x81 len=64 098f200000007837845f288330000000000000000000000000000000000000000000000000000000000000000000000000000000000000000000000000000000
[12:10:49.213192] EP OUT 0x03 len=0 
[12:10:49.215244] EP OUT 0x03 len=0 
[12:10:49.219347] EP IN  0x81 len=64 0990200000007837845f288330000000000000000000000000000000000000000000000000000000000000000000000000000000000000000000000000000000
[12:10:49.220581] EP OUT 0x03 len=0 
[12:10:49.223339] EP IN  0x81 len=64 09922000000077378460288330000000000000000000000000000000000000000000000000000000000000000000000000000000000000000000000000000000
[12:10:49.224789] EP OUT 0x03 len=0 
[12:10:49.227235] EP OUT 0x03 len=0 
[12:10:49.229166] EP OUT 0x03 len=0 
[12:10:49.231344] EP OUT 0x03 len=0 
[12:10:49.235354] EP IN  0x81 len=64 0993200000007837845f288330000000000000000000000000000000000000000000000000000000000000000000000000000000000000000000000000000000
[12:10:49.236634] EP OUT 0x03 len=0 
[12:10:49.239422] EP IN  0x81 len=64 0996200000007847845f388330000000000000000000000000000000000000000000000000000000000000000000000000000000000000000000000000000000
[12:10:49.240901] EP OUT 0x03 len=0 
[12:10:49.243148] EP OUT 0x03 len=0 
[12:10:49.245054] EP OUT 0x03 len=0 
[12:10:49.247371] EP OUT 0x03 len=0 
[12:10:49.251423] EP IN  0x81 len=64 0997200000007837845f388330000000000000000000000000000000000000000000000000000000000000000000000000000000000000000000000000000000
[12:10:49.252752] EP OUT 0x03 len=0 
[12:10:49.255331] EP IN  0x81 len=64 099a200000007847845f288330000000000000000000000000000000000000000000000000000000000000000000000000000000000000000000000000000000
[12:10:49.256641] EP OUT 0x03 len=0 
[12:10:49.258500] EP OUT 0x03 len=0 
[12:10:49.260363] EP OUT 0x03 len=0 
[12:10:49.262188] EP OUT 0x03 len=0 
[12:10:49.264376] EP OUT 0x03 len=0 
[12:10:49.267447] EP IN  0x81 len=64 099b200000007847845f388330000000000000000000000000000000000000000000000000000000000000000000000000000000000000000000000000000000
[12:10:49.268759] EP OUT 0x03 len=0 
[12:10:49.271412] EP IN  0x81 len=64 099e200000007847845f388330000000000000000000000000000000000000000000000000000000000000000000000000000000000000000000000000000000
[12:10:49.272756] EP OUT 0x03 len=0 
[12:10:49.274581] EP OUT 0x03 len=0 
[12:10:49.276536] EP OUT 0x03 len=0 
[12:10:49.278366] EP OUT 0x03 len=0 
[12:10:49.280154] EP OUT 0x03 len=0 
[12:10:49.283427] EP IN  0x81 len=64 099f200000007737845e288330000000000000000000000000000000000000000000000000000000000000000000000000000000000000000000000000000000
[12:10:49.284730] EP OUT 0x03 len=0 
[12:10:49.287331] EP IN  0x81 len=64 09a2200000007837845f388330000000000000000000000000000000000000000000000000000000000000000000000000000000000000000000000000000000
[12:10:49.288667] EP OUT 0x03 len=0 
[12:10:49.290466] EP OUT 0x03 len=0 
[12:10:49.292241] EP OUT 0x03 len=0 
[12:10:49.294244] EP OUT 0x03 len=0 
[12:10:49.296180] EP OUT 0x03 len=0 
[12:10:49.299330] EP IN  0x81 len=64 09a3200000007847845f188330000000000000000000000000000000000000000000000000000000000000000000000000000000000000000000000000000000
[12:10:49.300600] EP OUT 0x03 len=0 
[12:10:49.303336] EP IN  0x81 len=64 09a6200000007837845e288330000000000000000000000000000000000000000000000000000000000000000000000000000000000000000000000000000000
[12:10:49.304669] EP OUT 0x03 len=0 
[12:10:49.306410] EP OUT 0x03 len=0 
[12:10:49.308444] EP OUT 0x03 len=0 
[12:10:49.310252] EP OUT 0x03 len=0 
[12:10:49.312211] EP OUT 0x03 len=0 
[12:10:49.315352] EP IN  0x81 len=64 09a7200000007847845f288330000000000000000000000000000000000000000000000000000000000000000000000000000000000000000000000000000000
[12:10:49.316646] EP OUT 0x03 len=0 
[12:10:49.319443] EP IN  0x81 len=64 09aa200000007837845e288330000000000000000000000000000000000000000000000000000000000000000000000000000000000000000000000000000000
[12:10:49.321187] EP OUT 0x03 len=0 
[12:10:49.323269] EP OUT 0x03 len=0 
[12:10:49.327324] EP IN  0x81 len=64 09ab200000007837845f288330000000000000000000000000000000000000000000000000000000000000000000000000000000000000000000000000000000
[12:10:49.328420] EP OUT 0x03 len=0 
[12:10:49.331418] EP IN  0x81 len=64 09ad200000007837845f288330000000000000000000000000000000000000000000000000000000000000000000000000000000000000000000000000000000
[12:10:49.332914] EP OUT 0x03 len=0 
[12:10:49.335224] EP OUT 0x03 len=0 
[12:10:49.337120] EP OUT 0x03 len=0 
[12:10:49.339332] EP OUT 0x03 len=0 
[12:10:49.343424] EP IN  0x81 len=64 09ae200000007847845e288330000000000000000000000000000000000000000000000000000000000000000000000000000000000000000000000000000000
[12:10:49.344722] EP OUT 0x03 len=0 
[12:10:49.347346] EP IN  0x81 len=64 09b1200000007837845f288330000000000000000000000000000000000000000000000000000000000000000000000000000000000000000000000000000000
[12:10:49.348815] EP OUT 0x03 len=0 
[12:10:49.351263] EP OUT 0x03 len=0 
[12:10:49.353236] EP OUT 0x03 len=0 
[12:10:49.354933] EP OUT 0x03 len=0 
[12:10:49.359417] EP IN  0x81 len=64 09b2200000007837845f288330000000000000000000000000000000000000000000000000000000000000000000000000000000000000000000000000000000
[12:10:49.360678] EP OUT 0x03 len=0 
[12:10:49.363327] EP IN  0x81 len=64 09b5200000007737845f288330000000000000000000000000000000000000000000000000000000000000000000000000000000000000000000000000000000
[12:10:49.364599] EP OUT 0x03 len=0 
[12:10:49.366257] EP OUT 0x03 len=0 
[12:10:49.368352] EP OUT 0x03 len=0 
[12:10:49.370308] EP OUT 0x03 len=0 
[12:10:49.372157] EP OUT 0x03 len=0 
[12:10:49.375351] EP IN  0x81 len=64 09b6200000007837845f288330000000000000000000000000000000000000000000000000000000000000000000000000000000000000000000000000000000
[12:10:49.376573] EP OUT 0x03 len=0 
[12:10:49.379399] EP IN  0x81 len=64 09b9200000007837845f288330000000000000000000000000000000000000000000000000000000000000000000000000000000000000000000000000000000
[12:10:49.380821] EP OUT 0x03 len=0 
[12:10:49.383263] EP OUT 0x03 len=0 
[12:10:49.385249] EP OUT 0x03 len=0 
[12:10:49.387091] EP OUT 0x03 len=0 
[12:10:49.391344] EP IN  0x81 len=64 09ba200000007837845f288330000000000000000000000000000000000000000000000000000000000000000000000000000000000000000000000000000000
[12:10:49.392636] EP OUT 0x03 len=0 
[12:10:49.395401] EP IN  0x81 len=64 09bd200000007837845f388330000000000000000000000000000000000000000000000000000000000000000000000000000000000000000000000000000000
[12:10:49.396735] EP OUT 0x03 len=0 
[12:10:49.398425] EP OUT 0x03 len=0 
[12:10:49.400292] EP OUT 0x03 len=0 
[12:10:49.402109] EP OUT 0x03 len=0 
[12:10:49.404173] EP OUT 0x03 len=0 
[12:10:49.407327] EP IN  0x81 len=64 09be200000007837845e388330000000000000000000000000000000000000000000000000000000000000000000000000000000000000000000000000000000
[12:10:49.408461] EP OUT 0x03 len=0 
[12:10:49.411417] EP IN  0x81 len=64 09c1200000007837845f288330000000000000000000000000000000000000000000000000000000000000000000000000000000000000000000000000000000
[12:10:49.412741] EP OUT 0x03 len=0 
[12:10:49.414396] EP OUT 0x03 len=0 
[12:10:49.416233] EP OUT 0x03 len=0 
[12:10:49.418133] EP OUT 0x03 len=0 
[12:10:49.420130] EP OUT 0x03 len=0 
[12:10:49.423405] EP IN  0x81 len=64 09c2200000007837845f388330000000000000000000000000000000000000000000000000000000000000000000000000000000000000000000000000000000
[12:10:49.424547] EP OUT 0x03 len=0 
[12:10:49.427366] EP IN  0x81 len=64 09c52000000078478460288330000000000000000000000000000000000000000000000000000000000000000000000000000000000000000000000000000000
[12:10:49.428691] EP OUT 0x03 len=0 
[12:10:49.430371] EP OUT 0x03 len=0 
[12:10:49.432222] EP OUT 0x03 len=0 
[12:10:49.433921] EP OUT 0x03 len=0 
[12:10:49.436172] EP OUT 0x03 len=0 
[12:10:49.439351] EP IN  0x81 len=64 09c6200000007847845f288330000000000000000000000000000000000000000000000000000000000000000000000000000000000000000000000000000000
[12:10:49.440555] EP OUT 0x03 len=0 
[12:10:49.443354] EP IN  0x81 len=64 09c9200000007847845f288330000000000000000000000000000000000000000000000000000000000000000000000000000000000000000000000000000000
[12:10:49.444630] EP OUT 0x03 len=0 
[12:10:49.446297] EP OUT 0x03 len=0 
[12:10:49.448203] EP OUT 0x03 len=0 
[12:10:49.449861] EP OUT 0x03 len=0 
[12:10:49.452083] EP OUT 0x03 len=0 
[12:10:49.455332] EP IN  0x81 len=64 09ca200000007837845f288330000000000000000000000000000000000000000000000000000000000000000000000000000000000000000000000000000000
[12:10:49.456447] EP OUT 0x03 len=0 
[12:10:49.459349] EP IN  0x81 len=64 09cd200000007837845f288330000000000000000000000000000000000000000000000000000000000000000000000000000000000000000000000000000000
[12:10:49.460642] EP OUT 0x03 len=0 
[12:10:49.462294] EP OUT 0x03 len=0 
[12:10:49.464201] EP OUT 0x03 len=0 
[12:10:49.465828] EP OUT 0x03 len=0 
[12:10:49.468117] EP OUT 0x03 len=0 
[12:10:49.471337] EP IN  0x81 len=64 09ce200000007837845f288330000000000000000000000000000000000000000000000000000000000000000000000000000000000000000000000000000000
[12:10:49.472447] EP OUT 0x03 len=0 
[12:10:49.475332] EP IN  0x81 len=64 09d1200000007847845f288330000000000000000000000000000000000000000000000000000000000000000000000000000000000000000000000000000000
[12:10:49.476624] EP OUT 0x03 len=0 
[12:10:49.478220] EP OUT 0x03 len=0 
[12:10:49.480205] EP OUT 0x03 len=0 
[12:10:49.481867] EP OUT 0x03 len=0 
[12:10:49.484120] EP OUT 0x03 len=0 
[12:10:49.487342] EP IN  0x81 len=64 09d2200000007837845f288330000000000000000000000000000000000000000000000000000000000000000000000000000000000000000000000000000000
[12:10:49.488524] EP OUT 0x03 len=0 
[12:10:49.491336] EP IN  0x81 len=64 09d5200000007837845f288330000000000000000000000000000000000000000000000000000000000000000000000000000000000000000000000000000000
[12:10:49.492621] EP OUT 0x03 len=0 
[12:10:49.494263] EP OUT 0x03 len=0 
[12:10:49.496172] EP OUT 0x03 len=0 
[12:10:49.498346] EP OUT 0x03 len=0 
[12:10:49.500092] EP OUT 0x03 len=0 
[12:10:49.503345] EP IN  0x81 len=64 09d6200000007837845f288330000000000000000000000000000000000000000000000000000000000000000000000000000000000000000000000000000000
[12:10:49.504496] EP OUT 0x03 len=0 
[12:10:49.507339] EP IN  0x81 len=64 09d9200000007737845f288330000000000000000000000000000000000000000000000000000000000000000000000000000000000000000000000000000000
[12:10:49.508658] EP OUT 0x03 len=0 
[12:10:49.510316] EP OUT 0x03 len=0 
[12:10:49.512206] EP OUT 0x03 len=0 
[12:10:49.513861] EP OUT 0x03 len=0 
[12:10:49.516166] EP OUT 0x03 len=0 
[12:10:49.519451] EP IN  0x81 len=64 09da200000007847845e288330000000000000000000000000000000000000000000000000000000000000000000000000000000000000000000000000000000
[12:10:49.520633] EP OUT 0x03 len=0 
[12:10:49.523382] EP IN  0x81 len=64 09dd200000007737845f288330000000000000000000000000000000000000000000000000000000000000000000000000000000000000000000000000000000
[12:10:49.524694] EP OUT 0x03 len=0 
[12:10:49.526395] EP OUT 0x03 len=0 
[12:10:49.528243] EP OUT 0x03 len=0 
[12:10:49.530160] EP OUT 0x03 len=0 
[12:10:49.532198] EP OUT 0x03 len=0 
[12:10:49.535443] EP IN  0x81 len=64 09de200000007837845e288330000000000000000000000000000000000000000000000000000000000000000000000000000000000000000000000000000000
[12:10:49.536602] EP OUT 0x03 len=0 
[12:10:49.539348] EP IN  0x81 len=64 09e12000000077378460388330000000000000000000000000000000000000000000000000000000000000000000000000000000000000000000000000000000
[12:10:49.540681] EP OUT 0x03 len=0 
[12:10:49.542360] EP OUT 0x03 len=0 
[12:10:49.544218] EP OUT 0x03 len=0 
[12:10:49.545888] EP OUT 0x03 len=0 
[12:10:49.548179] EP OUT 0x03 len=0 
[12:10:49.551326] EP IN  0x81 len=64 09e2200000007837845e288330000000000000000000000000000000000000000000000000000000000000000000000000000000000000000000000000000000
[12:10:49.552450] EP OUT 0x03 len=0 
[12:10:49.555418] EP IN  0x81 len=64 09e5200000007827845f288330000000000000000000000000000000000000000000000000000000000000000000000000000000000000000000000000000000
[12:10:49.556746] EP OUT 0x03 len=0 
[12:10:49.558401] EP OUT 0x03 len=0 
[12:10:49.560276] EP OUT 0x03 len=0 
[12:10:49.562137] EP OUT 0x03 len=0 
[12:10:49.564159] EP OUT 0x03 len=0 
[12:10:49.567435] EP IN  0x81 len=64 09e6200000007837845f288330000000000000000000000000000000000000000000000000000000000000000000000000000000000000000000000000000000
[12:10:49.568608] EP OUT 0x03 len=0 
[12:10:49.571423] EP IN  0x81 len=64 09e9200000007837845f288330000000000000000000000000000000000000000000000000000000000000000000000000000000000000000000000000000000
[12:10:49.572765] EP OUT 0x03 len=0 
[12:10:49.574449] EP OUT 0x03 len=0 
[12:10:49.576282] EP OUT 0x03 len=0 
[12:10:49.578152] EP OUT 0x03 len=0 
[12:10:49.580130] EP OUT 0x03 len=0 
[12:10:49.583428] EP IN  0x81 len=64 09ea200000007837845f288330000000000000000000000000000000000000000000000000000000000000000000000000000000000000000000000000000000
[12:10:49.584585] EP OUT 0x03 len=0 
[12:10:49.587341] EP IN  0x81 len=64 09ed200000007747845f288330000000000000000000000000000000000000000000000000000000000000000000000000000000000000000000000000000000
[12:10:49.588638] EP OUT 0x03 len=0 
[12:10:49.590285] EP OUT 0x03 len=0 
[12:10:49.592217] EP OUT 0x03 len=0 
[12:10:49.593935] EP OUT 0x03 len=0 
[12:10:49.596239] EP OUT 0x03 len=0 
[12:10:49.599336] EP IN  0x81 len=64 09ee200000007837845f288330000000000000000000000000000000000000000000000000000000000000000000000000000000000000000000000000000000
[12:10:49.600493] EP OUT 0x03 len=0 
[12:10:49.603333] EP IN  0x81 len=64 09f1200000007847845f388330000000000000000000000000000000000000000000000000000000000000000000000000000000000000000000000000000000
[12:10:49.604643] EP OUT 0x03 len=0 
[12:10:49.606306] EP OUT 0x03 len=0 
[12:10:49.608289] EP OUT 0x03 len=0 
[12:10:49.610156] EP OUT 0x03 len=0 
[12:10:49.612116] EP OUT 0x03 len=0 
[12:10:49.615342] EP IN  0x81 len=64 09f2200000007737845e288330000000000000000000000000000000000000000000000000000000000000000000000000000000000000000000000000000000
[12:10:49.616499] EP OUT 0x03 len=0 
[12:10:49.619426] EP IN  0x81 len=64 09f5200000007837845f288330000000000000000000000000000000000000000000000000000000000000000000000000000000000000000000000000000000
[12:10:49.621148] EP OUT 0x03 len=0 
[12:10:49.623200] EP OUT 0x03 len=0 
[12:10:49.627347] EP IN  0x81 len=64 09f6200000007847845f288330000000000000000000000000000000000000000000000000000000000000000000000000000000000000000000000000000000
[12:10:49.628551] EP OUT 0x03 len=0 
[12:10:49.631437] EP IN  0x81 len=64 09f8200000007837845f288330000000000000000000000000000000000000000000000000000000000000000000000000000000000000000000000000000000
[12:10:49.633126] EP OUT 0x03 len=0 
[12:10:49.635204] EP OUT 0x03 len=0 
[12:10:49.639380] EP IN  0x81 len=64 09f9200000007737845f288330000000000000000000000000000000000000000000000000000000000000000000000000000000000000000000000000000000
[12:10:49.640565] EP OUT 0x03 len=0 
[12:10:49.643385] EP IN  0x81 len=64 09fb200000007837845f288330000000000000000000000000000000000000000000000000000000000000000000000000000000000000000000000000000000
[12:10:49.644762] EP OUT 0x03 len=0 
[12:10:49.646443] EP OUT 0x03 len=0 
[12:10:49.648274] EP OUT 0x03 len=0 
[12:10:49.650157] EP OUT 0x03 len=0 
[12:10:49.652179] EP OUT 0x03 len=0 
[12:10:49.655328] EP IN  0x81 len=64 09fc200000007927845e188330000000000000000000000000000000000000000000000000000000000000000000000000000000000000000000000000000000
[12:10:49.656488] EP OUT 0x03 len=0 
[12:10:49.659396] EP IN  0x81 len=64 09ff200000007837845f288330000000000000000000000000000000000000000000000000000000000000000000000000000000000000000000000000000000
[12:10:49.660714] EP OUT 0x03 len=0 
[12:10:49.662384] EP OUT 0x03 len=0 
[12:10:49.664192] EP OUT 0x03 len=0 
[12:10:49.666349] EP OUT 0x03 len=0 
[12:10:49.668119] EP OUT 0x03 len=0 
[12:10:49.671380] EP IN  0x81 len=64 0900200000007837845f288330000000000000000000000000000000000000000000000000000000000000000000000000000000000000000000000000000000
[12:10:49.672509] EP OUT 0x03 len=0 
[12:10:49.675424] EP IN  0x81 len=64 0903200000007847845f288330000000000000000000000000000000000000000000000000000000000000000000000000000000000000000000000000000000
[12:10:49.676805] EP OUT 0x03 len=0 
[12:10:49.679236] EP OUT 0x03 len=0 
[12:10:49.681129] EP OUT 0x03 len=0 
[12:10:49.682976] EP OUT 0x03 len=0 
[12:10:49.687338] EP IN  0x81 len=64 0904200000007837845f288330000000000000000000000000000000000000000000000000000000000000000000000000000000000000000000000000000000
[12:10:49.688528] EP OUT 0x03 len=0 
[12:10:49.691412] EP IN  0x81 len=64 0907200000007847845e388330000000000000000000000000000000000000000000000000000000000000000000000000000000000000000000000000000000
[12:10:49.692855] EP OUT 0x03 len=0 
[12:10:49.695175] EP OUT 0x03 len=0 
[12:10:49.696949] EP OUT 0x03 len=0 
[12:10:49.699149] EP OUT 0x03 len=0 
[12:10:49.703332] EP IN  0x81 len=64 0908200000007847845f288330000000000000000000000000000000000000000000000000000000000000000000000000000000000000000000000000000000
[12:10:49.704516] EP OUT 0x03 len=0 
[12:10:49.707332] EP IN  0x81 len=64 090b2000000078378460288330000000000000000000000000000000000000000000000000000000000000000000000000000000000000000000000000000000
[12:10:49.708764] EP OUT 0x03 len=0 
[12:10:49.710561] EP OUT 0x03 len=0 
[12:10:49.712549] EP OUT 0x03 len=0 
[12:10:49.714322] EP OUT 0x03 len=0 
[12:10:49.716206] EP OUT 0x03 len=0 
[12:10:49.719422] EP IN  0x81 len=64 090c200000007847845f288330000000000000000000000000000000000000000000000000000000000000000000000000000000000000000000000000000000
[12:10:49.720630] EP OUT 0x03 len=0 
[12:10:49.723439] EP IN  0x81 len=64 090f200000007847845e288330000000000000000000000000000000000000000000000000000000000000000000000000000000000000000000000000000000
[12:10:49.725288] EP OUT 0x03 len=0 
[12:10:49.727296] EP OUT 0x03 len=0 
[12:10:49.731430] EP IN  0x81 len=64 09102000000078378460288330000000000000000000000000000000000000000000000000000000000000000000000000000000000000000000000000000000
[12:10:49.732673] EP OUT 0x03 len=0 
[12:10:49.735359] EP IN  0x81 len=64 0912200000007847845f288330000000000000000000000000000000000000000000000000000000000000000000000000000000000000000000000000000000
[12:10:49.736788] EP OUT 0x03 len=0 
[12:10:49.738461] EP OUT 0x03 len=0 
[12:10:49.740311] EP OUT 0x03 len=0 
[12:10:49.742210] EP OUT 0x03 len=0 
[12:10:49.744186] EP OUT 0x03 len=0 
[12:10:49.747429] EP IN  0x81 len=64 0913200000007747845f288330000000000000000000000000000000000000000000000000000000000000000000000000000000000000000000000000000000
[12:10:49.748746] EP OUT 0x03 len=0 
[12:10:49.751429] EP IN  0x81 len=64 0916200000007847845f288330000000000000000000000000000000000000000000000000000000000000000000000000000000000000000000000000000000
[12:10:49.753276] EP OUT 0x03 len=0 
[12:10:49.755212] EP OUT 0x03 len=0 
[12:10:49.759416] EP IN  0x81 len=64 0917200000007837845f288330000000000000000000000000000000000000000000000000000000000000000000000000000000000000000000000000000000
[12:10:49.760674] EP OUT 0x03 len=0 
[12:10:49.763346] EP IN  0x81 len=64 0919200000007837845f288330000000000000000000000000000000000000000000000000000000000000000000000000000000000000000000000000000000
[12:10:49.764830] EP OUT 0x03 len=0 
[12:10:49.767284] EP OUT 0x03 len=0 
[12:10:49.769268] EP OUT 0x03 len=0 
[12:10:49.771025] EP OUT 0x03 len=0 
[12:10:49.775352] EP IN  0x81 len=64 091a200000007937845f288330000000000000000000000000000000000000000000000000000000000000000000000000000000000000000000000000000000
[12:10:49.776601] EP OUT 0x03 len=0 
[12:10:49.779415] EP IN  0x81 len=64 091d200000007937845f288330000000000000000000000000000000000000000000000000000000000000000000000000000000000000000000000000000000
[12:10:49.780746] EP OUT 0x03 len=0 
[12:10:49.782447] EP OUT 0x03 len=0 
[12:10:49.784403] EP OUT 0x03 len=0 
[12:10:49.786353] EP OUT 0x03 len=0 
[12:10:49.788174] EP OUT 0x03 len=0 
[12:10:49.791351] EP IN  0x81 len=64 091e200000007837845f388330000000000000000000000000000000000000000000000000000000000000000000000000000000000000000000000000000000
[12:10:49.792584] EP OUT 0x03 len=0 
[12:10:49.795332] EP IN  0x81 len=64 0921200000007737845f188330000000000000000000000000000000000000000000000000000000000000000000000000000000000000000000000000000000
[12:10:49.796693] EP OUT 0x03 len=0 
[12:10:49.798586] EP OUT 0x03 len=0 
[12:10:49.800580] EP OUT 0x03 len=0 
[12:10:49.802449] EP OUT 0x03 len=0 
[12:10:49.804296] EP OUT 0x03 len=0 
[12:10:49.807403] EP IN  0x81 len=64 0922200000007847845f288330000000000000000000000000000000000000000000000000000000000000000000000000000000000000000000000000000000
[12:10:49.808495] EP OUT 0x03 len=0 
[12:10:49.811411] EP IN  0x81 len=64 0925200000007737845f388330000000000000000000000000000000000000000000000000000000000000000000000000000000000000000000000000000000
[12:10:49.812867] EP OUT 0x03 len=0 
[12:10:49.815122] EP OUT 0x03 len=0 
[12:10:49.818575] EP OUT 0x03 len=0 
[12:10:49.820452] EP OUT 0x03 len=0 
[12:10:49.823436] EP IN  0x81 len=64 0926200000007847845f288330000000000000000000000000000000000000000000000000000000000000000000000000000000000000000000000000000000
[12:10:49.824735] EP OUT 0x03 len=0 
[12:10:49.827439] EP IN  0x81 len=64 0929200000007837845f288330000000000000000000000000000000000000000000000000000000000000000000000000000000000000000000000000000000
[12:10:49.829309] EP OUT 0x03 len=0 
[12:10:49.831274] EP OUT 0x03 len=0 
[12:10:49.835418] EP IN  0x81 len=64 092a200000007847845f288330000000000000000000000000000000000000000000000000000000000000000000000000000000000000000000000000000000
[12:10:49.836726] EP OUT 0x03 len=0 
[12:10:49.839439] EP IN  0x81 len=64 092c200000007837845f288330000000000000000000000000000000000000000000000000000000000000000000000000000000000000000000000000000000
[12:10:49.841310] EP OUT 0x03 len=0 
[12:10:49.843235] EP OUT 0x03 len=0 
[12:10:49.847319] EP IN  0x81 len=64 092d200000007737845f288330000000000000000000000000000000000000000000000000000000000000000000000000000000000000000000000000000000
[12:10:49.848508] EP OUT 0x03 len=0 
[12:10:49.851445] EP IN  0x81 len=64 092f200000007847845f288330000000000000000000000000000000000000000000000000000000000000000000000000000000000000000000000000000000
[12:10:49.853304] EP OUT 0x03 len=0 
[12:10:49.855171] EP OUT 0x03 len=0 
[12:10:49.859423] EP IN  0x81 len=64 0930200000007847845e388330000000000000000000000000000000000000000000000000000000000000000000000000000000000000000000000000000000
[12:10:49.860668] EP OUT 0x03 len=0 
[12:10:49.863340] EP IN  0x81 len=64 0932200000007847845e288330000000000000000000000000000000000000000000000000000000000000000000000000000000000000000000000000000000
[12:10:49.864802] EP OUT 0x03 len=0 
[12:10:49.867281] EP OUT 0x03 len=0 
[12:10:49.869267] EP OUT 0x03 len=0 
[12:10:49.871097] EP OUT 0x03 len=0 
[12:10:49.872923] EP OUT 0x03 len=0 
[12:10:49.875438] EP IN  0x81 len=64 0933200000007837845e288330000000000000000000000000000000000000000000000000000000000000000000000000000000000000000000000000000000
[12:10:49.876689] EP OUT 0x03 len=0 
[12:10:49.879419] EP IN  0x81 len=64 0936200000007847845f288330000000000000000000000000000000000000000000000000000000000000000000000000000000000000000000000000000000
[12:10:49.881289] EP OUT 0x03 len=0 
[12:10:49.883123] EP OUT 0x03 len=0 
[12:10:49.887336] EP IN  0x81 len=64 0937200000007837845f288330000000000000000000000000000000000000000000000000000000000000000000000000000000000000000000000000000000
[12:10:49.888497] EP OUT 0x03 len=0 
[12:10:49.891338] EP IN  0x81 len=64 0939200000007847845f288330000000000000000000000000000000000000000000000000000000000000000000000000000000000000000000000000000000
[12:10:49.892776] EP OUT 0x03 len=0 
[12:10:49.894561] EP OUT 0x03 len=0 
[12:10:49.896514] EP OUT 0x03 len=0 
[12:10:49.898427] EP OUT 0x03 len=0 
[12:10:49.900311] EP OUT 0x03 len=0 
[12:10:49.903338] EP IN  0x81 len=64 093a200000007737845f288330000000000000000000000000000000000000000000000000000000000000000000000000000000000000000000000000000000
[12:10:49.904602] EP OUT 0x03 len=0 
[12:10:49.907428] EP IN  0x81 len=64 093d200000007737845f388330000000000000000000000000000000000000000000000000000000000000000000000000000000000000000000000000000000
[12:10:49.908905] EP OUT 0x03 len=0 
[12:10:49.911277] EP OUT 0x03 len=0 
[12:10:49.913247] EP OUT 0x03 len=0 
[12:10:49.915095] EP OUT 0x03 len=0 
[12:10:49.916929] EP OUT 0x03 len=0 
[12:10:49.919354] EP IN  0x81 len=64 093e200000007837845f288330000000000000000000000000000000000000000000000000000000000000000000000000000000000000000000000000000000
[12:10:49.920593] EP OUT 0x03 len=0 
[12:10:49.923331] EP IN  0x81 len=64 0941200000007837845f388330000000000000000000000000000000000000000000000000000000000000000000000000000000000000000000000000000000
[12:10:49.924791] EP OUT 0x03 len=0 
[12:10:49.927207] EP OUT 0x03 len=0 
[12:10:49.929110] EP OUT 0x03 len=0 
[12:10:49.931314] EP OUT 0x03 len=0 
[12:10:49.935345] EP IN  0x81 len=64 0942200000007837845f288330000000000000000000000000000000000000000000000000000000000000000000000000000000000000000000000000000000
[12:10:49.936634] EP OUT 0x03 len=0 
[12:10:49.939443] EP IN  0x81 len=64 0945200000007837845f288330000000000000000000000000000000000000000000000000000000000000000000000000000000000000000000000000000000
[12:10:49.941338] EP OUT 0x03 len=0 
[12:10:49.943248] EP OUT 0x03 len=0 
[12:10:49.947430] EP IN  0x81 len=64 0946200000007847845f288330000000000000000000000000000000000000000000000000000000000000000000000000000000000000000000000000000000
[12:10:49.948715] EP OUT 0x03 len=0 
[12:10:49.951430] EP IN  0x81 len=64 0948200000007847845f288330000000000000000000000000000000000000000000000000000000000000000000000000000000000000000000000000000000
[12:10:49.952934] EP OUT 0x03 len=0 
[12:10:49.955153] EP OUT 0x03 len=0 
[12:10:49.958472] EP OUT 0x03 len=0 
[12:10:49.960270] EP OUT 0x03 len=0 
[12:10:49.963335] EP IN  0x81 len=64 0949200000007837845f288330000000000000000000000000000000000000000000000000000000000000000000000000000000000000000000000000000000
[12:10:49.964484] EP OUT 0x03 len=0 
[12:10:49.967442] EP IN  0x81 len=64 094c200000007837845f388330000000000000000000000000000000000000000000000000000000000000000000000000000000000000000000000000000000
[12:10:49.969349] EP OUT 0x03 len=0 
[12:10:49.971308] EP OUT 0x03 len=0 
[12:10:49.975347] EP IN  0x81 len=64 094d2000000078378460288330000000000000000000000000000000000000000000000000000000000000000000000000000000000000000000000000000000
[12:10:49.976559] EP OUT 0x03 len=0 
[12:10:49.979412] EP IN  0x81 len=64 094f2000000078378460288330000000000000000000000000000000000000000000000000000000000000000000000000000000000000000000000000000000
[12:10:49.980906] EP OUT 0x03 len=0 
[12:10:49.983282] EP OUT 0x03 len=0 
[12:10:49.985250] EP OUT 0x03 len=0 
[12:10:49.987096] EP OUT 0x03 len=0 
[12:10:49.991329] EP IN  0x81 len=64 0950200000007837845f288330000000000000000000000000000000000000000000000000000000000000000000000000000000000000000000000000000000
[12:10:49.992435] EP OUT 0x03 len=0 
[12:10:49.995342] EP IN  0x81 len=64 0953200000007747845f288330000000000000000000000000000000000000000000000000000000000000000000000000000000000000000000000000000000
[12:10:49.996669] EP OUT 0x03 len=0 
[12:10:49.998336] EP OUT 0x03 len=0 
[12:10:50.000327] EP OUT 0x03 len=0 
[12:10:50.002232] EP OUT 0x03 len=0 
[12:10:50.004063] EP OUT 0x03 len=0 
[12:10:50.007420] EP IN  0x81 len=64 0954200000007837845f288330000000000000000000000000000000000000000000000000000000000000000000000000000000000000000000000000000000
[12:10:50.008728] EP OUT 0x03 len=0 
[12:10:50.011433] EP IN  0x81 len=64 0957200000007837845f288330000000000000000000000000000000000000000000000000000000000000000000000000000000000000000000000000000000
[12:10:50.013283] EP OUT 0x03 len=0 
[12:10:50.015251] EP OUT 0x03 len=0 
[12:10:50.019432] EP IN  0x81 len=64 0958200000007837845f288330000000000000000000000000000000000000000000000000000000000000000000000000000000000000000000000000000000
[12:10:50.020775] EP OUT 0x03 len=0 
[12:10:50.023415] EP IN  0x81 len=64 095a200000007847845f288330000000000000000000000000000000000000000000000000000000000000000000000000000000000000000000000000000000
[12:10:50.025189] EP OUT 0x03 len=0 
[12:10:50.027273] EP OUT 0x03 len=0 
[12:10:50.031418] EP IN  0x81 len=64 095b2000000077478460388330000000000000000000000000000000000000000000000000000000000000000000000000000000000000000000000000000000
[12:10:50.032677] EP OUT 0x03 len=0 
[12:10:50.035346] EP IN  0x81 len=64 095d200000007837845f288330000000000000000000000000000000000000000000000000000000000000000000000000000000000000000000000000000000
[12:10:50.036841] EP OUT 0x03 len=0 
[12:10:50.039098] EP OUT 0x03 len=0 
[12:10:50.042492] EP OUT 0x03 len=0 
[12:10:50.044266] EP OUT 0x03 len=0 
[12:10:50.047425] EP IN  0x81 len=64 095e200000007837845f288330000000000000000000000000000000000000000000000000000000000000000000000000000000000000000000000000000000
[12:10:50.048752] EP OUT 0x03 len=0 
[12:10:50.051344] EP IN  0x81 len=64 0961200000007847845f288330000000000000000000000000000000000000000000000000000000000000000000000000000000000000000000000000000000
[12:10:50.052832] EP OUT 0x03 len=0 
[12:10:50.055119] EP OUT 0x03 len=0 
[12:10:50.057123] EP OUT 0x03 len=0 
[12:10:50.058936] EP OUT 0x03 len=0 
[12:10:50.063328] EP IN  0x81 len=64 0962200000007947845f188330000000000000000000000000000000000000000000000000000000000000000000000000000000000000000000000000000000
[12:10:50.064453] EP OUT 0x03 len=0 
[12:10:50.067457] EP IN  0x81 len=64 0965200000007837845f288330000000000000000000000000000000000000000000000000000000000000000000000000000000000000000000000000000000
[12:10:50.069336] EP OUT 0x03 len=0 
[12:10:50.071178] EP OUT 0x03 len=0 
[12:10:50.075424] EP IN  0x81 len=64 0966200000007737845f188330000000000000000000000000000000000000000000000000000000000000000000000000000000000000000000000000000000
[12:10:50.076658] EP OUT 0x03 len=0 
[12:10:50.079337] EP IN  0x81 len=64 0968200000007837845f288330000000000000000000000000000000000000000000000000000000000000000000000000000000000000000000000000000000
[12:10:50.080787] EP OUT 0x03 len=0 
[12:10:50.083237] EP OUT 0x03 len=0 
[12:10:50.085225] EP OUT 0x03 len=0 
[12:10:50.086906] EP OUT 0x03 len=0 
[12:10:50.091437] EP IN  0x81 len=64 0969200000007837845e288330000000000000000000000000000000000000000000000000000000000000000000000000000000000000000000000000000000
[12:10:50.092698] EP OUT 0x03 len=0 
[12:10:50.095360] EP IN  0x81 len=64 096c200000007847845f288330000000000000000000000000000000000000000000000000000000000000000000000000000000000000000000000000000000
[12:10:50.096833] EP OUT 0x03 len=0 
[12:10:50.099155] EP OUT 0x03 len=0 
[12:10:50.102353] EP OUT 0x03 len=0 
[12:10:50.104230] EP OUT 0x03 len=0 
[12:10:50.107315] EP IN  0x81 len=64 096d200000007847845f288330000000000000000000000000000000000000000000000000000000000000000000000000000000000000000000000000000000
[12:10:50.108606] EP OUT 0x03 len=0 
[12:10:50.111412] EP IN  0x81 len=64 0970200000007747845f288330000000000000000000000000000000000000000000000000000000000000000000000000000000000000000000000000000000
[12:10:50.112874] EP OUT 0x03 len=0 
[12:10:50.115225] EP OUT 0x03 len=0 
[12:10:50.117132] EP OUT 0x03 len=0 
[12:10:50.119023] EP OUT 0x03 len=0 
[12:10:50.123438] EP IN  0x81 len=64 0971200000007847845e288330000000000000000000000000000000000000000000000000000000000000000000000000000000000000000000000000000000
[12:10:50.124742] EP OUT 0x03 len=0 
[12:10:50.127430] EP IN  0x81 len=64 0974200000007837845f288330000000000000000000000000000000000000000000000000000000000000000000000000000000000000000000000000000000
[12:10:50.129211] EP OUT 0x03 len=0 
[12:10:50.131220] EP OUT 0x03 len=0 
[12:10:50.135441] EP IN  0x81 len=64 0975200000007847845e388330000000000000000000000000000000000000000000000000000000000000000000000000000000000000000000000000000000
[12:10:50.136784] EP OUT 0x03 len=0 
[12:10:50.139324] EP IN  0x81 len=64 0977200000007837845f288330000000000000000000000000000000000000000000000000000000000000000000000000000000000000000000000000000000
[12:10:50.140734] EP OUT 0x03 len=0 
[12:10:50.143259] EP OUT 0x03 len=0 
[12:10:50.145274] EP OUT 0x03 len=0 
[12:10:50.146958] EP OUT 0x03 len=0 
[12:10:50.151435] EP IN  0x81 len=64 0978200000007837845f288330000000000000000000000000000000000000000000000000000000000000000000000000000000000000000000000000000000
[12:10:50.152755] EP OUT 0x03 len=0 
[12:10:50.155345] EP IN  0x81 len=64 097b200000007837845e288330000000000000000000000000000000000000000000000000000000000000000000000000000000000000000000000000000000
[12:10:50.156780] EP OUT 0x03 len=0 
[12:10:50.159239] EP OUT 0x03 len=0 
[12:10:50.161126] EP OUT 0x03 len=0 
[12:10:50.162955] EP OUT 0x03 len=0 
[12:10:50.167423] EP IN  0x81 len=64 097c200000007837845e288330000000000000000000000000000000000000000000000000000000000000000000000000000000000000000000000000000000
[12:10:50.168744] EP OUT 0x03 len=0 
[12:10:50.171326] EP IN  0x81 len=64 097f200000007837845f288330000000000000000000000000000000000000000000000000000000000000000000000000000000000000000000000000000000
[12:10:50.172634] EP OUT 0x03 len=0 
[12:10:50.174417] EP OUT 0x03 len=0 
[12:10:50.176332] EP OUT 0x03 len=0 
[12:10:50.178129] EP OUT 0x03 len=0 
[12:10:50.179844] EP OUT 0x03 len=0 
[12:10:50.183424] EP IN  0x81 len=64 0980200000007847845f288330000000000000000000000000000000000000000000000000000000000000000000000000000000000000000000000000000000
[12:10:50.184691] EP OUT 0x03 len=0 
[12:10:50.187410] EP IN  0x81 len=64 0983200000007737845f288330000000000000000000000000000000000000000000000000000000000000000000000000000000000000000000000000000000
[12:10:50.188789] EP OUT 0x03 len=0 
[12:10:50.191253] EP OUT 0x03 len=0 
[12:10:50.193145] EP OUT 0x03 len=0 
[12:10:50.195020] EP OUT 0x03 len=0 
[12:10:50.199343] EP IN  0x81 len=64 0984200000007837845f288330000000000000000000000000000000000000000000000000000000000000000000000000000000000000000000000000000000
[12:10:50.200639] EP OUT 0x03 len=0 
[12:10:50.203340] EP IN  0x81 len=64 0987200000007737845f388330000000000000000000000000000000000000000000000000000000000000000000000000000000000000000000000000000000
[12:10:50.204767] EP OUT 0x03 len=0 
[12:10:50.207205] EP OUT 0x03 len=0 
[12:10:50.210333] EP OUT 0x03 len=0 
[12:10:50.212293] EP OUT 0x03 len=0 
[12:10:50.215326] EP IN  0x81 len=64 0988200000007837845f288330000000000000000000000000000000000000000000000000000000000000000000000000000000000000000000000000000000
[12:10:50.216626] EP OUT 0x03 len=0 
[12:10:50.219352] EP IN  0x81 len=64 098b200000007837845f288330000000000000000000000000000000000000000000000000000000000000000000000000000000000000000000000000000000
[12:10:50.220812] EP OUT 0x03 len=0 
[12:10:50.223190] EP OUT 0x03 len=0 
[12:10:50.225159] EP OUT 0x03 len=0 
[12:10:50.226997] EP OUT 0x03 len=0 
[12:10:50.231327] EP IN  0x81 len=64 098c200000007737845f288330000000000000000000000000000000000000000000000000000000000000000000000000000000000000000000000000000000
[12:10:50.232573] EP OUT 0x03 len=0 
[12:10:50.235425] EP IN  0x81 len=64 098f200000007847845e288330000000000000000000000000000000000000000000000000000000000000000000000000000000000000000000000000000000
[12:10:50.236853] EP OUT 0x03 len=0 
[12:10:50.239276] EP OUT 0x03 len=0 
[12:10:50.241254] EP OUT 0x03 len=0 
[12:10:50.243117] EP OUT 0x03 len=0 
[12:10:50.244933] EP OUT 0x03 len=0 
[12:10:50.247328] EP IN  0x81 len=64 0990200000007837845f288330000000000000000000000000000000000000000000000000000000000000000000000000000000000000000000000000000000
[12:10:50.248492] EP OUT 0x03 len=0 
[12:10:50.251436] EP IN  0x81 len=64 0993200000007847845f288330000000000000000000000000000000000000000000000000000000000000000000000000000000000000000000000000000000
[12:10:50.253309] EP OUT 0x03 len=0 
[12:10:50.255156] EP OUT 0x03 len=0 
[12:10:50.259431] EP IN  0x81 len=64 0994200000007847845f288330000000000000000000000000000000000000000000000000000000000000000000000000000000000000000000000000000000
[12:10:50.260641] EP OUT 0x03 len=0 
[12:10:50.263355] EP IN  0x81 len=64 0996200000007837845f188330000000000000000000000000000000000000000000000000000000000000000000000000000000000000000000000000000000
[12:10:50.264816] EP OUT 0x03 len=0 
[12:10:50.267220] EP OUT 0x03 len=0 
[12:10:50.269234] EP OUT 0x03 len=0 
[12:10:50.271094] EP OUT 0x03 len=0 
[12:10:50.275427] EP IN  0x81 len=64 0997200000007837845e388330000000000000000000000000000000000000000000000000000000000000000000000000000000000000000000000000000000
[12:10:50.276677] EP OUT 0x03 len=0 
[12:10:50.279352] EP IN  0x81 len=64 099a200000007847845f288330000000000000000000000000000000000000000000000000000000000000000000000000000000000000000000000000000000
[12:10:50.280822] EP OUT 0x03 len=0 
[12:10:50.283132] EP OUT 0x03 len=0 
[12:10:50.286339] EP OUT 0x03 len=0 
[12:10:50.288151] EP OUT 0x03 len=0 
[12:10:50.291338] EP IN  0x81 len=64 099b200000007847845f288330000000000000000000000000000000000000000000000000000000000000000000000000000000000000000000000000000000
[12:10:50.292596] EP OUT 0x03 len=0 
[12:10:50.295357] EP IN  0x81 len=64 099e200000007837845f288330000000000000000000000000000000000000000000000000000000000000000000000000000000000000000000000000000000
[12:10:50.296832] EP OUT 0x03 len=0 
[12:10:50.299283] EP OUT 0x03 len=0 
[12:10:50.301305] EP OUT 0x03 len=0 
[12:10:50.303203] EP OUT 0x03 len=0 
[12:10:50.305078] EP OUT 0x03 len=0 
[12:10:50.307411] EP IN  0x81 len=64 099f200000007747845f288330000000000000000000000000000000000000000000000000000000000000000000000000000000000000000000000000000000
[12:10:50.308705] EP OUT 0x03 len=0 
[12:10:50.311431] EP IN  0x81 len=64 09a22000000078478460288330000000000000000000000000000000000000000000000000000000000000000000000000000000000000000000000000000000
[12:10:50.313278] EP OUT 0x03 len=0 
[12:10:50.315242] EP OUT 0x03 len=0 
[12:10:50.319384] EP IN  0x81 len=64 09a3200000007937845f288330000000000000000000000000000000000000000000000000000000000000000000000000000000000000000000000000000000
[12:10:50.320608] EP OUT 0x03 len=0 
[12:10:50.323420] EP IN  0x81 len=64 09a52000000078378460288330000000000000000000000000000000000000000000000000000000000000000000000000000000000000000000000000000000
[12:10:50.324881] EP OUT 0x03 len=0 
[12:10:50.327255] EP OUT 0x03 len=0 
[12:10:50.329175] EP OUT 0x03 len=0 
[12:10:50.331370] EP OUT 0x03 len=0 
[12:10:50.335334] EP IN  0x81 len=64 09a6200000007747845f288330000000000000000000000000000000000000000000000000000000000000000000000000000000000000000000000000000000
[12:10:50.336611] EP OUT 0x03 len=0 
[12:10:50.339430] EP IN  0x81 len=64 09a92000000078478460388330000000000000000000000000000000000000000000000000000000000000000000000000000000000000000000000000000000
[12:10:50.341264] EP OUT 0x03 len=0 
[12:10:50.343262] EP OUT 0x03 len=0 
[12:10:50.347429] EP IN  0x81 len=64 09aa200000007837845f288330000000000000000000000000000000000000000000000000000000000000000000000000000000000000000000000000000000
[12:10:50.348736] EP OUT 0x03 len=0 
[12:10:50.351344] EP IN  0x81 len=64 09ac200000007837845f388330000000000000000000000000000000000000000000000000000000000000000000000000000000000000000000000000000000
[12:10:50.352826] EP OUT 0x03 len=0 
[12:10:50.355134] EP OUT 0x03 len=0 
[12:10:50.358452] EP OUT 0x03 len=0 
[12:10:50.360256] EP OUT 0x03 len=0 
[12:10:50.363328] EP IN  0x81 len=64 09ad200000007837845f288330000000000000000000000000000000000000000000000000000000000000000000000000000000000000000000000000000000
[12:10:50.364450] EP OUT 0x03 len=0 
[12:10:50.367432] EP IN  0x81 len=64 09b0200000007847845f288330000000000000000000000000000000000000000000000000000000000000000000000000000000000000000000000000000000
[12:10:50.368944] EP OUT 0x03 len=0 
[12:10:50.371278] EP OUT 0x03 len=0 
[12:10:50.373193] EP OUT 0x03 len=0 
[12:10:50.375080] EP OUT 0x03 len=0 
[12:10:50.376909] EP OUT 0x03 len=0 
[12:10:50.379416] EP IN  0x81 len=64 09b1200000007847845f288330000000000000000000000000000000000000000000000000000000000000000000000000000000000000000000000000000000
[12:10:50.380676] EP OUT 0x03 len=0 
[12:10:50.383418] EP IN  0x81 len=64 09b4200000007747845f388330000000000000000000000000000000000000000000000000000000000000000000000000000000000000000000000000000000
[12:10:50.384893] EP OUT 0x03 len=0 
[12:10:50.387142] EP OUT 0x03 len=0 
[12:10:50.389021] EP OUT 0x03 len=0 
[12:10:50.390894] EP OUT 0x03 len=0 
[12:10:50.395406] EP IN  0x81 len=64 09b52000000078478460288330000000000000000000000000000000000000000000000000000000000000000000000000000000000000000000000000000000
[12:10:50.396576] EP OUT 0x03 len=0 
[12:10:50.399341] EP IN  0x81 len=64 09b8200000007837845f188330000000000000000000000000000000000000000000000000000000000000000000000000000000000000000000000000000000
[12:10:50.400838] EP OUT 0x03 len=0 
[12:10:50.403224] EP OUT 0x03 len=0 
[12:10:50.405137] EP OUT 0x03 len=0 
[12:10:50.406962] EP OUT 0x03 len=0 
[12:10:50.411415] EP IN  0x81 len=64 09b9200000007937845f288330000000000000000000000000000000000000000000000000000000000000000000000000000000000000000000000000000000
[12:10:50.412729] EP OUT 0x03 len=0 
[12:10:50.415329] EP IN  0x81 len=64 09bc200000007847845f388330000000000000000000000000000000000000000000000000000000000000000000000000000000000000000000000000000000
[12:10:50.416812] EP OUT 0x03 len=0 
[12:10:50.419263] EP OUT 0x03 len=0 
[12:10:50.421208] EP OUT 0x03 len=0 
[12:10:50.423022] EP OUT 0x03 len=0 
[12:10:50.424914] EP OUT 0x03 len=0 
[12:10:50.427353] EP IN  0x81 len=64 09bd200000007847845f288330000000000000000000000000000000000000000000000000000000000000000000000000000000000000000000000000000000
[12:10:50.428638] EP OUT 0x03 len=0 
[12:10:50.431333] EP IN  0x81 len=64 09c0200000007747845f288330000000000000000000000000000000000000000000000000000000000000000000000000000000000000000000000000000000
[12:10:50.432794] EP OUT 0x03 len=0 
[12:10:50.435225] EP OUT 0x03 len=0 
[12:10:50.437109] EP OUT 0x03 len=0 
[12:10:50.439299] EP OUT 0x03 len=0 
[12:10:50.443424] EP IN  0x81 len=64 09c1200000007847845f288330000000000000000000000000000000000000000000000000000000000000000000000000000000000000000000000000000000
[12:10:50.444677] EP OUT 0x03 len=0 
[12:10:50.447419] EP IN  0x81 len=64 09c4200000007837845f288330000000000000000000000000000000000000000000000000000000000000000000000000000000000000000000000000000000
[12:10:50.448913] EP OUT 0x03 len=0 
[12:10:50.451269] EP OUT 0x03 len=0 
[12:10:50.453238] EP OUT 0x03 len=0 
[12:10:50.454974] EP OUT 0x03 len=0 
[12:10:50.459418] EP IN  0x81 len=64 09c5200000007837845f288330000000000000000000000000000000000000000000000000000000000000000000000000000000000000000000000000000000
[12:10:50.460563] EP OUT 0x03 len=0 
[12:10:50.463327] EP IN  0x81 len=64 09c8200000007847845f288330000000000000000000000000000000000000000000000000000000000000000000000000000000000000000000000000000000
[12:10:50.464617] EP OUT 0x03 len=0 
[12:10:50.466260] EP OUT 0x03 len=0 
[12:10:50.468227] EP OUT 0x03 len=0 
[12:10:50.470081] EP OUT 0x03 len=0 
[12:10:50.472157] EP OUT 0x03 len=0 
[12:10:50.475456] EP IN  0x81 len=64 09c9200000007837845e288330000000000000000000000000000000000000000000000000000000000000000000000000000000000000000000000000000000
[12:10:50.476687] EP OUT 0x03 len=0 
[12:10:50.479439] EP IN  0x81 len=64 09cc200000007747845f288330000000000000000000000000000000000000000000000000000000000000000000000000000000000000000000000000000000
[12:10:50.481278] EP OUT 0x03 len=0 
[12:10:50.483256] EP OUT 0x03 len=0 
[12:10:50.487348] EP IN  0x81 len=64 09cd200000007947845e388330000000000000000000000000000000000000000000000000000000000000000000000000000000000000000000000000000000
[12:10:50.488545] EP OUT 0x03 len=0 
[12:10:50.491405] EP IN  0x81 len=64 09cf200000007837845f288330000000000000000000000000000000000000000000000000000000000000000000000000000000000000000000000000000000
[12:10:50.492848] EP OUT 0x03 len=0 
[12:10:50.495201] EP OUT 0x03 len=0 
[12:10:50.496957] EP OUT 0x03 len=0 
[12:10:50.499182] EP OUT 0x03 len=0 
[12:10:50.503327] EP IN  0x81 len=64 09d0200000007837845f288330000000000000000000000000000000000000000000000000000000000000000000000000000000000000000000000000000000
[12:10:50.504492] EP OUT 0x03 len=0 
[12:10:50.507318] EP IN  0x81 len=64 09d3200000007837845f288330000000000000000000000000000000000000000000000000000000000000000000000000000000000000000000000000000000
[12:10:50.508786] EP OUT 0x03 len=0 
[12:10:50.511257] EP OUT 0x03 len=0 
[12:10:50.513205] EP OUT 0x03 len=0 
[12:10:50.515095] EP OUT 0x03 len=0 
[12:10:50.516983] EP OUT 0x03 len=0 
[12:10:50.519346] EP IN  0x81 len=64 09d4200000007747845e288330000000000000000000000000000000000000000000000000000000000000000000000000000000000000000000000000000000
[12:10:50.520503] EP OUT 0x03 len=0 
[12:10:50.523429] EP IN  0x81 len=64 09d7200000007847845f288330000000000000000000000000000000000000000000000000000000000000000000000000000000000000000000000000000000
[12:10:50.525256] EP OUT 0x03 len=0 
[12:10:50.527234] EP OUT 0x03 len=0 
[12:10:50.531435] EP IN  0x81 len=64 09d8200000007847845f288330000000000000000000000000000000000000000000000000000000000000000000000000000000000000000000000000000000
[12:10:50.532677] EP OUT 0x03 len=0 
[12:10:50.535335] EP IN  0x81 len=64 09da200000007737845e288330000000000000000000000000000000000000000000000000000000000000000000000000000000000000000000000000000000
[12:10:50.536795] EP OUT 0x03 len=0 
[12:10:50.539149] EP OUT 0x03 len=0 
[12:10:50.542580] EP OUT 0x03 len=0 
[12:10:50.544389] EP OUT 0x03 len=0 
[12:10:50.547433] EP IN  0x81 len=64 09db200000007837845e288330000000000000000000000000000000000000000000000000000000000000000000000000000000000000000000000000000000
[12:10:50.548740] EP OUT 0x03 len=0 
[12:10:50.551426] EP IN  0x81 len=64 09de200000007837845f388330000000000000000000000000000000000000000000000000000000000000000000000000000000000000000000000000000000
[12:10:50.552918] EP OUT 0x03 len=0 
[12:10:50.555112] EP OUT 0x03 len=0 
[12:10:50.558242] EP OUT 0x03 len=0 
[12:10:50.560160] EP OUT 0x03 len=0 
[12:10:50.563346] EP IN  0x81 len=64 09df200000007837845e288330000000000000000000000000000000000000000000000000000000000000000000000000000000000000000000000000000000
[12:10:50.564650] EP OUT 0x03 len=0 
[12:10:50.567347] EP IN  0x81 len=64 09e2200000007937845f388330000000000000000000000000000000000000000000000000000000000000000000000000000000000000000000000000000000
[12:10:50.568863] EP OUT 0x03 len=0 
[12:10:50.571153] EP OUT 0x03 len=0 
[12:10:50.574331] EP OUT 0x03 len=0 
[12:10:50.576279] EP OUT 0x03 len=0 
[12:10:50.579409] EP IN  0x81 len=64 09e3200000007837845f288330000000000000000000000000000000000000000000000000000000000000000000000000000000000000000000000000000000
[12:10:50.580543] EP OUT 0x03 len=0 
[12:10:50.583433] EP IN  0x81 len=64 09e6200000007747845f288330000000000000000000000000000000000000000000000000000000000000000000000000000000000000000000000000000000
[12:10:50.584940] EP OUT 0x03 len=0 
[12:10:50.587167] EP OUT 0x03 len=0 
[12:10:50.588998] EP OUT 0x03 len=0 
[12:10:50.591501] EP OUT 0x03 len=0 
[12:10:50.593333] EP OUT 0x03 len=0 
[12:10:50.599880] EP OUT 0x03 len=0 
[12:10:50.603339] EP IN  0x81 len=64 09e7200000007837845f288330000000000000000000000000000000000000000000000000000000000000000000000000000000000000000000000000000000
[12:10:50.604470] EP OUT 0x03 len=0 
[12:10:50.607401] EP IN  0x81 len=64 09ec200000007937845e388330000000000000000000000000000000000000000000000000000000000000000000000000000000000000000000000000000000
[12:10:50.608910] EP OUT 0x03 len=0 
[12:10:50.611217] EP OUT 0x03 len=0 
[12:10:50.613024] EP OUT 0x03 len=0 
[12:10:50.615227] EP OUT 0x03 len=0 
[12:10:50.619442] EP IN  0x81 len=64 09ed200000007847845f288330000000000000000000000000000000000000000000000000000000000000000000000000000000000000000000000000000000
[12:10:50.620710] EP OUT 0x03 len=0 
[12:10:50.623439] EP IN  0x81 len=64 09f0200000007837845f388330000000000000000000000000000000000000000000000000000000000000000000000000000000000000000000000000000000
[12:10:50.625305] EP OUT 0x03 len=0 
[12:10:50.627215] EP OUT 0x03 len=0 
[12:10:50.631436] EP IN  0x81 len=64 09f1200000007847845f288330000000000000000000000000000000000000000000000000000000000000000000000000000000000000000000000000000000
[12:10:50.632780] EP OUT 0x03 len=0 
[12:10:50.635403] EP IN  0x81 len=64 09f3200000007847845f288330000000000000000000000000000000000000000000000000000000000000000000000000000000000000000000000000000000
[12:10:50.636917] EP OUT 0x03 len=0 
[12:10:50.639244] EP OUT 0x03 len=0 
[12:10:50.641131] EP OUT 0x03 len=0 
[12:10:50.643286] EP OUT 0x03 len=0 
[12:10:50.647411] EP IN  0x81 len=64 09f4200000007847845f288330000000000000000000000000000000000000000000000000000000000000000000000000000000000000000000000000000000
[12:10:50.648550] EP OUT 0x03 len=0 
[12:10:50.651425] EP IN  0x81 len=64 09f7200000007847845f288330000000000000000000000000000000000000000000000000000000000000000000000000000000000000000000000000000000
[12:10:50.653313] EP OUT 0x03 len=0 
[12:10:50.655236] EP OUT 0x03 len=0 
[12:10:50.659421] EP IN  0x81 len=64 09f8200000007837845f288330000000000000000000000000000000000000000000000000000000000000000000000000000000000000000000000000000000
[12:10:50.660704] EP OUT 0x03 len=0 
[12:10:50.663344] EP IN  0x81 len=64 09fa200000007737845e288330000000000000000000000000000000000000000000000000000000000000000000000000000000000000000000000000000000
[12:10:50.664842] EP OUT 0x03 len=0 
[12:10:50.667226] EP OUT 0x03 len=0 
[12:10:50.669244] EP OUT 0x03 len=0 
[12:10:50.671105] EP OUT 0x03 len=0 
[12:10:50.672954] EP OUT 0x03 len=0 
[12:10:50.675424] EP IN  0x81 len=64 09fb200000007847845f288330000000000000000000000000000000000000000000000000000000000000000000000000000000000000000000000000000000
[12:10:50.676706] EP OUT 0x03 len=0 
[12:10:50.679325] EP IN  0x81 len=64 09fe200000007847845f288330000000000000000000000000000000000000000000000000000000000000000000000000000000000000000000000000000000
[12:10:50.680603] EP OUT 0x03 len=0 
[12:10:50.682335] EP OUT 0x03 len=0 
[12:10:50.684409] EP OUT 0x03 len=0 
[12:10:50.686385] EP OUT 0x03 len=0 
[12:10:50.688136] EP OUT 0x03 len=0 
[12:10:50.691342] EP IN  0x81 len=64 09ff200000007837845f388330000000000000000000000000000000000000000000000000000000000000000000000000000000000000000000000000000000
[12:10:50.692505] EP OUT 0x03 len=0 
[12:10:50.695336] EP IN  0x81 len=64 0902200000007847845f388330000000000000000000000000000000000000000000000000000000000000000000000000000000000000000000000000000000
[12:10:50.696706] EP OUT 0x03 len=0 
[12:10:50.698578] EP OUT 0x03 len=0 
[12:10:50.700498] EP OUT 0x03 len=0 
[12:10:50.702390] EP OUT 0x03 len=0 
[12:10:50.704314] EP OUT 0x03 len=0 
[12:10:50.707410] EP IN  0x81 len=64 0903200000007947845e388330000000000000000000000000000000000000000000000000000000000000000000000000000000000000000000000000000000
[12:10:50.708731] EP OUT 0x03 len=0 
[12:10:50.711406] EP IN  0x81 len=64 0906200000007747845e388330000000000000000000000000000000000000000000000000000000000000000000000000000000000000000000000000000000
[12:10:50.712936] EP OUT 0x03 len=0 
[12:10:50.715154] EP OUT 0x03 len=0 
[12:10:50.718295] EP OUT 0x03 len=0 
[12:10:50.720241] EP OUT 0x03 len=0 
[12:10:50.723354] EP IN  0x81 len=64 0907200000007837845f288330000000000000000000000000000000000000000000000000000000000000000000000000000000000000000000000000000000
[12:10:50.724520] EP OUT 0x03 len=0 
[12:10:50.727417] EP IN  0x81 len=64 090a200000007837845f288330000000000000000000000000000000000000000000000000000000000000000000000000000000000000000000000000000000
[12:10:50.728897] EP OUT 0x03 len=0 
[12:10:50.731191] EP OUT 0x03 len=0 
[12:10:50.733128] EP OUT 0x03 len=0 
[12:10:50.735022] EP OUT 0x03 len=0 
[12:10:50.739415] EP IN  0x81 len=64 090b200000007847845f288330000000000000000000000000000000000000000000000000000000000000000000000000000000000000000000000000000000
[12:10:50.740735] EP OUT 0x03 len=0 
[12:10:50.743447] EP IN  0x81 len=64 090e200000007847845f288330000000000000000000000000000000000000000000000000000000000000000000000000000000000000000000000000000000
[12:10:50.745318] EP OUT 0x03 len=0 
[12:10:50.747241] EP OUT 0x03 len=0 
[12:10:50.751434] EP IN  0x81 len=64 090f200000007847845f288330000000000000000000000000000000000000000000000000000000000000000000000000000000000000000000000000000000
[12:10:50.752774] EP OUT 0x03 len=0 
[12:10:50.755331] EP IN  0x81 len=64 0911200000007837845e288330000000000000000000000000000000000000000000000000000000000000000000000000000000000000000000000000000000
[12:10:50.756624] EP OUT 0x03 len=0 
[12:10:50.758443] EP OUT 0x03 len=0 
[12:10:50.760323] EP OUT 0x03 len=0 
[12:10:50.762173] EP OUT 0x03 len=0 
[12:10:50.764377] EP OUT 0x03 len=0 
[12:10:50.767434] EP IN  0x81 len=64 0912200000007837845f288330000000000000000000000000000000000000000000000000000000000000000000000000000000000000000000000000000000
[12:10:50.768757] EP OUT 0x03 len=0 
[12:10:50.771409] EP IN  0x81 len=64 0915200000007837845f288330000000000000000000000000000000000000000000000000000000000000000000000000000000000000000000000000000000
[12:10:50.772829] EP OUT 0x03 len=0 
[12:10:50.775215] EP OUT 0x03 len=0 
[12:10:50.777130] EP OUT 0x03 len=0 
[12:10:50.779010] EP OUT 0x03 len=0 
[12:10:50.783352] EP IN  0x81 len=64 0916200000007747845f388330000000000000000000000000000000000000000000000000000000000000000000000000000000000000000000000000000000
[12:10:50.784615] EP OUT 0x03 len=0 
[12:10:50.787414] EP IN  0x81 len=64 0919200000007737845e288330000000000000000000000000000000000000000000000000000000000000000000000000000000000000000000000000000000
[12:10:50.788822] EP OUT 0x03 len=0 
[12:10:50.791137] EP OUT 0x03 len=0 
[12:10:50.794302] EP OUT 0x03 len=0 
[12:10:50.796190] EP OUT 0x03 len=0 
[12:10:50.799327] EP IN  0x81 len=64 091a200000007747845f288330000000000000000000000000000000000000000000000000000000000000000000000000000000000000000000000000000000
[12:10:50.800621] EP OUT 0x03 len=0 
[12:10:50.803322] EP IN  0x81 len=64 091d200000007737845f388330000000000000000000000000000000000000000000000000000000000000000000000000000000000000000000000000000000
[12:10:50.804797] EP OUT 0x03 len=0 
[12:10:50.807280] EP OUT 0x03 len=0 
[12:10:50.809252] EP OUT 0x03 len=0 
[12:10:50.811085] EP OUT 0x03 len=0 
[12:10:50.812981] EP OUT 0x03 len=0 
[12:10:50.815340] EP IN  0x81 len=64 091e200000007837845f288330000000000000000000000000000000000000000000000000000000000000000000000000000000000000000000000000000000
[12:10:50.816625] EP OUT 0x03 len=0 
[12:10:50.819427] EP IN  0x81 len=64 0921200000007837845e388330000000000000000000000000000000000000000000000000000000000000000000000000000000000000000000000000000000
[12:10:50.820895] EP OUT 0x03 len=0 
[12:10:50.823221] EP OUT 0x03 len=0 
[12:10:50.825190] EP OUT 0x03 len=0 
[12:10:50.827038] EP OUT 0x03 len=0 
[12:10:50.828870] EP OUT 0x03 len=0 
[12:10:50.831319] EP IN  0x81 len=64 0922200000007837845f288330000000000000000000000000000000000000000000000000000000000000000000000000000000000000000000000000000000
[12:10:50.832555] EP OUT 0x03 len=0 
[12:10:50.835414] EP IN  0x81 len=64 0925200000007837845f288330000000000000000000000000000000000000000000000000000000000000000000000000000000000000000000000000000000
[12:10:50.836877] EP OUT 0x03 len=0 
[12:10:50.839134] EP OUT 0x03 len=0 
[12:10:50.842455] EP OUT 0x03 len=0 
[12:10:50.844308] EP OUT 0x03 len=0 
[12:10:50.847356] EP IN  0x81 len=64 0926200000007837845f288330000000000000000000000000000000000000000000000000000000000000000000000000000000000000000000000000000000
[12:10:50.848660] EP OUT 0x03 len=0 
[12:10:50.851422] EP IN  0x81 len=64 0929200000007747845e288330000000000000000000000000000000000000000000000000000000000000000000000000000000000000000000000000000000
[12:10:50.852954] EP OUT 0x03 len=0 
[12:10:50.855146] EP OUT 0x03 len=0 
[12:10:50.857091] EP OUT 0x03 len=0 
[12:10:50.858949] EP OUT 0x03 len=0 
[12:10:50.863316] EP IN  0x81 len=64 092a200000007847845f288330000000000000000000000000000000000000000000000000000000000000000000000000000000000000000000000000000000
[12:10:50.864449] EP OUT 0x03 len=0 
[12:10:50.867436] EP IN  0x81 len=64 092d200000007847845f288330000000000000000000000000000000000000000000000000000000000000000000000000000000000000000000000000000000
[12:10:50.869298] EP OUT 0x03 len=0 
[12:10:50.871162] EP OUT 0x03 len=0 
[12:10:50.875387] EP IN  0x81 len=64 092e200000007837845f388330000000000000000000000000000000000000000000000000000000000000000000000000000000000000000000000000000000
[12:10:50.876596] EP OUT 0x03 len=0 
[12:10:50.879405] EP IN  0x81 len=64 0930200000007837845e288330000000000000000000000000000000000000000000000000000000000000000000000000000000000000000000000000000000
[12:10:50.880888] EP OUT 0x03 len=0 
[12:10:50.883244] EP OUT 0x03 len=0 
[12:10:50.885255] EP OUT 0x03 len=0 
[12:10:50.887083] EP OUT 0x03 len=0 
[12:10:50.888896] EP OUT 0x03 len=0 
[12:10:50.891429] EP IN  0x81 len=64 09312000000078478460288330000000000000000000000000000000000000000000000000000000000000000000000000000000000000000000000000000000
[12:10:50.892652] EP OUT 0x03 len=0 
[12:10:50.895354] EP IN  0x81 len=64 0934200000007837845f388330000000000000000000000000000000000000000000000000000000000000000000000000000000000000000000000000000000
[12:10:50.896826] EP OUT 0x03 len=0 
[12:10:50.899231] EP OUT 0x03 len=0 
[12:10:50.900914] EP OUT 0x03 len=0 
[12:10:50.903333] EP OUT 0x03 len=0 
[12:10:50.907322] EP IN  0x81 len=64 0935200000007837845f288330000000000000000000000000000000000000000000000000000000000000000000000000000000000000000000000000000000
[12:10:50.908562] EP OUT 0x03 len=0 
[12:10:50.911351] EP IN  0x81 len=64 0938200000007737845f288330000000000000000000000000000000000000000000000000000000000000000000000000000000000000000000000000000000
[12:10:50.912826] EP OUT 0x03 len=0 
[12:10:50.915267] EP OUT 0x03 len=0 
[12:10:50.917231] EP OUT 0x03 len=0 
[12:10:50.919132] EP OUT 0x03 len=0 
[12:10:50.920917] EP OUT 0x03 len=0 
[12:10:50.923348] EP IN  0x81 len=64 0939200000007747845f288330000000000000000000000000000000000000000000000000000000000000000000000000000000000000000000000000000000
[12:10:50.924648] EP OUT 0x03 len=0 
[12:10:50.927353] EP IN  0x81 len=64 093c200000007847845f388330000000000000000000000000000000000000000000000000000000000000000000000000000000000000000000000000000000
[12:10:50.928803] EP OUT 0x03 len=0 
[12:10:50.931273] EP OUT 0x03 len=0 
[12:10:50.933293] EP OUT 0x03 len=0 
[12:10:50.935205] EP OUT 0x03 len=0 
[12:10:50.936922] EP OUT 0x03 len=0 
[12:10:50.939324] EP IN  0x81 len=64 093d200000007837845e288330000000000000000000000000000000000000000000000000000000000000000000000000000000000000000000000000000000
[12:10:50.940554] EP OUT 0x03 len=0 
[12:10:50.943408] EP IN  0x81 len=64 0940200000007747845f288330000000000000000000000000000000000000000000000000000000000000000000000000000000000000000000000000000000
[12:10:50.944910] EP OUT 0x03 len=0 
[12:10:50.947142] EP OUT 0x03 len=0 
[12:10:50.950464] EP OUT 0x03 len=0 
[12:10:50.952351] EP OUT 0x03 len=0 
[12:10:50.955429] EP IN  0x81 len=64 0941200000007837845e288330000000000000000000000000000000000000000000000000000000000000000000000000000000000000000000000000000000
[12:10:50.956672] EP OUT 0x03 len=0 
[12:10:50.959432] EP IN  0x81 len=64 0944200000007837845f288330000000000000000000000000000000000000000000000000000000000000000000000000000000000000000000000000000000
[12:10:50.961239] EP OUT 0x03 len=0 
[12:10:50.963274] EP OUT 0x03 len=0 
[12:10:50.967428] EP IN  0x81 len=64 0945200000007937845f388330000000000000000000000000000000000000000000000000000000000000000000000000000000000000000000000000000000
[12:10:50.968739] EP OUT 0x03 len=0 
[12:10:50.971322] EP IN  0x81 len=64 0947200000007937845f288330000000000000000000000000000000000000000000000000000000000000000000000000000000000000000000000000000000
[12:10:50.972597] EP OUT 0x03 len=0 
[12:10:50.974394] EP OUT 0x03 len=0 
[12:10:50.976361] EP OUT 0x03 len=0 
[12:10:50.978210] EP OUT 0x03 len=0 
[12:10:50.979928] EP OUT 0x03 len=0 
[12:10:50.983423] EP IN  0x81 len=64 0948200000007737845f288330000000000000000000000000000000000000000000000000000000000000000000000000000000000000000000000000000000
[12:10:50.984728] EP OUT 0x03 len=0 
[12:10:50.987384] EP IN  0x81 len=64 094b200000007847845f288330000000000000000000000000000000000000000000000000000000000000000000000000000000000000000000000000000000
[12:10:50.988805] EP OUT 0x03 len=0 
[12:10:50.991201] EP OUT 0x03 len=0 
[12:10:50.993118] EP OUT 0x03 len=0 
[12:10:50.994985] EP OUT 0x03 len=0 
[12:10:50.999340] EP IN  0x81 len=64 094c200000007837845f288330000000000000000000000000000000000000000000000000000000000000000000000000000000000000000000000000000000
[12:10:51.000642] EP OUT 0x03 len=0 
[12:10:51.003320] EP IN  0x81 len=64 094f200000007847845f288330000000000000000000000000000000000000000000000000000000000000000000000000000000000000000000000000000000
[12:10:51.004772] EP OUT 0x03 len=0 
[12:10:51.006596] EP OUT 0x03 len=0 
[12:10:51.008311] EP OUT 0x03 len=0 
[12:10:51.010201] EP OUT 0x03 len=0 
[12:10:51.012240] EP OUT 0x03 len=0 
[12:10:51.015333] EP IN  0x81 len=64 0950200000007837845f288330000000000000000000000000000000000000000000000000000000000000000000000000000000000000000000000000000000
[12:10:51.016602] EP OUT 0x03 len=0 
[12:10:51.019430] EP IN  0x81 len=64 09532000000078378460288330000000000000000000000000000000000000000000000000000000000000000000000000000000000000000000000000000000
[12:10:51.021197] EP OUT 0x03 len=0 
[12:10:51.023283] EP OUT 0x03 len=0 
[12:10:51.027421] EP IN  0x81 len=64 0954200000007837845e288330000000000000000000000000000000000000000000000000000000000000000000000000000000000000000000000000000000
[12:10:51.028681] EP OUT 0x03 len=0 
[12:10:51.031340] EP IN  0x81 len=64 0956200000007837845f288330000000000000000000000000000000000000000000000000000000000000000000000000000000000000000000000000000000
[12:10:51.032808] EP OUT 0x03 len=0 
[12:10:51.035326] EP OUT 0x03 len=0 
[12:10:51.037230] EP OUT 0x03 len=0 
[12:10:51.039050] EP OUT 0x03 len=0 
[12:10:51.043320] EP IN  0x81 len=64 0957200000007837845f388330000000000000000000000000000000000000000000000000000000000000000000000000000000000000000000000000000000
[12:10:51.044440] EP OUT 0x03 len=0 
[12:10:51.047338] EP IN  0x81 len=64 095a200000007847845e288330000000000000000000000000000000000000000000000000000000000000000000000000000000000000000000000000000000
[12:10:51.048849] EP OUT 0x03 len=0 
[12:10:51.051234] EP OUT 0x03 len=0 
[12:10:51.053221] EP OUT 0x03 len=0 
[12:10:51.054917] EP OUT 0x03 len=0 
[12:10:51.059418] EP IN  0x81 len=64 095b200000007847845e288330000000000000000000000000000000000000000000000000000000000000000000000000000000000000000000000000000000
[12:10:51.060694] EP OUT 0x03 len=0 
[12:10:51.063335] EP IN  0x81 len=64 095e200000007737845f288330000000000000000000000000000000000000000000000000000000000000000000000000000000000000000000000000000000
[12:10:51.064814] EP OUT 0x03 len=0 
[12:10:51.067303] EP OUT 0x03 len=0 
[12:10:51.069298] EP OUT 0x03 len=0 
[12:10:51.071102] EP OUT 0x03 len=0 
[12:10:51.072914] EP OUT 0x03 len=0 
[12:10:51.075414] EP IN  0x81 len=64 095f200000007847845e288330000000000000000000000000000000000000000000000000000000000000000000000000000000000000000000000000000000
[12:10:51.076657] EP OUT 0x03 len=0 
[12:10:51.079413] EP IN  0x81 len=64 0962200000007847845f288330000000000000000000000000000000000000000000000000000000000000000000000000000000000000000000000000000000
[12:10:51.080750] EP OUT 0x03 len=0 
[12:10:51.082389] EP OUT 0x03 len=0 
[12:10:51.084426] EP OUT 0x03 len=0 
[12:10:51.086386] EP OUT 0x03 len=0 
[12:10:51.088198] EP OUT 0x03 len=0 
[12:10:51.091336] EP IN  0x81 len=64 0963200000007837845d288330000000000000000000000000000000000000000000000000000000000000000000000000000000000000000000000000000000
[12:10:51.092645] EP OUT 0x03 len=0 
[12:10:51.095415] EP IN  0x81 len=64 0966200000007837845f288330000000000000000000000000000000000000000000000000000000000000000000000000000000000000000000000000000000
[12:10:51.096910] EP OUT 0x03 len=0 
[12:10:51.099259] EP OUT 0x03 len=0 
[12:10:51.101253] EP OUT 0x03 len=0 
[12:10:51.103158] EP OUT 0x03 len=0 
[12:10:51.104975] EP OUT 0x03 len=0 
[12:10:51.107395] EP IN  0x81 len=64 09672000000077378460288330000000000000000000000000000000000000000000000000000000000000000000000000000000000000000000000000000000
[12:10:51.108691] EP OUT 0x03 len=0 
[12:10:51.111418] EP IN  0x81 len=64 096a200000007837845f288330000000000000000000000000000000000000000000000000000000000000000000000000000000000000000000000000000000
[12:10:51.112834] EP OUT 0x03 len=0 
[12:10:51.115247] EP OUT 0x03 len=0 
[12:10:51.117154] EP OUT 0x03 len=0 
[12:10:51.119298] EP OUT 0x03 len=0 
[12:10:51.123437] EP IN  0x81 len=64 096b200000007837845e288330000000000000000000000000000000000000000000000000000000000000000000000000000000000000000000000000000000
[12:10:51.124685] EP OUT 0x03 len=0 
[12:10:51.127430] EP IN  0x81 len=64 096e200000007747845f388330000000000000000000000000000000000000000000000000000000000000000000000000000000000000000000000000000000
[12:10:51.129214] EP OUT 0x03 len=0 
[12:10:51.131132] EP OUT 0x03 len=0 
[12:10:51.135416] EP IN  0x81 len=64 096f200000007737845f388330000000000000000000000000000000000000000000000000000000000000000000000000000000000000000000000000000000
[12:10:51.136798] EP OUT 0x03 len=0 
[12:10:51.139438] EP IN  0x81 len=64 0971200000007837845f288330000000000000000000000000000000000000000000000000000000000000000000000000000000000000000000000000000000
[12:10:51.141316] EP OUT 0x03 len=0 
[12:10:51.143266] EP OUT 0x03 len=0 
[12:10:51.147420] EP IN  0x81 len=64 0972200000007837845f288330000000000000000000000000000000000000000000000000000000000000000000000000000000000000000000000000000000
[12:10:51.148737] EP OUT 0x03 len=0 
[12:10:51.151433] EP IN  0x81 len=64 0974200000007837845f288330000000000000000000000000000000000000000000000000000000000000000000000000000000000000000000000000000000
[12:10:51.153264] EP OUT 0x03 len=0 
[12:10:51.155136] EP OUT 0x03 len=0 
[12:10:51.159448] EP IN  0x81 len=64 0975200000007737845f288330000000000000000000000000000000000000000000000000000000000000000000000000000000000000000000000000000000
[12:10:51.160689] EP OUT 0x03 len=0 
[12:10:51.163328] EP IN  0x81 len=64 0977200000007737845f288330000000000000000000000000000000000000000000000000000000000000000000000000000000000000000000000000000000
[12:10:51.164645] EP OUT 0x03 len=0 
[12:10:51.166393] EP OUT 0x03 len=0 
[12:10:51.168400] EP OUT 0x03 len=0 
[12:10:51.170265] EP OUT 0x03 len=0 
[12:10:51.172148] EP OUT 0x03 len=0 
[12:10:51.175333] EP IN  0x81 len=64 0978200000007837845f388330000000000000000000000000000000000000000000000000000000000000000000000000000000000000000000000000000000
[12:10:51.176534] EP OUT 0x03 len=0 
[12:10:51.179351] EP IN  0x81 len=64 097b200000007837845e288330000000000000000000000000000000000000000000000000000000000000000000000000000000000000000000000000000000
[12:10:51.180853] EP OUT 0x03 len=0 
[12:10:51.183189] EP OUT 0x03 len=0 
[12:10:51.185147] EP OUT 0x03 len=0 
[12:10:51.186944] EP OUT 0x03 len=0 
[12:10:51.191324] EP IN  0x81 len=64 097c200000007837845e288330000000000000000000000000000000000000000000000000000000000000000000000000000000000000000000000000000000
[12:10:51.192448] EP OUT 0x03 len=0 
[12:10:51.195338] EP IN  0x81 len=64 097f200000007837845e288330000000000000000000000000000000000000000000000000000000000000000000000000000000000000000000000000000000
[12:10:51.196659] EP OUT 0x03 len=0 
[12:10:51.198343] EP OUT 0x03 len=0 
[12:10:51.200345] EP OUT 0x03 len=0 
[12:10:51.202286] EP OUT 0x03 len=0 
[12:10:51.204247] EP OUT 0x03 len=0 
[12:10:51.207338] EP IN  0x81 len=64 0980200000007847845f388330000000000000000000000000000000000000000000000000000000000000000000000000000000000000000000000000000000
[12:10:51.208655] EP OUT 0x03 len=0 
[12:10:51.211409] EP IN  0x81 len=64 0983200000007837845e288330000000000000000000000000000000000000000000000000000000000000000000000000000000000000000000000000000000
[12:10:51.213284] EP OUT 0x03 len=0 
[12:10:51.215254] EP OUT 0x03 len=0 
[12:10:51.219414] EP IN  0x81 len=64 0984200000007737845f388330000000000000000000000000000000000000000000000000000000000000000000000000000000000000000000000000000000
[12:10:51.220689] EP OUT 0x03 len=0 
[12:10:51.223424] EP IN  0x81 len=64 0986200000007837845f288330000000000000000000000000000000000000000000000000000000000000000000000000000000000000000000000000000000
[12:10:51.224929] EP OUT 0x03 len=0 
[12:10:51.227259] EP OUT 0x03 len=0 
[12:10:51.229149] EP OUT 0x03 len=0 
[12:10:51.231301] EP OUT 0x03 len=0 
[12:10:51.235342] EP IN  0x81 len=64 0987200000007837845f388330000000000000000000000000000000000000000000000000000000000000000000000000000000000000000000000000000000
[12:10:51.236618] EP OUT 0x03 len=0 
[12:10:51.239328] EP IN  0x81 len=64 098a200000007847845f388330000000000000000000000000000000000000000000000000000000000000000000000000000000000000000000000000000000
[12:10:51.240669] EP OUT 0x03 len=0 
[12:10:51.242506] EP OUT 0x03 len=0 
[12:10:51.244349] EP OUT 0x03 len=0 
[12:10:51.246235] EP OUT 0x03 len=0 
[12:10:51.248080] EP OUT 0x03 len=0 
[12:10:51.249891] EP OUT 0x03 len=0 
[12:10:51.255422] EP IN  0x81 len=64 098b200000007747845f288330000000000000000000000000000000000000000000000000000000000000000000000000000000000000000000000000000000
[12:10:51.256744] EP OUT 0x03 len=0 
[12:10:51.259423] EP IN  0x81 len=64 098f200000007837845e388330000000000000000000000000000000000000000000000000000000000000000000000000000000000000000000000000000000
[12:10:51.261329] EP OUT 0x03 len=0 
[12:10:51.263125] EP OUT 0x03 len=0 
[12:10:51.267447] EP IN  0x81 len=64 0990200000007737845e288330000000000000000000000000000000000000000000000000000000000000000000000000000000000000000000000000000000
[12:10:51.268807] EP OUT 0x03 len=0 
[12:10:51.271406] EP IN  0x81 len=64 0992200000007837845f288330000000000000000000000000000000000000000000000000000000000000000000000000000000000000000000000000000000
[12:10:51.272720] EP OUT 0x03 len=0 
[12:10:51.274432] EP OUT 0x03 len=0 
[12:10:51.276324] EP OUT 0x03 len=0 
[12:10:51.278230] EP OUT 0x03 len=0 
[12:10:51.280107] EP OUT 0x03 len=0 
[12:10:51.281980] EP OUT 0x03 len=0 
[12:10:51.287324] EP IN  0x81 len=64 0993200000007837845f288330000000000000000000000000000000000000000000000000000000000000000000000000000000000000000000000000000000
[12:10:51.288535] EP OUT 0x03 len=0 
[12:10:51.291416] EP IN  0x81 len=64 0997200000007847845f288330000000000000000000000000000000000000000000000000000000000000000000000000000000000000000000000000000000
[12:10:51.292885] EP OUT 0x03 len=0 
[12:10:51.295213] EP OUT 0x03 len=0 
[12:10:51.297196] EP OUT 0x03 len=0 
[12:10:51.299023] EP OUT 0x03 len=0 
[12:10:51.303349] EP IN  0x81 len=64 0998200000007837845f388330000000000000000000000000000000000000000000000000000000000000000000000000000000000000000000000000000000
[12:10:51.304533] EP OUT 0x03 len=0 
[12:10:51.307319] EP IN  0x81 len=64 099b200000007847845f288330000000000000000000000000000000000000000000000000000000000000000000000000000000000000000000000000000000
[12:10:51.308770] EP OUT 0x03 len=0 
[12:10:51.310613] EP OUT 0x03 len=0 
[12:10:51.312589] EP OUT 0x03 len=0 
[12:10:51.314424] EP OUT 0x03 len=0 
[12:10:51.316369] EP OUT 0x03 len=0 
[12:10:51.319354] EP IN  0x81 len=64 099c200000007827845f288330000000000000000000000000000000000000000000000000000000000000000000000000000000000000000000000000000000
[12:10:51.320569] EP OUT 0x03 len=0 
[12:10:51.323444] EP IN  0x81 len=64 099f200000007837845f288330000000000000000000000000000000000000000000000000000000000000000000000000000000000000000000000000000000
[12:10:51.325255] EP OUT 0x03 len=0 
[12:10:51.327277] EP OUT 0x03 len=0 
[12:10:51.331347] EP IN  0x81 len=64 09a0200000007847845e288330000000000000000000000000000000000000000000000000000000000000000000000000000000000000000000000000000000
[12:10:51.332639] EP OUT 0x03 len=0 
[12:10:51.335421] EP IN  0x81 len=64 09a2200000007937845e288330000000000000000000000000000000000000000000000000000000000000000000000000000000000000000000000000000000
[12:10:51.336917] EP OUT 0x03 len=0 
[12:10:51.339153] EP OUT 0x03 len=0 
[12:10:51.341018] EP OUT 0x03 len=0 
[12:10:51.343407] EP OUT 0x03 len=0 
[12:10:51.345283] EP OUT 0x03 len=0 
[12:10:51.351928] EP OUT 0x03 len=0 
[12:10:51.355330] EP IN  0x81 len=64 09a3200000007837845f388330000000000000000000000000000000000000000000000000000000000000000000000000000000000000000000000000000000
[12:10:51.356549] EP OUT 0x03 len=0 
[12:10:51.359412] EP IN  0x81 len=64 09a8200000007847845f288330000000000000000000000000000000000000000000000000000000000000000000000000000000000000000000000000000000
[12:10:51.360851] EP OUT 0x03 len=0 
[12:10:51.363233] EP OUT 0x03 len=0 
[12:10:51.365202] EP OUT 0x03 len=0 
[12:10:51.367087] EP OUT 0x03 len=0 
[12:10:51.368970] EP OUT 0x03 len=0 
[12:10:51.371322] EP IN  0x81 len=64 09a9200000007837845f288330000000000000000000000000000000000000000000000000000000000000000000000000000000000000000000000000000000
[12:10:51.372451] EP OUT 0x03 len=0 
[12:10:51.375335] EP IN  0x81 len=64 09ac200000007837845e388330000000000000000000000000000000000000000000000000000000000000000000000000000000000000000000000000000000
[12:10:51.376764] EP OUT 0x03 len=0 
[12:10:51.379181] EP OUT 0x03 len=0 
[12:10:51.382325] EP OUT 0x03 len=0 
[12:10:51.384292] EP OUT 0x03 len=0 
[12:10:51.387335] EP IN  0x81 len=64 09ad200000007737845f288330000000000000000000000000000000000000000000000000000000000000000000000000000000000000000000000000000000
[12:10:51.388561] EP OUT 0x03 len=0 
[12:10:51.391357] EP IN  0x81 len=64 09b0200000007847845e288330000000000000000000000000000000000000000000000000000000000000000000000000000000000000000000000000000000
[12:10:51.392819] EP OUT 0x03 len=0 
[12:10:51.395245] EP OUT 0x03 len=0 
[12:10:51.397091] EP OUT 0x03 len=0 
[12:10:51.398982] EP OUT 0x03 len=0 
[12:10:51.403321] EP IN  0x81 len=64 09b1200000007847845f288330000000000000000000000000000000000000000000000000000000000000000000000000000000000000000000000000000000
[12:10:51.404443] EP OUT 0x03 len=0 
[12:10:51.407343] EP IN  0x81 len=64 09b4200000007737845e388330000000000000000000000000000000000000000000000000000000000000000000000000000000000000000000000000000000
[12:10:51.408863] EP OUT 0x03 len=0 
[12:10:51.411262] EP OUT 0x03 len=0 
[12:10:51.413091] EP OUT 0x03 len=0 
[12:10:51.415273] EP OUT 0x03 len=0 
[12:10:51.419434] EP IN  0x81 len=64 09b5200000007837845f288330000000000000000000000000000000000000000000000000000000000000000000000000000000000000000000000000000000
[12:10:51.420700] EP OUT 0x03 len=0 
[12:10:51.423430] EP IN  0x81 len=64 09b8200000007737845f288330000000000000000000000000000000000000000000000000000000000000000000000000000000000000000000000000000000
[12:10:51.425237] EP OUT 0x03 len=0 
[12:10:51.427231] EP OUT 0x03 len=0 
[12:10:51.431433] EP IN  0x81 len=64 09b9200000007837845f188330000000000000000000000000000000000000000000000000000000000000000000000000000000000000000000000000000000
[12:10:51.432754] EP OUT 0x03 len=0 
[12:10:51.435337] EP IN  0x81 len=64 09bb200000007837845f288330000000000000000000000000000000000000000000000000000000000000000000000000000000000000000000000000000000
[12:10:51.436792] EP OUT 0x03 len=0 
[12:10:51.439200] EP OUT 0x03 len=0 
[12:10:51.441109] EP OUT 0x03 len=0 
[12:10:51.443251] EP OUT 0x03 len=0 
[12:10:51.447408] EP IN  0x81 len=64 09bc200000007837845e388330000000000000000000000000000000000000000000000000000000000000000000000000000000000000000000000000000000
[12:10:51.448545] EP OUT 0x03 len=0 
[12:10:51.451426] EP IN  0x81 len=64 09bf200000007847845e388330000000000000000000000000000000000000000000000000000000000000000000000000000000000000000000000000000000
[12:10:51.453320] EP OUT 0x03 len=0 
[12:10:51.455207] EP OUT 0x03 len=0 
[12:10:51.459421] EP IN  0x81 len=64 09c0200000007747845f288330000000000000000000000000000000000000000000000000000000000000000000000000000000000000000000000000000000
[12:10:51.460698] EP OUT 0x03 len=0 
[12:10:51.463352] EP IN  0x81 len=64 09c2200000007837845f388330000000000000000000000000000000000000000000000000000000000000000000000000000000000000000000000000000000
[12:10:51.464870] EP OUT 0x03 len=0 
[12:10:51.467218] EP OUT 0x03 len=0 
[12:10:51.469236] EP OUT 0x03 len=0 
[12:10:51.471043] EP OUT 0x03 len=0 
[12:10:51.475348] EP IN  0x81 len=64 09c3200000007837845f188330000000000000000000000000000000000000000000000000000000000000000000000000000000000000000000000000000000
[12:10:51.476607] EP OUT 0x03 len=0 
[12:10:51.479325] EP IN  0x81 len=64 09c6200000007837845f388330000000000000000000000000000000000000000000000000000000000000000000000000000000000000000000000000000000
[12:10:51.480610] EP OUT 0x03 len=0 
[12:10:51.482285] EP OUT 0x03 len=0 
[12:10:51.484375] EP OUT 0x03 len=0 
[12:10:51.486207] EP OUT 0x03 len=0 
[12:10:51.488119] EP OUT 0x03 len=0 
[12:10:51.491342] EP IN  0x81 len=64 09c7200000007837845f288330000000000000000000000000000000000000000000000000000000000000000000000000000000000000000000000000000000
[12:10:51.492473] EP OUT 0x03 len=0 
[12:10:51.495338] EP IN  0x81 len=64 09ca200000007847845f288330000000000000000000000000000000000000000000000000000000000000000000000000000000000000000000000000000000
[12:10:51.496665] EP OUT 0x03 len=0 
[12:10:51.498474] EP OUT 0x03 len=0 
[12:10:51.500393] EP OUT 0x03 len=0 
[12:10:51.502241] EP OUT 0x03 len=0 
[12:10:51.503991] EP OUT 0x03 len=0 
[12:10:51.507407] EP IN  0x81 len=64 09cb200000007747845f288330000000000000000000000000000000000000000000000000000000000000000000000000000000000000000000000000000000
[12:10:51.508687] EP OUT 0x03 len=0 
[12:10:51.511419] EP IN  0x81 len=64 09ce200000007847845f388330000000000000000000000000000000000000000000000000000000000000000000000000000000000000000000000000000000
[12:10:51.512753] EP OUT 0x03 len=0 
[12:10:51.514368] EP OUT 0x03 len=0 
[12:10:51.516296] EP OUT 0x03 len=0 
[12:10:51.518161] EP OUT 0x03 len=0 
[12:10:51.519964] EP OUT 0x03 len=0 
[12:10:51.523325] EP IN  0x81 len=64 09cf200000007737845f388330000000000000000000000000000000000000000000000000000000000000000000000000000000000000000000000000000000
[12:10:51.524508] EP OUT 0x03 len=0 
[12:10:51.527354] EP IN  0x81 len=64 09d2200000007837845f388330000000000000000000000000000000000000000000000000000000000000000000000000000000000000000000000000000000
[12:10:51.528778] EP OUT 0x03 len=0 
[12:10:51.530507] EP OUT 0x03 len=0 
[12:10:51.532454] EP OUT 0x03 len=0 
[12:10:51.534302] EP OUT 0x03 len=0 
[12:10:51.536229] EP OUT 0x03 len=0 
[12:10:51.539427] EP IN  0x81 len=64 09d3200000007747845f288330000000000000000000000000000000000000000000000000000000000000000000000000000000000000000000000000000000
[12:10:51.540754] EP OUT 0x03 len=0 
[12:10:51.543436] EP IN  0x81 len=64 09d6200000007837845f388330000000000000000000000000000000000000000000000000000000000000000000000000000000000000000000000000000000
[12:10:51.545309] EP OUT 0x03 len=0 
[12:10:51.547071] EP OUT 0x03 len=0 
[12:10:51.551434] EP IN  0x81 len=64 09d7200000007737845f288330000000000000000000000000000000000000000000000000000000000000000000000000000000000000000000000000000000
[12:10:51.552765] EP OUT 0x03 len=0 
[12:10:51.555341] EP IN  0x81 len=64 09d9200000007837845f288330000000000000000000000000000000000000000000000000000000000000000000000000000000000000000000000000000000
[12:10:51.556662] EP OUT 0x03 len=0 
[12:10:51.558373] EP OUT 0x03 len=0 
[12:10:51.560352] EP OUT 0x03 len=0 
[12:10:51.562300] EP OUT 0x03 len=0 
[12:10:51.564257] EP OUT 0x03 len=0 
[12:10:51.567357] EP IN  0x81 len=64 09da200000007837845f188330000000000000000000000000000000000000000000000000000000000000000000000000000000000000000000000000000000
[12:10:51.568678] EP OUT 0x03 len=0 
[12:10:51.571427] EP IN  0x81 len=64 09dd200000007837845e288330000000000000000000000000000000000000000000000000000000000000000000000000000000000000000000000000000000
[12:10:51.572853] EP OUT 0x03 len=0 
[12:10:51.575241] EP OUT 0x03 len=0 
[12:10:51.577168] EP OUT 0x03 len=0 
[12:10:51.579041] EP OUT 0x03 len=0 
[12:10:51.583328] EP IN  0x81 len=64 09de200000007837845f388330000000000000000000000000000000000000000000000000000000000000000000000000000000000000000000000000000000
[12:10:51.584422] EP OUT 0x03 len=0 
[12:10:51.587325] EP IN  0x81 len=64 09e1200000007837845f288330000000000000000000000000000000000000000000000000000000000000000000000000000000000000000000000000000000
[12:10:51.588631] EP OUT 0x03 len=0 
[12:10:51.590317] EP OUT 0x03 len=0 
[12:10:51.592310] EP OUT 0x03 len=0 
[12:10:51.594117] EP OUT 0x03 len=0 
[12:10:51.595896] EP OUT 0x03 len=0 
[12:10:51.599344] EP IN  0x81 len=64 09e2200000007837845f288330000000000000000000000000000000000000000000000000000000000000000000000000000000000000000000000000000000
[12:10:51.600658] EP OUT 0x03 len=0 
[12:10:51.603317] EP IN  0x81 len=64 09e5200000007837845f288330000000000000000000000000000000000000000000000000000000000000000000000000000000000000000000000000000000
[12:10:51.604786] EP OUT 0x03 len=0 
[12:10:51.606598] EP OUT 0x03 len=0 
[12:10:51.608542] EP OUT 0x03 len=0 
[12:10:51.610315] EP OUT 0x03 len=0 
[12:10:51.612287] EP OUT 0x03 len=0 
[12:10:51.615413] EP IN  0x81 len=64 09e6200000007847845f288330000000000000000000000000000000000000000000000000000000000000000000000000000000000000000000000000000000
[12:10:51.616728] EP OUT 0x03 len=0 
[12:10:51.619348] EP IN  0x81 len=64 09e9200000007837845f288330000000000000000000000000000000000000000000000000000000000000000000000000000000000000000000000000000000
[12:10:51.620733] EP OUT 0x03 len=0 
[12:10:51.622363] EP OUT 0x03 len=0 
[12:10:51.624339] EP OUT 0x03 len=0 
[12:10:51.626257] EP OUT 0x03 len=0 
[12:10:51.628199] EP OUT 0x03 len=0 
[12:10:51.631416] EP IN  0x81 len=64 09ea200000007847845f288330000000000000000000000000000000000000000000000000000000000000000000000000000000000000000000000000000000
[12:10:51.632574] EP OUT 0x03 len=0 
[12:10:51.635409] EP IN  0x81 len=64 09ed200000007837845e288330000000000000000000000000000000000000000000000000000000000000000000000000000000000000000000000000000000
[12:10:51.636904] EP OUT 0x03 len=0 
[12:10:51.639165] EP OUT 0x03 len=0 
[12:10:51.641114] EP OUT 0x03 len=0 
[12:10:51.642917] EP OUT 0x03 len=0 
[12:10:51.647422] EP IN  0x81 len=64 09ee200000007837845f288330000000000000000000000000000000000000000000000000000000000000000000000000000000000000000000000000000000
[12:10:51.648689] EP OUT 0x03 len=0 
[12:10:51.651442] EP IN  0x81 len=64 09f1200000007837845f288330000000000000000000000000000000000000000000000000000000000000000000000000000000000000000000000000000000
[12:10:51.653289] EP OUT 0x03 len=0 
[12:10:51.655121] EP OUT 0x03 len=0 
[12:10:51.659418] EP IN  0x81 len=64 09f2200000007737845f288330000000000000000000000000000000000000000000000000000000000000000000000000000000000000000000000000000000
[12:10:51.660718] EP OUT 0x03 len=0 
[12:10:51.663329] EP IN  0x81 len=64 09f4200000007837845f288330000000000000000000000000000000000000000000000000000000000000000000000000000000000000000000000000000000
[12:10:51.664650] EP OUT 0x03 len=0 
[12:10:51.666341] EP OUT 0x03 len=0 
[12:10:51.668455] EP OUT 0x03 len=0 
[12:10:51.670316] EP OUT 0x03 len=0 
[12:10:51.672129] EP OUT 0x03 len=0 
[12:10:51.675412] EP IN  0x81 len=64 09f5200000007847845f288330000000000000000000000000000000000000000000000000000000000000000000000000000000000000000000000000000000
[12:10:51.676636] EP OUT 0x03 len=0 
[12:10:51.679334] EP IN  0x81 len=64 09f8200000007847845f288330000000000000000000000000000000000000000000000000000000000000000000000000000000000000000000000000000000
[12:10:51.680749] EP OUT 0x03 len=0 
[12:10:51.683278] EP OUT 0x03 len=0 
[12:10:51.685274] EP OUT 0x03 len=0 
[12:10:51.687061] EP OUT 0x03 len=0 
[12:10:51.691319] EP IN  0x81 len=64 09f9200000007747845f288330000000000000000000000000000000000000000000000000000000000000000000000000000000000000000000000000000000
[12:10:51.692419] EP OUT 0x03 len=0 
[12:10:51.695397] EP IN  0x81 len=64 09fc200000007837845e288330000000000000000000000000000000000000000000000000000000000000000000000000000000000000000000000000000000
[12:10:51.696724] EP OUT 0x03 len=0 
[12:10:51.698405] EP OUT 0x03 len=0 
[12:10:51.700411] EP OUT 0x03 len=0 
[12:10:51.702324] EP OUT 0x03 len=0 
[12:10:51.704205] EP OUT 0x03 len=0 
[12:10:51.707401] EP IN  0x81 len=64 09fd200000007847845f288330000000000000000000000000000000000000000000000000000000000000000000000000000000000000000000000000000000
[12:10:51.708723] EP OUT 0x03 len=0 
[12:10:51.711439] EP IN  0x81 len=64 0900200000007847845f288330000000000000000000000000000000000000000000000000000000000000000000000000000000000000000000000000000000
[12:10:51.713270] EP OUT 0x03 len=0 
[12:10:51.715211] EP OUT 0x03 len=0 
[12:10:51.719418] EP IN  0x81 len=64 0901200000007847845f288330000000000000000000000000000000000000000000000000000000000000000000000000000000000000000000000000000000
[12:10:51.720588] EP OUT 0x03 len=0 
[12:10:51.723465] EP IN  0x81 len=64 0903200000007847845f288330000000000000000000000000000000000000000000000000000000000000000000000000000000000000000000000000000000
[12:10:51.725266] EP OUT 0x03 len=0 
[12:10:51.727258] EP OUT 0x03 len=0 
[12:10:51.731395] EP IN  0x81 len=64 0904200000007847845e288330000000000000000000000000000000000000000000000000000000000000000000000000000000000000000000000000000000
[12:10:51.732621] EP OUT 0x03 len=0 
[12:10:51.735420] EP IN  0x81 len=64 0906200000007937845f388330000000000000000000000000000000000000000000000000000000000000000000000000000000000000000000000000000000
[12:10:51.736877] EP OUT 0x03 len=0 
[12:10:51.739155] EP OUT 0x03 len=0 
[12:10:51.742535] EP OUT 0x03 len=0 
[12:10:51.744353] EP OUT 0x03 len=0 
[12:10:51.747428] EP IN  0x81 len=64 0907200000007737845f288330000000000000000000000000000000000000000000000000000000000000000000000000000000000000000000000000000000
[12:10:51.748729] EP OUT 0x03 len=0 
[12:10:51.751426] EP IN  0x81 len=64 090a200000007837845f188330000000000000000000000000000000000000000000000000000000000000000000000000000000000000000000000000000000
[12:10:51.752918] EP OUT 0x03 len=0 
[12:10:51.755189] EP OUT 0x03 len=0 
[12:10:51.757131] EP OUT 0x03 len=0 
[12:10:51.758970] EP OUT 0x03 len=0 
[12:10:51.763321] EP IN  0x81 len=64 090b200000007837845f288330000000000000000000000000000000000000000000000000000000000000000000000000000000000000000000000000000000
[12:10:51.764409] EP OUT 0x03 len=0 
[12:10:51.767426] EP IN  0x81 len=64 090e200000007847845f288330000000000000000000000000000000000000000000000000000000000000000000000000000000000000000000000000000000
[12:10:51.768907] EP OUT 0x03 len=0 
[12:10:51.771145] EP OUT 0x03 len=0 
[12:10:51.774361] EP OUT 0x03 len=0 
[12:10:51.776235] EP OUT 0x03 len=0 
[12:10:51.779418] EP IN  0x81 len=64 090f200000007837845f288330000000000000000000000000000000000000000000000000000000000000000000000000000000000000000000000000000000
[12:10:51.780653] EP OUT 0x03 len=0 
[12:10:51.783411] EP IN  0x81 len=64 0912200000007847845f288330000000000000000000000000000000000000000000000000000000000000000000000000000000000000000000000000000000
[12:10:51.784865] EP OUT 0x03 len=0 
[12:10:51.787167] EP OUT 0x03 len=0 
[12:10:51.789039] EP OUT 0x03 len=0 
[12:10:51.790918] EP OUT 0x03 len=0 
[12:10:51.795335] EP IN  0x81 len=64 0913200000007737845f288330000000000000000000000000000000000000000000000000000000000000000000000000000000000000000000000000000000
[12:10:51.796499] EP OUT 0x03 len=0 
[12:10:51.799318] EP IN  0x81 len=64 0916200000007837845f288330000000000000000000000000000000000000000000000000000000000000000000000000000000000000000000000000000000
[12:10:51.800580] EP OUT 0x03 len=0 
[12:10:51.802228] EP OUT 0x03 len=0 
[12:10:51.804273] EP OUT 0x03 len=0 
[12:10:51.806189] EP OUT 0x03 len=0 
[12:10:51.808271] EP OUT 0x03 len=0 
[12:10:51.811412] EP IN  0x81 len=64 0917200000007847845f388330000000000000000000000000000000000000000000000000000000000000000000000000000000000000000000000000000000
[12:10:51.812745] EP OUT 0x03 len=0 
[12:10:51.815338] EP IN  0x81 len=64 091a200000007847845f188330000000000000000000000000000000000000000000000000000000000000000000000000000000000000000000000000000000
[12:10:51.816769] EP OUT 0x03 len=0 
[12:10:51.819246] EP OUT 0x03 len=0 
[12:10:51.821187] EP OUT 0x03 len=0 
[12:10:51.823026] EP OUT 0x03 len=0 
[12:10:51.827425] EP IN  0x81 len=64 091b200000007837845e288330000000000000000000000000000000000000000000000000000000000000000000000000000000000000000000000000000000
[12:10:51.828738] EP OUT 0x03 len=0 
[12:10:51.831454] EP IN  0x81 len=64 091e200000007737845f288330000000000000000000000000000000000000000000000000000000000000000000000000000000000000000000000000000000
[12:10:51.833280] EP OUT 0x03 len=0 
[12:10:51.835269] EP OUT 0x03 len=0 
[12:10:51.839328] EP IN  0x81 len=64 091f200000007847845e288330000000000000000000000000000000000000000000000000000000000000000000000000000000000000000000000000000000
[12:10:51.840581] EP OUT 0x03 len=0 
[12:10:51.843432] EP IN  0x81 len=64 0921200000007747845f288330000000000000000000000000000000000000000000000000000000000000000000000000000000000000000000000000000000
[12:10:51.845295] EP OUT 0x03 len=0 
[12:10:51.847117] EP OUT 0x03 len=0 
[12:10:51.851424] EP IN  0x81 len=64 0922200000007837845f288330000000000000000000000000000000000000000000000000000000000000000000000000000000000000000000000000000000
[12:10:51.852763] EP OUT 0x03 len=0 
[12:10:51.855343] EP IN  0x81 len=64 0924200000007837845f288330000000000000000000000000000000000000000000000000000000000000000000000000000000000000000000000000000000
[12:10:51.856719] EP OUT 0x03 len=0 
[12:10:51.858615] EP OUT 0x03 len=0 
[12:10:51.860594] EP OUT 0x03 len=0 
[12:10:51.862455] EP OUT 0x03 len=0 
[12:10:51.864306] EP OUT 0x03 len=0 
[12:10:51.867406] EP IN  0x81 len=64 0925200000007837845f288330000000000000000000000000000000000000000000000000000000000000000000000000000000000000000000000000000000
[12:10:51.868717] EP OUT 0x03 len=0 
[12:10:51.871327] EP IN  0x81 len=64 0928200000007837845f288330000000000000000000000000000000000000000000000000000000000000000000000000000000000000000000000000000000
[12:10:51.872625] EP OUT 0x03 len=0 
[12:10:51.874449] EP OUT 0x03 len=0 
[12:10:51.876330] EP OUT 0x03 len=0 
[12:10:51.878199] EP OUT 0x03 len=0 
[12:10:51.879916] EP OUT 0x03 len=0 
[12:10:51.883341] EP IN  0x81 len=64 0929200000007827845f388330000000000000000000000000000000000000000000000000000000000000000000000000000000000000000000000000000000
[12:10:51.884624] EP OUT 0x03 len=0 
[12:10:51.887385] EP IN  0x81 len=64 092c200000007837845f288330000000000000000000000000000000000000000000000000000000000000000000000000000000000000000000000000000000
[12:10:51.888770] EP OUT 0x03 len=0 
[12:10:51.890599] EP OUT 0x03 len=0 
[12:10:51.892590] EP OUT 0x03 len=0 
[12:10:51.894425] EP OUT 0x03 len=0 
[12:10:51.896363] EP OUT 0x03 len=0 
[12:10:51.899332] EP IN  0x81 len=64 092d200000007847845e388330000000000000000000000000000000000000000000000000000000000000000000000000000000000000000000000000000000
[12:10:51.900644] EP OUT 0x03 len=0 
[12:10:51.903321] EP IN  0x81 len=64 0930200000007837845f288330000000000000000000000000000000000000000000000000000000000000000000000000000000000000000000000000000000
[12:10:51.904774] EP OUT 0x03 len=0 
[12:10:51.906626] EP OUT 0x03 len=0 
[12:10:51.908353] EP OUT 0x03 len=0 
[12:10:51.910188] EP OUT 0x03 len=0 
[12:10:51.912182] EP OUT 0x03 len=0 
[12:10:51.915326] EP IN  0x81 len=64 0931200000007847845f288330000000000000000000000000000000000000000000000000000000000000000000000000000000000000000000000000000000
[12:10:51.916558] EP OUT 0x03 len=0 
[12:10:51.919420] EP IN  0x81 len=64 0934200000007737845f288330000000000000000000000000000000000000000000000000000000000000000000000000000000000000000000000000000000
[12:10:51.920830] EP OUT 0x03 len=0 
[12:10:51.923230] EP OUT 0x03 len=0 
[12:10:51.925185] EP OUT 0x03 len=0 
[12:10:51.926978] EP OUT 0x03 len=0 
[12:10:51.931435] EP IN  0x81 len=64 0935200000007847845f288330000000000000000000000000000000000000000000000000000000000000000000000000000000000000000000000000000000
[12:10:51.932756] EP OUT 0x03 len=0 
[12:10:51.935404] EP IN  0x81 len=64 0938200000007837845f288330000000000000000000000000000000000000000000000000000000000000000000000000000000000000000000000000000000
[12:10:51.936864] EP OUT 0x03 len=0 
[12:10:51.939137] EP OUT 0x03 len=0 
[12:10:51.941119] EP OUT 0x03 len=0 
[12:10:51.942920] EP OUT 0x03 len=0 
[12:10:51.947318] EP IN  0x81 len=64 0939200000007837845f388330000000000000000000000000000000000000000000000000000000000000000000000000000000000000000000000000000000
[12:10:51.948512] EP OUT 0x03 len=0 
[12:10:51.951440] EP IN  0x81 len=64 093c200000007737845e288330000000000000000000000000000000000000000000000000000000000000000000000000000000000000000000000000000000
[12:10:51.953214] EP OUT 0x03 len=0 
[12:10:51.955157] EP OUT 0x03 len=0 
[12:10:51.959411] EP IN  0x81 len=64 093d200000007847845f388330000000000000000000000000000000000000000000000000000000000000000000000000000000000000000000000000000000
[12:10:51.960594] EP OUT 0x03 len=0 
[12:10:51.963335] EP IN  0x81 len=64 093f200000007847845f288330000000000000000000000000000000000000000000000000000000000000000000000000000000000000000000000000000000
[12:10:51.964823] EP OUT 0x03 len=0 
[12:10:51.967227] EP OUT 0x03 len=0 
[12:10:51.969196] EP OUT 0x03 len=0 
[12:10:51.970964] EP OUT 0x03 len=0 
[12:10:51.975354] EP IN  0x81 len=64 09402000000078478460288330000000000000000000000000000000000000000000000000000000000000000000000000000000000000000000000000000000
[12:10:51.976569] EP OUT 0x03 len=0 
[12:10:51.979471] EP IN  0x81 len=64 0943200000007837845f288330000000000000000000000000000000000000000000000000000000000000000000000000000000000000000000000000000000
[12:10:51.981316] EP OUT 0x03 len=0 
[12:10:51.983086] EP OUT 0x03 len=0 
[12:10:51.987322] EP IN  0x81 len=64 0944200000007847845f288330000000000000000000000000000000000000000000000000000000000000000000000000000000000000000000000000000000
[12:10:51.988454] EP OUT 0x03 len=0 
[12:10:51.991353] EP IN  0x81 len=64 0946200000007737845e288330000000000000000000000000000000000000000000000000000000000000000000000000000000000000000000000000000000
[12:10:51.992756] EP OUT 0x03 len=0 
[12:10:51.995279] EP OUT 0x03 len=0 
[12:10:51.997134] EP OUT 0x03 len=0 
[12:10:51.999028] EP OUT 0x03 len=0 
[12:10:52.000905] EP OUT 0x03 len=0 
[12:10:52.003322] EP IN  0x81 len=64 0947200000007837845f388330000000000000000000000000000000000000000000000000000000000000000000000000000000000000000000000000000000
[12:10:52.004591] EP OUT 0x03 len=0 
[12:10:52.007398] EP IN  0x81 len=64 094a200000007837845e288330000000000000000000000000000000000000000000000000000000000000000000000000000000000000000000000000000000
[12:10:52.008858] EP OUT 0x03 len=0 
[12:10:52.011278] EP OUT 0x03 len=0 
[12:10:52.013253] EP OUT 0x03 len=0 
[12:10:52.015137] EP OUT 0x03 len=0 
[12:10:52.016976] EP OUT 0x03 len=0 
[12:10:52.019348] EP IN  0x81 len=64 094b200000007737845e288330000000000000000000000000000000000000000000000000000000000000000000000000000000000000000000000000000000
[12:10:52.020573] EP OUT 0x03 len=0 
[12:10:52.023426] EP IN  0x81 len=64 094e200000007837845f288330000000000000000000000000000000000000000000000000000000000000000000000000000000000000000000000000000000
[12:10:52.024852] EP OUT 0x03 len=0 
[12:10:52.027246] EP OUT 0x03 len=0 
[12:10:52.029161] EP OUT 0x03 len=0 
[12:10:52.030860] EP OUT 0x03 len=0 
[12:10:52.035343] EP IN  0x81 len=64 094f200000007847845f288330000000000000000000000000000000000000000000000000000000000000000000000000000000000000000000000000000000
[12:10:52.036623] EP OUT 0x03 len=0 
[12:10:52.039439] EP IN  0x81 len=64 0952200000007837845f188330000000000000000000000000000000000000000000000000000000000000000000000000000000000000000000000000000000
[12:10:52.041263] EP OUT 0x03 len=0 
[12:10:52.043203] EP OUT 0x03 len=0 
[12:10:52.047415] EP IN  0x81 len=64 0953200000007737845f288330000000000000000000000000000000000000000000000000000000000000000000000000000000000000000000000000000000
[12:10:52.048705] EP OUT 0x03 len=0 
[12:10:52.051334] EP IN  0x81 len=64 0955200000007747845f288330000000000000000000000000000000000000000000000000000000000000000000000000000000000000000000000000000000
[12:10:52.052850] EP OUT 0x03 len=0 
[12:10:52.055147] EP OUT 0x03 len=0 
[12:10:52.058494] EP OUT 0x03 len=0 
[12:10:52.060307] EP OUT 0x03 len=0 
[12:10:52.063326] EP IN  0x81 len=64 0956200000007837845f388330000000000000000000000000000000000000000000000000000000000000000000000000000000000000000000000000000000
[12:10:52.064472] EP OUT 0x03 len=0 
[12:10:52.067431] EP IN  0x81 len=64 0959200000007837845e288330000000000000000000000000000000000000000000000000000000000000000000000000000000000000000000000000000000
[12:10:52.068896] EP OUT 0x03 len=0 
[12:10:52.071168] EP OUT 0x03 len=0 
[12:10:52.073019] EP OUT 0x03 len=0 
[12:10:52.075425] EP OUT 0x03 len=0 
[12:10:52.079338] EP IN  0x81 len=64 095a2000000077378460288330000000000000000000000000000000000000000000000000000000000000000000000000000000000000000000000000000000
[12:10:52.080501] EP OUT 0x03 len=0 
[12:10:52.083353] EP IN  0x81 len=64 095d200000007837845f288330000000000000000000000000000000000000000000000000000000000000000000000000000000000000000000000000000000
[12:10:52.084851] EP OUT 0x03 len=0 
[12:10:52.087181] EP OUT 0x03 len=0 
[12:10:52.089026] EP OUT 0x03 len=0 
[12:10:52.090867] EP OUT 0x03 len=0 
[12:10:52.095333] EP IN  0x81 len=64 095e200000007737845f288330000000000000000000000000000000000000000000000000000000000000000000000000000000000000000000000000000000
[12:10:52.096510] EP OUT 0x03 len=0 
[12:10:52.099323] EP IN  0x81 len=64 0961200000007847845f288330000000000000000000000000000000000000000000000000000000000000000000000000000000000000000000000000000000
[12:10:52.100638] EP OUT 0x03 len=0 
[12:10:52.102372] EP OUT 0x03 len=0 
[12:10:52.104208] EP OUT 0x03 len=0 
[12:10:52.105874] EP OUT 0x03 len=0 
[12:10:52.108362] EP OUT 0x03 len=0 
[12:10:52.111410] EP IN  0x81 len=64 0962200000007737845f288330000000000000000000000000000000000000000000000000000000000000000000000000000000000000000000000000000000
[12:10:52.112642] EP OUT 0x03 len=0 
[12:10:52.115399] EP IN  0x81 len=64 0965200000007837845f288330000000000000000000000000000000000000000000000000000000000000000000000000000000000000000000000000000000
[12:10:52.116899] EP OUT 0x03 len=0 
[12:10:52.119151] EP OUT 0x03 len=0 
[12:10:52.120994] EP OUT 0x03 len=0 
[12:10:52.123451] EP OUT 0x03 len=0 
[12:10:52.125305] EP OUT 0x03 len=0 
[12:10:52.131861] EP OUT 0x03 len=0 
[12:10:52.135349] EP IN  0x81 len=64 0966200000007837845f288330000000000000000000000000000000000000000000000000000000000000000000000000000000000000000000000000000000
[12:10:52.136586] EP OUT 0x03 len=0 
[12:10:52.139414] EP IN  0x81 len=64 096b200000007837845f288330000000000000000000000000000000000000000000000000000000000000000000000000000000000000000000000000000000
[12:10:52.140763] EP OUT 0x03 len=0 
[12:10:52.143211] EP OUT 0x03 len=0 
[12:10:52.145131] EP OUT 0x03 len=0 
[12:10:52.146979] EP OUT 0x03 len=0 
[12:10:52.151445] EP IN  0x81 len=64 096c200000007837845e288330000000000000000000000000000000000000000000000000000000000000000000000000000000000000000000000000000000
[12:10:52.152715] EP OUT 0x03 len=0 
[12:10:52.155334] EP IN  0x81 len=64 096f200000007837845f288330000000000000000000000000000000000000000000000000000000000000000000000000000000000000000000000000000000
[12:10:52.156785] EP OUT 0x03 len=0 
[12:10:52.159233] EP OUT 0x03 len=0 
[12:10:52.161130] EP OUT 0x03 len=0 
[12:10:52.162981] EP OUT 0x03 len=0 
[12:10:52.167355] EP IN  0x81 len=64 0970200000007837845f288330000000000000000000000000000000000000000000000000000000000000000000000000000000000000000000000000000000
[12:10:52.168454] EP OUT 0x03 len=0 
[12:10:52.171332] EP IN  0x81 len=64 0973200000007737845f288330000000000000000000000000000000000000000000000000000000000000000000000000000000000000000000000000000000
[12:10:52.172764] EP OUT 0x03 len=0 
[12:10:52.175229] EP OUT 0x03 len=0 
[12:10:52.177117] EP OUT 0x03 len=0 
[12:10:52.178958] EP OUT 0x03 len=0 
[12:10:52.183398] EP IN  0x81 len=64 0974200000007847845f288330000000000000000000000000000000000000000000000000000000000000000000000000000000000000000000000000000000
[12:10:52.184674] EP OUT 0x03 len=0 
[12:10:52.187331] EP IN  0x81 len=64 09772000000079378460288330000000000000000000000000000000000000000000000000000000000000000000000000000000000000000000000000000000
[12:10:52.188717] EP OUT 0x03 len=0 
[12:10:52.190611] EP OUT 0x03 len=0 
[12:10:52.192558] EP OUT 0x03 len=0 
[12:10:52.194389] EP OUT 0x03 len=0 
[12:10:52.196226] EP OUT 0x03 len=0 
[12:10:52.199335] EP IN  0x81 len=64 0978200000007847845f288330000000000000000000000000000000000000000000000000000000000000000000000000000000000000000000000000000000
[12:10:52.200647] EP OUT 0x03 len=0 
[12:10:52.203335] EP IN  0x81 len=64 097b200000007847845e288330000000000000000000000000000000000000000000000000000000000000000000000000000000000000000000000000000000
[12:10:52.204640] EP OUT 0x03 len=0 
[12:10:52.206267] EP OUT 0x03 len=0 
[12:10:52.208369] EP OUT 0x03 len=0 
[12:10:52.210290] EP OUT 0x03 len=0 
[12:10:52.212226] EP OUT 0x03 len=0 
[12:10:52.215344] EP IN  0x81 len=64 097c200000007847845f288330000000000000000000000000000000000000000000000000000000000000000000000000000000000000000000000000000000
[12:10:52.216612] EP OUT 0x03 len=0 
[12:10:52.219350] EP IN  0x81 len=64 097f200000007937845f288330000000000000000000000000000000000000000000000000000000000000000000000000000000000000000000000000000000
[12:10:52.220775] EP OUT 0x03 len=0 
[12:10:52.223208] EP OUT 0x03 len=0 
[12:10:52.225148] EP OUT 0x03 len=0 
[12:10:52.226964] EP OUT 0x03 len=0 
[12:10:52.231424] EP IN  0x81 len=64 0980200000007847845f288330000000000000000000000000000000000000000000000000000000000000000000000000000000000000000000000000000000
[12:10:52.232713] EP OUT 0x03 len=0 
[12:10:52.235432] EP IN  0x81 len=64 0983200000007837845f288330000000000000000000000000000000000000000000000000000000000000000000000000000000000000000000000000000000
[12:10:52.236917] EP OUT 0x03 len=0 
[12:10:52.239238] EP OUT 0x03 len=0 
[12:10:52.241075] EP OUT 0x03 len=0 
[12:10:52.243200] EP OUT 0x03 len=0 
[12:10:52.247402] EP IN  0x81 len=64 0984200000007837845f288330000000000000000000000000000000000000000000000000000000000000000000000000000000000000000000000000000000
[12:10:52.248538] EP OUT 0x03 len=0 
[12:10:52.251436] EP IN  0x81 len=64 0987200000007847845f388330000000000000000000000000000000000000000000000000000000000000000000000000000000000000000000000000000000
[12:10:52.253302] EP OUT 0x03 len=0 
[12:10:52.255192] EP OUT 0x03 len=0 
[12:10:52.259410] EP IN  0x81 len=64 0988200000007947845f288330000000000000000000000000000000000000000000000000000000000000000000000000000000000000000000000000000000
[12:10:52.260684] EP OUT 0x03 len=0 
[12:10:52.263338] EP IN  0x81 len=64 098a2000000078478460288330000000000000000000000000000000000000000000000000000000000000000000000000000000000000000000000000000000
[12:10:52.264792] EP OUT 0x03 len=0 
[12:10:52.267276] EP OUT 0x03 len=0 
[12:10:52.269265] EP OUT 0x03 len=0 
[12:10:52.271101] EP OUT 0x03 len=0 
[12:10:52.272946] EP OUT 0x03 len=0 
[12:10:52.275405] EP IN  0x81 len=64 098b200000007737845f188330000000000000000000000000000000000000000000000000000000000000000000000000000000000000000000000000000000
[12:10:52.276644] EP OUT 0x03 len=0 
[12:10:52.279324] EP IN  0x81 len=64 098e200000007847845f388330000000000000000000000000000000000000000000000000000000000000000000000000000000000000000000000000000000
[12:10:52.280588] EP OUT 0x03 len=0 
[12:10:52.282297] EP OUT 0x03 len=0 
[12:10:52.284389] EP OUT 0x03 len=0 
[12:10:52.286370] EP OUT 0x03 len=0 
[12:10:52.288147] EP OUT 0x03 len=0 
[12:10:52.291352] EP IN  0x81 len=64 098f200000007737845f288330000000000000000000000000000000000000000000000000000000000000000000000000000000000000000000000000000000
[12:10:52.292600] EP OUT 0x03 len=0 
[12:10:52.295346] EP IN  0x81 len=64 0992200000007837845f388330000000000000000000000000000000000000000000000000000000000000000000000000000000000000000000000000000000
[12:10:52.296744] EP OUT 0x03 len=0 
[12:10:52.299219] EP OUT 0x03 len=0 
[12:10:52.301206] EP OUT 0x03 len=0 
[12:10:52.303086] EP OUT 0x03 len=0 
[12:10:52.307410] EP IN  0x81 len=64 0993200000007837845f288330000000000000000000000000000000000000000000000000000000000000000000000000000000000000000000000000000000
[12:10:52.308720] EP OUT 0x03 len=0 
[12:10:52.311435] EP IN  0x81 len=64 0996200000007847845f288330000000000000000000000000000000000000000000000000000000000000000000000000000000000000000000000000000000
[12:10:52.313110] EP OUT 0x03 len=0 
[12:10:52.315168] EP OUT 0x03 len=0 
[12:10:52.319432] EP IN  0x81 len=64 0997200000007837845f288330000000000000000000000000000000000000000000000000000000000000000000000000000000000000000000000000000000
[12:10:52.320677] EP OUT 0x03 len=0 
[12:10:52.323324] EP IN  0x81 len=64 0999200000007847845f288330000000000000000000000000000000000000000000000000000000000000000000000000000000000000000000000000000000
[12:10:52.324743] EP OUT 0x03 len=0 
[12:10:52.326529] EP OUT 0x03 len=0 
[12:10:52.328484] EP OUT 0x03 len=0 
[12:10:52.330321] EP OUT 0x03 len=0 
[12:10:52.332288] EP OUT 0x03 len=0 
[12:10:52.335393] EP IN  0x81 len=64 099a200000007837845e288330000000000000000000000000000000000000000000000000000000000000000000000000000000000000000000000000000000
[12:10:52.336643] EP OUT 0x03 len=0 
[12:10:52.339425] EP IN  0x81 len=64 099d200000007737845e288330000000000000000000000000000000000000000000000000000000000000000000000000000000000000000000000000000000
[12:10:52.340947] EP OUT 0x03 len=0 
[12:10:52.343225] EP OUT 0x03 len=0 
[12:10:52.345190] EP OUT 0x03 len=0 
[12:10:52.346905] EP OUT 0x03 len=0 
[12:10:52.351351] EP IN  0x81 len=64 099e200000007847845f288330000000000000000000000000000000000000000000000000000000000000000000000000000000000000000000000000000000
[12:10:52.352648] EP OUT 0x03 len=0 
[12:10:52.355324] EP IN  0x81 len=64 09a1200000007857845f288330000000000000000000000000000000000000000000000000000000000000000000000000000000000000000000000000000000
[12:10:52.356643] EP OUT 0x03 len=0 
[12:10:52.358337] EP OUT 0x03 len=0 
[12:10:52.360293] EP OUT 0x03 len=0 
[12:10:52.362185] EP OUT 0x03 len=0 
[12:10:52.364250] EP OUT 0x03 len=0 
[12:10:52.367433] EP IN  0x81 len=64 09a2200000007837845f388330000000000000000000000000000000000000000000000000000000000000000000000000000000000000000000000000000000
[12:10:52.368726] EP OUT 0x03 len=0 
[12:10:52.371426] EP IN  0x81 len=64 09a5200000007737845f288330000000000000000000000000000000000000000000000000000000000000000000000000000000000000000000000000000000
[12:10:52.372837] EP OUT 0x03 len=0 
[12:10:52.375275] EP OUT 0x03 len=0 
[12:10:52.377155] EP OUT 0x03 len=0 
[12:10:52.379045] EP OUT 0x03 len=0 
[12:10:52.383322] EP IN  0x81 len=64 09a6200000007747845f288330000000000000000000000000000000000000000000000000000000000000000000000000000000000000000000000000000000
[12:10:52.384423] EP OUT 0x03 len=0 
[12:10:52.387323] EP IN  0x81 len=64 09a9200000007837845f288330000000000000000000000000000000000000000000000000000000000000000000000000000000000000000000000000000000
[12:10:52.388640] EP OUT 0x03 len=0 
[12:10:52.390336] EP OUT 0x03 len=0 
[12:10:52.392321] EP OUT 0x03 len=0 
[12:10:52.394238] EP OUT 0x03 len=0 
[12:10:52.396173] EP OUT 0x03 len=0 
[12:10:52.399343] EP IN  0x81 len=64 09aa200000007847845f288330000000000000000000000000000000000000000000000000000000000000000000000000000000000000000000000000000000
[12:10:52.400605] EP OUT 0x03 len=0 
[12:10:52.403323] EP IN  0x81 len=64 09ad200100007837845f288330000000000000000000000000000000000000000000000000000000000000000000000000000000000000000000000000000000
[12:10:52.404785] EP OUT 0x03 len=0 
[12:10:52.406594] EP OUT 0x03 len=0 
[12:10:52.408548] EP OUT 0x03 len=0 
[12:10:52.410381] EP OUT 0x03 len=0 
[12:10:52.412362] EP OUT 0x03 len=0 
[12:10:52.415452] EP IN  0x81 len=64 09ae200100007847845f388330000000000000000000000000000000000000000000000000000000000000000000000000000000000000000000000000000000
[12:10:52.416741] EP OUT 0x03 len=0 
[12:10:52.419344] EP IN  0x81 len=64 09b1200100007837845f288330000000000000000000000000000000000000000000000000000000000000000000000000000000000000000000000000000000
[12:10:52.420690] EP OUT 0x03 len=0 
[12:10:52.422321] EP OUT 0x03 len=0 
[12:10:52.424281] EP OUT 0x03 len=0 
[12:10:52.426113] EP OUT 0x03 len=0 
[12:10:52.427979] EP OUT 0x03 len=0 
[12:10:52.431350] EP IN  0x81 len=64 09b2200100007737845e288330000000000000000000000000000000000000000000000000000000000000000000000000000000000000000000000000000000
[12:10:52.432487] EP OUT 0x03 len=0 
[12:10:52.435411] EP IN  0x81 len=64 09b5200100007827845f288330000000000000000000000000000000000000000000000000000000000000000000000000000000000000000000000000000000
[12:10:52.436876] EP OUT 0x03 len=0 
[12:10:52.439228] EP OUT 0x03 len=0 
[12:10:52.441157] EP OUT 0x03 len=0 
[12:10:52.442967] EP OUT 0x03 len=0 
[12:10:52.447409] EP IN  0x81 len=64 09b62001000079378460288330000000000000000000000000000000000000000000000000000000000000000000000000000000000000000000000000000000
[12:10:52.448669] EP OUT 0x03 len=0 
[12:10:52.451343] EP IN  0x81 len=64 09b9200100007837845f288330000000000000000000000000000000000000000000000000000000000000000000000000000000000000000000000000000000
[12:10:52.452830] EP OUT 0x03 len=0 
[12:10:52.455127] EP OUT 0x03 len=0 
[12:10:52.458333] EP OUT 0x03 len=0 
[12:10:52.460247] EP OUT 0x03 len=0 
[12:10:52.463326] EP IN  0x81 len=64 09ba200100007737845f388330000000000000000000000000000000000000000000000000000000000000000000000000000000000000000000000000000000
[12:10:52.464460] EP OUT 0x03 len=0 
[12:10:52.467441] EP IN  0x81 len=64 09bd200100007837845e288330000000000000000000000000000000000000000000000000000000000000000000000000000000000000000000000000000000
[12:10:52.469327] EP OUT 0x03 len=0 
[12:10:52.471220] EP OUT 0x03 len=0 
[12:10:52.475409] EP IN  0x81 len=64 09be200100007837845e288330000000000000000000000000000000000000000000000000000000000000000000000000000000000000000000000000000000
[12:10:52.476648] EP OUT 0x03 len=0 
[12:10:52.479399] EP IN  0x81 len=64 09c0200100007837845e288330000000000000000000000000000000000000000000000000000000000000000000000000000000000000000000000000000000
[12:10:52.480753] EP OUT 0x03 len=0 
[12:10:52.482488] EP OUT 0x03 len=0 
[12:10:52.484392] EP OUT 0x03 len=0 
[12:10:52.486330] EP OUT 0x03 len=0 
[12:10:52.488215] EP OUT 0x03 len=0 
[12:10:52.491320] EP IN  0x81 len=64 09c1200100007837845f288330000000000000000000000000000000000000000000000000000000000000000000000000000000000000000000000000000000
[12:10:52.492433] EP OUT 0x03 len=0 
[12:10:52.495336] EP IN  0x81 len=64 09c4200100007837845f288330000000000000000000000000000000000000000000000000000000000000000000000000000000000000000000000000000000
[12:10:52.496657] EP OUT 0x03 len=0 
[12:10:52.498315] EP OUT 0x03 len=0 
[12:10:52.500396] EP OUT 0x03 len=0 
[12:10:52.502382] EP OUT 0x03 len=0 
[12:10:52.504291] EP OUT 0x03 len=0 
[12:10:52.507416] EP IN  0x81 len=64 09c5200100007837845f288330000000000000000000000000000000000000000000000000000000000000000000000000000000000000000000000000000000
[12:10:52.508735] EP OUT 0x03 len=0 
[12:10:52.511440] EP IN  0x81 len=64 09c8200100007847845f288330000000000000000000000000000000000000000000000000000000000000000000000000000000000000000000000000000000
[12:10:52.512902] EP OUT 0x03 len=0 
[12:10:52.515252] EP OUT 0x03 len=0 
[12:10:52.517219] EP OUT 0x03 len=0 
[12:10:52.519110] EP OUT 0x03 len=0 
[12:10:52.520896] EP OUT 0x03 len=0 
[12:10:52.523425] EP IN  0x81 len=64 09c9200100007837845f188330000000000000000000000000000000000000000000000000000000000000000000000000000000000000000000000000000000
[12:10:52.524706] EP OUT 0x03 len=0 
[12:10:52.527341] EP IN  0x81 len=64 09cc200100007837845e288330000000000000000000000000000000000000000000000000000000000000000000000000000000000000000000000000000000
[12:10:52.528750] EP OUT 0x03 len=0 
[12:10:52.530374] EP OUT 0x03 len=0 
[12:10:52.532269] EP OUT 0x03 len=0 
[12:10:52.534097] EP OUT 0x03 len=0 
[12:10:52.535952] EP OUT 0x03 len=0 
[12:10:52.539415] EP IN  0x81 len=64 09cd200100007737845e288330000000000000000000000000000000000000000000000000000000000000000000000000000000000000000000000000000000
[12:10:52.540581] EP OUT 0x03 len=0 
[12:10:52.543434] EP IN  0x81 len=64 09d0200100007747845f288330000000000000000000000000000000000000000000000000000000000000000000000000000000000000000000000000000000
[12:10:52.544896] EP OUT 0x03 len=0 
[12:10:52.547279] EP OUT 0x03 len=0 
[12:10:52.549276] EP OUT 0x03 len=0 
[12:10:52.551185] EP OUT 0x03 len=0 
[12:10:52.553064] EP OUT 0x03 len=0 
[12:10:52.555329] EP IN  0x81 len=64 09d1200100007837845f288330000000000000000000000000000000000000000000000000000000000000000000000000000000000000000000000000000000
[12:10:52.556617] EP OUT 0x03 len=0 
[12:10:52.559421] EP IN  0x81 len=64 09d42000000078378460288330000000000000000000000000000000000000000000000000000000000000000000000000000000000000000000000000000000
[12:10:52.560907] EP OUT 0x03 len=0 
[12:10:52.563266] EP OUT 0x03 len=0 
[12:10:52.565214] EP OUT 0x03 len=0 
[12:10:52.567315] EP OUT 0x03 len=0 
[12:10:52.571408] EP IN  0x81 len=64 09d5200000007837845f288330000000000000000000000000000000000000000000000000000000000000000000000000000000000000000000000000000000
[12:10:52.572564] EP OUT 0x03 len=0 
[12:10:52.575323] EP IN  0x81 len=64 09d8200000007747845f288330000000000000000000000000000000000000000000000000000000000000000000000000000000000000000000000000000000
[12:10:52.576749] EP OUT 0x03 len=0 
[12:10:52.579238] EP OUT 0x03 len=0 
[12:10:52.581190] EP OUT 0x03 len=0 
[12:10:52.583051] EP OUT 0x03 len=0 
[12:10:52.587322] EP IN  0x81 len=64 09d9200000007847845f188330000000000000000000000000000000000000000000000000000000000000000000000000000000000000000000000000000000
[12:10:52.588510] EP OUT 0x03 len=0 
[12:10:52.591384] EP IN  0x81 len=64 09dc200000007837845f388330000000000000000000000000000000000000000000000000000000000000000000000000000000000000000000000000000000
[12:10:52.592827] EP OUT 0x03 len=0 
[12:10:52.595256] EP OUT 0x03 len=0 
[12:10:52.597114] EP OUT 0x03 len=0 
[12:10:52.598999] EP OUT 0x03 len=0 
[12:10:52.603332] EP IN  0x81 len=64 09dd200000007837845f188330000000000000000000000000000000000000000000000000000000000000000000000000000000000000000000000000000000
[12:10:52.604446] EP OUT 0x03 len=0 
[12:10:52.607343] EP IN  0x81 len=64 09e0200000007747845f288330000000000000000000000000000000000000000000000000000000000000000000000000000000000000000000000000000000
[12:10:52.608800] EP OUT 0x03 len=0 
[12:10:52.611302] EP OUT 0x03 len=0 
[12:10:52.613113] EP OUT 0x03 len=0 
[12:10:52.615279] EP OUT 0x03 len=0 
[12:10:52.619431] EP IN  0x81 len=64 09e1200000007737845f288330000000000000000000000000000000000000000000000000000000000000000000000000000000000000000000000000000000
[12:10:52.620725] EP OUT 0x03 len=0 
[12:10:52.623319] EP IN  0x81 len=64 09e4200000007837845e388330000000000000000000000000000000000000000000000000000000000000000000000000000000000000000000000000000000
[12:10:52.624721] EP OUT 0x03 len=0 
[12:10:52.626536] EP OUT 0x03 len=0 
[12:10:52.628470] EP OUT 0x03 len=0 
[12:10:52.630327] EP OUT 0x03 len=0 
[12:10:52.632265] EP OUT 0x03 len=0 
[12:10:52.635341] EP IN  0x81 len=64 09e5200000007847845f288330000000000000000000000000000000000000000000000000000000000000000000000000000000000000000000000000000000
[12:10:52.636620] EP OUT 0x03 len=0 
[12:10:52.639319] EP IN  0x81 len=64 09e8200000007847845f388330000000000000000000000000000000000000000000000000000000000000000000000000000000000000000000000000000000
[12:10:52.640729] EP OUT 0x03 len=0 
[12:10:52.642558] EP OUT 0x03 len=0 
[12:10:52.644553] EP OUT 0x03 len=0 
[12:10:52.646295] EP OUT 0x03 len=0 
[12:10:52.648118] EP OUT 0x03 len=0 
[12:10:52.651417] EP IN  0x81 len=64 09e9200000007737845f288330000000000000000000000000000000000000000000000000000000000000000000000000000000000000000000000000000000
[12:10:52.652772] EP OUT 0x03 len=0 
[12:10:52.655319] EP IN  0x81 len=64 09ec200000007837845f288330000000000000000000000000000000000000000000000000000000000000000000000000000000000000000000000000000000
[12:10:52.656772] EP OUT 0x03 len=0 
[12:10:52.659236] EP OUT 0x03 len=0 
[12:10:52.661186] EP OUT 0x03 len=0 
[12:10:52.663031] EP OUT 0x03 len=0 
[12:10:52.667412] EP IN  0x81 len=64 09ed200000007837845f288330000000000000000000000000000000000000000000000000000000000000000000000000000000000000000000000000000000
[12:10:52.668737] EP OUT 0x03 len=0 
[12:10:52.671316] EP IN  0x81 len=64 09f0200000007847845e288330000000000000000000000000000000000000000000000000000000000000000000000000000000000000000000000000000000
[12:10:52.672755] EP OUT 0x03 len=0 
[12:10:52.674390] EP OUT 0x03 len=0 
[12:10:52.676217] EP OUT 0x03 len=0 
[12:10:52.678126] EP OUT 0x03 len=0 
[12:10:52.680363] EP OUT 0x03 len=0 
[12:10:52.683415] EP IN  0x81 len=64 09f1200000007737845f388330000000000000000000000000000000000000000000000000000000000000000000000000000000000000000000000000000000
[12:10:52.684717] EP OUT 0x03 len=0 
[12:10:52.687320] EP IN  0x81 len=64 09f4200000007737845f288330000000000000000000000000000000000000000000000000000000000000000000000000000000000000000000000000000000
[12:10:52.688746] EP OUT 0x03 len=0 
[12:10:52.691246] EP OUT 0x03 len=0 
[12:10:52.693142] EP OUT 0x03 len=0 
[12:10:52.695014] EP OUT 0x03 len=0 
[12:10:52.699331] EP IN  0x81 len=64 09f5200000007847845f288330000000000000000000000000000000000000000000000000000000000000000000000000000000000000000000000000000000
[12:10:52.700622] EP OUT 0x03 len=0 
[12:10:52.703318] EP IN  0x81 len=64 09f8200000007937845f288330000000000000000000000000000000000000000000000000000000000000000000000000000000000000000000000000000000
[12:10:52.704760] EP OUT 0x03 len=0 
[12:10:52.706617] EP OUT 0x03 len=0 
[12:10:52.708600] EP OUT 0x03 len=0 
[12:10:52.710251] EP OUT 0x03 len=0 
[12:10:52.712110] EP OUT 0x03 len=0 
[12:10:52.715342] EP IN  0x81 len=64 09f9200000007837845f388330000000000000000000000000000000000000000000000000000000000000000000000000000000000000000000000000000000
[12:10:52.716658] EP OUT 0x03 len=0 
[12:10:52.719319] EP IN  0x81 len=64 09fc200000007837845e288330000000000000000000000000000000000000000000000000000000000000000000000000000000000000000000000000000000
[12:10:52.720626] EP OUT 0x03 len=0 
[12:10:52.722295] EP OUT 0x03 len=0 
[12:10:52.724242] EP OUT 0x03 len=0 
[12:10:52.726068] EP OUT 0x03 len=0 
[12:10:52.728446] EP OUT 0x03 len=0 
[12:10:52.731438] EP IN  0x81 len=64 09fd200000007847845f288330000000000000000000000000000000000000000000000000000000000000000000000000000000000000000000000000000000
[12:10:52.732789] EP OUT 0x03 len=0 
[12:10:52.735320] EP IN  0x81 len=64 0900200000007847845f288330000000000000000000000000000000000000000000000000000000000000000000000000000000000000000000000000000000
[12:10:52.736733] EP OUT 0x03 len=0 
[12:10:52.738537] EP OUT 0x03 len=0 
[12:10:52.740501] EP OUT 0x03 len=0 
[12:10:52.742366] EP OUT 0x03 len=0 
[12:10:52.744242] EP OUT 0x03 len=0 
[12:10:52.747316] EP IN  0x81 len=64 0901200000007847845e288330000000000000000000000000000000000000000000000000000000000000000000000000000000000000000000000000000000
[12:10:52.748414] EP OUT 0x03 len=0 
[12:10:52.751321] EP IN  0x81 len=64 0904200000007837845f288330000000000000000000000000000000000000000000000000000000000000000000000000000000000000000000000000000000
[12:10:52.752807] EP OUT 0x03 len=0 
[12:10:52.755168] EP OUT 0x03 len=0 
[12:10:52.758445] EP OUT 0x03 len=0 
[12:10:52.760302] EP OUT 0x03 len=0 
[12:10:52.763337] EP IN  0x81 len=64 0905200000007837845f288330000000000000000000000000000000000000000000000000000000000000000000000000000000000000000000000000000000
[12:10:52.764632] EP OUT 0x03 len=0 
[12:10:52.767315] EP IN  0x81 len=64 0908200000007847845f288330000000000000000000000000000000000000000000000000000000000000000000000000000000000000000000000000000000
[12:10:52.768818] EP OUT 0x03 len=0 
[12:10:52.771245] EP OUT 0x03 len=0 
[12:10:52.773129] EP OUT 0x03 len=0 
[12:10:52.774977] EP OUT 0x03 len=0 
[12:10:52.779412] EP IN  0x81 len=64 0909200000007747845f288330000000000000000000000000000000000000000000000000000000000000000000000000000000000000000000000000000000
[12:10:52.780729] EP OUT 0x03 len=0 
[12:10:52.783337] EP IN  0x81 len=64 090c200000007837845e188330000000000000000000000000000000000000000000000000000000000000000000000000000000000000000000000000000000
[12:10:52.784610] EP OUT 0x03 len=0 
[12:10:52.786214] EP OUT 0x03 len=0 
[12:10:52.788257] EP OUT 0x03 len=0 
[12:10:52.789927] EP OUT 0x03 len=0 
[12:10:52.792298] EP OUT 0x03 len=0 
[12:10:52.795337] EP IN  0x81 len=64 090d200000007847845f288330000000000000000000000000000000000000000000000000000000000000000000000000000000000000000000000000000000
[12:10:52.796515] EP OUT 0x03 len=0 
[12:10:52.799319] EP IN  0x81 len=64 0910200000007837845f288330000000000000000000000000000000000000000000000000000000000000000000000000000000000000000000000000000000
[12:10:52.800818] EP OUT 0x03 len=0 
[12:10:52.803260] EP OUT 0x03 len=0 
[12:10:52.805220] EP OUT 0x03 len=0 
[12:10:52.807015] EP OUT 0x03 len=0 
[12:10:52.811344] EP IN  0x81 len=64 0911200000007747845f288330000000000000000000000000000000000000000000000000000000000000000000000000000000000000000000000000000000
[12:10:52.812644] EP OUT 0x03 len=0 
[12:10:52.815337] EP IN  0x81 len=64 0914200000007747845f288330000000000000000000000000000000000000000000000000000000000000000000000000000000000000000000000000000000
[12:10:52.816832] EP OUT 0x03 len=0 
[12:10:52.819228] EP OUT 0x03 len=0 
[12:10:52.820990] EP OUT 0x03 len=0 
[12:10:52.823265] EP OUT 0x03 len=0 
[12:10:52.827353] EP IN  0x81 len=64 0915200000007847845f288330000000000000000000000000000000000000000000000000000000000000000000000000000000000000000000000000000000
[12:10:52.828427] EP OUT 0x03 len=0 
[12:10:52.831315] EP IN  0x81 len=64 0918200000007837845f288330000000000000000000000000000000000000000000000000000000000000000000000000000000000000000000000000000000
[12:10:52.832652] EP OUT 0x03 len=0 
[12:10:52.834220] EP OUT 0x03 len=0 
[12:10:52.836213] EP OUT 0x03 len=0 
[12:10:52.838307] EP OUT 0x03 len=0 
[12:10:52.840133] EP OUT 0x03 len=0 
[12:10:52.843405] EP IN  0x81 len=64 0919200000007837845f288330000000000000000000000000000000000000000000000000000000000000000000000000000000000000000000000000000000
[12:10:52.844645] EP OUT 0x03 len=0 
[12:10:52.847384] EP IN  0x81 len=64 091c200000007847845e288330000000000000000000000000000000000000000000000000000000000000000000000000000000000000000000000000000000
[12:10:52.848876] EP OUT 0x03 len=0 
[12:10:52.851131] EP OUT 0x03 len=0 
[12:10:52.854368] EP OUT 0x03 len=0 
[12:10:52.856155] EP OUT 0x03 len=0 
[12:10:52.859418] EP IN  0x81 len=64 091d200000007837845e288330000000000000000000000000000000000000000000000000000000000000000000000000000000000000000000000000000000
[12:10:52.860689] EP OUT 0x03 len=0 
[12:10:52.863322] EP IN  0x81 len=64 0920200000007847845f288330000000000000000000000000000000000000000000000000000000000000000000000000000000000000000000000000000000
[12:10:52.864638] EP OUT 0x03 len=0 
[12:10:52.866302] EP OUT 0x03 len=0 
[12:10:52.868331] EP OUT 0x03 len=0 
[12:10:52.870143] EP OUT 0x03 len=0 
[12:10:52.872354] EP OUT 0x03 len=0 
[12:10:52.875419] EP IN  0x81 len=64 0921200000007837845e388330000000000000000000000000000000000000000000000000000000000000000000000000000000000000000000000000000000
[12:10:52.876605] EP OUT 0x03 len=0 
[12:10:52.879332] EP IN  0x81 len=64 0924200000007837845f388330000000000000000000000000000000000000000000000000000000000000000000000000000000000000000000000000000000
[12:10:52.880715] EP OUT 0x03 len=0 
[12:10:52.882555] EP OUT 0x03 len=0 
[12:10:52.884504] EP OUT 0x03 len=0 
[12:10:52.886376] EP OUT 0x03 len=0 
[12:10:52.888229] EP OUT 0x03 len=0 
[12:10:52.891319] EP IN  0x81 len=64 0925200000007947845f288330000000000000000000000000000000000000000000000000000000000000000000000000000000000000000000000000000000
[12:10:52.892440] EP OUT 0x03 len=0 
[12:10:52.895331] EP IN  0x81 len=64 0928200000007947845f288330000000000000000000000000000000000000000000000000000000000000000000000000000000000000000000000000000000
[12:10:52.896647] EP OUT 0x03 len=0 
[12:10:52.898294] EP OUT 0x03 len=0 
[12:10:52.900370] EP OUT 0x03 len=0 
[12:10:52.902386] EP OUT 0x03 len=0 
[12:10:52.904272] EP OUT 0x03 len=0 
[12:10:52.907406] EP IN  0x81 len=64 0929200000007747845f388330000000000000000000000000000000000000000000000000000000000000000000000000000000000000000000000000000000
[12:10:52.908690] EP OUT 0x03 len=0 
[12:10:52.911342] EP IN  0x81 len=64 092c200000007837845e288330000000000000000000000000000000000000000000000000000000000000000000000000000000000000000000000000000000
[12:10:52.912809] EP OUT 0x03 len=0 
[12:10:52.915244] EP OUT 0x03 len=0 
[12:10:52.917198] EP OUT 0x03 len=0 
[12:10:52.919057] EP OUT 0x03 len=0 
[12:10:52.923430] EP IN  0x81 len=64 092d200100007847845f288330000000000000000000000000000000000000000000000000000000000000000000000000000000000000000000000000000000
[12:10:52.924760] EP OUT 0x03 len=0 
[12:10:52.927343] EP IN  0x81 len=64 0930200100007847845f288330000000000000000000000000000000000000000000000000000000000000000000000000000000000000000000000000000000
[12:10:52.928778] EP OUT 0x03 len=0 
[12:10:52.930405] EP OUT 0x03 len=0 
[12:10:52.932297] EP OUT 0x03 len=0 
[12:10:52.934206] EP OUT 0x03 len=0 
[12:10:52.936059] EP OUT 0x03 len=0 
[12:10:52.939416] EP IN  0x81 len=64 0931200100007837845f188330000000000000000000000000000000000000000000000000000000000000000000000000000000000000000000000000000000
[12:10:52.940568] EP OUT 0x03 len=0 
[12:10:52.943334] EP IN  0x81 len=64 0934200100007837845f388330000000000000000000000000000000000000000000000000000000000000000000000000000000000000000000000000000000
[12:10:52.944840] EP OUT 0x03 len=0 
[12:10:52.947258] EP OUT 0x03 len=0 
[12:10:52.949263] EP OUT 0x03 len=0 
[12:10:52.951143] EP OUT 0x03 len=0 
[12:10:52.952976] EP OUT 0x03 len=0 
[12:10:52.955330] EP IN  0x81 len=64 0935200100007837845f288330000000000000000000000000000000000000000000000000000000000000000000000000000000000000000000000000000000
[12:10:52.956592] EP OUT 0x03 len=0 
[12:10:52.959409] EP IN  0x81 len=64 0938200100007847845f288330000000000000000000000000000000000000000000000000000000000000000000000000000000000000000000000000000000
[12:10:52.960886] EP OUT 0x03 len=0 
[12:10:52.963224] EP OUT 0x03 len=0 
[12:10:52.965170] EP OUT 0x03 len=0 
[12:10:52.967289] EP OUT 0x03 len=0 
[12:10:52.971414] EP IN  0x81 len=64 0939200100007847845f288330000000000000000000000000000000000000000000000000000000000000000000000000000000000000000000000000000000
[12:10:52.972556] EP OUT 0x03 len=0 
[12:10:52.975333] EP IN  0x81 len=64 093c200100007837845e188330000000000000000000000000000000000000000000000000000000000000000000000000000000000000000000000000000000
[12:10:52.976728] EP OUT 0x03 len=0 
[12:10:52.978615] EP OUT 0x03 len=0 
[12:10:52.980570] EP OUT 0x03 len=0 
[12:10:52.982421] EP OUT 0x03 len=0 
[12:10:52.984399] EP OUT 0x03 len=0 
[12:10:52.987322] EP IN  0x81 len=64 093d200100007837845f288330000000000000000000000000000000000000000000000000000000000000000000000000000000000000000000000000000000
[12:10:52.988569] EP OUT 0x03 len=0 
[12:10:52.991409] EP IN  0x81 len=64 0940200100007837845f288330000000000000000000000000000000000000000000000000000000000000000000000000000000000000000000000000000000
[12:10:52.992867] EP OUT 0x03 len=0 
[12:10:52.995243] EP OUT 0x03 len=0 
[12:10:52.997076] EP OUT 0x03 len=0 
[12:10:52.998927] EP OUT 0x03 len=0 
[12:10:53.003331] EP IN  0x81 len=64 0941200100007847845f388330000000000000000000000000000000000000000000000000000000000000000000000000000000000000000000000000000000
[12:10:53.004457] EP OUT 0x03 len=0 
[12:10:53.007418] EP IN  0x81 len=64 0944200100007847845f288330000000000000000000000000000000000000000000000000000000000000000000000000000000000000000000000000000000
[12:10:53.008905] EP OUT 0x03 len=0 
[12:10:53.011234] EP OUT 0x03 len=0 
[12:10:53.013060] EP OUT 0x03 len=0 
[12:10:53.015245] EP OUT 0x03 len=0 
[12:10:53.019430] EP IN  0x81 len=64 0945200100007737845f288330000000000000000000000000000000000000000000000000000000000000000000000000000000000000000000000000000000
[12:10:53.020692] EP OUT 0x03 len=0 
[12:10:53.023407] EP IN  0x81 len=64 0948200100007737845f288330000000000000000000000000000000000000000000000000000000000000000000000000000000000000000000000000000000
[12:10:53.024899] EP OUT 0x03 len=0 
[12:10:53.027296] EP OUT 0x03 len=0 
[12:10:53.029250] EP OUT 0x03 len=0 
[12:10:53.031102] EP OUT 0x03 len=0 
[12:10:53.032980] EP OUT 0x03 len=0 
[12:10:53.035427] EP IN  0x81 len=64 0949200100007837845f388330000000000000000000000000000000000000000000000000000000000000000000000000000000000000000000000000000000
[12:10:53.036681] EP OUT 0x03 len=0 
[12:10:53.039316] EP IN  0x81 len=64 094c200100007947845f288330000000000000000000000000000000000000000000000000000000000000000000000000000000000000000000000000000000
[12:10:53.040714] EP OUT 0x03 len=0 
[12:10:53.042617] EP OUT 0x03 len=0 
[12:10:53.044530] EP OUT 0x03 len=0 
[12:10:53.046265] EP OUT 0x03 len=0 
[12:10:53.048177] EP OUT 0x03 len=0 
[12:10:53.051430] EP IN  0x81 len=64 094d200100007837845e188330000000000000000000000000000000000000000000000000000000000000000000000000000000000000000000000000000000
[12:10:53.052761] EP OUT 0x03 len=0 
[12:10:53.055329] EP IN  0x81 len=64 0950200100007837845f288330000000000000000000000000000000000000000000000000000000000000000000000000000000000000000000000000000000
[12:10:53.056802] EP OUT 0x03 len=0 
[12:10:53.059230] EP OUT 0x03 len=0 
[12:10:53.061177] EP OUT 0x03 len=0 
[12:10:53.062973] EP OUT 0x03 len=0 
[12:10:53.067421] EP IN  0x81 len=64 0951200100007837845f188330000000000000000000000000000000000000000000000000000000000000000000000000000000000000000000000000000000
[12:10:53.068734] EP OUT 0x03 len=0 
[12:10:53.071376] EP IN  0x81 len=64 0954200100007837845f288330000000000000000000000000000000000000000000000000000000000000000000000000000000000000000000000000000000
[12:10:53.072847] EP OUT 0x03 len=0 
[12:10:53.075140] EP OUT 0x03 len=0 
[12:10:53.078432] EP OUT 0x03 len=0 
[12:10:53.080181] EP OUT 0x03 len=0 
[12:10:53.083426] EP IN  0x81 len=64 0955200100007847845f288330000000000000000000000000000000000000000000000000000000000000000000000000000000000000000000000000000000
[12:10:53.084733] EP OUT 0x03 len=0 
[12:10:53.087346] EP IN  0x81 len=64 0958200100007737845f288330000000000000000000000000000000000000000000000000000000000000000000000000000000000000000000000000000000
[12:10:53.088825] EP OUT 0x03 len=0 
[12:10:53.091218] EP OUT 0x03 len=0 
[12:10:53.093079] EP OUT 0x03 len=0 
[12:10:53.095400] EP OUT 0x03 len=0 
[12:10:53.099310] EP IN  0x81 len=64 0959200100007737845e288330000000000000000000000000000000000000000000000000000000000000000000000000000000000000000000000000000000
[12:10:53.100610] EP OUT 0x03 len=0 
[12:10:53.103312] EP IN  0x81 len=64 095c200100007847845f288330000000000000000000000000000000000000000000000000000000000000000000000000000000000000000000000000000000
[12:10:53.104733] EP OUT 0x03 len=0 
[12:10:53.106625] EP OUT 0x03 len=0 
[12:10:53.108592] EP OUT 0x03 len=0 
[12:10:53.110389] EP OUT 0x03 len=0 
[12:10:53.112296] EP OUT 0x03 len=0 
[12:10:53.115334] EP IN  0x81 len=64 095d200100007747845f288330000000000000000000000000000000000000000000000000000000000000000000000000000000000000000000000000000000
[12:10:53.116639] EP OUT 0x03 len=0 
[12:10:53.119405] EP IN  0x81 len=64 0960200100007847845e388330000000000000000000000000000000000000000000000000000000000000000000000000000000000000000000000000000000
[12:10:53.120812] EP OUT 0x03 len=0 
[12:10:53.123177] EP OUT 0x03 len=0 
[12:10:53.125031] EP OUT 0x03 len=0 
[12:10:53.127378] EP OUT 0x03 len=0 
[12:10:53.131416] EP IN  0x81 len=64 0961200000007837845f288330000000000000000000000000000000000000000000000000000000000000000000000000000000000000000000000000000000
[12:10:53.132718] EP OUT 0x03 len=0 
[12:10:53.135357] EP IN  0x81 len=64 0964200000007837845f388330000000000000000000000000000000000000000000000000000000000000000000000000000000000000000000000000000000
[12:10:53.136784] EP OUT 0x03 len=0 
[12:10:53.138484] EP OUT 0x03 len=0 
[12:10:53.140465] EP OUT 0x03 len=0 
[12:10:53.142287] EP OUT 0x03 len=0 
[12:10:53.144255] EP OUT 0x03 len=0 
[12:10:53.147310] EP IN  0x81 len=64 0965200000007937845f288330000000000000000000000000000000000000000000000000000000000000000000000000000000000000000000000000000000
[12:10:53.148515] EP OUT 0x03 len=0 
[12:10:53.151415] EP IN  0x81 len=64 0968200000007747845e288330000000000000000000000000000000000000000000000000000000000000000000000000000000000000000000000000000000
[12:10:53.152927] EP OUT 0x03 len=0 
[12:10:53.155154] EP OUT 0x03 len=0 
[12:10:53.158430] EP OUT 0x03 len=0 
[12:10:53.160330] EP OUT 0x03 len=0 
[12:10:53.163335] EP IN  0x81 len=64 0969200000007837845f288330000000000000000000000000000000000000000000000000000000000000000000000000000000000000000000000000000000
[12:10:53.164604] EP OUT 0x03 len=0 
[12:10:53.167341] EP IN  0x81 len=64 096c200000007847845f288330000000000000000000000000000000000000000000000000000000000000000000000000000000000000000000000000000000
[12:10:53.168830] EP OUT 0x03 len=0 
[12:10:53.171222] EP OUT 0x03 len=0 
[12:10:53.173154] EP OUT 0x03 len=0 
[12:10:53.174992] EP OUT 0x03 len=0 
[12:10:53.179433] EP IN  0x81 len=64 096d200000007837845e288330000000000000000000000000000000000000000000000000000000000000000000000000000000000000000000000000000000
[12:10:53.180744] EP OUT 0x03 len=0 
[12:10:53.183318] EP IN  0x81 len=64 0970200000007737845f388330000000000000000000000000000000000000000000000000000000000000000000000000000000000000000000000000000000
[12:10:53.184595] EP OUT 0x03 len=0 
[12:10:53.186454] EP OUT 0x03 len=0 
[12:10:53.188330] EP OUT 0x03 len=0 
[12:10:53.190176] EP OUT 0x03 len=0 
[12:10:53.192299] EP OUT 0x03 len=0 
[12:10:53.195327] EP IN  0x81 len=64 09712000000078378460288330000000000000000000000000000000000000000000000000000000000000000000000000000000000000000000000000000000
[12:10:53.196494] EP OUT 0x03 len=0 
[12:10:53.199335] EP IN  0x81 len=64 0974200000007837845f288330000000000000000000000000000000000000000000000000000000000000000000000000000000000000000000000000000000
[12:10:53.200838] EP OUT 0x03 len=0 
[12:10:53.203201] EP OUT 0x03 len=0 
[12:10:53.205073] EP OUT 0x03 len=0 
[12:10:53.206910] EP OUT 0x03 len=0 
[12:10:53.211419] EP IN  0x81 len=64 09752000000078478460288330000000000000000000000000000000000000000000000000000000000000000000000000000000000000000000000000000000
[12:10:53.212741] EP OUT 0x03 len=0 
[12:10:53.215343] EP IN  0x81 len=64 0978200000007837845e288330000000000000000000000000000000000000000000000000000000000000000000000000000000000000000000000000000000
[12:10:53.216812] EP OUT 0x03 len=0 
[12:10:53.219287] EP OUT 0x03 len=0 
[12:10:53.221083] EP OUT 0x03 len=0 
[12:10:53.223258] EP OUT 0x03 len=0 
[12:10:53.227412] EP IN  0x81 len=64 0979200000007747845f288330000000000000000000000000000000000000000000000000000000000000000000000000000000000000000000000000000000
[12:10:53.228684] EP OUT 0x03 len=0 
[12:10:53.231316] EP IN  0x81 len=64 097c200000007747845f288330000000000000000000000000000000000000000000000000000000000000000000000000000000000000000000000000000000
[12:10:53.232620] EP OUT 0x03 len=0 
[12:10:53.234494] EP OUT 0x03 len=0 
[12:10:53.236462] EP OUT 0x03 len=0 
[12:10:53.238365] EP OUT 0x03 len=0 
[12:10:53.240226] EP OUT 0x03 len=0 
[12:10:53.243408] EP IN  0x81 len=64 097d200000007837845f388330000000000000000000000000000000000000000000000000000000000000000000000000000000000000000000000000000000
[12:10:53.244716] EP OUT 0x03 len=0 
[12:10:53.247419] EP IN  0x81 len=64 0980200000007837845f288330000000000000000000000000000000000000000000000000000000000000000000000000000000000000000000000000000000
[12:10:53.248892] EP OUT 0x03 len=0 
[12:10:53.251271] EP OUT 0x03 len=0 
[12:10:53.253196] EP OUT 0x03 len=0 
[12:10:53.254985] EP OUT 0x03 len=0 
[12:10:53.259319] EP IN  0x81 len=64 0981200000007837845f288330000000000000000000000000000000000000000000000000000000000000000000000000000000000000000000000000000000
[12:10:53.260536] EP OUT 0x03 len=0 
[12:10:53.263328] EP IN  0x81 len=64 0984200000007827845f288330000000000000000000000000000000000000000000000000000000000000000000000000000000000000000000000000000000
[12:10:53.264650] EP OUT 0x03 len=0 
[12:10:53.266326] EP OUT 0x03 len=0 
[12:10:53.268417] EP OUT 0x03 len=0 
[12:10:53.270266] EP OUT 0x03 len=0 
[12:10:53.272188] EP OUT 0x03 len=0 
[12:10:53.275393] EP IN  0x81 len=64 0985200000007837845f288330000000000000000000000000000000000000000000000000000000000000000000000000000000000000000000000000000000
[12:10:53.276608] EP OUT 0x03 len=0 
[12:10:53.279330] EP IN  0x81 len=64 0988200000007847845f388330000000000000000000000000000000000000000000000000000000000000000000000000000000000000000000000000000000
[12:10:53.280753] EP OUT 0x03 len=0 
[12:10:53.283316] EP OUT 0x03 len=0 
[12:10:53.285286] EP OUT 0x03 len=0 
[12:10:53.287086] EP OUT 0x03 len=0 
[12:10:53.288906] EP OUT 0x03 len=0 
[12:10:53.291395] EP IN  0x81 len=64 0989200000007837845f288330000000000000000000000000000000000000000000000000000000000000000000000000000000000000000000000000000000
[12:10:53.292678] EP OUT 0x03 len=0 
[12:10:53.295313] EP IN  0x81 len=64 098c200000007837845f288330000000000000000000000000000000000000000000000000000000000000000000000000000000000000000000000000000000
[12:10:53.296683] EP OUT 0x03 len=0 
[12:10:53.298314] EP OUT 0x03 len=0 
[12:10:53.300339] EP OUT 0x03 len=0 
[12:10:53.302231] EP OUT 0x03 len=0 
[12:10:53.303994] EP OUT 0x03 len=0 
[12:10:53.307317] EP IN  0x81 len=64 098d200000007847845f288330000000000000000000000000000000000000000000000000000000000000000000000000000000000000000000000000000000
[12:10:53.308624] EP OUT 0x03 len=0 
[12:10:53.311413] EP IN  0x81 len=64 0990200000007847845e388330000000000000000000000000000000000000000000000000000000000000000000000000000000000000000000000000000000
[12:10:53.312911] EP OUT 0x03 len=0 
[12:10:53.315271] EP OUT 0x03 len=0 
[12:10:53.317236] EP OUT 0x03 len=0 
[12:10:53.319136] EP OUT 0x03 len=0 
[12:10:53.320960] EP OUT 0x03 len=0 
[12:10:53.323336] EP IN  0x81 len=64 0991200000007847845f288330000000000000000000000000000000000000000000000000000000000000000000000000000000000000000000000000000000
[12:10:53.324615] EP OUT 0x03 len=0 
[12:10:53.327391] EP IN  0x81 len=64 0994200000007737845e388330000000000000000000000000000000000000000000000000000000000000000000000000000000000000000000000000000000
[12:10:53.328870] EP OUT 0x03 len=0 
[12:10:53.331261] EP OUT 0x03 len=0 
[12:10:53.333110] EP OUT 0x03 len=0 
[12:10:53.335212] EP OUT 0x03 len=0 
[12:10:53.339333] EP IN  0x81 len=64 0995200000007837845f288330000000000000000000000000000000000000000000000000000000000000000000000000000000000000000000000000000000
[12:10:53.340467] EP OUT 0x03 len=0 
[12:10:53.343430] EP IN  0x81 len=64 0998200000007847845e288330000000000000000000000000000000000000000000000000000000000000000000000000000000000000000000000000000000
[12:10:53.344920] EP OUT 0x03 len=0 
[12:10:53.347238] EP OUT 0x03 len=0 
[12:10:53.349224] EP OUT 0x03 len=0 
[12:10:53.351111] EP OUT 0x03 len=0 
[12:10:53.353010] EP OUT 0x03 len=0 
[12:10:53.355420] EP IN  0x81 len=64 0999200000007847845f288330000000000000000000000000000000000000000000000000000000000000000000000000000000000000000000000000000000
[12:10:53.356721] EP OUT 0x03 len=0 
[12:10:53.359428] EP IN  0x81 len=64 099c200000007837845e288330000000000000000000000000000000000000000000000000000000000000000000000000000000000000000000000000000000
[12:10:53.360880] EP OUT 0x03 len=0 
[12:10:53.363183] EP OUT 0x03 len=0 
[12:10:53.365125] EP OUT 0x03 len=0 
[12:10:53.366935] EP OUT 0x03 len=0 
[12:10:53.371408] EP IN  0x81 len=64 099d200000007837845f188330000000000000000000000000000000000000000000000000000000000000000000000000000000000000000000000000000000
[12:10:53.372566] EP OUT 0x03 len=0 
[12:10:53.375339] EP IN  0x81 len=64 09a0200000007847845f288330000000000000000000000000000000000000000000000000000000000000000000000000000000000000000000000000000000
[12:10:53.376714] EP OUT 0x03 len=0 
[12:10:53.378588] EP OUT 0x03 len=0 
[12:10:53.380540] EP OUT 0x03 len=0 
[12:10:53.382433] EP OUT 0x03 len=0 
[12:10:53.384331] EP OUT 0x03 len=0 
[12:10:53.387320] EP IN  0x81 len=64 09a1200000007847845e288330000000000000000000000000000000000000000000000000000000000000000000000000000000000000000000000000000000
[12:10:53.388537] EP OUT 0x03 len=0 
[12:10:53.391347] EP IN  0x81 len=64 09a4200000007847845f288330000000000000000000000000000000000000000000000000000000000000000000000000000000000000000000000000000000
[12:10:53.392763] EP OUT 0x03 len=0 
[12:10:53.395270] EP OUT 0x03 len=0 
[12:10:53.397148] EP OUT 0x03 len=0 
[12:10:53.398965] EP OUT 0x03 len=0 
[12:10:53.403318] EP IN  0x81 len=64 09a5200000007837845e288330000000000000000000000000000000000000000000000000000000000000000000000000000000000000000000000000000000
[12:10:53.404439] EP OUT 0x03 len=0 
[12:10:53.407402] EP IN  0x81 len=64 09a8200000007747845f288330000000000000000000000000000000000000000000000000000000000000000000000000000000000000000000000000000000
[12:10:53.408880] EP OUT 0x03 len=0 
[12:10:53.411215] EP OUT 0x03 len=0 
[12:10:53.413031] EP OUT 0x03 len=0 
[12:10:53.415196] EP OUT 0x03 len=0 
[12:10:53.419419] EP IN  0x81 len=64 09a9200000007847845f288330000000000000000000000000000000000000000000000000000000000000000000000000000000000000000000000000000000
[12:10:53.420709] EP OUT 0x03 len=0 
[12:10:53.423426] EP IN  0x81 len=64 09ac200100007847845f288330000000000000000000000000000000000000000000000000000000000000000000000000000000000000000000000000000000
[12:10:53.424922] EP OUT 0x03 len=0 
[12:10:53.427312] EP OUT 0x03 len=0 
[12:10:53.429268] EP OUT 0x03 len=0 
[12:10:53.431140] EP OUT 0x03 len=0 
[12:10:53.433020] EP OUT 0x03 len=0 
[12:10:53.439615] EP OUT 0x03 len=0 
[12:10:53.443412] EP IN  0x81 len=64 09ad200100007837845f288330000000000000000000000000000000000000000000000000000000000000000000000000000000000000000000000000000000
[12:10:53.444708] EP OUT 0x03 len=0 
[12:10:53.447399] EP IN  0x81 len=64 09b2200100007837845e388330000000000000000000000000000000000000000000000000000000000000000000000000000000000000000000000000000000
[12:10:53.448740] EP OUT 0x03 len=0 
[12:10:53.450521] EP OUT 0x03 len=0 
[12:10:53.452518] EP OUT 0x03 len=0 
[12:10:53.454382] EP OUT 0x03 len=0 
[12:10:53.456268] EP OUT 0x03 len=0 
[12:10:53.459401] EP IN  0x81 len=64 09b3200100007837845f388330000000000000000000000000000000000000000000000000000000000000000000000000000000000000000000000000000000
[12:10:53.460667] EP OUT 0x03 len=0 
[12:10:53.463338] EP IN  0x81 len=64 09b6200100007747845e388330000000000000000000000000000000000000000000000000000000000000000000000000000000000000000000000000000000
[12:10:53.464851] EP OUT 0x03 len=0 
[12:10:53.467252] EP OUT 0x03 len=0 
[12:10:53.469229] EP OUT 0x03 len=0 
[12:10:53.471043] EP OUT 0x03 len=0 
[12:10:53.475318] EP IN  0x81 len=64 09b7200100007847845f288330000000000000000000000000000000000000000000000000000000000000000000000000000000000000000000000000000000
[12:10:53.476442] EP OUT 0x03 len=0 
[12:10:53.479400] EP IN  0x81 len=64 09ba200100007847845f288330000000000000000000000000000000000000000000000000000000000000000000000000000000000000000000000000000000
[12:10:53.480706] EP OUT 0x03 len=0 
[12:10:53.482366] EP OUT 0x03 len=0 
[12:10:53.484401] EP OUT 0x03 len=0 
[12:10:53.486386] EP OUT 0x03 len=0 
[12:10:53.488347] EP OUT 0x03 len=0 
[12:10:53.491411] EP IN  0x81 len=64 09bb200100007747845f288330000000000000000000000000000000000000000000000000000000000000000000000000000000000000000000000000000000
[12:10:53.492698] EP OUT 0x03 len=0 
[12:10:53.495332] EP IN  0x81 len=64 09be200100007837845e288330000000000000000000000000000000000000000000000000000000000000000000000000000000000000000000000000000000
[12:10:53.496768] EP OUT 0x03 len=0 
[12:10:53.498418] EP OUT 0x03 len=0 
[12:10:53.500235] EP OUT 0x03 len=0 
[12:10:53.502029] EP OUT 0x03 len=0 
[12:10:53.504422] EP OUT 0x03 len=0 
[12:10:53.507397] EP IN  0x81 len=64 09bf200100007847845f388330000000000000000000000000000000000000000000000000000000000000000000000000000000000000000000000000000000
[12:10:53.508721] EP OUT 0x03 len=0 
[12:10:53.511406] EP IN  0x81 len=64 09c2200100007947845f288330000000000000000000000000000000000000000000000000000000000000000000000000000000000000000000000000000000
[12:10:53.512768] EP OUT 0x03 len=0 
[12:10:53.514401] EP OUT 0x03 len=0 
[12:10:53.516277] EP OUT 0x03 len=0 
[12:10:53.518160] EP OUT 0x03 len=0 
[12:10:53.520248] EP OUT 0x03 len=0 
[12:10:53.523405] EP IN  0x81 len=64 09c3200100007737845e288330000000000000000000000000000000000000000000000000000000000000000000000000000000000000000000000000000000
[12:10:53.524583] EP OUT 0x03 len=0 
[12:10:53.527437] EP IN  0x81 len=64 09c6200100007847845f188330000000000000000000000000000000000000000000000000000000000000000000000000000000000000000000000000000000
[12:10:53.528904] EP OUT 0x03 len=0 
[12:10:53.531229] EP OUT 0x03 len=0 
[12:10:53.533198] EP OUT 0x03 len=0 
[12:10:53.535069] EP OUT 0x03 len=0 
[12:10:53.539422] EP IN  0x81 len=64 09c7200100007847845f288330000000000000000000000000000000000000000000000000000000000000000000000000000000000000000000000000000000
[12:10:53.540679] EP OUT 0x03 len=0 
[12:10:53.543435] EP IN  0x81 len=64 09ca2001000078378460288330000000000000000000000000000000000000000000000000000000000000000000000000000000000000000000000000000000
[12:10:53.544922] EP OUT 0x03 len=0 
[12:10:53.547158] EP OUT 0x03 len=0 
[12:10:53.550539] EP OUT 0x03 len=0 
[12:10:53.552453] EP OUT 0x03 len=0 
[12:10:53.555398] EP IN  0x81 len=64 09cb200100007837845e288330000000000000000000000000000000000000000000000000000000000000000000000000000000000000000000000000000000
[12:10:53.556569] EP OUT 0x03 len=0 
[12:10:53.559402] EP IN  0x81 len=64 09ce200100007737845e288330000000000000000000000000000000000000000000000000000000000000000000000000000000000000000000000000000000
[12:10:53.560861] EP OUT 0x03 len=0 
[12:10:53.563274] EP OUT 0x03 len=0 
[12:10:53.565279] EP OUT 0x03 len=0 
[12:10:53.567152] EP OUT 0x03 len=0 
[12:10:53.569063] EP OUT 0x03 len=0 
[12:10:53.575734] EP OUT 0x03 len=0 
[12:10:53.579393] EP IN  0x81 len=64 09cf200100007847845f388330000000000000000000000000000000000000000000000000000000000000000000000000000000000000000000000000000000
[12:10:53.580697] EP OUT 0x03 len=0 
[12:10:53.583313] EP IN  0x81 len=64 09d4200100007847845f388330000000000000000000000000000000000000000000000000000000000000000000000000000000000000000000000000000000
[12:10:53.584575] EP OUT 0x03 len=0 
[12:10:53.586350] EP OUT 0x03 len=0 
[12:10:53.588225] EP OUT 0x03 len=0 
[12:10:53.589897] EP OUT 0x03 len=0 
[12:10:53.592401] EP OUT 0x03 len=0 
[12:10:53.595336] EP IN  0x81 len=64 09d5200100007837845f188330000000000000000000000000000000000000000000000000000000000000000000000000000000000000000000000000000000
[12:10:53.596499] EP OUT 0x03 len=0 
[12:10:53.599312] EP IN  0x81 len=64 09d8200100007837845f388330000000000000000000000000000000000000000000000000000000000000000000000000000000000000000000000000000000
[12:10:53.600791] EP OUT 0x03 len=0 
[12:10:53.603257] EP OUT 0x03 len=0 
[12:10:53.605094] EP OUT 0x03 len=0 
[12:10:53.607511] EP OUT 0x03 len=0 
[12:10:53.609325] EP OUT 0x03 len=0 
[12:10:53.616069] EP OUT 0x03 len=0 
[12:10:53.619355] EP IN  0x81 len=64 09d9200100007747845f388330000000000000000000000000000000000000000000000000000000000000000000000000000000000000000000000000000000
[12:10:53.620606] EP OUT 0x03 len=0 
[12:10:53.623311] EP IN  0x81 len=64 09de200100007837845e288330000000000000000000000000000000000000000000000000000000000000000000000000000000000000000000000000000000
[12:10:53.624831] EP OUT 0x03 len=0 
[12:10:53.627204] EP OUT 0x03 len=0 
[12:10:53.629100] EP OUT 0x03 len=0 
[12:10:53.631264] EP OUT 0x03 len=0 
[12:10:53.635429] EP IN  0x81 len=64 09df200000007747845e288330000000000000000000000000000000000000000000000000000000000000000000000000000000000000000000000000000000
[12:10:53.636712] EP OUT 0x03 len=0 
[12:10:53.639422] EP IN  0x81 len=64 09e2200000007737845f388330000000000000000000000000000000000000000000000000000000000000000000000000000000000000000000000000000000
[12:10:53.640843] EP OUT 0x03 len=0 
[12:10:53.643196] EP OUT 0x03 len=0 
[12:10:53.644981] EP OUT 0x03 len=0 
[12:10:53.647273] EP OUT 0x03 len=0 
[12:10:53.651417] EP IN  0x81 len=64 09e32000000078478460388330000000000000000000000000000000000000000000000000000000000000000000000000000000000000000000000000000000
[12:10:53.652588] EP OUT 0x03 len=0 
[12:10:53.655309] EP IN  0x81 len=64 09e6200000007737845e388330000000000000000000000000000000000000000000000000000000000000000000000000000000000000000000000000000000
[12:10:53.656706] EP OUT 0x03 len=0 
[12:10:53.658501] EP OUT 0x03 len=0 
[12:10:53.660350] EP OUT 0x03 len=0 
[12:10:53.662236] EP OUT 0x03 len=0 
[12:10:53.664150] EP OUT 0x03 len=0 
[12:10:53.667344] EP IN  0x81 len=64 09e7200000007847845f288330000000000000000000000000000000000000000000000000000000000000000000000000000000000000000000000000000000
[12:10:53.668622] EP OUT 0x03 len=0 
[12:10:53.671401] EP IN  0x81 len=64 09ea200000007837845f288330000000000000000000000000000000000000000000000000000000000000000000000000000000000000000000000000000000
[12:10:53.672789] EP OUT 0x03 len=0 
[12:10:53.675232] EP OUT 0x03 len=0 
[12:10:53.677098] EP OUT 0x03 len=0 
[12:10:53.678894] EP OUT 0x03 len=0 
[12:10:53.683392] EP IN  0x81 len=64 09eb200000007737845f188330000000000000000000000000000000000000000000000000000000000000000000000000000000000000000000000000000000
[12:10:53.684687] EP OUT 0x03 len=0 
[12:10:53.687334] EP IN  0x81 len=64 09ee200000007847845f388330000000000000000000000000000000000000000000000000000000000000000000000000000000000000000000000000000000
[12:10:53.688685] EP OUT 0x03 len=0 
[12:10:53.690290] EP OUT 0x03 len=0 
[12:10:53.692286] EP OUT 0x03 len=0 
[12:10:53.694095] EP OUT 0x03 len=0 
[12:10:53.696358] EP OUT 0x03 len=0 
[12:10:53.699326] EP IN  0x81 len=64 09ef200000007737845e388330000000000000000000000000000000000000000000000000000000000000000000000000000000000000000000000000000000
[12:10:53.700548] EP OUT 0x03 len=0 
[12:10:53.703313] EP IN  0x81 len=64 09f2200000007847845f288330000000000000000000000000000000000000000000000000000000000000000000000000000000000000000000000000000000
[12:10:53.704768] EP OUT 0x03 len=0 
[12:10:53.706533] EP OUT 0x03 len=0 
[12:10:53.708476] EP OUT 0x03 len=0 
[12:10:53.710292] EP OUT 0x03 len=0 
[12:10:53.712239] EP OUT 0x03 len=0 
[12:10:53.715346] EP IN  0x81 len=64 09f3200000007837845e288330000000000000000000000000000000000000000000000000000000000000000000000000000000000000000000000000000000
[12:10:53.716636] EP OUT 0x03 len=0 
[12:10:53.719402] EP IN  0x81 len=64 09f6200000007747845e288330000000000000000000000000000000000000000000000000000000000000000000000000000000000000000000000000000000
[12:10:53.720755] EP OUT 0x03 len=0 
[12:10:53.722507] EP OUT 0x03 len=0 
[12:10:53.724485] EP OUT 0x03 len=0 
[12:10:53.726183] EP OUT 0x03 len=0 
[12:10:53.728132] EP OUT 0x03 len=0 
[12:10:53.731417] EP IN  0x81 len=64 09f7200000007837845f188330000000000000000000000000000000000000000000000000000000000000000000000000000000000000000000000000000000
[12:10:53.732564] EP OUT 0x03 len=0 
[12:10:53.735423] EP IN  0x81 len=64 09fa200000007747845f288330000000000000000000000000000000000000000000000000000000000000000000000000000000000000000000000000000000
[12:10:53.736866] EP OUT 0x03 len=0 
[12:10:53.739200] EP OUT 0x03 len=0 
[12:10:53.741183] EP OUT 0x03 len=0 
[12:10:53.742995] EP OUT 0x03 len=0 
[12:10:53.747408] EP IN  0x81 len=64 09fb200000007847845f388330000000000000000000000000000000000000000000000000000000000000000000000000000000000000000000000000000000
[12:10:53.748723] EP OUT 0x03 len=0 
[12:10:53.751424] EP IN  0x81 len=64 09fe200000007837845f388330000000000000000000000000000000000000000000000000000000000000000000000000000000000000000000000000000000
[12:10:53.752916] EP OUT 0x03 len=0 
[12:10:53.755202] EP OUT 0x03 len=0 
[12:10:53.757166] EP OUT 0x03 len=0 
[12:10:53.759007] EP OUT 0x03 len=0 
[12:10:53.763310] EP IN  0x81 len=64 09ff200000007837845f288330000000000000000000000000000000000000000000000000000000000000000000000000000000000000000000000000000000
[12:10:53.764436] EP OUT 0x03 len=0 
[12:10:53.767418] EP IN  0x81 len=64 0902200000007737845f288330000000000000000000000000000000000000000000000000000000000000000000000000000000000000000000000000000000
[12:10:53.768899] EP OUT 0x03 len=0 
[12:10:53.771178] EP OUT 0x03 len=0 
[12:10:53.774377] EP OUT 0x03 len=0 
[12:10:53.776277] EP OUT 0x03 len=0 
[12:10:53.779399] EP IN  0x81 len=64 0903200000007847845f288330000000000000000000000000000000000000000000000000000000000000000000000000000000000000000000000000000000
[12:10:53.780672] EP OUT 0x03 len=0 
[12:10:53.783412] EP IN  0x81 len=64 0906200000007837845f288330000000000000000000000000000000000000000000000000000000000000000000000000000000000000000000000000000000
[12:10:53.784849] EP OUT 0x03 len=0 
[12:10:53.787213] EP OUT 0x03 len=0 
[12:10:53.789137] EP OUT 0x03 len=0 
[12:10:53.791009] EP OUT 0x03 len=0 
[12:10:53.795325] EP IN  0x81 len=64 0907200000007837845f288330000000000000000000000000000000000000000000000000000000000000000000000000000000000000000000000000000000
[12:10:53.796490] EP OUT 0x03 len=0 
[12:10:53.799313] EP IN  0x81 len=64 090a200000007737845f288330000000000000000000000000000000000000000000000000000000000000000000000000000000000000000000000000000000
[12:10:53.800653] EP OUT 0x03 len=0 
[12:10:53.802505] EP OUT 0x03 len=0 
[12:10:53.804367] EP OUT 0x03 len=0 
[12:10:53.806197] EP OUT 0x03 len=0 
[12:10:53.808270] EP OUT 0x03 len=0 
[12:10:53.811438] EP IN  0x81 len=64 090b200000007847845f288330000000000000000000000000000000000000000000000000000000000000000000000000000000000000000000000000000000
[12:10:53.812772] EP OUT 0x03 len=0 
[12:10:53.815398] EP IN  0x81 len=64 090e200000007747845f288330000000000000000000000000000000000000000000000000000000000000000000000000000000000000000000000000000000
[12:10:53.816867] EP OUT 0x03 len=0 
[12:10:53.819249] EP OUT 0x03 len=0 
[12:10:53.821194] EP OUT 0x03 len=0 
[12:10:53.822977] EP OUT 0x03 len=0 
[12:10:53.827418] EP IN  0x81 len=64 090f200000007847845f288330000000000000000000000000000000000000000000000000000000000000000000000000000000000000000000000000000000
[12:10:53.828722] EP OUT 0x03 len=0 
[12:10:53.831340] EP IN  0x81 len=64 0912200000007847845f388330000000000000000000000000000000000000000000000000000000000000000000000000000000000000000000000000000000
[12:10:53.832835] EP OUT 0x03 len=0 
[12:10:53.835101] EP OUT 0x03 len=0 
[12:10:53.838273] EP OUT 0x03 len=0 
[12:10:53.840268] EP OUT 0x03 len=0 
[12:10:53.843425] EP IN  0x81 len=64 0913200000007837845f288330000000000000000000000000000000000000000000000000000000000000000000000000000000000000000000000000000000
[12:10:53.844778] EP OUT 0x03 len=0 
[12:10:53.847394] EP IN  0x81 len=64 0916200000007847845e288330000000000000000000000000000000000000000000000000000000000000000000000000000000000000000000000000000000
[12:10:53.848746] EP OUT 0x03 len=0 
[12:10:53.850581] EP OUT 0x03 len=0 
[12:10:53.852613] EP OUT 0x03 len=0 
[12:10:53.854488] EP OUT 0x03 len=0 
[12:10:53.856282] EP OUT 0x03 len=0 
[12:10:53.859404] EP IN  0x81 len=64 0917200000007847845f288330000000000000000000000000000000000000000000000000000000000000000000000000000000000000000000000000000000
[12:10:53.860674] EP OUT 0x03 len=0 
[12:10:53.863338] EP IN  0x81 len=64 091a200000007847845f288330000000000000000000000000000000000000000000000000000000000000000000000000000000000000000000000000000000
[12:10:53.864830] EP OUT 0x03 len=0 
[12:10:53.867276] EP OUT 0x03 len=0 
[12:10:53.869271] EP OUT 0x03 len=0 
[12:10:53.871007] EP OUT 0x03 len=0 
[12:10:53.875413] EP IN  0x81 len=64 091b200000007847845f288330000000000000000000000000000000000000000000000000000000000000000000000000000000000000000000000000000000
[12:10:53.876665] EP OUT 0x03 len=0 
[12:10:53.879333] EP IN  0x81 len=64 091e200000007847845f288330000000000000000000000000000000000000000000000000000000000000000000000000000000000000000000000000000000
[12:10:53.880645] EP OUT 0x03 len=0 
[12:10:53.882325] EP OUT 0x03 len=0 
[12:10:53.884375] EP OUT 0x03 len=0 
[12:10:53.886321] EP OUT 0x03 len=0 
[12:10:53.888245] EP OUT 0x03 len=0 
[12:10:53.891466] EP IN  0x81 len=64 091f200000007837845f288330000000000000000000000000000000000000000000000000000000000000000000000000000000000000000000000000000000
[12:10:53.892709] EP OUT 0x03 len=0 
[12:10:53.895326] EP IN  0x81 len=64 0922200000007847845f388330000000000000000000000000000000000000000000000000000000000000000000000000000000000000000000000000000000
[12:10:53.896780] EP OUT 0x03 len=0 
[12:10:53.899221] EP OUT 0x03 len=0 
[12:10:53.901198] EP OUT 0x03 len=0 
[12:10:53.903093] EP OUT 0x03 len=0 
[12:10:53.904895] EP OUT 0x03 len=0 
[12:10:53.907356] EP IN  0x81 len=64 0923200000007837845e388330000000000000000000000000000000000000000000000000000000000000000000000000000000000000000000000000000000
[12:10:53.908526] EP OUT 0x03 len=0 
[12:10:53.911334] EP IN  0x81 len=64 0926200000007847845e288330000000000000000000000000000000000000000000000000000000000000000000000000000000000000000000000000000000
[12:10:53.912716] EP OUT 0x03 len=0 
[12:10:53.914377] EP OUT 0x03 len=0 
[12:10:53.916300] EP OUT 0x03 len=0 
[12:10:53.918197] EP OUT 0x03 len=0 
[12:10:53.920093] EP OUT 0x03 len=0 
[12:10:53.921935] EP OUT 0x03 len=0 
[12:10:53.927426] EP IN  0x81 len=64 0927200000007847845f288330000000000000000000000000000000000000000000000000000000000000000000000000000000000000000000000000000000
[12:10:53.928716] EP OUT 0x03 len=0 
[12:10:53.931417] EP IN  0x81 len=64 092b200000007837845f388330000000000000000000000000000000000000000000000000000000000000000000000000000000000000000000000000000000
[12:10:53.932901] EP OUT 0x03 len=0 
[12:10:53.935284] EP OUT 0x03 len=0 
[12:10:53.937149] EP OUT 0x03 len=0 
[12:10:53.938993] EP OUT 0x03 len=0 
[12:10:53.943426] EP IN  0x81 len=64 092c200000007747845f288330000000000000000000000000000000000000000000000000000000000000000000000000000000000000000000000000000000
[12:10:53.944636] EP OUT 0x03 len=0 
[12:10:53.947307] EP IN  0x81 len=64 092f200000007847845f288330000000000000000000000000000000000000000000000000000000000000000000000000000000000000000000000000000000
[12:10:53.948784] EP OUT 0x03 len=0 
[12:10:53.951237] EP OUT 0x03 len=0 
[12:10:53.953166] EP OUT 0x03 len=0 
[12:10:53.954866] EP OUT 0x03 len=0 
[12:10:53.959399] EP IN  0x81 len=64 0930200000007837845e288330000000000000000000000000000000000000000000000000000000000000000000000000000000000000000000000000000000
[12:10:53.960641] EP OUT 0x03 len=0 
[12:10:53.963321] EP IN  0x81 len=64 09332000000077378460288330000000000000000000000000000000000000000000000000000000000000000000000000000000000000000000000000000000
[12:10:53.964829] EP OUT 0x03 len=0 
[12:10:53.967289] EP OUT 0x03 len=0 
[12:10:53.969261] EP OUT 0x03 len=0 
[12:10:53.971143] EP OUT 0x03 len=0 
[12:10:53.972966] EP OUT 0x03 len=0 
[12:10:53.975321] EP IN  0x81 len=64 0934200000007847845f288330000000000000000000000000000000000000000000000000000000000000000000000000000000000000000000000000000000
[12:10:53.976561] EP OUT 0x03 len=0 
[12:10:53.979416] EP IN  0x81 len=64 0937200000007837845f288330000000000000000000000000000000000000000000000000000000000000000000000000000000000000000000000000000000
[12:10:53.980899] EP OUT 0x03 len=0 
[12:10:53.983109] EP OUT 0x03 len=0 
[12:10:53.986420] EP OUT 0x03 len=0 
[12:10:53.988204] EP OUT 0x03 len=0 
[12:10:53.991346] EP IN  0x81 len=64 0938200000007847845e288330000000000000000000000000000000000000000000000000000000000000000000000000000000000000000000000000000000
[12:10:53.992543] EP OUT 0x03 len=0 
[12:10:53.995321] EP IN  0x81 len=64 093b200000007737845e288330000000000000000000000000000000000000000000000000000000000000000000000000000000000000000000000000000000
[12:10:53.996664] EP OUT 0x03 len=0 
[12:10:53.998549] EP OUT 0x03 len=0 
[12:10:54.000513] EP OUT 0x03 len=0 
[12:10:54.002392] EP OUT 0x03 len=0 
[12:10:54.004272] EP OUT 0x03 len=0 
[12:10:54.007398] EP IN  0x81 len=64 093c200000007847845f288330000000000000000000000000000000000000000000000000000000000000000000000000000000000000000000000000000000
[12:10:54.008676] EP OUT 0x03 len=0 
[12:10:54.011422] EP IN  0x81 len=64 093f200000007847845e388330000000000000000000000000000000000000000000000000000000000000000000000000000000000000000000000000000000
[12:10:54.012956] EP OUT 0x03 len=0 
[12:10:54.015286] EP OUT 0x03 len=0 
[12:10:54.017197] EP OUT 0x03 len=0 
[12:10:54.019097] EP OUT 0x03 len=0 
[12:10:54.020868] EP OUT 0x03 len=0 
[12:10:54.023312] EP IN  0x81 len=64 0940200000007847845f388330000000000000000000000000000000000000000000000000000000000000000000000000000000000000000000000000000000
[12:10:54.024592] EP OUT 0x03 len=0 
[12:10:54.027423] EP IN  0x81 len=64 09432000000078378460288330000000000000000000000000000000000000000000000000000000000000000000000000000000000000000000000000000000
[12:10:54.028874] EP OUT 0x03 len=0 
[12:10:54.031139] EP OUT 0x03 len=0 
[12:10:54.034530] EP OUT 0x03 len=0 
[12:10:54.036381] EP OUT 0x03 len=0 
[12:10:54.039430] EP IN  0x81 len=64 09442000000078478460288330000000000000000000000000000000000000000000000000000000000000000000000000000000000000000000000000000000
[12:10:54.040724] EP OUT 0x03 len=0 
[12:10:54.043406] EP IN  0x81 len=64 0947200000007837845f288330000000000000000000000000000000000000000000000000000000000000000000000000000000000000000000000000000000
[12:10:54.044922] EP OUT 0x03 len=0 
[12:10:54.047235] EP OUT 0x03 len=0 
[12:10:54.049178] EP OUT 0x03 len=0 
[12:10:54.051056] EP OUT 0x03 len=0 
[12:10:54.052952] EP OUT 0x03 len=0 
[12:10:54.055309] EP IN  0x81 len=64 0948200000007847845f288330000000000000000000000000000000000000000000000000000000000000000000000000000000000000000000000000000000
[12:10:54.056454] EP OUT 0x03 len=0 
[12:10:54.059459] EP IN  0x81 len=64 094b200000007837845e288330000000000000000000000000000000000000000000000000000000000000000000000000000000000000000000000000000000
[12:10:54.061286] EP OUT 0x03 len=0 
[12:10:54.063191] EP OUT 0x03 len=0 
[12:10:54.067425] EP IN  0x81 len=64 094c200000007837845f288330000000000000000000000000000000000000000000000000000000000000000000000000000000000000000000000000000000
[12:10:54.068735] EP OUT 0x03 len=0 
[12:10:54.071400] EP IN  0x81 len=64 094e200000007847845f288330000000000000000000000000000000000000000000000000000000000000000000000000000000000000000000000000000000
[12:10:54.072852] EP OUT 0x03 len=0 
[12:10:54.075303] EP OUT 0x03 len=0 
[12:10:54.077199] EP OUT 0x03 len=0 
[12:10:54.079003] EP OUT 0x03 len=0 
[12:10:54.083404] EP IN  0x81 len=64 094f200000007837845f288330000000000000000000000000000000000000000000000000000000000000000000000000000000000000000000000000000000
[12:10:54.084745] EP OUT 0x03 len=0 
[12:10:54.087334] EP IN  0x81 len=64 0952200000007847845f388330000000000000000000000000000000000000000000000000000000000000000000000000000000000000000000000000000000
[12:10:54.088742] EP OUT 0x03 len=0 
[12:10:54.090508] EP OUT 0x03 len=0 
[12:10:54.092319] EP OUT 0x03 len=0 
[12:10:54.094302] EP OUT 0x03 len=0 
[12:10:54.096156] EP OUT 0x03 len=0 
[12:10:54.099324] EP IN  0x81 len=64 0953200000007847845f288330000000000000000000000000000000000000000000000000000000000000000000000000000000000000000000000000000000
[12:10:54.100649] EP OUT 0x03 len=0 
[12:10:54.103314] EP IN  0x81 len=64 0956200000007847845f388330000000000000000000000000000000000000000000000000000000000000000000000000000000000000000000000000000000
[12:10:54.104686] EP OUT 0x03 len=0 
[12:10:54.106534] EP OUT 0x03 len=0 
[12:10:54.108523] EP OUT 0x03 len=0 
[12:10:54.110355] EP OUT 0x03 len=0 
[12:10:54.112233] EP OUT 0x03 len=0 
[12:10:54.115333] EP IN  0x81 len=64 0957200000007837845e288330000000000000000000000000000000000000000000000000000000000000000000000000000000000000000000000000000000
[12:10:54.116634] EP OUT 0x03 len=0 
[12:10:54.119416] EP IN  0x81 len=64 095a200000007837845e288330000000000000000000000000000000000000000000000000000000000000000000000000000000000000000000000000000000
[12:10:54.120877] EP OUT 0x03 len=0 
[12:10:54.123259] EP OUT 0x03 len=0 
[12:10:54.125255] EP OUT 0x03 len=0 
[12:10:54.127078] EP OUT 0x03 len=0 
[12:10:54.131324] EP IN  0x81 len=64 095b200000007947845e388330000000000000000000000000000000000000000000000000000000000000000000000000000000000000000000000000000000
[12:10:54.132567] EP OUT 0x03 len=0 
[12:10:54.135401] EP IN  0x81 len=64 095e200000007847845f288330000000000000000000000000000000000000000000000000000000000000000000000000000000000000000000000000000000
[12:10:54.136833] EP OUT 0x03 len=0 
[12:10:54.139170] EP OUT 0x03 len=0 
[12:10:54.142475] EP OUT 0x03 len=0 
[12:10:54.144333] EP OUT 0x03 len=0 
[12:10:54.147416] EP IN  0x81 len=64 095f200000007837845f288330000000000000000000000000000000000000000000000000000000000000000000000000000000000000000000000000000000
[12:10:54.148729] EP OUT 0x03 len=0 
[12:10:54.151425] EP IN  0x81 len=64 0962200000007847845f288330000000000000000000000000000000000000000000000000000000000000000000000000000000000000000000000000000000
[12:10:54.152945] EP OUT 0x03 len=0 
[12:10:54.155222] EP OUT 0x03 len=0 
[12:10:54.157160] EP OUT 0x03 len=0 
[12:10:54.159049] EP OUT 0x03 len=0 
[12:10:54.163314] EP IN  0x81 len=64 0963200000007837845f288330000000000000000000000000000000000000000000000000000000000000000000000000000000000000000000000000000000
[12:10:54.164452] EP OUT 0x03 len=0 
[12:10:54.167419] EP IN  0x81 len=64 0966200000007847845f288330000000000000000000000000000000000000000000000000000000000000000000000000000000000000000000000000000000
[12:10:54.168929] EP OUT 0x03 len=0 
[12:10:54.171160] EP OUT 0x03 len=0 
[12:10:54.174355] EP OUT 0x03 len=0 
[12:10:54.176248] EP OUT 0x03 len=0 
[12:10:54.179419] EP IN  0x81 len=64 0967200000007847845f288330000000000000000000000000000000000000000000000000000000000000000000000000000000000000000000000000000000
[12:10:54.180699] EP OUT 0x03 len=0 
[12:10:54.183406] EP IN  0x81 len=64 096a200000007847845f288330000000000000000000000000000000000000000000000000000000000000000000000000000000000000000000000000000000
[12:10:54.184896] EP OUT 0x03 len=0 
[12:10:54.187180] EP OUT 0x03 len=0 
[12:10:54.189051] EP OUT 0x03 len=0 
[12:10:54.190949] EP OUT 0x03 len=0 
[12:10:54.195416] EP IN  0x81 len=64 096b200000007837845f288330000000000000000000000000000000000000000000000000000000000000000000000000000000000000000000000000000000
[12:10:54.196581] EP OUT 0x03 len=0 
[12:10:54.199310] EP IN  0x81 len=64 096e200000007837845f288330000000000000000000000000000000000000000000000000000000000000000000000000000000000000000000000000000000
[12:10:54.200651] EP OUT 0x03 len=0 
[12:10:54.202364] EP OUT 0x03 len=0 
[12:10:54.204319] EP OUT 0x03 len=0 
[12:10:54.206152] EP OUT 0x03 len=0 
[12:10:54.208268] EP OUT 0x03 len=0 
[12:10:54.211421] EP IN  0x81 len=64 096f200000007747845f288330000000000000000000000000000000000000000000000000000000000000000000000000000000000000000000000000000000
[12:10:54.212744] EP OUT 0x03 len=0 
[12:10:54.215331] EP IN  0x81 len=64 0972200000007837845f288330000000000000000000000000000000000000000000000000000000000000000000000000000000000000000000000000000000
[12:10:54.216794] EP OUT 0x03 len=0 
[12:10:54.219257] EP OUT 0x03 len=0 
[12:10:54.221166] EP OUT 0x03 len=0 
[12:10:54.222987] EP OUT 0x03 len=0 
[12:10:54.227399] EP IN  0x81 len=64 0973200000007847845f288330000000000000000000000000000000000000000000000000000000000000000000000000000000000000000000000000000000
[12:10:54.228718] EP OUT 0x03 len=0 
[12:10:54.231408] EP IN  0x81 len=64 0976200000007847845e388330000000000000000000000000000000000000000000000000000000000000000000000000000000000000000000000000000000
[12:10:54.232898] EP OUT 0x03 len=0 
[12:10:54.235284] EP OUT 0x03 len=0 
[12:10:54.237127] EP OUT 0x03 len=0 
[12:10:54.239245] EP OUT 0x03 len=0 
[12:10:54.243410] EP IN  0x81 len=64 0977200000007837845e288330000000000000000000000000000000000000000000000000000000000000000000000000000000000000000000000000000000
[12:10:54.244729] EP OUT 0x03 len=0 
[12:10:54.247395] EP IN  0x81 len=64 097a200000007847845f288330000000000000000000000000000000000000000000000000000000000000000000000000000000000000000000000000000000
[12:10:54.248748] EP OUT 0x03 len=0 
[12:10:54.250588] EP OUT 0x03 len=0 
[12:10:54.252585] EP OUT 0x03 len=0 
[12:10:54.254421] EP OUT 0x03 len=0 
[12:10:54.256313] EP OUT 0x03 len=0 
[12:10:54.259407] EP IN  0x81 len=64 097b200000007737845f288330000000000000000000000000000000000000000000000000000000000000000000000000000000000000000000000000000000
[12:10:54.260698] EP OUT 0x03 len=0 
[12:10:54.263335] EP IN  0x81 len=64 097e200000007837845f288330000000000000000000000000000000000000000000000000000000000000000000000000000000000000000000000000000000
[12:10:54.264816] EP OUT 0x03 len=0 
[12:10:54.267265] EP OUT 0x03 len=0 
[12:10:54.269257] EP OUT 0x03 len=0 
[12:10:54.270999] EP OUT 0x03 len=0 
[12:10:54.275315] EP IN  0x81 len=64 097f200000007837845f288330000000000000000000000000000000000000000000000000000000000000000000000000000000000000000000000000000000
[12:10:54.276595] EP OUT 0x03 len=0 
[12:10:54.279329] EP IN  0x81 len=64 0982200000007737845f288330000000000000000000000000000000000000000000000000000000000000000000000000000000000000000000000000000000
[12:10:54.280635] EP OUT 0x03 len=0 
[12:10:54.282324] EP OUT 0x03 len=0 
[12:10:54.284411] EP OUT 0x03 len=0 
[12:10:54.286382] EP OUT 0x03 len=0 
[12:10:54.288183] EP OUT 0x03 len=0 
[12:10:54.291407] EP IN  0x81 len=64 0983200000007847845e288330000000000000000000000000000000000000000000000000000000000000000000000000000000000000000000000000000000
[12:10:54.292717] EP OUT 0x03 len=0 
[12:10:54.295323] EP IN  0x81 len=64 0986200000007847845f188330000000000000000000000000000000000000000000000000000000000000000000000000000000000000000000000000000000
[12:10:54.296773] EP OUT 0x03 len=0 
[12:10:54.299219] EP OUT 0x03 len=0 
[12:10:54.301228] EP OUT 0x03 len=0 
[12:10:54.303115] EP OUT 0x03 len=0 
[12:10:54.304929] EP OUT 0x03 len=0 
[12:10:54.307307] EP IN  0x81 len=64 0987200000007837845e288330000000000000000000000000000000000000000000000000000000000000000000000000000000000000000000000000000000
[12:10:54.308401] EP OUT 0x03 len=0 
[12:10:54.311343] EP IN  0x81 len=64 098a200000007837845e288330000000000000000000000000000000000000000000000000000000000000000000000000000000000000000000000000000000
[12:10:54.312688] EP OUT 0x03 len=0 
[12:10:54.314345] EP OUT 0x03 len=0 
[12:10:54.316340] EP OUT 0x03 len=0 
[12:10:54.318343] EP OUT 0x03 len=0 
[12:10:54.320259] EP OUT 0x03 len=0 
[12:10:54.323329] EP IN  0x81 len=64 098b200000007847845f288330000000000000000000000000000000000000000000000000000000000000000000000000000000000000000000000000000000
[12:10:54.324591] EP OUT 0x03 len=0 
[12:10:54.327417] EP IN  0x81 len=64 098e200000007737845f288330000000000000000000000000000000000000000000000000000000000000000000000000000000000000000000000000000000
[12:10:54.328825] EP OUT 0x03 len=0 
[12:10:54.331247] EP OUT 0x03 len=0 
[12:10:54.333259] EP OUT 0x03 len=0 
[12:10:54.335139] EP OUT 0x03 len=0 
[12:10:54.336975] EP OUT 0x03 len=0 
[12:10:54.339417] EP IN  0x81 len=64 098f200000007847845f288330000000000000000000000000000000000000000000000000000000000000000000000000000000000000000000000000000000
[12:10:54.340752] EP OUT 0x03 len=0 
[12:10:54.343307] EP IN  0x81 len=64 0992200000007837845f288330000000000000000000000000000000000000000000000000000000000000000000000000000000000000000000000000000000
[12:10:54.344582] EP OUT 0x03 len=0 
[12:10:54.346223] EP OUT 0x03 len=0 
[12:10:54.348304] EP OUT 0x03 len=0 
[12:10:54.350116] EP OUT 0x03 len=0 
[12:10:54.351987] EP OUT 0x03 len=0 
[12:10:54.355331] EP IN  0x81 len=64 0993200000007837845f288330000000000000000000000000000000000000000000000000000000000000000000000000000000000000000000000000000000
[12:10:54.356456] EP OUT 0x03 len=0 
[12:10:54.359399] EP IN  0x81 len=64 0996200000007847845e188330000000000000000000000000000000000000000000000000000000000000000000000000000000000000000000000000000000
[12:10:54.360846] EP OUT 0x03 len=0 
[12:10:54.363262] EP OUT 0x03 len=0 
[12:10:54.365239] EP OUT 0x03 len=0 
[12:10:54.367140] EP OUT 0x03 len=0 
[12:10:54.368998] EP OUT 0x03 len=0 
[12:10:54.371411] EP IN  0x81 len=64 09972000000078478460388330000000000000000000000000000000000000000000000000000000000000000000000000000000000000000000000000000000
[12:10:54.372642] EP OUT 0x03 len=0 
[12:10:54.375418] EP IN  0x81 len=64 099a200000007837845f288330000000000000000000000000000000000000000000000000000000000000000000000000000000000000000000000000000000
[12:10:54.376872] EP OUT 0x03 len=0 
[12:10:54.379278] EP OUT 0x03 len=0 
[12:10:54.381007] EP OUT 0x03 len=0 
[12:10:54.383265] EP OUT 0x03 len=0 
[12:10:54.387317] EP IN  0x81 len=64 099b2000000078378460388330000000000000000000000000000000000000000000000000000000000000000000000000000000000000000000000000000000
[12:10:54.388442] EP OUT 0x03 len=0 
[12:10:54.391338] EP IN  0x81 len=64 099e2000000078478460388330000000000000000000000000000000000000000000000000000000000000000000000000000000000000000000000000000000
[12:10:54.392753] EP OUT 0x03 len=0 
[12:10:54.395210] EP OUT 0x03 len=0 
[12:10:54.397162] EP OUT 0x03 len=0 
[12:10:54.399035] EP OUT 0x03 len=0 
[12:10:54.403322] EP IN  0x81 len=64 099f200000007837845f288330000000000000000000000000000000000000000000000000000000000000000000000000000000000000000000000000000000
[12:10:54.404510] EP OUT 0x03 len=0 
[12:10:54.407393] EP IN  0x81 len=64 09a2200000007837845f288330000000000000000000000000000000000000000000000000000000000000000000000000000000000000000000000000000000
[12:10:54.408833] EP OUT 0x03 len=0 
[12:10:54.411249] EP OUT 0x03 len=0 
[12:10:54.413089] EP OUT 0x03 len=0 
[12:10:54.414977] EP OUT 0x03 len=0 
[12:10:54.419333] EP IN  0x81 len=64 09a3200000007837845e288330000000000000000000000000000000000000000000000000000000000000000000000000000000000000000000000000000000
[12:10:54.420551] EP OUT 0x03 len=0 
[12:10:54.423322] EP IN  0x81 len=64 09a6200000007837845e288330000000000000000000000000000000000000000000000000000000000000000000000000000000000000000000000000000000
[12:10:54.424730] EP OUT 0x03 len=0 
[12:10:54.426566] EP OUT 0x03 len=0 
[12:10:54.428554] EP OUT 0x03 len=0 
[12:10:54.430436] EP OUT 0x03 len=0 
[12:10:54.432306] EP OUT 0x03 len=0 
[12:10:54.435342] EP IN  0x81 len=64 09a7200000007837845f288330000000000000000000000000000000000000000000000000000000000000000000000000000000000000000000000000000000
[12:10:54.436610] EP OUT 0x03 len=0 
[12:10:54.439410] EP IN  0x81 len=64 09aa200000007837845f288330000000000000000000000000000000000000000000000000000000000000000000000000000000000000000000000000000000
[12:10:54.440914] EP OUT 0x03 len=0 
[12:10:54.443188] EP OUT 0x03 len=0 
[12:10:54.445146] EP OUT 0x03 len=0 
[12:10:54.447017] EP OUT 0x03 len=0 
[12:10:54.451426] EP IN  0x81 len=64 09ab200000007847845f288330000000000000000000000000000000000000000000000000000000000000000000000000000000000000000000000000000000
[12:10:54.452774] EP OUT 0x03 len=0 
[12:10:54.455317] EP IN  0x81 len=64 09ae200000007837845f288330000000000000000000000000000000000000000000000000000000000000000000000000000000000000000000000000000000
[12:10:54.456650] EP OUT 0x03 len=0 
[12:10:54.458387] EP OUT 0x03 len=0 
[12:10:54.460347] EP OUT 0x03 len=0 
[12:10:54.462197] EP OUT 0x03 len=0 
[12:10:54.464373] EP OUT 0x03 len=0 
[12:10:54.467440] EP IN  0x81 len=64 09af200000007837845f288330000000000000000000000000000000000000000000000000000000000000000000000000000000000000000000000000000000
[12:10:54.468754] EP OUT 0x03 len=0 
[12:10:54.471402] EP IN  0x81 len=64 09b2200000007747845f288330000000000000000000000000000000000000000000000000000000000000000000000000000000000000000000000000000000
[12:10:54.472819] EP OUT 0x03 len=0 
[12:10:54.475234] EP OUT 0x03 len=0 
[12:10:54.477131] EP OUT 0x03 len=0 
[12:10:54.478965] EP OUT 0x03 len=0 
[12:10:54.483412] EP IN  0x81 len=64 09b3200000007837845f288330000000000000000000000000000000000000000000000000000000000000000000000000000000000000000000000000000000
[12:10:54.484730] EP OUT 0x03 len=0 
[12:10:54.487334] EP IN  0x81 len=64 09b6200000007837845f388330000000000000000000000000000000000000000000000000000000000000000000000000000000000000000000000000000000
[12:10:54.488741] EP OUT 0x03 len=0 
[12:10:54.491159] EP OUT 0x03 len=0 
[12:10:54.494420] EP OUT 0x03 len=0 
[12:10:54.496248] EP OUT 0x03 len=0 
[12:10:54.499324] EP IN  0x81 len=64 09b7200000007847845f288330000000000000000000000000000000000000000000000000000000000000000000000000000000000000000000000000000000
[12:10:54.500618] EP OUT 0x03 len=0 
[12:10:54.503312] EP IN  0x81 len=64 09ba2000000078378460288330000000000000000000000000000000000000000000000000000000000000000000000000000000000000000000000000000000
[12:10:54.504662] EP OUT 0x03 len=0 
[12:10:54.506498] EP OUT 0x03 len=0 
[12:10:54.508483] EP OUT 0x03 len=0 
[12:10:54.510367] EP OUT 0x03 len=0 
[12:10:54.512325] EP OUT 0x03 len=0 
[12:10:54.515418] EP IN  0x81 len=64 09bb200000007847845e288330000000000000000000000000000000000000000000000000000000000000000000000000000000000000000000000000000000
[12:10:54.516734] EP OUT 0x03 len=0 
[12:10:54.519438] EP IN  0x81 len=64 09be200000007737845f288330000000000000000000000000000000000000000000000000000000000000000000000000000000000000000000000000000000
[12:10:54.520920] EP OUT 0x03 len=0 
[12:10:54.523263] EP OUT 0x03 len=0 
[12:10:54.525216] EP OUT 0x03 len=0 
[12:10:54.527049] EP OUT 0x03 len=0 
[12:10:54.531399] EP IN  0x81 len=64 09bf200000007837845f288330000000000000000000000000000000000000000000000000000000000000000000000000000000000000000000000000000000
[12:10:54.532653] EP OUT 0x03 len=0 
[12:10:54.535331] EP IN  0x81 len=64 09c2200000007837845f288330000000000000000000000000000000000000000000000000000000000000000000000000000000000000000000000000000000
[12:10:54.536749] EP OUT 0x03 len=0 
[12:10:54.538435] EP OUT 0x03 len=0 
[12:10:54.540260] EP OUT 0x03 len=0 
[12:10:54.542207] EP OUT 0x03 len=0 
[12:10:54.544242] EP OUT 0x03 len=0 
[12:10:54.547449] EP IN  0x81 len=64 09c3200000007937845f288330000000000000000000000000000000000000000000000000000000000000000000000000000000000000000000000000000000
[12:10:54.548688] EP OUT 0x03 len=0 
[12:10:54.551336] EP IN  0x81 len=64 09c6200000007837845e388330000000000000000000000000000000000000000000000000000000000000000000000000000000000000000000000000000000
[12:10:54.552846] EP OUT 0x03 len=0 
[12:10:54.555262] EP OUT 0x03 len=0 
[12:10:54.557228] EP OUT 0x03 len=0 
[12:10:54.559101] EP OUT 0x03 len=0 
[12:10:54.563310] EP IN  0x81 len=64 09c7200000007737845e288330000000000000000000000000000000000000000000000000000000000000000000000000000000000000000000000000000000
[12:10:54.564421] EP OUT 0x03 len=0 
[12:10:54.567381] EP IN  0x81 len=64 09ca200000007847845f288330000000000000000000000000000000000000000000000000000000000000000000000000000000000000000000000000000000
[12:10:54.568864] EP OUT 0x03 len=0 
[12:10:54.571196] EP OUT 0x03 len=0 
[12:10:54.574421] EP OUT 0x03 len=0 
[12:10:54.576325] EP OUT 0x03 len=0 
[12:10:54.579397] EP IN  0x81 len=64 09cb200000007747845f288330000000000000000000000000000000000000000000000000000000000000000000000000000000000000000000000000000000
[12:10:54.580709] EP OUT 0x03 len=0 
[12:10:54.583406] EP IN  0x81 len=64 09ce200000007737845f288330000000000000000000000000000000000000000000000000000000000000000000000000000000000000000000000000000000
[12:10:54.584905] EP OUT 0x03 len=0 
[12:10:54.587208] EP OUT 0x03 len=0 
[12:10:54.589066] EP OUT 0x03 len=0 
[12:10:54.590952] EP OUT 0x03 len=0 
[12:10:54.595349] EP IN  0x81 len=64 09cf200000007837845f388330000000000000000000000000000000000000000000000000000000000000000000000000000000000000000000000000000000
[12:10:54.596652] EP OUT 0x03 len=0 
[12:10:54.599298] EP IN  0x81 len=64 09d2200000007847845f288330000000000000000000000000000000000000000000000000000000000000000000000000000000000000000000000000000000
[12:10:54.600638] EP OUT 0x03 len=0 
[12:10:54.602306] EP OUT 0x03 len=0 
[12:10:54.604226] EP OUT 0x03 len=0 
[12:10:54.605889] EP OUT 0x03 len=0 
[12:10:54.608204] EP OUT 0x03 len=0 
[12:10:54.611423] EP IN  0x81 len=64 09d3200000007737845f288330000000000000000000000000000000000000000000000000000000000000000000000000000000000000000000000000000000
[12:10:54.612671] EP OUT 0x03 len=0 
[12:10:54.615357] EP IN  0x81 len=64 09d6200000007947845f288330000000000000000000000000000000000000000000000000000000000000000000000000000000000000000000000000000000
[12:10:54.616802] EP OUT 0x03 len=0 
[12:10:54.619234] EP OUT 0x03 len=0 
[12:10:54.621160] EP OUT 0x03 len=0 
[12:10:54.622983] EP OUT 0x03 len=0 
[12:10:54.627401] EP IN  0x81 len=64 09d7200000007847845f288330000000000000000000000000000000000000000000000000000000000000000000000000000000000000000000000000000000
[12:10:54.628610] EP OUT 0x03 len=0 
[12:10:54.631397] EP IN  0x81 len=64 09da200000007937845f288330000000000000000000000000000000000000000000000000000000000000000000000000000000000000000000000000000000
[12:10:54.632888] EP OUT 0x03 len=0 
[12:10:54.635262] EP OUT 0x03 len=0 
[12:10:54.637188] EP OUT 0x03 len=0 
[12:10:54.639350] EP OUT 0x03 len=0 
[12:10:54.643419] EP IN  0x81 len=64 09db200000007837845f288330000000000000000000000000000000000000000000000000000000000000000000000000000000000000000000000000000000
[12:10:54.644736] EP OUT 0x03 len=0 
[12:10:54.647333] EP IN  0x81 len=64 09de200000007847845f388330000000000000000000000000000000000000000000000000000000000000000000000000000000000000000000000000000000
[12:10:54.648667] EP OUT 0x03 len=0 
[12:10:54.650328] EP OUT 0x03 len=0 
[12:10:54.652369] EP OUT 0x03 len=0 
[12:10:54.654323] EP OUT 0x03 len=0 
[12:10:54.656284] EP OUT 0x03 len=0 
[12:10:54.659405] EP IN  0x81 len=64 09df200000007747845f288330000000000000000000000000000000000000000000000000000000000000000000000000000000000000000000000000000000
[12:10:54.660736] EP OUT 0x03 len=0 
[12:10:54.663313] EP IN  0x81 len=64 09e2200000007837845f288330000000000000000000000000000000000000000000000000000000000000000000000000000000000000000000000000000000
[12:10:54.664812] EP OUT 0x03 len=0 
[12:10:54.667251] EP OUT 0x03 len=0 
[12:10:54.669227] EP OUT 0x03 len=0 
[12:10:54.670926] EP OUT 0x03 len=0 
[12:10:54.675396] EP IN  0x81 len=64 09e3200000007847845f288330000000000000000000000000000000000000000000000000000000000000000000000000000000000000000000000000000000
[12:10:54.676660] EP OUT 0x03 len=0 
[12:10:54.679311] EP IN  0x81 len=64 09e6200000007847845f388330000000000000000000000000000000000000000000000000000000000000000000000000000000000000000000000000000000
[12:10:54.680637] EP OUT 0x03 len=0 
[12:10:54.682341] EP OUT 0x03 len=0 
[12:10:54.684319] EP OUT 0x03 len=0 
[12:10:54.686193] EP OUT 0x03 len=0 
[12:10:54.688006] EP OUT 0x03 len=0 
[12:10:54.691404] EP IN  0x81 len=64 09e7200000007737845f288330000000000000000000000000000000000000000000000000000000000000000000000000000000000000000000000000000000
[12:10:54.692665] EP OUT 0x03 len=0 
[12:10:54.695327] EP IN  0x81 len=64 09ea200000007837845f388330000000000000000000000000000000000000000000000000000000000000000000000000000000000000000000000000000000
[12:10:54.696804] EP OUT 0x03 len=0 
[12:10:54.699273] EP OUT 0x03 len=0 
[12:10:54.701274] EP OUT 0x03 len=0 
[12:10:54.703148] EP OUT 0x03 len=0 
[12:10:54.707387] EP IN  0x81 len=64 09eb200000007747845f288330000000000000000000000000000000000000000000000000000000000000000000000000000000000000000000000000000000
[12:10:54.708708] EP OUT 0x03 len=0 
[12:10:54.711308] EP IN  0x81 len=64 09ee200000007737845f288330000000000000000000000000000000000000000000000000000000000000000000000000000000000000000000000000000000
[12:10:54.712693] EP OUT 0x03 len=0 
[12:10:54.714366] EP OUT 0x03 len=0 
[12:10:54.716249] EP OUT 0x03 len=0 
[12:10:54.718129] EP OUT 0x03 len=0 
[12:10:54.719909] EP OUT 0x03 len=0 
[12:10:54.723326] EP IN  0x81 len=64 09ef200000007847845f288330000000000000000000000000000000000000000000000000000000000000000000000000000000000000000000000000000000
[12:10:54.724619] EP OUT 0x03 len=0 
[12:10:54.727311] EP IN  0x81 len=64 09f2200000007837845f388330000000000000000000000000000000000000000000000000000000000000000000000000000000000000000000000000000000
[12:10:54.728757] EP OUT 0x03 len=0 
[12:10:54.731298] EP OUT 0x03 len=0 
[12:10:54.733286] EP OUT 0x03 len=0 
[12:10:54.735158] EP OUT 0x03 len=0 
[12:10:54.736967] EP OUT 0x03 len=0 
[12:10:54.739430] EP IN  0x81 len=64 09f3200000007837845f288330000000000000000000000000000000000000000000000000000000000000000000000000000000000000000000000000000000
[12:10:54.740716] EP OUT 0x03 len=0 
[12:10:54.743330] EP IN  0x81 len=64 09f6200000007837845f288330000000000000000000000000000000000000000000000000000000000000000000000000000000000000000000000000000000
[12:10:54.744818] EP OUT 0x03 len=0 
[12:10:54.747140] EP OUT 0x03 len=0 
[12:10:54.750380] EP OUT 0x03 len=0 
[12:10:54.752357] EP OUT 0x03 len=0 
[12:10:54.755409] EP IN  0x81 len=64 09f7200000007737845f288330000000000000000000000000000000000000000000000000000000000000000000000000000000000000000000000000000000
[12:10:54.756687] EP OUT 0x03 len=0 
[12:10:54.759309] EP IN  0x81 len=64 09fa200000007847845e288330000000000000000000000000000000000000000000000000000000000000000000000000000000000000000000000000000000
[12:10:54.760858] EP OUT 0x03 len=0 
[12:10:54.763274] EP OUT 0x03 len=0 
[12:10:54.765245] EP OUT 0x03 len=0 
[12:10:54.767096] EP OUT 0x03 len=0 
[12:10:54.768968] EP OUT 0x03 len=0 
[12:10:54.771399] EP IN  0x81 len=64 09fb200000007837845f288330000000000000000000000000000000000000000000000000000000000000000000000000000000000000000000000000000000
[12:10:54.772665] EP OUT 0x03 len=0 
[12:10:54.775327] EP IN  0x81 len=64 09fe200000007847845f288330000000000000000000000000000000000000000000000000000000000000000000000000000000000000000000000000000000
[12:10:54.776768] EP OUT 0x03 len=0 
[12:10:54.779192] EP OUT 0x03 len=0 
[12:10:54.782303] EP OUT 0x03 len=0 
[12:10:54.784213] EP OUT 0x03 len=0 
[12:10:54.787322] EP IN  0x81 len=64 09ff200000007837845e288330000000000000000000000000000000000000000000000000000000000000000000000000000000000000000000000000000000
[12:10:54.788481] EP OUT 0x03 len=0 
[12:10:54.791350] EP IN  0x81 len=64 0902200000007847845f288330000000000000000000000000000000000000000000000000000000000000000000000000000000000000000000000000000000
[12:10:54.792660] EP OUT 0x03 len=0 
[12:10:54.794498] EP OUT 0x03 len=0 
[12:10:54.796473] EP OUT 0x03 len=0 
[12:10:54.798360] EP OUT 0x03 len=0 
[12:10:54.800359] EP OUT 0x03 len=0 
[12:10:54.803327] EP IN  0x81 len=64 0903200000007847845f288330000000000000000000000000000000000000000000000000000000000000000000000000000000000000000000000000000000
[12:10:54.804526] EP OUT 0x03 len=0 
[12:10:54.807314] EP IN  0x81 len=64 0906200000007847845e288330000000000000000000000000000000000000000000000000000000000000000000000000000000000000000000000000000000
[12:10:54.808801] EP OUT 0x03 len=0 
[12:10:54.811314] EP OUT 0x03 len=0 
[12:10:54.813091] EP OUT 0x03 len=0 
[12:10:54.815205] EP OUT 0x03 len=0 
[12:10:54.819427] EP IN  0x81 len=64 0907200000007837845f288330000000000000000000000000000000000000000000000000000000000000000000000000000000000000000000000000000000
[12:10:54.820681] EP OUT 0x03 len=0 
[12:10:54.823328] EP IN  0x81 len=64 090a200000007837845f388330000000000000000000000000000000000000000000000000000000000000000000000000000000000000000000000000000000
[12:10:54.824698] EP OUT 0x03 len=0 
[12:10:54.826519] EP OUT 0x03 len=0 
[12:10:54.828483] EP OUT 0x03 len=0 
[12:10:54.830365] EP OUT 0x03 len=0 
[12:10:54.832349] EP OUT 0x03 len=0 
[12:10:54.835325] EP IN  0x81 len=64 090b200000007847845f288330000000000000000000000000000000000000000000000000000000000000000000000000000000000000000000000000000000
[12:10:54.836604] EP OUT 0x03 len=0 
[12:10:54.839333] EP IN  0x81 len=64 090e200000007847845f288330000000000000000000000000000000000000000000000000000000000000000000000000000000000000000000000000000000
[12:10:54.840823] EP OUT 0x03 len=0 
[12:10:54.843240] EP OUT 0x03 len=0 
[12:10:54.845211] EP OUT 0x03 len=0 
[12:10:54.847057] EP OUT 0x03 len=0 
[12:10:54.848945] EP OUT 0x03 len=0 
[12:10:54.851314] EP IN  0x81 len=64 090f200000007847845f288330000000000000000000000000000000000000000000000000000000000000000000000000000000000000000000000000000000
[12:10:54.852441] EP OUT 0x03 len=0 
[12:10:54.855325] EP IN  0x81 len=64 0912200000007847845e288330000000000000000000000000000000000000000000000000000000000000000000000000000000000000000000000000000000
[12:10:54.856617] EP OUT 0x03 len=0 
[12:10:54.858421] EP OUT 0x03 len=0 
[12:10:54.860403] EP OUT 0x03 len=0 
[12:10:54.862407] EP OUT 0x03 len=0 
[12:10:54.864332] EP OUT 0x03 len=0 
[12:10:54.867424] EP IN  0x81 len=64 0913200000007847845f288330000000000000000000000000000000000000000000000000000000000000000000000000000000000000000000000000000000
[12:10:54.868744] EP OUT 0x03 len=0 
[12:10:54.871319] EP IN  0x81 len=64 0916200000007837845e188330000000000000000000000000000000000000000000000000000000000000000000000000000000000000000000000000000000
[12:10:54.872786] EP OUT 0x03 len=0 
[12:10:54.875247] EP OUT 0x03 len=0 
[12:10:54.877167] EP OUT 0x03 len=0 
[12:10:54.878980] EP OUT 0x03 len=0 
[12:10:54.883398] EP IN  0x81 len=64 0917200000007837845e288330000000000000000000000000000000000000000000000000000000000000000000000000000000000000000000000000000000
[12:10:54.884717] EP OUT 0x03 len=0 
[12:10:54.887307] EP IN  0x81 len=64 091a200000007837845f288330000000000000000000000000000000000000000000000000000000000000000000000000000000000000000000000000000000
[12:10:54.888691] EP OUT 0x03 len=0 
[12:10:54.890394] EP OUT 0x03 len=0 
[12:10:54.892428] EP OUT 0x03 len=0 
[12:10:54.894398] EP OUT 0x03 len=0 
[12:10:54.896239] EP OUT 0x03 len=0 
[12:10:54.899324] EP IN  0x81 len=64 091b200000007847845f288330000000000000000000000000000000000000000000000000000000000000000000000000000000000000000000000000000000
[12:10:54.900601] EP OUT 0x03 len=0 
[12:10:54.903310] EP IN  0x81 len=64 091e200000007837845f288330000000000000000000000000000000000000000000000000000000000000000000000000000000000000000000000000000000
[12:10:54.904775] EP OUT 0x03 len=0 
[12:10:54.906580] EP OUT 0x03 len=0 
[12:10:54.908550] EP OUT 0x03 len=0 
[12:10:54.910357] EP OUT 0x03 len=0 
[12:10:54.912284] EP OUT 0x03 len=0 
[12:10:54.915340] EP IN  0x81 len=64 091f200000007837845f288330000000000000000000000000000000000000000000000000000000000000000000000000000000000000000000000000000000
[12:10:54.916636] EP OUT 0x03 len=0 
[12:10:54.919397] EP IN  0x81 len=64 0922200000007747845f288330000000000000000000000000000000000000000000000000000000000000000000000000000000000000000000000000000000
[12:10:54.920869] EP OUT 0x03 len=0 
[12:10:54.923272] EP OUT 0x03 len=0 
[12:10:54.924991] EP OUT 0x03 len=0 
[12:10:54.927269] EP OUT 0x03 len=0 
[12:10:54.931409] EP IN  0x81 len=64 0923200000007747845f288330000000000000000000000000000000000000000000000000000000000000000000000000000000000000000000000000000000
[12:10:54.932544] EP OUT 0x03 len=0 
[12:10:54.935310] EP IN  0x81 len=64 0926200000007837845f288330000000000000000000000000000000000000000000000000000000000000000000000000000000000000000000000000000000
[12:10:54.936803] EP OUT 0x03 len=0 
[12:10:54.938584] EP OUT 0x03 len=0 
[12:10:54.940545] EP OUT 0x03 len=0 
[12:10:54.942404] EP OUT 0x03 len=0 
[12:10:54.944354] EP OUT 0x03 len=0 
[12:10:54.947414] EP IN  0x81 len=64 0927200000007847845f188330000000000000000000000000000000000000000000000000000000000000000000000000000000000000000000000000000000
[12:10:54.948716] EP OUT 0x03 len=0 
[12:10:54.951320] EP IN  0x81 len=64 092a200000007837845f288330000000000000000000000000000000000000000000000000000000000000000000000000000000000000000000000000000000
[12:10:54.952798] EP OUT 0x03 len=0 
[12:10:54.955212] EP OUT 0x03 len=0 
[12:10:54.957151] EP OUT 0x03 len=0 
[12:10:54.959012] EP OUT 0x03 len=0 
[12:10:54.963306] EP IN  0x81 len=64 092b200000007847845f388330000000000000000000000000000000000000000000000000000000000000000000000000000000000000000000000000000000
[12:10:54.964419] EP OUT 0x03 len=0 
[12:10:54.967319] EP IN  0x81 len=64 092e200000007847845f288330000000000000000000000000000000000000000000000000000000000000000000000000000000000000000000000000000000
[12:10:54.968821] EP OUT 0x03 len=0 
[12:10:54.971181] EP OUT 0x03 len=0 
[12:10:54.974408] EP OUT 0x03 len=0 
[12:10:54.976275] EP OUT 0x03 len=0 
[12:10:54.979409] EP IN  0x81 len=64 092f200000007837845f288330000000000000000000000000000000000000000000000000000000000000000000000000000000000000000000000000000000
[12:10:54.980693] EP OUT 0x03 len=0 
[12:10:54.983396] EP IN  0x81 len=64 0932200000007947845f288330000000000000000000000000000000000000000000000000000000000000000000000000000000000000000000000000000000
[12:10:54.984929] EP OUT 0x03 len=0 
[12:10:54.987238] EP OUT 0x03 len=0 
[12:10:54.989156] EP OUT 0x03 len=0 
[12:10:54.991032] EP OUT 0x03 len=0 
[12:10:54.995325] EP IN  0x81 len=64 0933200000007737845f288330000000000000000000000000000000000000000000000000000000000000000000000000000000000000000000000000000000
[12:10:54.996598] EP OUT 0x03 len=0 
[12:10:54.999308] EP IN  0x81 len=64 0936200000007837845f388330000000000000000000000000000000000000000000000000000000000000000000000000000000000000000000000000000000
[12:10:55.000659] EP OUT 0x03 len=0 
[12:10:55.002382] EP OUT 0x03 len=0 
[12:10:55.004294] EP OUT 0x03 len=0 
[12:10:55.006204] EP OUT 0x03 len=0 
[12:10:55.008266] EP OUT 0x03 len=0 
[12:10:55.011432] EP IN  0x81 len=64 0937200000007937845f288330000000000000000000000000000000000000000000000000000000000000000000000000000000000000000000000000000000
[12:10:55.012645] EP OUT 0x03 len=0 
[12:10:55.015403] EP IN  0x81 len=64 093a200000007847845f388330000000000000000000000000000000000000000000000000000000000000000000000000000000000000000000000000000000
[12:10:55.016898] EP OUT 0x03 len=0 
[12:10:55.019289] EP OUT 0x03 len=0 
[12:10:55.021241] EP OUT 0x03 len=0 
[12:10:55.023033] EP OUT 0x03 len=0 
[12:10:55.027401] EP IN  0x81 len=64 093b200000007837845f288330000000000000000000000000000000000000000000000000000000000000000000000000000000000000000000000000000000
[12:10:55.028730] EP OUT 0x03 len=0 
[12:10:55.031393] EP IN  0x81 len=64 093e200000007847845f388330000000000000000000000000000000000000000000000000000000000000000000000000000000000000000000000000000000
[12:10:55.032886] EP OUT 0x03 len=0 
[12:10:55.035291] EP OUT 0x03 len=0 
[12:10:55.037151] EP OUT 0x03 len=0 
[12:10:55.039284] EP OUT 0x03 len=0 
[12:10:55.043430] EP IN  0x81 len=64 093f200100007837845e288330000000000000000000000000000000000000000000000000000000000000000000000000000000000000000000000000000000
[12:10:55.044748] EP OUT 0x03 len=0 
[12:10:55.047331] EP IN  0x81 len=64 0942200100007847845f288330000000000000000000000000000000000000000000000000000000000000000000000000000000000000000000000000000000
[12:10:55.048673] EP OUT 0x03 len=0 
[12:10:55.050476] EP OUT 0x03 len=0 
[12:10:55.052477] EP OUT 0x03 len=0 
[12:10:55.054341] EP OUT 0x03 len=0 
[12:10:55.056321] EP OUT 0x03 len=0 
[12:10:55.059422] EP IN  0x81 len=64 0943200100007747845f288330000000000000000000000000000000000000000000000000000000000000000000000000000000000000000000000000000000
[12:10:55.060685] EP OUT 0x03 len=0 
[12:10:55.063324] EP IN  0x81 len=64 0946200100007837845f288330000000000000000000000000000000000000000000000000000000000000000000000000000000000000000000000000000000
[12:10:55.064812] EP OUT 0x03 len=0 
[12:10:55.067274] EP OUT 0x03 len=0 
[12:10:55.069279] EP OUT 0x03 len=0 
[12:10:55.071049] EP OUT 0x03 len=0 
[12:10:55.075398] EP IN  0x81 len=64 0947200100007837845f388330000000000000000000000000000000000000000000000000000000000000000000000000000000000000000000000000000000
[12:10:55.076642] EP OUT 0x03 len=0 
[12:10:55.079395] EP IN  0x81 len=64 094a200100007747845e288330000000000000000000000000000000000000000000000000000000000000000000000000000000000000000000000000000000
[12:10:55.080719] EP OUT 0x03 len=0 
[12:10:55.082391] EP OUT 0x03 len=0 
[12:10:55.084473] EP OUT 0x03 len=0 
[12:10:55.086357] EP OUT 0x03 len=0 
[12:10:55.088202] EP OUT 0x03 len=0 
[12:10:55.091407] EP IN  0x81 len=64 094b200100007737845e288330000000000000000000000000000000000000000000000000000000000000000000000000000000000000000000000000000000
[12:10:55.092737] EP OUT 0x03 len=0 
[12:10:55.095320] EP IN  0x81 len=64 094e200100007747845e288330000000000000000000000000000000000000000000000000000000000000000000000000000000000000000000000000000000
[12:10:55.096810] EP OUT 0x03 len=0 
[12:10:55.099236] EP OUT 0x03 len=0 
[12:10:55.101243] EP OUT 0x03 len=0 
[12:10:55.103122] EP OUT 0x03 len=0 
[12:10:55.104948] EP OUT 0x03 len=0 
[12:10:55.107351] EP IN  0x81 len=64 094f200100007937845f288330000000000000000000000000000000000000000000000000000000000000000000000000000000000000000000000000000000
[12:10:55.108445] EP OUT 0x03 len=0 
[12:10:55.111403] EP IN  0x81 len=64 0952200100007937845f288330000000000000000000000000000000000000000000000000000000000000000000000000000000000000000000000000000000
[12:10:55.112804] EP OUT 0x03 len=0 
[12:10:55.114465] EP OUT 0x03 len=0 
[12:10:55.116394] EP OUT 0x03 len=0 
[12:10:55.118369] EP OUT 0x03 len=0 
[12:10:55.120268] EP OUT 0x03 len=0 
[12:10:55.123424] EP IN  0x81 len=64 09532001000078378460288330000000000000000000000000000000000000000000000000000000000000000000000000000000000000000000000000000000
[12:10:55.124725] EP OUT 0x03 len=0 
[12:10:55.127334] EP IN  0x81 len=64 0956200100007847845e388330000000000000000000000000000000000000000000000000000000000000000000000000000000000000000000000000000000
[12:10:55.128780] EP OUT 0x03 len=0 
[12:10:55.131312] EP OUT 0x03 len=0 
[12:10:55.133278] EP OUT 0x03 len=0 
[12:10:55.135144] EP OUT 0x03 len=0 
[12:10:55.136997] EP OUT 0x03 len=0 
[12:10:55.139418] EP IN  0x81 len=64 0957200100007847845f288330000000000000000000000000000000000000000000000000000000000000000000000000000000000000000000000000000000
[12:10:55.140743] EP OUT 0x03 len=0 
[12:10:55.143330] EP IN  0x81 len=64 095a200100007747845f188330000000000000000000000000000000000000000000000000000000000000000000000000000000000000000000000000000000
[12:10:55.144813] EP OUT 0x03 len=0 
[12:10:55.147133] EP OUT 0x03 len=0 
[12:10:55.150452] EP OUT 0x03 len=0 
[12:10:55.152315] EP OUT 0x03 len=0 
[12:10:55.155419] EP IN  0x81 len=64 095b200100007837845f288330000000000000000000000000000000000000000000000000000000000000000000000000000000000000000000000000000000
[12:10:55.156568] EP OUT 0x03 len=0 
[12:10:55.159394] EP IN  0x81 len=64 095e200100007837845f288330000000000000000000000000000000000000000000000000000000000000000000000000000000000000000000000000000000
[12:10:55.160865] EP OUT 0x03 len=0 
[12:10:55.163297] EP OUT 0x03 len=0 
[12:10:55.165187] EP OUT 0x03 len=0 
[12:10:55.167027] EP OUT 0x03 len=0 
[12:10:55.171416] EP IN  0x81 len=64 095f200100007837845e288330000000000000000000000000000000000000000000000000000000000000000000000000000000000000000000000000000000
[12:10:55.172652] EP OUT 0x03 len=0 
[12:10:55.175416] EP IN  0x81 len=64 0962200100007837845f288330000000000000000000000000000000000000000000000000000000000000000000000000000000000000000000000000000000
[12:10:55.176854] EP OUT 0x03 len=0 
[12:10:55.179311] EP OUT 0x03 len=0 
[12:10:55.181281] EP OUT 0x03 len=0 
[12:10:55.183013] EP OUT 0x03 len=0 
[12:10:55.187314] EP IN  0x81 len=64 0963200100007837845f288330000000000000000000000000000000000000000000000000000000000000000000000000000000000000000000000000000000
[12:10:55.188467] EP OUT 0x03 len=0 
[12:10:55.191397] EP IN  0x81 len=64 0966200100007747845e288330000000000000000000000000000000000000000000000000000000000000000000000000000000000000000000000000000000
[12:10:55.192863] EP OUT 0x03 len=0 
[12:10:55.195253] EP OUT 0x03 len=0 
[12:10:55.197201] EP OUT 0x03 len=0 
[12:10:55.199050] EP OUT 0x03 len=0 
[12:10:55.200952] EP OUT 0x03 len=0 
[12:10:55.203319] EP IN  0x81 len=64 0967200100007837845f188330000000000000000000000000000000000000000000000000000000000000000000000000000000000000000000000000000000
[12:10:55.204534] EP OUT 0x03 len=0 
[12:10:55.207337] EP IN  0x81 len=64 096a200100007837845e288330000000000000000000000000000000000000000000000000000000000000000000000000000000000000000000000000000000
[12:10:55.208785] EP OUT 0x03 len=0 
[12:10:55.211245] EP OUT 0x03 len=0 
[12:10:55.213095] EP OUT 0x03 len=0 
[12:10:55.214969] EP OUT 0x03 len=0 
[12:10:55.219327] EP IN  0x81 len=64 096b200100007837845e288330000000000000000000000000000000000000000000000000000000000000000000000000000000000000000000000000000000
[12:10:55.220572] EP OUT 0x03 len=0 
[12:10:55.223312] EP IN  0x81 len=64 096e200100007737845f288330000000000000000000000000000000000000000000000000000000000000000000000000000000000000000000000000000000
[12:10:55.224741] EP OUT 0x03 len=0 
[12:10:55.226570] EP OUT 0x03 len=0 
[12:10:55.228529] EP OUT 0x03 len=0 
[12:10:55.230193] EP OUT 0x03 len=0 
[12:10:55.232216] EP OUT 0x03 len=0 
[12:10:55.235412] EP IN  0x81 len=64 096f200100007837845f288330000000000000000000000000000000000000000000000000000000000000000000000000000000000000000000000000000000
[12:10:55.236723] EP OUT 0x03 len=0 
[12:10:55.239398] EP IN  0x81 len=64 0972200100007847845f388330000000000000000000000000000000000000000000000000000000000000000000000000000000000000000000000000000000
[12:10:55.240894] EP OUT 0x03 len=0 
[12:10:55.243287] EP OUT 0x03 len=0 
[12:10:55.245247] EP OUT 0x03 len=0 
[12:10:55.247088] EP OUT 0x03 len=0 
[12:10:55.248977] EP OUT 0x03 len=0 
[12:10:55.251389] EP IN  0x81 len=64 0973200100007947845f288330000000000000000000000000000000000000000000000000000000000000000000000000000000000000000000000000000000
[12:10:55.252737] EP OUT 0x03 len=0 
[12:10:55.255311] EP IN  0x81 len=64 0976200100007837845f288330000000000000000000000000000000000000000000000000000000000000000000000000000000000000000000000000000000
[12:10:55.256757] EP OUT 0x03 len=0 
[12:10:55.258628] EP OUT 0x03 len=0 
[12:10:55.260536] EP OUT 0x03 len=0 
[12:10:55.262342] EP OUT 0x03 len=0 
[12:10:55.264185] EP OUT 0x03 len=0 
[12:10:55.267415] EP IN  0x81 len=64 0977200100007847845f288330000000000000000000000000000000000000000000000000000000000000000000000000000000000000000000000000000000
[12:10:55.268691] EP OUT 0x03 len=0 
[12:10:55.271399] EP IN  0x81 len=64 097a200000007737845f188330000000000000000000000000000000000000000000000000000000000000000000000000000000000000000000000000000000
[12:10:55.272824] EP OUT 0x03 len=0 
[12:10:55.275259] EP OUT 0x03 len=0 
[12:10:55.277169] EP OUT 0x03 len=0 
[12:10:55.278956] EP OUT 0x03 len=0 
[12:10:55.283412] EP IN  0x81 len=64 097b200000007737845f288330000000000000000000000000000000000000000000000000000000000000000000000000000000000000000000000000000000
[12:10:55.284719] EP OUT 0x03 len=0 
[12:10:55.287378] EP IN  0x81 len=64 097e200000007737845f288330000000000000000000000000000000000000000000000000000000000000000000000000000000000000000000000000000000
[12:10:55.288818] EP OUT 0x03 len=0 
[12:10:55.291144] EP OUT 0x03 len=0 
[12:10:55.294351] EP OUT 0x03 len=0 
[12:10:55.296205] EP OUT 0x03 len=0 
[12:10:55.299327] EP IN  0x81 len=64 097f200000007837845f288330000000000000000000000000000000000000000000000000000000000000000000000000000000000000000000000000000000
[12:10:55.300611] EP OUT 0x03 len=0 
[12:10:55.303304] EP IN  0x81 len=64 0982200000007837845f288330000000000000000000000000000000000000000000000000000000000000000000000000000000000000000000000000000000
[12:10:55.304732] EP OUT 0x03 len=0 
[12:10:55.306550] EP OUT 0x03 len=0 
[12:10:55.308555] EP OUT 0x03 len=0 
[12:10:55.310330] EP OUT 0x03 len=0 
[12:10:55.312307] EP OUT 0x03 len=0 
[12:10:55.315330] EP IN  0x81 len=64 0983200000007747845f288330000000000000000000000000000000000000000000000000000000000000000000000000000000000000000000000000000000
[12:10:55.316602] EP OUT 0x03 len=0 
[12:10:55.319422] EP IN  0x81 len=64 0986200000007847845f388330000000000000000000000000000000000000000000000000000000000000000000000000000000000000000000000000000000
[12:10:55.320898] EP OUT 0x03 len=0 
[12:10:55.323314] EP OUT 0x03 len=0 
[12:10:55.325230] EP OUT 0x03 len=0 
[12:10:55.326918] EP OUT 0x03 len=0 
[12:10:55.331424] EP IN  0x81 len=64 0987200000007837845f288330000000000000000000000000000000000000000000000000000000000000000000000000000000000000000000000000000000
[12:10:55.332727] EP OUT 0x03 len=0 
[12:10:55.335333] EP IN  0x81 len=64 098a200000007747845e388330000000000000000000000000000000000000000000000000000000000000000000000000000000000000000000000000000000
[12:10:55.336764] EP OUT 0x03 len=0 
[12:10:55.338448] EP OUT 0x03 len=0 
[12:10:55.340298] EP OUT 0x03 len=0 
[12:10:55.342176] EP OUT 0x03 len=0 
[12:10:55.344268] EP OUT 0x03 len=0 
[12:10:55.347418] EP IN  0x81 len=64 098b200000007837845f388330000000000000000000000000000000000000000000000000000000000000000000000000000000000000000000000000000000
[12:10:55.348734] EP OUT 0x03 len=0 
[12:10:55.351325] EP IN  0x81 len=64 098e200000007837845f288330000000000000000000000000000000000000000000000000000000000000000000000000000000000000000000000000000000
[12:10:55.352831] EP OUT 0x03 len=0 
[12:10:55.355244] EP OUT 0x03 len=0 
[12:10:55.357128] EP OUT 0x03 len=0 
[12:10:55.358945] EP OUT 0x03 len=0 
[12:10:55.363306] EP IN  0x81 len=64 098f200000007737845f288330000000000000000000000000000000000000000000000000000000000000000000000000000000000000000000000000000000
[12:10:55.364398] EP OUT 0x03 len=0 
[12:10:55.367319] EP IN  0x81 len=64 0992200000007837845f388330000000000000000000000000000000000000000000000000000000000000000000000000000000000000000000000000000000
[12:10:55.368835] EP OUT 0x03 len=0 
[12:10:55.371185] EP OUT 0x03 len=0 
[12:10:55.374403] EP OUT 0x03 len=0 
[12:10:55.376337] EP OUT 0x03 len=0 
[12:10:55.379408] EP IN  0x81 len=64 0993200000007737845f288330000000000000000000000000000000000000000000000000000000000000000000000000000000000000000000000000000000
[12:10:55.380597] EP OUT 0x03 len=0 
[12:10:55.383312] EP IN  0x81 len=64 0996200000007727845f288330000000000000000000000000000000000000000000000000000000000000000000000000000000000000000000000000000000
[12:10:55.384665] EP OUT 0x03 len=0 
[12:10:55.386383] EP OUT 0x03 len=0 
[12:10:55.388257] EP OUT 0x03 len=0 
[12:10:55.389960] EP OUT 0x03 len=0 
[12:10:55.392265] EP OUT 0x03 len=0 
[12:10:55.395325] EP IN  0x81 len=64 0997200100007847845f288330000000000000000000000000000000000000000000000000000000000000000000000000000000000000000000000000000000
[12:10:55.396506] EP OUT 0x03 len=0 
[12:10:55.399313] EP IN  0x81 len=64 099a200100007847845f288330000000000000000000000000000000000000000000000000000000000000000000000000000000000000000000000000000000
[12:10:55.400606] EP OUT 0x03 len=0 
[12:10:55.402247] EP OUT 0x03 len=0 
[12:10:55.404247] EP OUT 0x03 len=0 
[12:10:55.405919] EP OUT 0x03 len=0 
[12:10:55.408204] EP OUT 0x03 len=0 
[12:10:55.411409] EP IN  0x81 len=64 099b200100007837845f288330000000000000000000000000000000000000000000000000000000000000000000000000000000000000000000000000000000
[12:10:55.412588] EP OUT 0x03 len=0 
[12:10:55.415397] EP IN  0x81 len=64 099e200100007847845f288330000000000000000000000000000000000000000000000000000000000000000000000000000000000000000000000000000000
[12:10:55.416771] EP OUT 0x03 len=0 
[12:10:55.418487] EP OUT 0x03 len=0 
[12:10:55.420341] EP OUT 0x03 len=0 
[12:10:55.422136] EP OUT 0x03 len=0 
[12:10:55.424195] EP OUT 0x03 len=0 
[12:10:55.427312] EP IN  0x81 len=64 099f200100007737845e288330000000000000000000000000000000000000000000000000000000000000000000000000000000000000000000000000000000
[12:10:55.428482] EP OUT 0x03 len=0 
[12:10:55.431422] EP IN  0x81 len=64 09a2200100007947845f188330000000000000000000000000000000000000000000000000000000000000000000000000000000000000000000000000000000
[12:10:55.432956] EP OUT 0x03 len=0 
[12:10:55.435245] EP OUT 0x03 len=0 
[12:10:55.437173] EP OUT 0x03 len=0 
[12:10:55.439320] EP OUT 0x03 len=0 
[12:10:55.443413] EP IN  0x81 len=64 09a3200100007847845f288330000000000000000000000000000000000000000000000000000000000000000000000000000000000000000000000000000000
[12:10:55.444709] EP OUT 0x03 len=0 
[12:10:55.447390] EP IN  0x81 len=64 09a6200100007937845e288330000000000000000000000000000000000000000000000000000000000000000000000000000000000000000000000000000000
[12:10:55.448736] EP OUT 0x03 len=0 
[12:10:55.450475] EP OUT 0x03 len=0 
[12:10:55.452480] EP OUT 0x03 len=0 
[12:10:55.454284] EP OUT 0x03 len=0 
[12:10:55.456295] EP OUT 0x03 len=0 
[12:10:55.459402] EP IN  0x81 len=64 09a7200100007837845f188330000000000000000000000000000000000000000000000000000000000000000000000000000000000000000000000000000000
[12:10:55.460656] EP OUT 0x03 len=0 
[12:10:55.463320] EP IN  0x81 len=64 09aa200100007747845f288330000000000000000000000000000000000000000000000000000000000000000000000000000000000000000000000000000000
[12:10:55.464827] EP OUT 0x03 len=0 
[12:10:55.467270] EP OUT 0x03 len=0 
[12:10:55.469258] EP OUT 0x03 len=0 
[12:10:55.471018] EP OUT 0x03 len=0 
[12:10:55.475309] EP IN  0x81 len=64 09ab200100007737845f288330000000000000000000000000000000000000000000000000000000000000000000000000000000000000000000000000000000
[12:10:55.476466] EP OUT 0x03 len=0 
[12:10:55.479403] EP IN  0x81 len=64 09ae200100007737845f288330000000000000000000000000000000000000000000000000000000000000000000000000000000000000000000000000000000
[12:10:55.480725] EP OUT 0x03 len=0 
[12:10:55.482405] EP OUT 0x03 len=0 
[12:10:55.484387] EP OUT 0x03 len=0 
[12:10:55.486339] EP OUT 0x03 len=0 
[12:10:55.488264] EP OUT 0x03 len=0 
[12:10:55.491411] EP IN  0x81 len=64 09af200100007847845f288330000000000000000000000000000000000000000000000000000000000000000000000000000000000000000000000000000000
[12:10:55.492694] EP OUT 0x03 len=0 
[12:10:55.495323] EP IN  0x81 len=64 09b2200100007847845f288330000000000000000000000000000000000000000000000000000000000000000000000000000000000000000000000000000000
[12:10:55.496746] EP OUT 0x03 len=0 
[12:10:55.498629] EP OUT 0x03 len=0 
[12:10:55.500642] EP OUT 0x03 len=0 
[12:10:55.502465] EP OUT 0x03 len=0 
[12:10:55.504263] EP OUT 0x03 len=0 
[12:10:55.507373] EP IN  0x81 len=64 09b3200100007847845e388330000000000000000000000000000000000000000000000000000000000000000000000000000000000000000000000000000000
[12:10:55.508653] EP OUT 0x03 len=0 
[12:10:55.511410] EP IN  0x81 len=64 09b6200100007847845f288330000000000000000000000000000000000000000000000000000000000000000000000000000000000000000000000000000000
[12:10:55.512728] EP OUT 0x03 len=0 
[12:10:55.514330] EP OUT 0x03 len=0 
[12:10:55.516346] EP OUT 0x03 len=0 
[12:10:55.518294] EP OUT 0x03 len=0 
[12:10:55.520254] EP OUT 0x03 len=0 
[12:10:55.523407] EP IN  0x81 len=64 09b7200100007737845e288330000000000000000000000000000000000000000000000000000000000000000000000000000000000000000000000000000000
[12:10:55.524601] EP OUT 0x03 len=0 
[12:10:55.527387] EP IN  0x81 len=64 09ba200100007747845f288330000000000000000000000000000000000000000000000000000000000000000000000000000000000000000000000000000000
[12:10:55.528889] EP OUT 0x03 len=0 
[12:10:55.531269] EP OUT 0x03 len=0 
[12:10:55.533243] EP OUT 0x03 len=0 
[12:10:55.535100] EP OUT 0x03 len=0 
[12:10:55.536913] EP OUT 0x03 len=0 
[12:10:55.539402] EP IN  0x81 len=64 09bb200100007747845f288330000000000000000000000000000000000000000000000000000000000000000000000000000000000000000000000000000000
[12:10:55.540720] EP OUT 0x03 len=0 
[12:10:55.543393] EP IN  0x81 len=64 09be200100007737845f288330000000000000000000000000000000000000000000000000000000000000000000000000000000000000000000000000000000
[12:10:55.544911] EP OUT 0x03 len=0 
[12:10:55.547160] EP OUT 0x03 len=0 
[12:10:55.550448] EP OUT 0x03 len=0 
[12:10:55.552350] EP OUT 0x03 len=0 
[12:10:55.555304] EP IN  0x81 len=64 09bf200100007837845f288330000000000000000000000000000000000000000000000000000000000000000000000000000000000000000000000000000000
[12:10:55.556428] EP OUT 0x03 len=0 
[12:10:55.559399] EP IN  0x81 len=64 09c2200100007837845f388330000000000000000000000000000000000000000000000000000000000000000000000000000000000000000000000000000000
[12:10:55.560839] EP OUT 0x03 len=0 
[12:10:55.563268] EP OUT 0x03 len=0 
[12:10:55.565268] EP OUT 0x03 len=0 
[12:10:55.567125] EP OUT 0x03 len=0 
[12:10:55.569003] EP OUT 0x03 len=0 
[12:10:55.571405] EP IN  0x81 len=64 09c32000000078378460288330000000000000000000000000000000000000000000000000000000000000000000000000000000000000000000000000000000
[12:10:55.572723] EP OUT 0x03 len=0 
[12:10:55.575396] EP IN  0x81 len=64 09c6200000007837845f288330000000000000000000000000000000000000000000000000000000000000000000000000000000000000000000000000000000
[12:10:55.576855] EP OUT 0x03 len=0 
[12:10:55.579327] EP OUT 0x03 len=0 
[12:10:55.581291] EP OUT 0x03 len=0 
[12:10:55.582949] EP OUT 0x03 len=0 
[12:10:55.587315] EP IN  0x81 len=64 09c7200000007937845f288330000000000000000000000000000000000000000000000000000000000000000000000000000000000000000000000000000000
[12:10:55.588442] EP OUT 0x03 len=0 
[12:10:55.591334] EP IN  0x81 len=64 09ca200000007837845f288330000000000000000000000000000000000000000000000000000000000000000000000000000000000000000000000000000000
[12:10:55.592724] EP OUT 0x03 len=0 
[12:10:55.594616] EP OUT 0x03 len=0 
[12:10:55.596584] EP OUT 0x03 len=0 
[12:10:55.598433] EP OUT 0x03 len=0 
[12:10:55.600418] EP OUT 0x03 len=0 
[12:10:55.603306] EP IN  0x81 len=64 09cb200000007837845f288330000000000000000000000000000000000000000000000000000000000000000000000000000000000000000000000000000000
[12:10:55.604506] EP OUT 0x03 len=0 
[12:10:55.607311] EP IN  0x81 len=64 09ce200000007837845e288330000000000000000000000000000000000000000000000000000000000000000000000000000000000000000000000000000000
[12:10:55.608778] EP OUT 0x03 len=0 
[12:10:55.610624] EP OUT 0x03 len=0 
[12:10:55.612486] EP OUT 0x03 len=0 
[12:10:55.614387] EP OUT 0x03 len=0 
[12:10:55.616342] EP OUT 0x03 len=0 
[12:10:55.619323] EP IN  0x81 len=64 09cf200000007737845e288330000000000000000000000000000000000000000000000000000000000000000000000000000000000000000000000000000000
[12:10:55.620563] EP OUT 0x03 len=0 
[12:10:55.623311] EP IN  0x81 len=64 09d2200000007737845f188330000000000000000000000000000000000000000000000000000000000000000000000000000000000000000000000000000000
[12:10:55.624753] EP OUT 0x03 len=0 
[12:10:55.626615] EP OUT 0x03 len=0 
[12:10:55.628583] EP OUT 0x03 len=0 
[12:10:55.630248] EP OUT 0x03 len=0 
[12:10:55.632168] EP OUT 0x03 len=0 
[12:10:55.635326] EP IN  0x81 len=64 09d3200000007847845f288330000000000000000000000000000000000000000000000000000000000000000000000000000000000000000000000000000000
[12:10:55.636613] EP OUT 0x03 len=0 
[12:10:55.639425] EP IN  0x81 len=64 09d6200000007847845f288330000000000000000000000000000000000000000000000000000000000000000000000000000000000000000000000000000000
[12:10:55.640913] EP OUT 0x03 len=0 
[12:10:55.643224] EP OUT 0x03 len=0 
[12:10:55.645165] EP OUT 0x03 len=0 
[12:10:55.646997] EP OUT 0x03 len=0 
[12:10:55.651418] EP IN  0x81 len=64 09d7200000007937845f288330000000000000000000000000000000000000000000000000000000000000000000000000000000000000000000000000000000
[12:10:55.652732] EP OUT 0x03 len=0 
[12:10:55.655312] EP IN  0x81 len=64 09da200000007847845e288330000000000000000000000000000000000000000000000000000000000000000000000000000000000000000000000000000000
[12:10:55.656730] EP OUT 0x03 len=0 
[12:10:55.658598] EP OUT 0x03 len=0 
[12:10:55.660508] EP OUT 0x03 len=0 
[12:10:55.662312] EP OUT 0x03 len=0 
[12:10:55.664158] EP OUT 0x03 len=0 
[12:10:55.667411] EP IN  0x81 len=64 09db200000007737845f288330000000000000000000000000000000000000000000000000000000000000000000000000000000000000000000000000000000
[12:10:55.668747] EP OUT 0x03 len=0 
[12:10:55.671399] EP IN  0x81 len=64 09de200000007837845f288330000000000000000000000000000000000000000000000000000000000000000000000000000000000000000000000000000000
[12:10:55.672835] EP OUT 0x03 len=0 
[12:10:55.675241] EP OUT 0x03 len=0 
[12:10:55.677147] EP OUT 0x03 len=0 
[12:10:55.678964] EP OUT 0x03 len=0 
[12:10:55.683332] EP IN  0x81 len=64 09df200000007837845f288330000000000000000000000000000000000000000000000000000000000000000000000000000000000000000000000000000000
[12:10:55.684565] EP OUT 0x03 len=0 
[12:10:55.687414] EP IN  0x81 len=64 09e2200000007837845f288330000000000000000000000000000000000000000000000000000000000000000000000000000000000000000000000000000000
[12:10:55.688847] EP OUT 0x03 len=0 
[12:10:55.691098] EP OUT 0x03 len=0 
[12:10:55.694339] EP OUT 0x03 len=0 
[12:10:55.696189] EP OUT 0x03 len=0 
[12:10:55.699321] EP IN  0x81 len=64 09e3200000007847845f288330000000000000000000000000000000000000000000000000000000000000000000000000000000000000000000000000000000
[12:10:55.700609] EP OUT 0x03 len=0 
[12:10:55.703305] EP IN  0x81 len=64 09e6200100007747845e288330000000000000000000000000000000000000000000000000000000000000000000000000000000000000000000000000000000
[12:10:55.704816] EP OUT 0x03 len=0 
[12:10:55.706641] EP OUT 0x03 len=0 
[12:10:55.708616] EP OUT 0x03 len=0 
[12:10:55.710375] EP OUT 0x03 len=0 
[12:10:55.712324] EP OUT 0x03 len=0 
[12:10:55.715402] EP IN  0x81 len=64 09e7200100007837845f288330000000000000000000000000000000000000000000000000000000000000000000000000000000000000000000000000000000
[12:10:55.716709] EP OUT 0x03 len=0 
[12:10:55.719420] EP IN  0x81 len=64 09ea200100007837845f288330000000000000000000000000000000000000000000000000000000000000000000000000000000000000000000000000000000
[12:10:55.720861] EP OUT 0x03 len=0 
[12:10:55.723159] EP OUT 0x03 len=0 
[12:10:55.725041] EP OUT 0x03 len=0 
[12:10:55.727424] EP OUT 0x03 len=0 
[12:10:55.731321] EP IN  0x81 len=64 09eb200100007847845f288330000000000000000000000000000000000000000000000000000000000000000000000000000000000000000000000000000000
[12:10:55.732590] EP OUT 0x03 len=0 
[12:10:55.735326] EP IN  0x81 len=64 09ee200100007837845f288330000000000000000000000000000000000000000000000000000000000000000000000000000000000000000000000000000000
[12:10:55.736764] EP OUT 0x03 len=0 
[12:10:55.738414] EP OUT 0x03 len=0 
[12:10:55.740297] EP OUT 0x03 len=0 
[12:10:55.742249] EP OUT 0x03 len=0 
[12:10:55.744240] EP OUT 0x03 len=0 
[12:10:55.747401] EP IN  0x81 len=64 09ef200100007847845f288330000000000000000000000000000000000000000000000000000000000000000000000000000000000000000000000000000000
[12:10:55.748711] EP OUT 0x03 len=0 
[12:10:55.751409] EP IN  0x81 len=64 09f2200100007847845f188330000000000000000000000000000000000000000000000000000000000000000000000000000000000000000000000000000000
[12:10:55.752886] EP OUT 0x03 len=0 
[12:10:55.755208] EP OUT 0x03 len=0 
[12:10:55.757110] EP OUT 0x03 len=0 
[12:10:55.759332] EP OUT 0x03 len=0 
[12:10:55.763309] EP IN  0x81 len=64 09f3200100007837845e188330000000000000000000000000000000000000000000000000000000000000000000000000000000000000000000000000000000
[12:10:55.764438] EP OUT 0x03 len=0 
[12:10:55.767311] EP IN  0x81 len=64 09f62001000078378460288330000000000000000000000000000000000000000000000000000000000000000000000000000000000000000000000000000000
[12:10:55.768751] EP OUT 0x03 len=0 
[12:10:55.770448] EP OUT 0x03 len=0 
[12:10:55.772281] EP OUT 0x03 len=0 
[12:10:55.774202] EP OUT 0x03 len=0 
[12:10:55.776158] EP OUT 0x03 len=0 
[12:10:55.779393] EP IN  0x81 len=64 09f7200100007737845e288330000000000000000000000000000000000000000000000000000000000000000000000000000000000000000000000000000000
[12:10:55.780587] EP OUT 0x03 len=0 
[12:10:55.783327] EP IN  0x81 len=64 09fa200100007837845e288330000000000000000000000000000000000000000000000000000000000000000000000000000000000000000000000000000000
[12:10:55.784638] EP OUT 0x03 len=0 
[12:10:55.786377] EP OUT 0x03 len=0 
[12:10:55.788234] EP OUT 0x03 len=0 
[12:10:55.789931] EP OUT 0x03 len=0 
[12:10:55.792200] EP OUT 0x03 len=0 
[12:10:55.795326] EP IN  0x81 len=64 09fb200100007847845f388330000000000000000000000000000000000000000000000000000000000000000000000000000000000000000000000000000000
[12:10:55.796494] EP OUT 0x03 len=0 
[12:10:55.799306] EP IN  0x81 len=64 09fe200100007837845f288330000000000000000000000000000000000000000000000000000000000000000000000000000000000000000000000000000000
[12:10:55.800692] EP OUT 0x03 len=0 
[12:10:55.802331] EP OUT 0x03 len=0 
[12:10:55.804277] EP OUT 0x03 len=0 
[12:10:55.806220] EP OUT 0x03 len=0 
[12:10:55.808222] EP OUT 0x03 len=0 
[12:10:55.811405] EP IN  0x81 len=64 09ff200100007837845f288330000000000000000000000000000000000000000000000000000000000000000000000000000000000000000000000000000000
[12:10:55.812568] EP OUT 0x03 len=0 
[12:10:55.815328] EP IN  0x81 len=64 0902200100007837845f388330000000000000000000000000000000000000000000000000000000000000000000000000000000000000000000000000000000
[12:10:55.816684] EP OUT 0x03 len=0 
[12:10:55.818428] EP OUT 0x03 len=0 
[12:10:55.820313] EP OUT 0x03 len=0 
[12:10:55.822177] EP OUT 0x03 len=0 
[12:10:55.824213] EP OUT 0x03 len=0 
[12:10:55.827329] EP IN  0x81 len=64 0903200100007847845f188330000000000000000000000000000000000000000000000000000000000000000000000000000000000000000000000000000000
[12:10:55.828501] EP OUT 0x03 len=0 
[12:10:55.831401] EP IN  0x81 len=64 0906200100007837845f388330000000000000000000000000000000000000000000000000000000000000000000000000000000000000000000000000000000
[12:10:55.832755] EP OUT 0x03 len=0 
[12:10:55.834449] EP OUT 0x03 len=0 
[12:10:55.836346] EP OUT 0x03 len=0 
[12:10:55.838182] EP OUT 0x03 len=0 
[12:10:55.840176] EP OUT 0x03 len=0 
[12:10:55.843400] EP IN  0x81 len=64 0907200100007837845f288330000000000000000000000000000000000000000000000000000000000000000000000000000000000000000000000000000000
[12:10:55.844607] EP OUT 0x03 len=0 
[12:10:55.847326] EP IN  0x81 len=64 090a200100007847845f288330000000000000000000000000000000000000000000000000000000000000000000000000000000000000000000000000000000
[12:10:55.848638] EP OUT 0x03 len=0 
[12:10:55.850308] EP OUT 0x03 len=0 
[12:10:55.852306] EP OUT 0x03 len=0 
[12:10:55.854186] EP OUT 0x03 len=0 
[12:10:55.856238] EP OUT 0x03 len=0 
[12:10:55.859398] EP IN  0x81 len=64 090b2001000078378460288330000000000000000000000000000000000000000000000000000000000000000000000000000000000000000000000000000000
[12:10:55.860598] EP OUT 0x03 len=0 
[12:10:55.863313] EP IN  0x81 len=64 090e200000007847845e188330000000000000000000000000000000000000000000000000000000000000000000000000000000000000000000000000000000
[12:10:55.864756] EP OUT 0x03 len=0 
[12:10:55.866443] EP OUT 0x03 len=0 
[12:10:55.868339] EP OUT 0x03 len=0 
[12:10:55.870202] EP OUT 0x03 len=0 
[12:10:55.872160] EP OUT 0x03 len=0 
[12:10:55.875303] EP IN  0x81 len=64 090f200000007847845f288330000000000000000000000000000000000000000000000000000000000000000000000000000000000000000000000000000000
[12:10:55.876446] EP OUT 0x03 len=0 
[12:10:55.879324] EP IN  0x81 len=64 0912200000007837845f288330000000000000000000000000000000000000000000000000000000000000000000000000000000000000000000000000000000
[12:10:55.880638] EP OUT 0x03 len=0 
[12:10:55.882294] EP OUT 0x03 len=0 
[12:10:55.884242] EP OUT 0x03 len=0 
[12:10:55.885941] EP OUT 0x03 len=0 
[12:10:55.888270] EP OUT 0x03 len=0 
[12:10:55.891328] EP IN  0x81 len=64 0913200000007847845f388330000000000000000000000000000000000000000000000000000000000000000000000000000000000000000000000000000000
[12:10:55.892492] EP OUT 0x03 len=0 
[12:10:55.895310] EP IN  0x81 len=64 0916200000007847845f388330000000000000000000000000000000000000000000000000000000000000000000000000000000000000000000000000000000
[12:10:55.896748] EP OUT 0x03 len=0 
[12:10:55.898466] EP OUT 0x03 len=0 
[12:10:55.900346] EP OUT 0x03 len=0 
[12:10:55.902217] EP OUT 0x03 len=0 
[12:10:55.904190] EP OUT 0x03 len=0 
[12:10:55.907402] EP IN  0x81 len=64 0917200000007947845f288330000000000000000000000000000000000000000000000000000000000000000000000000000000000000000000000000000000
[12:10:55.908581] EP OUT 0x03 len=0 
[12:10:55.911310] EP IN  0x81 len=64 091a200000007847845f288330000000000000000000000000000000000000000000000000000000000000000000000000000000000000000000000000000000
[12:10:55.912711] EP OUT 0x03 len=0 
[12:10:55.914428] EP OUT 0x03 len=0 
[12:10:55.916329] EP OUT 0x03 len=0 
[12:10:55.918213] EP OUT 0x03 len=0 
[12:10:55.920186] EP OUT 0x03 len=0 
[12:10:55.923405] EP IN  0x81 len=64 091b200000007737845e288330000000000000000000000000000000000000000000000000000000000000000000000000000000000000000000000000000000
[12:10:55.924577] EP OUT 0x03 len=0 
[12:10:55.927318] EP IN  0x81 len=64 091e200000007847845f288330000000000000000000000000000000000000000000000000000000000000000000000000000000000000000000000000000000
[12:10:55.928779] EP OUT 0x03 len=0 
[12:10:55.930501] EP OUT 0x03 len=0 
[12:10:55.932403] EP OUT 0x03 len=0 
[12:10:55.934198] EP OUT 0x03 len=0 
[12:10:55.936186] EP OUT 0x03 len=0 
[12:10:55.939416] EP IN  0x81 len=64 091f200000007747845f288330000000000000000000000000000000000000000000000000000000000000000000000000000000000000000000000000000000
[12:10:55.940597] EP OUT 0x03 len=0 
[12:10:55.943396] EP IN  0x81 len=64 0922200200007847845f288330000000000000000000000000000000000000000000000000000000000000000000000000000000000000000000000000000000
[12:10:55.944785] EP OUT 0x03 len=0 
[12:10:55.946439] EP OUT 0x03 len=0 
[12:10:55.948245] EP OUT 0x03 len=0 
[12:10:55.949922] EP OUT 0x03 len=0 
[12:10:55.952272] EP OUT 0x03 len=0 
[12:10:55.955400] EP IN  0x81 len=64 0923200200007847845e288330000000000000000000000000000000000000000000000000000000000000000000000000000000000000000000000000000000
[12:10:55.956612] EP OUT 0x03 len=0 
[12:10:55.959396] EP IN  0x81 len=64 0926200200007837845f188330000000000000000000000000000000000000000000000000000000000000000000000000000000000000000000000000000000
[12:10:55.960824] EP OUT 0x03 len=0 
[12:10:55.963274] EP OUT 0x03 len=0 
[12:10:55.965220] EP OUT 0x03 len=0 
[12:10:55.967097] EP OUT 0x03 len=0 
[12:10:55.968968] EP OUT 0x03 len=0 
[12:10:55.971389] EP IN  0x81 len=64 0927200200007837845f288330000000000000000000000000000000000000000000000000000000000000000000000000000000000000000000000000000000
[12:10:55.972632] EP OUT 0x03 len=0 
[12:10:55.975410] EP IN  0x81 len=64 092a2002000078478460288330000000000000000000000000000000000000000000000000000000000000000000000000000000000000000000000000000000
[12:10:55.976870] EP OUT 0x03 len=0 
[12:10:55.979220] EP OUT 0x03 len=0 
[12:10:55.981118] EP OUT 0x03 len=0 
[12:10:55.982888] EP OUT 0x03 len=0 
[12:10:55.987312] EP IN  0x81 len=64 092b200200007747845e288330000000000000000000000000000000000000000000000000000000000000000000000000000000000000000000000000000000
[12:10:55.988444] EP OUT 0x03 len=0 
[12:10:55.991341] EP IN  0x81 len=64 092e200200007837845f288330000000000000000000000000000000000000000000000000000000000000000000000000000000000000000000000000000000
[12:10:55.992737] EP OUT 0x03 len=0 
[12:10:55.994622] EP OUT 0x03 len=0 
[12:10:55.996579] EP OUT 0x03 len=0 
[12:10:55.998443] EP OUT 0x03 len=0 
[12:10:56.000377] EP OUT 0x03 len=0 
[12:10:56.003306] EP IN  0x81 len=64 092f200200007837845f288330000000000000000000000000000000000000000000000000000000000000000000000000000000000000000000000000000000
[12:10:56.004696] EP OUT 0x02 len=8 0791000100000000
[12:10:56.004982] EP OUT 0x03 len=0 
[12:10:56.012049] EP OUT 0x03 len=0 
[12:10:56.015407] EP IN  0x81 len=64 0932200200007847845e288330000000000000000000000000000000000000000000000000000000000000000000000000000000000000000000000000000000
[12:10:56.016710] EP OUT 0x03 len=0 
[12:10:56.019382] EP IN  0x81 len=64 0935200200007837845f288330000000000000000000000000000000000000000000000000000000000000000000000000000000000000000000000000000000
[12:10:56.020768] EP OUT 0x03 len=0 
[12:10:56.022413] EP OUT 0x03 len=0 
[12:10:56.024357] EP OUT 0x03 len=0 
[12:10:56.026278] EP OUT 0x03 len=0 
[12:10:56.028240] EP OUT 0x03 len=0 
[12:10:56.031396] EP IN  0x81 len=64 0936200200007837845f288330000000000000000000000000000000000000000000000000000000000000000000000000000000000000000000000000000000
[12:10:56.032576] EP OUT 0x03 len=0 
[12:10:56.035323] EP IN  0x81 len=64 0939200200007837845f388330000000000000000000000000000000000000000000000000000000000000000000000000000000000000000000000000000000
[12:10:56.036788] EP OUT 0x03 len=0 
[12:10:56.038572] EP OUT 0x03 len=0 
[12:10:56.040557] EP OUT 0x03 len=0 
[12:10:56.042375] EP OUT 0x03 len=0 
[12:10:56.044338] EP OUT 0x03 len=0 
[12:10:56.047403] EP IN  0x81 len=64 093a200200007937845f288330000000000000000000000000000000000000000000000000000000000000000000000000000000000000000000000000000000
[12:10:56.048710] EP OUT 0x03 len=0 
[12:10:56.051331] EP IN  0x81 len=64 093d200200007747845f288330000000000000000000000000000000000000000000000000000000000000000000000000000000000000000000000000000000
[12:10:56.052795] EP OUT 0x03 len=0 
[12:10:56.055173] EP OUT 0x03 len=0 
[12:10:56.058463] EP OUT 0x03 len=0 
[12:10:56.060360] EP OUT 0x03 len=0 
[12:10:56.063308] EP IN  0x81 len=64 093e200200007837845f388330000000000000000000000000000000000000000000000000000000000000000000000000000000000000000000000000000000
[12:10:56.064437] EP OUT 0x03 len=0 
[12:10:56.067405] EP IN  0x81 len=64 0941200200007837845f288330000000000000000000000000000000000000000000000000000000000000000000000000000000000000000000000000000000
[12:10:56.068860] EP OUT 0x03 len=0 
[12:10:56.071204] EP OUT 0x03 len=0 
[12:10:56.073147] EP OUT 0x03 len=0 
[12:10:56.075057] EP OUT 0x03 len=0 
[12:10:56.079392] EP IN  0x81 len=64 0942200200007837845e288330000000000000000000000000000000000000000000000000000000000000000000000000000000000000000000000000000000
[12:10:56.080626] EP OUT 0x03 len=0 
[12:10:56.083409] EP IN  0x81 len=64 0945200200007847845f288330000000000000000000000000000000000000000000000000000000000000000000000000000000000000000000000000000000
[12:10:56.084868] EP OUT 0x03 len=0 
[12:10:56.087142] EP OUT 0x03 len=0 
[12:10:56.089079] EP OUT 0x03 len=0 
[12:10:56.090935] EP OUT 0x03 len=0 
[12:10:56.095324] EP IN  0x81 len=64 0946200200007837845e388330000000000000000000000000000000000000000000000000000000000000000000000000000000000000000000000000000000
[12:10:56.096467] EP OUT 0x03 len=0 
[12:10:56.099329] EP IN  0x81 len=64 0949200200007847845f288330000000000000000000000000000000000000000000000000000000000000000000000000000000000000000000000000000000
[12:10:56.100772] EP OUT 0x03 len=0 
[12:10:56.103240] EP OUT 0x03 len=0 
[12:10:56.104993] EP OUT 0x03 len=0 
[12:10:56.107415] EP OUT 0x03 len=0 
[12:10:56.109242] EP OUT 0x03 len=0 
[12:10:56.115962] EP OUT 0x03 len=0 
[12:10:56.119413] EP IN  0x81 len=64 094a200200007847845f288330000000000000000000000000000000000000000000000000000000000000000000000000000000000000000000000000000000
[12:10:56.120705] EP OUT 0x03 len=0 
[12:10:56.123413] EP IN  0x81 len=64 094f200000007847845f288330000000000000000000000000000000000000000000000000000000000000000000000000000000000000000000000000000000
[12:10:56.124853] EP OUT 0x03 len=0 
[12:10:56.127266] EP OUT 0x03 len=0 
[12:10:56.129125] EP OUT 0x03 len=0 
[12:10:56.131220] EP OUT 0x03 len=0 
[12:10:56.135401] EP IN  0x81 len=64 0950200000007737845f288330000000000000000000000000000000000000000000000000000000000000000000000000000000000000000000000000000000
[12:10:56.136609] EP OUT 0x03 len=0 
[12:10:56.139398] EP IN  0x81 len=64 0953200000007837845f288330000000000000000000000000000000000000000000000000000000000000000000000000000000000000000000000000000000
[12:10:56.140704] EP OUT 0x03 len=0 
[12:10:56.142363] EP OUT 0x03 len=0 
[12:10:56.144241] EP OUT 0x03 len=0 
[12:10:56.146339] EP OUT 0x03 len=0 
[12:10:56.148177] EP OUT 0x03 len=0 
[12:10:56.151311] EP IN  0x81 len=64 0954200000007847845e288330000000000000000000000000000000000000000000000000000000000000000000000000000000000000000000000000000000
[12:10:56.152391] EP OUT 0x03 len=0 
[12:10:56.155309] EP IN  0x81 len=64 0957200000007847845f288330000000000000000000000000000000000000000000000000000000000000000000000000000000000000000000000000000000
[12:10:56.156713] EP OUT 0x03 len=0 
[12:10:56.158517] EP OUT 0x03 len=0 
[12:10:56.160358] EP OUT 0x03 len=0 
[12:10:56.162167] EP OUT 0x03 len=0 
[12:10:56.164276] EP OUT 0x03 len=0 
[12:10:56.167406] EP IN  0x81 len=64 0958200000007837845f288330000000000000000000000000000000000000000000000000000000000000000000000000000000000000000000000000000000
[12:10:56.168686] EP OUT 0x03 len=0 
[12:10:56.171388] EP IN  0x81 len=64 095b200000007837845f288330000000000000000000000000000000000000000000000000000000000000000000000000000000000000000000000000000000
[12:10:56.172676] EP OUT 0x03 len=0 
[12:10:56.174395] EP OUT 0x03 len=0 
[12:10:56.176397] EP OUT 0x03 len=0 
[12:10:56.178269] EP OUT 0x03 len=0 
[12:10:56.180213] EP OUT 0x03 len=0 
[12:10:56.183370] EP IN  0x81 len=64 095c200000007747845f288330000000000000000000000000000000000000000000000000000000000000000000000000000000000000000000000000000000
[12:10:56.184620] EP OUT 0x03 len=0 
[12:10:56.187331] EP IN  0x81 len=64 095f200000007837845e288330000000000000000000000000000000000000000000000000000000000000000000000000000000000000000000000000000000
[12:10:56.188716] EP OUT 0x03 len=0 
[12:10:56.190580] EP OUT 0x03 len=0 
[12:10:56.192485] EP OUT 0x03 len=0 
[12:10:56.194320] EP OUT 0x03 len=0 
[12:10:56.196253] EP OUT 0x03 len=0 
[12:10:56.199303] EP IN  0x81 len=64 0960200000007847845f288330000000000000000000000000000000000000000000000000000000000000000000000000000000000000000000000000000000
[12:10:56.200402] EP OUT 0x03 len=0 
[12:10:56.203309] EP IN  0x81 len=64 0963200000007847845f288330000000000000000000000000000000000000000000000000000000000000000000000000000000000000000000000000000000
[12:10:56.204633] EP OUT 0x03 len=0 
[12:10:56.206299] EP OUT 0x03 len=0 
[12:10:56.208334] EP OUT 0x03 len=0 
[12:10:56.210129] EP OUT 0x03 len=0 
[12:10:56.211990] EP OUT 0x03 len=0 
[12:10:56.215422] EP IN  0x81 len=64 0964200000007837845f288330000000000000000000000000000000000000000000000000000000000000000000000000000000000000000000000000000000
[12:10:56.216721] EP OUT 0x03 len=0 
[12:10:56.219354] EP IN  0x81 len=64 09672000000078478460388330000000000000000000000000000000000000000000000000000000000000000000000000000000000000000000000000000000
[12:10:56.220727] EP OUT 0x03 len=0 
[12:10:56.222486] EP OUT 0x03 len=0 
[12:10:56.224456] EP OUT 0x03 len=0 
[12:10:56.226276] EP OUT 0x03 len=0 
[12:10:56.228233] EP OUT 0x03 len=0 
[12:10:56.231411] EP IN  0x81 len=64 09682000000077378460288330000000000000000000000000000000000000000000000000000000000000000000000000000000000000000000000000000000
[12:10:56.232709] EP OUT 0x03 len=0 
[12:10:56.235326] EP IN  0x81 len=64 096b200020007837845f188330000000000000000000000000000000000000000000000000000000000000000000000000000000000000000000000000000000
[12:10:56.236755] EP OUT 0x03 len=0 
[12:10:56.238369] EP OUT 0x03 len=0 
[12:10:56.240286] EP OUT 0x03 len=0 
[12:10:56.242193] EP OUT 0x03 len=0 
[12:10:56.244265] EP OUT 0x03 len=0 
[12:10:56.247389] EP IN  0x81 len=64 096c200020007837845e388330000000000000000000000000000000000000000000000000000000000000000000000000000000000000000000000000000000
[12:10:56.248550] EP OUT 0x03 len=0 
[12:10:56.251410] EP IN  0x81 len=64 096f200220007847845f288330000000000000000000000000000000000000000000000000000000000000000000000000000000000000000000000000000000
[12:10:56.252907] EP OUT 0x03 len=0 
[12:10:56.255175] EP OUT 0x03 len=0 
[12:10:56.257132] EP OUT 0x03 len=0 
[12:10:56.258961] EP OUT 0x03 len=0 
[12:10:56.263326] EP IN  0x81 len=64 0970200220007837845f288330000000000000000000000000000000000000000000000000000000000000000000000000000000000000000000000000000000
[12:10:56.264620] EP OUT 0x03 len=0 
[12:10:56.267411] EP IN  0x81 len=64 0973200220007837845f288330000000000000000000000000000000000000000000000000000000000000000000000000000000000000000000000000000000
[12:10:56.268877] EP OUT 0x03 len=0 
[12:10:56.271136] EP OUT 0x03 len=0 
[12:10:56.274297] EP OUT 0x03 len=0 
[12:10:56.276160] EP OUT 0x03 len=0 
[12:10:56.279308] EP IN  0x81 len=64 0974200220007847845f188330000000000000000000000000000000000000000000000000000000000000000000000000000000000000000000000000000000
[12:10:56.280434] EP OUT 0x03 len=0 
[12:10:56.283332] EP IN  0x81 len=64 0977200220007747845f288330000000000000000000000000000000000000000000000000000000000000000000000000000000000000000000000000000000
[12:10:56.284631] EP OUT 0x03 len=0 
[12:10:56.286226] EP OUT 0x03 len=0 
[12:10:56.288279] EP OUT 0x03 len=0 
[12:10:56.290165] EP OUT 0x03 len=0 
[12:10:56.292201] EP OUT 0x03 len=0 
[12:10:56.295302] EP IN  0x81 len=64 0978200220007837845f288330000000000000000000000000000000000000000000000000000000000000000000000000000000000000000000000000000000
[12:10:56.296426] EP OUT 0x03 len=0 
[12:10:56.299305] EP IN  0x81 len=64 097b200220007837845f288330000000000000000000000000000000000000000000000000000000000000000000000000000000000000000000000000000000
[12:10:56.300675] EP OUT 0x03 len=0 
[12:10:56.302351] EP OUT 0x03 len=0 
[12:10:56.304379] EP OUT 0x03 len=0 
[12:10:56.306337] EP OUT 0x03 len=0 
[12:10:56.308261] EP OUT 0x03 len=0 
[12:10:56.311405] EP IN  0x81 len=64 097c200220007737845f288330000000000000000000000000000000000000000000000000000000000000000000000000000000000000000000000000000000
[12:10:56.312601] EP OUT 0x03 len=0 
[12:10:56.315333] EP IN  0x81 len=64 097f200220007837845f288330000000000000000000000000000000000000000000000000000000000000000000000000000000000000000000000000000000
[12:10:56.316818] EP OUT 0x03 len=0 
[12:10:56.319311] EP OUT 0x03 len=0 
[12:10:56.321142] EP OUT 0x03 len=0 
[12:10:56.323308] EP OUT 0x03 len=0 
[12:10:56.327333] EP IN  0x81 len=64 0980200220007847845f288330000000000000000000000000000000000000000000000000000000000000000000000000000000000000000000000000000000
[12:10:56.328631] EP OUT 0x03 len=0 
[12:10:56.331426] EP IN  0x81 len=64 0983200220007837845f288330000000000000000000000000000000000000000000000000000000000000000000000000000000000000000000000000000000
[12:10:56.332918] EP OUT 0x03 len=0 
[12:10:56.335289] EP OUT 0x03 len=0 
[12:10:56.337180] EP OUT 0x03 len=0 
[12:10:56.338966] EP OUT 0x03 len=0 
[12:10:56.343400] EP IN  0x81 len=64 0984200220007947845f288330000000000000000000000000000000000000000000000000000000000000000000000000000000000000000000000000000000
[12:10:56.344730] EP OUT 0x03 len=0 
[12:10:56.347303] EP IN  0x81 len=64 0987200220007837845f288330000000000000000000000000000000000000000000000000000000000000000000000000000000000000000000000000000000
[12:10:56.348769] EP OUT 0x03 len=0 
[12:10:56.351232] EP OUT 0x03 len=0 
[12:10:56.353223] EP OUT 0x03 len=0 
[12:10:56.354905] EP OUT 0x03 len=0 
[12:10:56.359401] EP IN  0x81 len=64 0988200220007847845f288330000000000000000000000000000000000000000000000000000000000000000000000000000000000000000000000000000000
[12:10:56.360663] EP OUT 0x03 len=0 
[12:10:56.363319] EP IN  0x81 len=64 098b200220007837845e288330000000000000000000000000000000000000000000000000000000000000000000000000000000000000000000000000000000
[12:10:56.364761] EP OUT 0x03 len=0 
[12:10:56.366657] EP OUT 0x03 len=0 
[12:10:56.368685] EP OUT 0x03 len=0 
[12:10:56.370502] EP OUT 0x03 len=0 
[12:10:56.372319] EP OUT 0x03 len=0 
[12:10:56.375311] EP IN  0x81 len=64 098c200220007947845f288330000000000000000000000000000000000000000000000000000000000000000000000000000000000000000000000000000000
[12:10:56.376608] EP OUT 0x03 len=0 
[12:10:56.379422] EP IN  0x81 len=64 098f200220007837845f288330000000000000000000000000000000000000000000000000000000000000000000000000000000000000000000000000000000
[12:10:56.380892] EP OUT 0x03 len=0 
[12:10:56.383155] EP OUT 0x03 len=0 
[12:10:56.386376] EP OUT 0x03 len=0 
[12:10:56.388168] EP OUT 0x03 len=0 
[12:10:56.391331] EP IN  0x81 len=64 0990200220007847845e288330000000000000000000000000000000000000000000000000000000000000000000000000000000000000000000000000000000
[12:10:56.392548] EP OUT 0x03 len=0 
[12:10:56.395332] EP IN  0x81 len=64 0993200220007837845f288330000000000000000000000000000000000000000000000000000000000000000000000000000000000000000000000000000000
[12:10:56.396720] EP OUT 0x03 len=0 
[12:10:56.398607] EP OUT 0x03 len=0 
[12:10:56.400544] EP OUT 0x03 len=0 
[12:10:56.402433] EP OUT 0x03 len=0 
[12:10:56.404284] EP OUT 0x03 len=0 
[12:10:56.407307] EP IN  0x81 len=64 0994200220007837845f288330000000000000000000000000000000000000000000000000000000000000000000000000000000000000000000000000000000
[12:10:56.408592] EP OUT 0x03 len=0 
[12:10:56.411431] EP IN  0x81 len=64 0997200020007837845f288330000000000000000000000000000000000000000000000000000000000000000000000000000000000000000000000000000000
[12:10:56.412813] EP OUT 0x03 len=0 
[12:10:56.415299] EP OUT 0x03 len=0 
[12:10:56.417231] EP OUT 0x03 len=0 
[12:10:56.419130] EP OUT 0x03 len=0 
[12:10:56.423343] EP IN  0x81 len=64 0998200020007837845f288330000000000000000000000000000000000000000000000000000000000000000000000000000000000000000000000000000000
[12:10:56.424609] EP OUT 0x03 len=0 
[12:10:56.427426] EP IN  0x81 len=64 099b200020007847845f388330000000000000000000000000000000000000000000000000000000000000000000000000000000000000000000000000000000
[12:10:56.428856] EP OUT 0x03 len=0 
[12:10:56.431214] EP OUT 0x03 len=0 
[12:10:56.433074] EP OUT 0x03 len=0 
[12:10:56.434964] EP OUT 0x03 len=0 
[12:10:56.439408] EP IN  0x81 len=64 099c200020007837845f288330000000000000000000000000000000000000000000000000000000000000000000000000000000000000000000000000000000
[12:10:56.440721] EP OUT 0x03 len=0 
[12:10:56.443404] EP IN  0x81 len=64 099f200020007847845f288330000000000000000000000000000000000000000000000000000000000000000000000000000000000000000000000000000000
[12:10:56.444851] EP OUT 0x03 len=0 
[12:10:56.447298] EP OUT 0x03 len=0 
[12:10:56.449106] EP OUT 0x03 len=0 
[12:10:56.451483] EP OUT 0x03 len=0 
[12:10:56.453334] EP OUT 0x03 len=0 
[12:10:56.459852] EP OUT 0x03 len=0 
[12:10:56.463306] EP IN  0x81 len=64 09a0200020007847845f388330000000000000000000000000000000000000000000000000000000000000000000000000000000000000000000000000000000
[12:10:56.464443] EP OUT 0x03 len=0 
[12:10:56.467402] EP IN  0x81 len=64 09a5200000007847845f288330000000000000000000000000000000000000000000000000000000000000000000000000000000000000000000000000000000
[12:10:56.468820] EP OUT 0x03 len=0 
[12:10:56.471231] EP OUT 0x03 len=0 
[12:10:56.473118] EP OUT 0x03 len=0 
[12:10:56.475010] EP OUT 0x03 len=0 
[12:10:56.479313] EP IN  0x81 len=64 09a6200000007837845f288330000000000000000000000000000000000000000000000000000000000000000000000000000000000000000000000000000000
[12:10:56.480543] EP OUT 0x03 len=0 
[12:10:56.483326] EP IN  0x81 len=64 09a92000000077378460288330000000000000000000000000000000000000000000000000000000000000000000000000000000000000000000000000000000
[12:10:56.484766] EP OUT 0x03 len=0 
[12:10:56.487208] EP OUT 0x03 len=0 
[12:10:56.489123] EP OUT 0x03 len=0 
[12:10:56.490909] EP OUT 0x03 len=0 
[12:10:56.495324] EP IN  0x81 len=64 09aa200000007837845f288330000000000000000000000000000000000000000000000000000000000000000000000000000000000000000000000000000000
[12:10:56.496470] EP OUT 0x03 len=0 
[12:10:56.499304] EP IN  0x81 len=64 09ad200000007847845f288330000000000000000000000000000000000000000000000000000000000000000000000000000000000000000000000000000000
[12:10:56.500703] EP OUT 0x03 len=0 
[12:10:56.502508] EP OUT 0x03 len=0 
[12:10:56.504364] EP OUT 0x03 len=0 
[12:10:56.506287] EP OUT 0x03 len=0 
[12:10:56.508183] EP OUT 0x03 len=0 
[12:10:56.511426] EP IN  0x81 len=64 09ae200000007837845e288330000000000000000000000000000000000000000000000000000000000000000000000000000000000000000000000000000000
[12:10:56.512696] EP OUT 0x03 len=0 
[12:10:56.515396] EP IN  0x81 len=64 09b1200200007737845f288330000000000000000000000000000000000000000000000000000000000000000000000000000000000000000000000000000000
[12:10:56.516693] EP OUT 0x03 len=0 
[12:10:56.518347] EP OUT 0x03 len=0 
[12:10:56.520252] EP OUT 0x03 len=0 
[12:10:56.522009] EP OUT 0x03 len=0 
[12:10:56.524365] EP OUT 0x03 len=0 
[12:10:56.527393] EP IN  0x81 len=64 09b2200200007847845f388330000000000000000000000000000000000000000000000000000000000000000000000000000000000000000000000000000000
[12:10:56.528660] EP OUT 0x03 len=0 
[12:10:56.531307] EP IN  0x81 len=64 09b5200200007737845f288330000000000000000000000000000000000000000000000000000000000000000000000000000000000000000000000000000000
[12:10:56.532706] EP OUT 0x03 len=0 
[12:10:56.534545] EP OUT 0x03 len=0 
[12:10:56.536479] EP OUT 0x03 len=0 
[12:10:56.538220] EP OUT 0x03 len=0 
[12:10:56.540198] EP OUT 0x03 len=0 
[12:10:56.543400] EP IN  0x81 len=64 09b62002000077478460188330000000000000000000000000000000000000000000000000000000000000000000000000000000000000000000000000000000
[12:10:56.544696] EP OUT 0x03 len=0 
[12:10:56.547405] EP IN  0x81 len=64 09b9200200007837845f388330000000000000000000000000000000000000000000000000000000000000000000000000000000000000000000000000000000
[12:10:56.548827] EP OUT 0x03 len=0 
[12:10:56.551313] EP OUT 0x03 len=0 
[12:10:56.553254] EP OUT 0x03 len=0 
[12:10:56.555018] EP OUT 0x03 len=0 
[12:10:56.559398] EP IN  0x81 len=64 09ba200200007837845f288330000000000000000000000000000000000000000000000000000000000000000000000000000000000000000000000000000000
[12:10:56.560641] EP OUT 0x03 len=0 
[12:10:56.563303] EP IN  0x81 len=64 09bd200200007837845e288330000000000000000000000000000000000000000000000000000000000000000000000000000000000000000000000000000000
[12:10:56.564708] EP OUT 0x03 len=0 
[12:10:56.566545] EP OUT 0x03 len=0 
[12:10:56.568526] EP OUT 0x03 len=0 
[12:10:56.570385] EP OUT 0x03 len=0 
[12:10:56.572162] EP OUT 0x03 len=0 
[12:10:56.575404] EP IN  0x81 len=64 09be200200007847845f288330000000000000000000000000000000000000000000000000000000000000000000000000000000000000000000000000000000
[12:10:56.576627] EP OUT 0x03 len=0 
[12:10:56.579334] EP IN  0x81 len=64 09c1200200007837845f288330000000000000000000000000000000000000000000000000000000000000000000000000000000000000000000000000000000
[12:10:56.580801] EP OUT 0x03 len=0 
[12:10:56.583265] EP OUT 0x03 len=0 
[12:10:56.585221] EP OUT 0x03 len=0 
[12:10:56.587053] EP OUT 0x03 len=0 
[12:10:56.591389] EP IN  0x81 len=64 09c2200200007737845f288330000000000000000000000000000000000000000000000000000000000000000000000000000000000000000000000000000000
[12:10:56.592642] EP OUT 0x03 len=0 
[12:10:56.595336] EP IN  0x81 len=64 09c5200200007837845f288330000000000000000000000000000000000000000000000000000000000000000000000000000000000000000000000000000000
[12:10:56.596637] EP OUT 0x03 len=0 
[12:10:56.598257] EP OUT 0x03 len=0 
[12:10:56.600357] EP OUT 0x03 len=0 
[12:10:56.602260] EP OUT 0x03 len=0 
[12:10:56.604068] EP OUT 0x03 len=0 
[12:10:56.607305] EP IN  0x81 len=64 09c6200200007737845e288330000000000000000000000000000000000000000000000000000000000000000000000000000000000000000000000000000000
[12:10:56.608426] EP OUT 0x03 len=0 
[12:10:56.611336] EP IN  0x81 len=64 09c9200200007847845f288330000000000000000000000000000000000000000000000000000000000000000000000000000000000000000000000000000000
[12:10:56.612685] EP OUT 0x03 len=0 
[12:10:56.614523] EP OUT 0x03 len=0 
[12:10:56.616506] EP OUT 0x03 len=0 
[12:10:56.618434] EP OUT 0x03 len=0 
[12:10:56.620321] EP OUT 0x03 len=0 
[12:10:56.623401] EP IN  0x81 len=64 09ca200200007937845f288330000000000000000000000000000000000000000000000000000000000000000000000000000000000000000000000000000000
[12:10:56.624727] EP OUT 0x03 len=0 
[12:10:56.627326] EP IN  0x81 len=64 09cd200200007737845f288330000000000000000000000000000000000000000000000000000000000000000000000000000000000000000000000000000000
[12:10:56.628785] EP OUT 0x03 len=0 
[12:10:56.631269] EP OUT 0x03 len=0 
[12:10:56.633100] EP OUT 0x03 len=0 
[12:10:56.635190] EP OUT 0x03 len=0 
[12:10:56.639405] EP IN  0x81 len=64 09ce200200007737845f288330000000000000000000000000000000000000000000000000000000000000000000000000000000000000000000000000000000
[12:10:56.640558] EP OUT 0x03 len=0 
[12:10:56.643389] EP IN  0x81 len=64 09d1200200007747845f388330000000000000000000000000000000000000000000000000000000000000000000000000000000000000000000000000000000
[12:10:56.644820] EP OUT 0x03 len=0 
[12:10:56.647248] EP OUT 0x03 len=0 
[12:10:56.649170] EP OUT 0x03 len=0 
[12:10:56.651066] EP OUT 0x03 len=0 
[12:10:56.655310] EP IN  0x81 len=64 09d2200200007727845f288330000000000000000000000000000000000000000000000000000000000000000000000000000000000000000000000000000000
[12:10:56.656581] EP OUT 0x03 len=0 
[12:10:56.659397] EP IN  0x81 len=64 09d5200000007837845f288330000000000000000000000000000000000000000000000000000000000000000000000000000000000000000000000000000000
[12:10:56.660883] EP OUT 0x03 len=0 
[12:10:56.663231] EP OUT 0x03 len=0 
[12:10:56.665212] EP OUT 0x03 len=0 
[12:10:56.667028] EP OUT 0x03 len=0 
[12:10:56.671371] EP IN  0x81 len=64 09d6200000007737845e388330000000000000000000000000000000000000000000000000000000000000000000000000000000000000000000000000000000
[12:10:56.672512] EP OUT 0x03 len=0 
[12:10:56.675390] EP IN  0x81 len=64 09d9200000007847845f288330000000000000000000000000000000000000000000000000000000000000000000000000000000000000000000000000000000
[12:10:56.676790] EP OUT 0x03 len=0 
[12:10:56.679203] EP OUT 0x03 len=0 
[12:10:56.681103] EP OUT 0x03 len=0 
[12:10:56.683000] EP OUT 0x03 len=0 
[12:10:56.687323] EP IN  0x81 len=64 09da200000007837845f288330000000000000000000000000000000000000000000000000000000000000000000000000000000000000000000000000000000
[12:10:56.688565] EP OUT 0x03 len=0 
[12:10:56.691332] EP IN  0x81 len=64 09dd200000007737845e288330000000000000000000000000000000000000000000000000000000000000000000000000000000000000000000000000000000
[12:10:56.692730] EP OUT 0x03 len=0 
[12:10:56.694603] EP OUT 0x03 len=0 
[12:10:56.696574] EP OUT 0x03 len=0 
[12:10:56.698438] EP OUT 0x03 len=0 
[12:10:56.700350] EP OUT 0x03 len=0 
[12:10:56.703312] EP IN  0x81 len=64 09de200000007837845f288330000000000000000000000000000000000000000000000000000000000000000000000000000000000000000000000000000000
[12:10:56.704437] EP OUT 0x03 len=0 
[12:10:56.707369] EP IN  0x81 len=64 09e1200000007737845e288330000000000000000000000000000000000000000000000000000000000000000000000000000000000000000000000000000000
[12:10:56.708801] EP OUT 0x03 len=0 
[12:10:56.711251] EP OUT 0x03 len=0 
[12:10:56.713079] EP OUT 0x03 len=0 
[12:10:56.715290] EP OUT 0x03 len=0 
[12:10:56.719312] EP IN  0x81 len=64 09e2200000007837845f288330000000000000000000000000000000000000000000000000000000000000000000000000000000000000000000000000000000
[12:10:56.720518] EP OUT 0x03 len=0 
[12:10:56.723310] EP IN  0x81 len=64 09e5200000007847845f388330000000000000000000000000000000000000000000000000000000000000000000000000000000000000000000000000000000
[12:10:56.724744] EP OUT 0x03 len=0 
[12:10:56.726555] EP OUT 0x03 len=0 
[12:10:56.728473] EP OUT 0x03 len=0 
[12:10:56.730311] EP OUT 0x03 len=0 
[12:10:56.732277] EP OUT 0x03 len=0 
[12:10:56.735401] EP IN  0x81 len=64 09e6200100007837845f288330000000000000000000000000000000000000000000000000000000000000000000000000000000000000000000000000000000
[12:10:56.736710] EP OUT 0x03 len=0 
[12:10:56.739304] EP IN  0x81 len=64 09e9200100007837845f288330000000000000000000000000000000000000000000000000000000000000000000000000000000000000000000000000000000
[12:10:56.740813] EP OUT 0x03 len=0 
[12:10:56.743307] EP OUT 0x03 len=0 
[12:10:56.745280] EP OUT 0x03 len=0 
[12:10:56.746960] EP OUT 0x03 len=0 
[12:10:56.751423] EP IN  0x81 len=64 09ea200100007827845f288330000000000000000000000000000000000000000000000000000000000000000000000000000000000000000000000000000000
[12:10:56.752742] EP OUT 0x03 len=0 
[12:10:56.755306] EP IN  0x81 len=64 09ed200100007837845f288330000000000000000000000000000000000000000000000000000000000000000000000000000000000000000000000000000000
[12:10:56.756886] EP OUT 0x03 len=0 
[12:10:56.759276] EP OUT 0x03 len=0 
[12:10:56.761184] EP OUT 0x03 len=0 
[12:10:56.763025] EP OUT 0x03 len=0 
[12:10:56.767394] EP IN  0x81 len=64 09ee200100007837845f288330000000000000000000000000000000000000000000000000000000000000000000000000000000000000000000000000000000
[12:10:56.768721] EP OUT 0x03 len=0 
[12:10:56.771300] EP IN  0x81 len=64 09f1200100007747845e388330000000000000000000000000000000000000000000000000000000000000000000000000000000000000000000000000000000
[12:10:56.772840] EP OUT 0x03 len=0 
[12:10:56.775134] EP OUT 0x03 len=0 
[12:10:56.778457] EP OUT 0x03 len=0 
[12:10:56.780211] EP OUT 0x03 len=0 
[12:10:56.783328] EP IN  0x81 len=64 09f2200100007747845f288330000000000000000000000000000000000000000000000000000000000000000000000000000000000000000000000000000000
[12:10:56.784596] EP OUT 0x03 len=0 
[12:10:56.787300] EP IN  0x81 len=64 09f5200100007837845f288330000000000000000000000000000000000000000000000000000000000000000000000000000000000000000000000000000000
[12:10:56.788762] EP OUT 0x03 len=0 
[12:10:56.790633] EP OUT 0x03 len=0 
[12:10:56.792600] EP OUT 0x03 len=0 
[12:10:56.794420] EP OUT 0x03 len=0 
[12:10:56.796344] EP OUT 0x03 len=0 
[12:10:56.799314] EP IN  0x81 len=64 09f6200100007737845f188330000000000000000000000000000000000000000000000000000000000000000000000000000000000000000000000000000000
[12:10:56.800634] EP OUT 0x03 len=0 
[12:10:56.803302] EP IN  0x81 len=64 09f9200100007837845f288330000000000000000000000000000000000000000000000000000000000000000000000000000000000000000000000000000000
[12:10:56.804741] EP OUT 0x03 len=0 
[12:10:56.806633] EP OUT 0x03 len=0 
[12:10:56.808620] EP OUT 0x03 len=0 
[12:10:56.810467] EP OUT 0x03 len=0 
[12:10:56.812303] EP OUT 0x03 len=0 
[12:10:56.815307] EP IN  0x81 len=64 09fa200100007837845e288330000000000000000000000000000000000000000000000000000000000000000000000000000000000000000000000000000000
[12:10:56.816570] EP OUT 0x03 len=0 
[12:10:56.819302] EP IN  0x81 len=64 09fd200100007837845e288330000000000000000000000000000000000000000000000000000000000000000000000000000000000000000000000000000000
[12:10:56.820771] EP OUT 0x03 len=0 
[12:10:56.822447] EP OUT 0x03 len=0 
[12:10:56.824342] EP OUT 0x03 len=0 
[12:10:56.826184] EP OUT 0x03 len=0 
[12:10:56.828244] EP OUT 0x03 len=0 
[12:10:56.831396] EP IN  0x81 len=64 09fe200100007737845f288330000000000000000000000000000000000000000000000000000000000000000000000000000000000000000000000000000000
[12:10:56.832560] EP OUT 0x03 len=0 
[12:10:56.835305] EP IN  0x81 len=64 0901200100007837845e288330000000000000000000000000000000000000000000000000000000000000000000000000000000000000000000000000000000
[12:10:56.836709] EP OUT 0x03 len=0 
[12:10:56.838383] EP OUT 0x03 len=0 
[12:10:56.840248] EP OUT 0x03 len=0 
[12:10:56.841930] EP OUT 0x03 len=0 
[12:10:56.844209] EP OUT 0x03 len=0 
[12:10:56.847304] EP IN  0x81 len=64 0902200100007847845e288330000000000000000000000000000000000000000000000000000000000000000000000000000000000000000000000000000000
[12:10:56.848435] EP OUT 0x03 len=0 
[12:10:56.851303] EP IN  0x81 len=64 0905200100007737845f288330000000000000000000000000000000000000000000000000000000000000000000000000000000000000000000000000000000
[12:10:56.852697] EP OUT 0x03 len=0 
[12:10:56.854344] EP OUT 0x03 len=0 
[12:10:56.856238] EP OUT 0x03 len=0 
[12:10:56.858399] EP OUT 0x03 len=0 
[12:10:56.860143] EP OUT 0x03 len=0 
[12:10:56.863311] EP IN  0x81 len=64 0906200100007747845f288330000000000000000000000000000000000000000000000000000000000000000000000000000000000000000000000000000000
[12:10:56.864454] EP OUT 0x03 len=0 
[12:10:56.867303] EP IN  0x81 len=64 0909200100007737845f288330000000000000000000000000000000000000000000000000000000000000000000000000000000000000000000000000000000
[12:10:56.868699] EP OUT 0x03 len=0 
[12:10:56.870362] EP OUT 0x03 len=0 
[12:10:56.872266] EP OUT 0x03 len=0 
[12:10:56.873955] EP OUT 0x03 len=0 
[12:10:56.876207] EP OUT 0x03 len=0 
[12:10:56.879393] EP IN  0x81 len=64 090a200100007837845f288330000000000000000000000000000000000000000000000000000000000000000000000000000000000000000000000000000000
[12:10:56.880546] EP OUT 0x03 len=0 
[12:10:56.883301] EP IN  0x81 len=64 090d200000007747845f288330000000000000000000000000000000000000000000000000000000000000000000000000000000000000000000000000000000
[12:10:56.884674] EP OUT 0x03 len=0 
[12:10:56.886329] EP OUT 0x03 len=0 
[12:10:56.888237] EP OUT 0x03 len=0 
[12:10:56.890402] EP OUT 0x03 len=0 
[12:10:56.892161] EP OUT 0x03 len=0 
[12:10:56.895319] EP IN  0x81 len=64 090e200000007837845f288330000000000000000000000000000000000000000000000000000000000000000000000000000000000000000000000000000000
[12:10:56.896488] EP OUT 0x03 len=0 
[12:10:56.899308] EP IN  0x81 len=64 0911200000007827845f288330000000000000000000000000000000000000000000000000000000000000000000000000000000000000000000000000000000
[12:10:56.900757] EP OUT 0x03 len=0 
[12:10:56.902482] EP OUT 0x03 len=0 
[12:10:56.904336] EP OUT 0x03 len=0 
[12:10:56.906214] EP OUT 0x03 len=0 
[12:10:56.908166] EP OUT 0x03 len=0 
[12:10:56.911397] EP IN  0x81 len=64 0912200000007837845f288330000000000000000000000000000000000000000000000000000000000000000000000000000000000000000000000000000000
[12:10:56.912559] EP OUT 0x03 len=0 
[12:10:56.915308] EP IN  0x81 len=64 0915200000007847845e288330000000000000000000000000000000000000000000000000000000000000000000000000000000000000000000000000000000
[12:10:56.916715] EP OUT 0x03 len=0 
[12:10:56.918449] EP OUT 0x03 len=0 
[12:10:56.920309] EP OUT 0x03 len=0 
[12:10:56.922135] EP OUT 0x03 len=0 
[12:10:56.924187] EP OUT 0x03 len=0 
[12:10:56.927407] EP IN  0x81 len=64 0916200000007947845f288330000000000000000000000000000000000000000000000000000000000000000000000000000000000000000000000000000000
[12:10:56.928568] EP OUT 0x03 len=0 
[12:10:56.931307] EP IN  0x81 len=64 0919200000007837845e388330000000000000000000000000000000000000000000000000000000000000000000000000000000000000000000000000000000
[12:10:56.932709] EP OUT 0x03 len=0 
[12:10:56.934397] EP OUT 0x03 len=0 
[12:10:56.936268] EP OUT 0x03 len=0 
[12:10:56.937921] EP OUT 0x03 len=0 
[12:10:56.940196] EP OUT 0x03 len=0 
[12:10:56.943406] EP IN  0x81 len=64 091a200000007737845f288330000000000000000000000000000000000000000000000000000000000000000000000000000000000000000000000000000000
[12:10:56.944606] EP OUT 0x03 len=0 
[12:10:56.947307] EP IN  0x81 len=64 091d200000007737845f288330000000000000000000000000000000000000000000000000000000000000000000000000000000000000000000000000000000
[12:10:56.948736] EP OUT 0x03 len=0 
[12:10:56.950401] EP OUT 0x03 len=0 
[12:10:56.952252] EP OUT 0x03 len=0 
[12:10:56.953955] EP OUT 0x03 len=0 
[12:10:56.956203] EP OUT 0x03 len=0 
[12:10:56.959414] EP IN  0x81 len=64 091e200000007837845f288330000000000000000000000000000000000000000000000000000000000000000000000000000000000000000000000000000000
[12:10:56.960595] EP OUT 0x03 len=0 
[12:10:56.963302] EP IN  0x81 len=64 0921200000007947845f288330000000000000000000000000000000000000000000000000000000000000000000000000000000000000000000000000000000
[12:10:56.964694] EP OUT 0x03 len=0 
[12:10:56.966347] EP OUT 0x03 len=0 
[12:10:56.968310] EP OUT 0x03 len=0 
[12:10:56.970173] EP OUT 0x03 len=0 
[12:10:56.972186] EP OUT 0x03 len=0 
[12:10:56.975302] EP IN  0x81 len=64 0922200100007847845e288330000000000000000000000000000000000000000000000000000000000000000000000000000000000000000000000000000000
[12:10:56.976462] EP OUT 0x03 len=0 
[12:10:56.979303] EP IN  0x81 len=64 09252001000077478460388330000000000000000000000000000000000000000000000000000000000000000000000000000000000000000000000000000000
[12:10:56.980719] EP OUT 0x03 len=0 
[12:10:56.982442] EP OUT 0x03 len=0 
[12:10:56.984300] EP OUT 0x03 len=0 
[12:10:56.986169] EP OUT 0x03 len=0 
[12:10:56.988173] EP OUT 0x03 len=0 
[12:10:56.991321] EP IN  0x81 len=64 0926200100007737845f188330000000000000000000000000000000000000000000000000000000000000000000000000000000000000000000000000000000
[12:10:56.992514] EP OUT 0x03 len=0 
[12:10:56.995314] EP IN  0x81 len=64 0929200100007837845f388330000000000000000000000000000000000000000000000000000000000000000000000000000000000000000000000000000000
[12:10:56.996706] EP OUT 0x03 len=0 
[12:10:56.998377] EP OUT 0x03 len=0 
[12:10:57.000223] EP OUT 0x03 len=0 
[12:10:57.001902] EP OUT 0x03 len=0 
[12:10:57.004169] EP OUT 0x03 len=0 
[12:10:57.007401] EP IN  0x81 len=64 092a200100007737845e288330000000000000000000000000000000000000000000000000000000000000000000000000000000000000000000000000000000
[12:10:57.008597] EP OUT 0x03 len=0 
[12:10:57.011385] EP IN  0x81 len=64 092d200100007837845f288330000000000000000000000000000000000000000000000000000000000000000000000000000000000000000000000000000000
[12:10:57.012711] EP OUT 0x03 len=0 
[12:10:57.014428] EP OUT 0x03 len=0 
[12:10:57.016275] EP OUT 0x03 len=0 
[12:10:57.017993] EP OUT 0x03 len=0 
[12:10:57.020279] EP OUT 0x03 len=0 
[12:10:57.023394] EP IN  0x81 len=64 092e200100007837845f288330000000000000000000000000000000000000000000000000000000000000000000000000000000000000000000000000000000
[12:10:57.024553] EP OUT 0x03 len=0 
[12:10:57.027306] EP IN  0x81 len=64 0931200100007747845e388330000000000000000000000000000000000000000000000000000000000000000000000000000000000000000000000000000000
[12:10:57.028729] EP OUT 0x03 len=0 
[12:10:57.030379] EP OUT 0x03 len=0 
[12:10:57.032282] EP OUT 0x03 len=0 
[12:10:57.034226] EP OUT 0x03 len=0 
[12:10:57.036148] EP OUT 0x03 len=0 
[12:10:57.039400] EP IN  0x81 len=64 0932200100007747845f188330000000000000000000000000000000000000000000000000000000000000000000000000000000000000000000000000000000
[12:10:57.040587] EP OUT 0x03 len=0 
[12:10:57.043318] EP IN  0x81 len=64 0935200100007837845f188330000000000000000000000000000000000000000000000000000000000000000000000000000000000000000000000000000000
[12:10:57.044736] EP OUT 0x03 len=0 
[12:10:57.046394] EP OUT 0x03 len=0 
[12:10:57.048255] EP OUT 0x03 len=0 
[12:10:57.049942] EP OUT 0x03 len=0 
[12:10:57.052216] EP OUT 0x03 len=0 
[12:10:57.055315] EP IN  0x81 len=64 0936200100007847845f288330000000000000000000000000000000000000000000000000000000000000000000000000000000000000000000000000000000
[12:10:57.056474] EP OUT 0x03 len=0 
[12:10:57.059323] EP IN  0x81 len=64 0939200100007837845f288330000000000000000000000000000000000000000000000000000000000000000000000000000000000000000000000000000000
[12:10:57.060732] EP OUT 0x03 len=0 
[12:10:57.062407] EP OUT 0x03 len=0 
[12:10:57.064237] EP OUT 0x03 len=0 
[12:10:57.066433] EP OUT 0x03 len=0 
[12:10:57.068193] EP OUT 0x03 len=0 
[12:10:57.071387] EP IN  0x81 len=64 093a200100007837845f288330000000000000000000000000000000000000000000000000000000000000000000000000000000000000000000000000000000
[12:10:57.072524] EP OUT 0x03 len=0 
[12:10:57.075307] EP IN  0x81 len=64 093d200100007737845f288330000000000000000000000000000000000000000000000000000000000000000000000000000000000000000000000000000000
[12:10:57.076727] EP OUT 0x03 len=0 
[12:10:57.078402] EP OUT 0x03 len=0 
[12:10:57.080215] EP OUT 0x03 len=0 
[12:10:57.081908] EP OUT 0x03 len=0 
[12:10:57.084203] EP OUT 0x03 len=0 
[12:10:57.087319] EP IN  0x81 len=64 093e200100007837845e288330000000000000000000000000000000000000000000000000000000000000000000000000000000000000000000000000000000
[12:10:57.088490] EP OUT 0x03 len=0 
[12:10:57.091397] EP IN  0x81 len=64 0941200100007837845f288330000000000000000000000000000000000000000000000000000000000000000000000000000000000000000000000000000000
[12:10:57.092739] EP OUT 0x03 len=0 
[12:10:57.094431] EP OUT 0x03 len=0 
[12:10:57.096293] EP OUT 0x03 len=0 
[12:10:57.098195] EP OUT 0x03 len=0 
[12:10:57.100217] EP OUT 0x03 len=0 
[12:10:57.103309] EP IN  0x81 len=64 0942200100007737845f288330000000000000000000000000000000000000000000000000000000000000000000000000000000000000000000000000000000
[12:10:57.104449] EP OUT 0x03 len=0 
[12:10:57.107302] EP IN  0x81 len=64 0945200100007747845f288330000000000000000000000000000000000000000000000000000000000000000000000000000000000000000000000000000000
[12:10:57.108700] EP OUT 0x03 len=0 
[12:10:57.110408] EP OUT 0x03 len=0 
[12:10:57.112257] EP OUT 0x03 len=0 
[12:10:57.113959] EP OUT 0x03 len=0 
[12:10:57.116265] EP OUT 0x03 len=0 
[12:10:57.119395] EP IN  0x81 len=64 0946200100007837845f288330000000000000000000000000000000000000000000000000000000000000000000000000000000000000000000000000000000
[12:10:57.120564] EP OUT 0x03 len=0 
[12:10:57.123393] EP IN  0x81 len=64 0949200000007747845e288330000000000000000000000000000000000000000000000000000000000000000000000000000000000000000000000000000000
[12:10:57.124730] EP OUT 0x03 len=0 
[12:10:57.126431] EP OUT 0x03 len=0 
[12:10:57.128283] EP OUT 0x03 len=0 
[12:10:57.129980] EP OUT 0x03 len=0 
[12:10:57.132286] EP OUT 0x03 len=0 
[12:10:57.135400] EP IN  0x81 len=64 094a200000007847845f288330000000000000000000000000000000000000000000000000000000000000000000000000000000000000000000000000000000
[12:10:57.136552] EP OUT 0x03 len=0 
[12:10:57.139391] EP IN  0x81 len=64 094d200000007837845f288330000000000000000000000000000000000000000000000000000000000000000000000000000000000000000000000000000000
[12:10:57.140674] EP OUT 0x03 len=0 
[12:10:57.142342] EP OUT 0x03 len=0 
[12:10:57.144275] EP OUT 0x03 len=0 
[12:10:57.145935] EP OUT 0x03 len=0 
[12:10:57.148203] EP OUT 0x03 len=0 
[12:10:57.151403] EP IN  0x81 len=64 094e200000007837845f288330000000000000000000000000000000000000000000000000000000000000000000000000000000000000000000000000000000
[12:10:57.152596] EP OUT 0x03 len=0 
[12:10:57.155322] EP IN  0x81 len=64 0951200000007737845f388330000000000000000000000000000000000000000000000000000000000000000000000000000000000000000000000000000000
[12:10:57.156761] EP OUT 0x03 len=0 
[12:10:57.158461] EP OUT 0x03 len=0 
[12:10:57.160326] EP OUT 0x03 len=0 
[12:10:57.162198] EP OUT 0x03 len=0 
[12:10:57.164223] EP OUT 0x03 len=0 
[12:10:57.167391] EP IN  0x81 len=64 0952200000007847845f288330000000000000000000000000000000000000000000000000000000000000000000000000000000000000000000000000000000
[12:10:57.168559] EP OUT 0x03 len=0 
[12:10:57.171306] EP IN  0x81 len=64 09552000000078378460288330000000000000000000000000000000000000000000000000000000000000000000000000000000000000000000000000000000
[12:10:57.172701] EP OUT 0x03 len=0 
[12:10:57.174366] EP OUT 0x03 len=0 
[12:10:57.176238] EP OUT 0x03 len=0 
[12:10:57.177942] EP OUT 0x03 len=0 
[12:10:57.180201] EP OUT 0x03 len=0 
[12:10:57.183321] EP IN  0x81 len=64 0956200000007837845f288330000000000000000000000000000000000000000000000000000000000000000000000000000000000000000000000000000000
[12:10:57.184494] EP OUT 0x03 len=0 
[12:10:57.187306] EP IN  0x81 len=64 0959200000007737845f288330000000000000000000000000000000000000000000000000000000000000000000000000000000000000000000000000000000
[12:10:57.188722] EP OUT 0x03 len=0 
[12:10:57.190421] EP OUT 0x03 len=0 
[12:10:57.192271] EP OUT 0x03 len=0 
[12:10:57.193965] EP OUT 0x03 len=0 
[12:10:57.196265] EP OUT 0x03 len=0 
[12:10:57.199311] EP IN  0x81 len=64 095a2000000078378460288330000000000000000000000000000000000000000000000000000000000000000000000000000000000000000000000000000000
[12:10:57.200470] EP OUT 0x03 len=0 
[12:10:57.203308] EP IN  0x81 len=64 095d200000007837845e288330000000000000000000000000000000000000000000000000000000000000000000000000000000000000000000000000000000
[12:10:57.204677] EP OUT 0x03 len=0 
[12:10:57.206332] EP OUT 0x03 len=0 
[12:10:57.208241] EP OUT 0x03 len=0 
[12:10:57.209944] EP OUT 0x03 len=0 
[12:10:57.212220] EP OUT 0x03 len=0 
[12:10:57.215314] EP IN  0x81 len=64 095e200100007847845f288330000000000000000000000000000000000000000000000000000000000000000000000000000000000000000000000000000000
[12:10:57.216453] EP OUT 0x03 len=0 
[12:10:57.219392] EP IN  0x81 len=64 0961200300007847845f288330000000000000000000000000000000000000000000000000000000000000000000000000000000000000000000000000000000
[12:10:57.220706] EP OUT 0x03 len=0 
[12:10:57.222406] EP OUT 0x03 len=0 
[12:10:57.224262] EP OUT 0x03 len=0 
[12:10:57.225962] EP OUT 0x03 len=0 
[12:10:57.228278] EP OUT 0x03 len=0 
[12:10:57.231411] EP IN  0x81 len=64 0962200300007837845f288330000000000000000000000000000000000000000000000000000000000000000000000000000000000000000000000000000000
[12:10:57.232573] EP OUT 0x03 len=0 
[12:10:57.235415] EP IN  0x81 len=64 0965200300007747845f288330000000000000000000000000000000000000000000000000000000000000000000000000000000000000000000000000000000
[12:10:57.236742] EP OUT 0x03 len=0 
[12:10:57.238406] EP OUT 0x03 len=0 
[12:10:57.240219] EP OUT 0x03 len=0 
[12:10:57.242411] EP OUT 0x03 len=0 
[12:10:57.244188] EP OUT 0x03 len=0 
[12:10:57.247320] EP IN  0x81 len=64 0966200300007847845f288330000000000000000000000000000000000000000000000000000000000000000000000000000000000000000000000000000000
[12:10:57.248463] EP OUT 0x03 len=0 
[12:10:57.251392] EP IN  0x81 len=64 0969200300007837845f288330000000000000000000000000000000000000000000000000000000000000000000000000000000000000000000000000000000
[12:10:57.252726] EP OUT 0x03 len=0 
[12:10:57.254417] EP OUT 0x03 len=0 
[12:10:57.256264] EP OUT 0x03 len=0 
[12:10:57.257913] EP OUT 0x03 len=0 
[12:10:57.260155] EP OUT 0x03 len=0 
[12:10:57.263313] EP IN  0x81 len=64 096a200300007837845f288330000000000000000000000000000000000000000000000000000000000000000000000000000000000000000000000000000000
[12:10:57.264479] EP OUT 0x03 len=0 
[12:10:57.267399] EP IN  0x81 len=64 096d200300007847845f288330000000000000000000000000000000000000000000000000000000000000000000000000000000000000000000000000000000
[12:10:57.268736] EP OUT 0x03 len=0 
[12:10:57.270423] EP OUT 0x03 len=0 
[12:10:57.272264] EP OUT 0x03 len=0 
[12:10:57.273963] EP OUT 0x03 len=0 
[12:10:57.276207] EP OUT 0x03 len=0 
[12:10:57.279397] EP IN  0x81 len=64 096e200300007937845e288330000000000000000000000000000000000000000000000000000000000000000000000000000000000000000000000000000000
[12:10:57.280539] EP OUT 0x03 len=0 
[12:10:57.283388] EP IN  0x81 len=64 0971200300007837845e288330000000000000000000000000000000000000000000000000000000000000000000000000000000000000000000000000000000
[12:10:57.284726] EP OUT 0x03 len=0 
[12:10:57.286417] EP OUT 0x03 len=0 
[12:10:57.288273] EP OUT 0x03 len=0 
[12:10:57.289971] EP OUT 0x03 len=0 
[12:10:57.292240] EP OUT 0x03 len=0 
[12:10:57.295304] EP IN  0x81 len=64 0972200300007847845f388330000000000000000000000000000000000000000000000000000000000000000000000000000000000000000000000000000000
[12:10:57.296478] EP OUT 0x03 len=0 
[12:10:57.299304] EP IN  0x81 len=64 09752002000078378460288330000000000000000000000000000000000000000000000000000000000000000000000000000000000000000000000000000000
[12:10:57.300733] EP OUT 0x03 len=0 
[12:10:57.302440] EP OUT 0x03 len=0 
[12:10:57.304278] EP OUT 0x03 len=0 
[12:10:57.306200] EP OUT 0x03 len=0 
[12:10:57.308209] EP OUT 0x03 len=0 
[12:10:57.311316] EP IN  0x81 len=64 0976200200007737845f288330000000000000000000000000000000000000000000000000000000000000000000000000000000000000000000000000000000
[12:10:57.312466] EP OUT 0x03 len=0 
[12:10:57.315301] EP IN  0x81 len=64 0979200200007837845f388330000000000000000000000000000000000000000000000000000000000000000000000000000000000000000000000000000000
[12:10:57.316712] EP OUT 0x03 len=0 
[12:10:57.318403] EP OUT 0x03 len=0 
[12:10:57.320299] EP OUT 0x03 len=0 
[12:10:57.322128] EP OUT 0x03 len=0 
[12:10:57.324212] EP OUT 0x03 len=0 
[12:10:57.327403] EP IN  0x81 len=64 097a200200007837845f388330000000000000000000000000000000000000000000000000000000000000000000000000000000000000000000000000000000
[12:10:57.328552] EP OUT 0x03 len=0 
[12:10:57.331395] EP IN  0x81 len=64 097d200200007847845f288330000000000000000000000000000000000000000000000000000000000000000000000000000000000000000000000000000000
[12:10:57.332721] EP OUT 0x03 len=0 
[12:10:57.334404] EP OUT 0x03 len=0 
[12:10:57.336269] EP OUT 0x03 len=0 
[12:10:57.337936] EP OUT 0x03 len=0 
[12:10:57.340221] EP OUT 0x03 len=0 
[12:10:57.343417] EP IN  0x81 len=64 097e200200007847845e288330000000000000000000000000000000000000000000000000000000000000000000000000000000000000000000000000000000
[12:10:57.344581] EP OUT 0x03 len=0 
[12:10:57.347304] EP IN  0x81 len=64 0981200200007837845f288330000000000000000000000000000000000000000000000000000000000000000000000000000000000000000000000000000000
[12:10:57.348675] EP OUT 0x03 len=0 
[12:10:57.350359] EP OUT 0x03 len=0 
[12:10:57.352241] EP OUT 0x03 len=0 
[12:10:57.353928] EP OUT 0x03 len=0 
[12:10:57.356190] EP OUT 0x03 len=0 
[12:10:57.359403] EP IN  0x81 len=64 0982200200007737845f288330000000000000000000000000000000000000000000000000000000000000000000000000000000000000000000000000000000
[12:10:57.360610] EP OUT 0x03 len=0 
[12:10:57.363323] EP IN  0x81 len=64 0985200200007837845f288330000000000000000000000000000000000000000000000000000000000000000000000000000000000000000000000000000000
[12:10:57.364807] EP OUT 0x03 len=0 
[12:10:57.367273] EP OUT 0x03 len=0 
[12:10:57.369193] EP OUT 0x03 len=0 
[12:10:57.370960] EP OUT 0x03 len=0 
[12:10:57.375391] EP IN  0x81 len=64 0986200200007737845e288330000000000000000000000000000000000000000000000000000000000000000000000000000000000000000000000000000000
[12:10:57.376634] EP OUT 0x03 len=0 
[12:10:57.379397] EP IN  0x81 len=64 0989200200007847845f288330000000000000000000000000000000000000000000000000000000000000000000000000000000000000000000000000000000
[12:10:57.380855] EP OUT 0x03 len=0 
[12:10:57.383185] EP OUT 0x03 len=0 
[12:10:57.386403] EP OUT 0x03 len=0 
[12:10:57.388214] EP OUT 0x03 len=0 
[12:10:57.391333] EP IN  0x81 len=64 098a200200007837845f188330000000000000000000000000000000000000000000000000000000000000000000000000000000000000000000000000000000
[12:10:57.392561] EP OUT 0x03 len=0 
[12:10:57.395325] EP IN  0x81 len=64 098d200200007737845f288330000000000000000000000000000000000000000000000000000000000000000000000000000000000000000000000000000000
[12:10:57.396803] EP OUT 0x03 len=0 
[12:10:57.399239] EP OUT 0x03 len=0 
[12:10:57.401248] EP OUT 0x03 len=0 
[12:10:57.403146] EP OUT 0x03 len=0 
[12:10:57.407384] EP IN  0x81 len=64 098e200200007737845f288330000000000000000000000000000000000000000000000000000000000000000000000000000000000000000000000000000000
[12:10:57.408653] EP OUT 0x03 len=0 
[12:10:57.411324] EP IN  0x81 len=64 0991200000007847845f288330000000000000000000000000000000000000000000000000000000000000000000000000000000000000000000000000000000
[12:10:57.412685] EP OUT 0x03 len=0 
[12:10:57.414496] EP OUT 0x03 len=0 
[12:10:57.416472] EP OUT 0x03 len=0 
[12:10:57.418363] EP OUT 0x03 len=0 
[12:10:57.420324] EP OUT 0x03 len=0 
[12:10:57.423336] EP IN  0x81 len=64 0992200000007747845e288330000000000000000000000000000000000000000000000000000000000000000000000000000000000000000000000000000000
[12:10:57.424616] EP OUT 0x03 len=0 
[12:10:57.427334] EP IN  0x81 len=64 0995200000007747845f288330000000000000000000000000000000000000000000000000000000000000000000000000000000000000000000000000000000
[12:10:57.428808] EP OUT 0x03 len=0 
[12:10:57.430463] EP OUT 0x03 len=0 
[12:10:57.432293] EP OUT 0x03 len=0 
[12:10:57.434306] EP OUT 0x03 len=0 
[12:10:57.436276] EP OUT 0x03 len=0 
[12:10:57.439416] EP IN  0x81 len=64 0996200000007847845f288330000000000000000000000000000000000000000000000000000000000000000000000000000000000000000000000000000000
[12:10:57.440748] EP OUT 0x03 len=0 
[12:10:57.443381] EP IN  0x81 len=64 0999200000007847845f288330000000000000000000000000000000000000000000000000000000000000000000000000000000000000000000000000000000
[12:10:57.444781] EP OUT 0x03 len=0 
[12:10:57.446627] EP OUT 0x03 len=0 
[12:10:57.448602] EP OUT 0x03 len=0 
[12:10:57.450489] EP OUT 0x03 len=0 
[12:10:57.452361] EP OUT 0x03 len=0 
[12:10:57.455305] EP IN  0x81 len=64 099a200000007827845f288330000000000000000000000000000000000000000000000000000000000000000000000000000000000000000000000000000000
[12:10:57.456485] EP OUT 0x03 len=0 
[12:10:57.459400] EP IN  0x81 len=64 099d2000000078578460388330000000000000000000000000000000000000000000000000000000000000000000000000000000000000000000000000000000
[12:10:57.460857] EP OUT 0x03 len=0 
[12:10:57.463203] EP OUT 0x03 len=0 
[12:10:57.466452] EP OUT 0x03 len=0 
[12:10:57.468438] EP OUT 0x03 len=0 
[12:10:57.471369] EP IN  0x81 len=64 099e200000007747845f188330000000000000000000000000000000000000000000000000000000000000000000000000000000000000000000000000000000
[12:10:57.472610] EP OUT 0x03 len=0 
[12:10:57.475310] EP IN  0x81 len=64 09a1200000007837845e288330000000000000000000000000000000000000000000000000000000000000000000000000000000000000000000000000000000
[12:10:57.476779] EP OUT 0x03 len=0 
[12:10:57.479237] EP OUT 0x03 len=0 
[12:10:57.481115] EP OUT 0x03 len=0 
[12:10:57.482969] EP OUT 0x03 len=0 
[12:10:57.487304] EP IN  0x81 len=64 09a2200000007847845e288330000000000000000000000000000000000000000000000000000000000000000000000000000000000000000000000000000000
[12:10:57.488424] EP OUT 0x03 len=0 
[12:10:57.491323] EP IN  0x81 len=64 09a5200000007747845f288330000000000000000000000000000000000000000000000000000000000000000000000000000000000000000000000000000000
[12:10:57.492771] EP OUT 0x03 len=0 
[12:10:57.495227] EP OUT 0x03 len=0 
[12:10:57.496968] EP OUT 0x03 len=0 
[12:10:57.499309] EP OUT 0x03 len=0 
[12:10:57.503303] EP IN  0x81 len=64 09a6200000007837845f288330000000000000000000000000000000000000000000000000000000000000000000000000000000000000000000000000000000
[12:10:57.504521] EP OUT 0x03 len=0 
[12:10:57.507377] EP IN  0x81 len=64 09a9200000007847845f288330000000000000000000000000000000000000000000000000000000000000000000000000000000000000000000000000000000
[12:10:57.508754] EP OUT 0x03 len=0 
[12:10:57.511342] EP OUT 0x03 len=0 
[12:10:57.513277] EP OUT 0x03 len=0 
[12:10:57.515162] EP OUT 0x03 len=0 
[12:10:57.516970] EP OUT 0x03 len=0 
[12:10:57.519324] EP IN  0x81 len=64 09aa200000007747845f288330000000000000000000000000000000000000000000000000000000000000000000000000000000000000000000000000000000
[12:10:57.520593] EP OUT 0x03 len=0 
[12:10:57.523297] EP IN  0x81 len=64 09ad200000007837845f288330000000000000000000000000000000000000000000000000000000000000000000000000000000000000000000000000000000
[12:10:57.524628] EP OUT 0x03 len=0 
[12:10:57.526295] EP OUT 0x03 len=0 
[12:10:57.528321] EP OUT 0x03 len=0 
[12:10:57.530009] EP OUT 0x03 len=0 
[12:10:57.532269] EP OUT 0x03 len=0 
[12:10:57.535436] EP IN  0x81 len=64 09ae200000007847845f288330000000000000000000000000000000000000000000000000000000000000000000000000000000000000000000000000000000
[12:10:57.536727] EP OUT 0x03 len=0 
[12:10:57.539398] EP IN  0x81 len=64 09b1200000007837845f388330000000000000000000000000000000000000000000000000000000000000000000000000000000000000000000000000000000
[12:10:57.540815] EP OUT 0x03 len=0 
[12:10:57.543210] EP OUT 0x03 len=0 
[12:10:57.545177] EP OUT 0x03 len=0 
[12:10:57.547501] EP OUT 0x03 len=0 
[12:10:57.549382] EP OUT 0x03 len=0 
[12:10:57.556220] EP OUT 0x03 len=0 
[12:10:57.559384] EP IN  0x81 len=64 09b6200000007747845f288330000000000000000000000000000000000000000000000000000000000000000000000000000000000000000000000000000000
[12:10:57.560698] EP OUT 0x03 len=0 
[12:10:57.563300] EP IN  0x81 len=64 09b7200000007847845f288330000000000000000000000000000000000000000000000000000000000000000000000000000000000000000000000000000000
[12:10:57.564730] EP OUT 0x03 len=0 
[12:10:57.566597] EP OUT 0x03 len=0 
[12:10:57.568580] EP OUT 0x03 len=0 
[12:10:57.570352] EP OUT 0x03 len=0 
[12:10:57.572178] EP OUT 0x03 len=0 
[12:10:57.575299] EP IN  0x81 len=64 09b8200000007837845e288330000000000000000000000000000000000000000000000000000000000000000000000000000000000000000000000000000000
[12:10:57.576509] EP OUT 0x03 len=0 
[12:10:57.579405] EP IN  0x81 len=64 09bb200000007847845f288330000000000000000000000000000000000000000000000000000000000000000000000000000000000000000000000000000000
[12:10:57.580892] EP OUT 0x03 len=0 
[12:10:57.583271] EP OUT 0x03 len=0 
[12:10:57.585242] EP OUT 0x03 len=0 
[12:10:57.587083] EP OUT 0x03 len=0 
[12:10:57.588917] EP OUT 0x03 len=0 
[12:10:57.591411] EP IN  0x81 len=64 09bc200000007847845f288330000000000000000000000000000000000000000000000000000000000000000000000000000000000000000000000000000000
[12:10:57.592656] EP OUT 0x03 len=0 
[12:10:57.595387] EP IN  0x81 len=64 09bf200000007847845f288330000000000000000000000000000000000000000000000000000000000000000000000000000000000000000000000000000000
[12:10:57.596777] EP OUT 0x03 len=0 
[12:10:57.598370] EP OUT 0x03 len=0 
[12:10:57.600403] EP OUT 0x03 len=0 
[12:10:57.602401] EP OUT 0x03 len=0 
[12:10:57.604265] EP OUT 0x03 len=0 
[12:10:57.607292] EP IN  0x81 len=64 09c0200100007847845f288330000000000000000000000000000000000000000000000000000000000000000000000000000000000000000000000000000000
[12:10:57.608563] EP OUT 0x03 len=0 
[12:10:57.611328] EP IN  0x81 len=64 09c3200100007847845e288330000000000000000000000000000000000000000000000000000000000000000000000000000000000000000000000000000000
[12:10:57.612722] EP OUT 0x03 len=0 
[12:10:57.614556] EP OUT 0x03 len=0 
[12:10:57.616534] EP OUT 0x03 len=0 
[12:10:57.618446] EP OUT 0x03 len=0 
[12:10:57.620310] EP OUT 0x03 len=0 
[12:10:57.623419] EP IN  0x81 len=64 09c4200100007847845f288330000000000000000000000000000000000000000000000000000000000000000000000000000000000000000000000000000000
[12:10:57.624712] EP OUT 0x03 len=0 
[12:10:57.627409] EP IN  0x81 len=64 09c7200100007837845f288330000000000000000000000000000000000000000000000000000000000000000000000000000000000000000000000000000000
[12:10:57.628911] EP OUT 0x03 len=0 
[12:10:57.631276] EP OUT 0x03 len=0 
[12:10:57.633092] EP OUT 0x03 len=0 
[12:10:57.635203] EP OUT 0x03 len=0 
[12:10:57.639400] EP IN  0x81 len=64 09c82001000078278460288330000000000000000000000000000000000000000000000000000000000000000000000000000000000000000000000000000000
[12:10:57.640537] EP OUT 0x03 len=0 
[12:10:57.643408] EP IN  0x81 len=64 09cb2001000077478460288330000000000000000000000000000000000000000000000000000000000000000000000000000000000000000000000000000000
[12:10:57.644898] EP OUT 0x03 len=0 
[12:10:57.647248] EP OUT 0x03 len=0 
[12:10:57.649211] EP OUT 0x03 len=0 
[12:10:57.651073] EP OUT 0x03 len=0 
[12:10:57.652992] EP OUT 0x03 len=0 
[12:10:57.655398] EP IN  0x81 len=64 09cc200100007747845e288330000000000000000000000000000000000000000000000000000000000000000000000000000000000000000000000000000000
[12:10:57.656713] EP OUT 0x03 len=0 
[12:10:57.659347] EP IN  0x81 len=64 09cf200100007827845f288330000000000000000000000000000000000000000000000000000000000000000000000000000000000000000000000000000000
[12:10:57.660839] EP OUT 0x03 len=0 
[12:10:57.663275] EP OUT 0x03 len=0 
[12:10:57.665259] EP OUT 0x03 len=0 
[12:10:57.667134] EP OUT 0x03 len=0 
[12:10:57.671295] EP IN  0x81 len=64 09d0200100007847845f288330000000000000000000000000000000000000000000000000000000000000000000000000000000000000000000000000000000
[12:10:57.672385] EP OUT 0x03 len=0 
[12:10:57.675304] EP IN  0x81 len=64 09d3200100007837845f288330000000000000000000000000000000000000000000000000000000000000000000000000000000000000000000000000000000
[12:10:57.676748] EP OUT 0x03 len=0 
[12:10:57.678622] EP OUT 0x03 len=0 
[12:10:57.680372] EP OUT 0x03 len=0 
[12:10:57.682202] EP OUT 0x03 len=0 
[12:10:57.684335] EP OUT 0x03 len=0 
[12:10:57.687378] EP IN  0x81 len=64 09d4200100007747845e388330000000000000000000000000000000000000000000000000000000000000000000000000000000000000000000000000000000
[12:10:57.688606] EP OUT 0x03 len=0 
[12:10:57.691381] EP IN  0x81 len=64 09d7200100007847845f288330000000000000000000000000000000000000000000000000000000000000000000000000000000000000000000000000000000
[12:10:57.692834] EP OUT 0x03 len=0 
[12:10:57.695265] EP OUT 0x03 len=0 
[12:10:57.697235] EP OUT 0x03 len=0 
[12:10:57.699113] EP OUT 0x03 len=0 
[12:10:57.700979] EP OUT 0x03 len=0 
[12:10:57.703315] EP IN  0x81 len=64 09d8200100007737845f288330000000000000000000000000000000000000000000000000000000000000000000000000000000000000000000000000000000
[12:10:57.704565] EP OUT 0x03 len=0 
[12:10:57.707300] EP IN  0x81 len=64 09db200100007737845f288330000000000000000000000000000000000000000000000000000000000000000000000000000000000000000000000000000000
[12:10:57.708647] EP OUT 0x03 len=0 
[12:10:57.710376] EP OUT 0x03 len=0 
[12:10:57.712409] EP OUT 0x03 len=0 
[12:10:57.714210] EP OUT 0x03 len=0 
[12:10:57.716215] EP OUT 0x03 len=0 
[12:10:57.719421] EP IN  0x81 len=64 09dc200100007847845f388330000000000000000000000000000000000000000000000000000000000000000000000000000000000000000000000000000000
[12:10:57.720719] EP OUT 0x03 len=0 
[12:10:57.723397] EP IN  0x81 len=64 09df2001000078378460288330000000000000000000000000000000000000000000000000000000000000000000000000000000000000000000000000000000
[12:10:57.724768] EP OUT 0x03 len=0 
[12:10:57.726449] EP OUT 0x03 len=0 
[12:10:57.728417] EP OUT 0x03 len=0 
[12:10:57.730294] EP OUT 0x03 len=0 
[12:10:57.732131] EP OUT 0x03 len=0 
[12:10:57.734036] EP OUT 0x03 len=0 
[12:10:57.739419] EP IN  0x81 len=64 09e0200100007837845f288330000000000000000000000000000000000000000000000000000000000000000000000000000000000000000000000000000000
[12:10:57.740741] EP OUT 0x03 len=0 
[12:10:57.743409] EP IN  0x81 len=64 09e4200100007837845f288330000000000000000000000000000000000000000000000000000000000000000000000000000000000000000000000000000000
[12:10:57.744905] EP OUT 0x03 len=0 
[12:10:57.747132] EP OUT 0x03 len=0 
[12:10:57.750496] EP OUT 0x03 len=0 
[12:10:57.752408] EP OUT 0x03 len=0 
[12:10:57.755304] EP IN  0x81 len=64 09e5200100007837845f288330000000000000000000000000000000000000000000000000000000000000000000000000000000000000000000000000000000
[12:10:57.756456] EP OUT 0x03 len=0 
[12:10:57.759312] EP IN  0x81 len=64 09e8200100007837845f288330000000000000000000000000000000000000000000000000000000000000000000000000000000000000000000000000000000
[12:10:57.760868] EP OUT 0x03 len=0 
[12:10:57.763297] EP OUT 0x03 len=0 
[12:10:57.765254] EP OUT 0x03 len=0 
[12:10:57.767153] EP OUT 0x03 len=0 
[12:10:57.769042] EP OUT 0x03 len=0 
[12:10:57.771388] EP IN  0x81 len=64 09e9200100007737845f388330000000000000000000000000000000000000000000000000000000000000000000000000000000000000000000000000000000
[12:10:57.772590] EP OUT 0x03 len=0 
[12:10:57.775336] EP IN  0x81 len=64 09ec200100007737845f288330000000000000000000000000000000000000000000000000000000000000000000000000000000000000000000000000000000
[12:10:57.776744] EP OUT 0x03 len=0 
[12:10:57.778626] EP OUT 0x03 len=0 
[12:10:57.780559] EP OUT 0x03 len=0 
[12:10:57.782400] EP OUT 0x03 len=0 
[12:10:57.784158] EP OUT 0x03 len=0 
[12:10:57.787311] EP IN  0x81 len=64 09ed200300007837845f288330000000000000000000000000000000000000000000000000000000000000000000000000000000000000000000000000000000
[12:10:57.788459] EP OUT 0x03 len=0 
[12:10:57.791400] EP IN  0x81 len=64 09f0200300007747845f288330000000000000000000000000000000000000000000000000000000000000000000000000000000000000000000000000000000
[12:10:57.792794] EP OUT 0x03 len=0 
[12:10:57.795203] EP OUT 0x03 len=0 
[12:10:57.797153] EP OUT 0x03 len=0 
[12:10:57.799032] EP OUT 0x03 len=0 
[12:10:57.803299] EP IN  0x81 len=64 09f1200300007747845f188330000000000000000000000000000000000000000000000000000000000000000000000000000000000000000000000000000000
[12:10:57.804506] EP OUT 0x03 len=0 
[12:10:57.807370] EP IN  0x81 len=64 09f4200200007837845e288330000000000000000000000000000000000000000000000000000000000000000000000000000000000000000000000000000000
[12:10:57.808825] EP OUT 0x03 len=0 
[12:10:57.811267] EP OUT 0x03 len=0 
[12:10:57.813102] EP OUT 0x03 len=0 
[12:10:57.814965] EP OUT 0x03 len=0 
[12:10:57.819321] EP IN  0x81 len=64 09f52002000078378460288330000000000000000000000000000000000000000000000000000000000000000000000000000000000000000000000000000000
[12:10:57.820495] EP OUT 0x03 len=0 
[12:10:57.823304] EP IN  0x81 len=64 09f8200200007837845f288330000000000000000000000000000000000000000000000000000000000000000000000000000000000000000000000000000000
[12:10:57.824854] EP OUT 0x03 len=0 
[12:10:57.827189] EP OUT 0x03 len=0 
[12:10:57.829113] EP OUT 0x03 len=0 
[12:10:57.831307] EP OUT 0x03 len=0 
[12:10:57.835325] EP IN  0x81 len=64 09f92002000078378460288330000000000000000000000000000000000000000000000000000000000000000000000000000000000000000000000000000000
[12:10:57.836617] EP OUT 0x03 len=0 
[12:10:57.839417] EP IN  0x81 len=64 09fc200200007837845f288330000000000000000000000000000000000000000000000000000000000000000000000000000000000000000000000000000000
[12:10:57.840931] EP OUT 0x03 len=0 
[12:10:57.843234] EP OUT 0x03 len=0 
[12:10:57.845188] EP OUT 0x03 len=0 
[12:10:57.847081] EP OUT 0x03 len=0 
[12:10:57.848962] EP OUT 0x03 len=0 
[12:10:57.851409] EP IN  0x81 len=64 09fd200200007737845e288330000000000000000000000000000000000000000000000000000000000000000000000000000000000000000000000000000000
[12:10:57.852730] EP OUT 0x03 len=0 
[12:10:57.855402] EP IN  0x81 len=64 0900200200007837845f288330000000000000000000000000000000000000000000000000000000000000000000000000000000000000000000000000000000
[12:10:57.856889] EP OUT 0x03 len=0 
[12:10:57.859182] EP OUT 0x03 len=0 
[12:10:57.862480] EP OUT 0x03 len=0 
[12:10:57.864215] EP OUT 0x03 len=0 
[12:10:57.867407] EP IN  0x81 len=64 0901200200007747845e288330000000000000000000000000000000000000000000000000000000000000000000000000000000000000000000000000000000
[12:10:57.868752] EP OUT 0x03 len=0 
[12:10:57.871384] EP IN  0x81 len=64 0904200200007737845e288330000000000000000000000000000000000000000000000000000000000000000000000000000000000000000000000000000000
[12:10:57.872852] EP OUT 0x03 len=0 
[12:10:57.875289] EP OUT 0x03 len=0 
[12:10:57.877202] EP OUT 0x03 len=0 
[12:10:57.878962] EP OUT 0x03 len=0 
[12:10:57.883381] EP IN  0x81 len=64 0905200200007837845f388330000000000000000000000000000000000000000000000000000000000000000000000000000000000000000000000000000000
[12:10:57.884703] EP OUT 0x03 len=0 
[12:10:57.887362] EP IN  0x81 len=64 0908200200007837845f288330000000000000000000000000000000000000000000000000000000000000000000000000000000000000000000000000000000
[12:10:57.888781] EP OUT 0x03 len=0 
[12:10:57.891260] EP OUT 0x03 len=0 
[12:10:57.893197] EP OUT 0x03 len=0 
[12:10:57.895060] EP OUT 0x03 len=0 
[12:10:57.899310] EP IN  0x81 len=64 0909200200007847845f388330000000000000000000000000000000000000000000000000000000000000000000000000000000000000000000000000000000
[12:10:57.900607] EP OUT 0x03 len=0 
[12:10:57.903307] EP IN  0x81 len=64 090c200200007847845f288330000000000000000000000000000000000000000000000000000000000000000000000000000000000000000000000000000000
[12:10:57.904650] EP OUT 0x03 len=0 
[12:10:57.906314] EP OUT 0x03 len=0 
[12:10:57.908302] EP OUT 0x03 len=0 
[12:10:57.910100] EP OUT 0x03 len=0 
[12:10:57.911979] EP OUT 0x03 len=0 
[12:10:57.915398] EP IN  0x81 len=64 090d200200007747845f288330000000000000000000000000000000000000000000000000000000000000000000000000000000000000000000000000000000
[12:10:57.916724] EP OUT 0x03 len=0 
[12:10:57.919387] EP IN  0x81 len=64 0910200200007737845f388330000000000000000000000000000000000000000000000000000000000000000000000000000000000000000000000000000000
[12:10:57.920854] EP OUT 0x03 len=0 
[12:10:57.923272] EP OUT 0x03 len=0 
[12:10:57.925233] EP OUT 0x03 len=0 
[12:10:57.927049] EP OUT 0x03 len=0 
[12:10:57.931313] EP IN  0x81 len=64 0911200200007837845f288330000000000000000000000000000000000000000000000000000000000000000000000000000000000000000000000000000000
[12:10:57.932593] EP OUT 0x03 len=0 
[12:10:57.935330] EP IN  0x81 len=64 09142002000078478460288330000000000000000000000000000000000000000000000000000000000000000000000000000000000000000000000000000000
[12:10:57.936802] EP OUT 0x03 len=0 
[12:10:57.938459] EP OUT 0x03 len=0 
[12:10:57.940303] EP OUT 0x03 len=0 
[12:10:57.942260] EP OUT 0x03 len=0 
[12:10:57.944345] EP OUT 0x03 len=0 
[12:10:57.947301] EP IN  0x81 len=64 0915200200007737845f288330000000000000000000000000000000000000000000000000000000000000000000000000000000000000000000000000000000
[12:10:57.948578] EP OUT 0x03 len=0 
[12:10:57.951411] EP IN  0x81 len=64 0918200000007837845f288330000000000000000000000000000000000000000000000000000000000000000000000000000000000000000000000000000000
[12:10:57.952934] EP OUT 0x03 len=0 
[12:10:57.955268] EP OUT 0x03 len=0 
[12:10:57.957256] EP OUT 0x03 len=0 
[12:10:57.959106] EP OUT 0x03 len=0 
[12:10:57.960958] EP OUT 0x03 len=0 
[12:10:57.963318] EP IN  0x81 len=64 0919200000007837845e288330000000000000000000000000000000000000000000000000000000000000000000000000000000000000000000000000000000
[12:10:57.964619] EP OUT 0x03 len=0 
[12:10:57.967299] EP IN  0x81 len=64 091c200000007747845e288330000000000000000000000000000000000000000000000000000000000000000000000000000000000000000000000000000000
[12:10:57.968719] EP OUT 0x03 len=0 
[12:10:57.970537] EP OUT 0x03 len=0 
[12:10:57.972389] EP OUT 0x03 len=0 
[12:10:57.974179] EP OUT 0x03 len=0 
[12:10:57.976239] EP OUT 0x03 len=0 
[12:10:57.979413] EP IN  0x81 len=64 091d200000007737845e388330000000000000000000000000000000000000000000000000000000000000000000000000000000000000000000000000000000
[12:10:57.980702] EP OUT 0x03 len=0 
[12:10:57.983333] EP IN  0x81 len=64 0920200000007847845f288330000000000000000000000000000000000000000000000000000000000000000000000000000000000000000000000000000000
[12:10:57.984838] EP OUT 0x03 len=0 
[12:10:57.987178] EP OUT 0x03 len=0 
[12:10:57.989076] EP OUT 0x03 len=0 
[12:10:57.990941] EP OUT 0x03 len=0 
[12:10:57.995330] EP IN  0x81 len=64 0921200000007847845f288330000000000000000000000000000000000000000000000000000000000000000000000000000000000000000000000000000000
[12:10:57.996612] EP OUT 0x03 len=0 
[12:10:57.999319] EP IN  0x81 len=64 0924200000007847845f288330000000000000000000000000000000000000000000000000000000000000000000000000000000000000000000000000000000
[12:10:58.000803] EP OUT 0x03 len=0 
[12:10:58.003268] EP OUT 0x03 len=0 
[12:10:58.005079] EP OUT 0x03 len=0 
[12:10:58.007294] EP OUT 0x03 len=0 
[12:10:58.011397] EP IN  0x81 len=64 0925200000007847845f288330000000000000000000000000000000000000000000000000000000000000000000000000000000000000000000000000000000
[12:10:58.012640] EP OUT 0x03 len=0 
[12:10:58.015312] EP IN  0x81 len=64 0928200000007847845f288330000000000000000000000000000000000000000000000000000000000000000000000000000000000000000000000000000000
[12:10:58.016777] EP OUT 0x03 len=0 
[12:10:58.019330] EP OUT 0x03 len=0 
[12:10:58.021203] EP OUT 0x03 len=0 
[12:10:58.023078] EP OUT 0x03 len=0 
[12:10:58.027304] EP IN  0x81 len=64 0929200000007747845e288330000000000000000000000000000000000000000000000000000000000000000000000000000000000000000000000000000000
[12:10:58.028573] EP OUT 0x03 len=0 
[12:10:58.031400] EP IN  0x81 len=64 092c200000007847845f288330000000000000000000000000000000000000000000000000000000000000000000000000000000000000000000000000000000
[12:10:58.032866] EP OUT 0x03 len=0 
[12:10:58.035326] EP OUT 0x03 len=0 
[12:10:58.037226] EP OUT 0x03 len=0 
[12:10:58.039125] EP OUT 0x03 len=0 
[12:10:58.040938] EP OUT 0x03 len=0 
[12:10:58.043299] EP IN  0x81 len=64 092d200000007837845f188330000000000000000000000000000000000000000000000000000000000000000000000000000000000000000000000000000000
[12:10:58.044607] EP OUT 0x03 len=0 
[12:10:58.047382] EP IN  0x81 len=64 0930200000007737845e188330000000000000000000000000000000000000000000000000000000000000000000000000000000000000000000000000000000
[12:10:58.048709] EP OUT 0x03 len=0 
[12:10:58.050464] EP OUT 0x03 len=0 
[12:10:58.052436] EP OUT 0x03 len=0 
[12:10:58.054311] EP OUT 0x03 len=0 
[12:10:58.056090] EP OUT 0x03 len=0 
[12:10:58.059387] EP IN  0x81 len=64 0931200000007847845f288330000000000000000000000000000000000000000000000000000000000000000000000000000000000000000000000000000000
[12:10:58.060677] EP OUT 0x03 len=0 
[12:10:58.063322] EP IN  0x81 len=64 0934200000007747845e288330000000000000000000000000000000000000000000000000000000000000000000000000000000000000000000000000000000
[12:10:58.064786] EP OUT 0x03 len=0 
[12:10:58.067255] EP OUT 0x03 len=0 
[12:10:58.069247] EP OUT 0x03 len=0 
[12:10:58.071078] EP OUT 0x03 len=0 
[12:10:58.075402] EP IN  0x81 len=64 0935200000007847845f288330000000000000000000000000000000000000000000000000000000000000000000000000000000000000000000000000000000
[12:10:58.076638] EP OUT 0x03 len=0 
[12:10:58.079294] EP IN  0x81 len=64 0938200100007847845f188330000000000000000000000000000000000000000000000000000000000000000000000000000000000000000000000000000000
[12:10:58.080641] EP OUT 0x03 len=0 
[12:10:58.082390] EP OUT 0x03 len=0 
[12:10:58.084484] EP OUT 0x03 len=0 
[12:10:58.086363] EP OUT 0x03 len=0 
[12:10:58.088140] EP OUT 0x03 len=0 
[12:10:58.091317] EP IN  0x81 len=64 0939200100007847845e388330000000000000000000000000000000000000000000000000000000000000000000000000000000000000000000000000000000
[12:10:58.092541] EP OUT 0x03 len=0 
[12:10:58.095389] EP IN  0x81 len=64 093c200100007847845f388330000000000000000000000000000000000000000000000000000000000000000000000000000000000000000000000000000000
[12:10:58.096873] EP OUT 0x03 len=0 
[12:10:58.099270] EP OUT 0x03 len=0 
[12:10:58.101266] EP OUT 0x03 len=0 
[12:10:58.103140] EP OUT 0x03 len=0 
[12:10:58.104924] EP OUT 0x03 len=0 
[12:10:58.107368] EP IN  0x81 len=64 093d200100007837845f288330000000000000000000000000000000000000000000000000000000000000000000000000000000000000000000000000000000
[12:10:58.108522] EP OUT 0x03 len=0 
[12:10:58.111403] EP IN  0x81 len=64 0940200100007847845f288330000000000000000000000000000000000000000000000000000000000000000000000000000000000000000000000000000000
[12:10:58.112735] EP OUT 0x03 len=0 
[12:10:58.114363] EP OUT 0x03 len=0 
[12:10:58.116410] EP OUT 0x03 len=0 
[12:10:58.118402] EP OUT 0x03 len=0 
[12:10:58.120310] EP OUT 0x03 len=0 
[12:10:58.123396] EP IN  0x81 len=64 09412001000077378460288330000000000000000000000000000000000000000000000000000000000000000000000000000000000000000000000000000000
[12:10:58.124585] EP OUT 0x03 len=0 
[12:10:58.127299] EP IN  0x81 len=64 0944200100007847845f388330000000000000000000000000000000000000000000000000000000000000000000000000000000000000000000000000000000
[12:10:58.128893] EP OUT 0x03 len=0 
[12:10:58.131239] EP OUT 0x03 len=0 
[12:10:58.133219] EP OUT 0x03 len=0 
[12:10:58.135118] EP OUT 0x03 len=0 
[12:10:58.136931] EP OUT 0x03 len=0 
[12:10:58.139396] EP IN  0x81 len=64 0945200100007847845e288330000000000000000000000000000000000000000000000000000000000000000000000000000000000000000000000000000000
[12:10:58.140707] EP OUT 0x03 len=0 
[12:10:58.143407] EP IN  0x81 len=64 0948200300007837845e288330000000000000000000000000000000000000000000000000000000000000000000000000000000000000000000000000000000
[12:10:58.144941] EP OUT 0x03 len=0 
[12:10:58.147168] EP OUT 0x03 len=0 
[12:10:58.150536] EP OUT 0x03 len=0 
[12:10:58.152425] EP OUT 0x03 len=0 
[12:10:58.155385] EP IN  0x81 len=64 09492003000077378460288330000000000000000000000000000000000000000000000000000000000000000000000000000000000000000000000000000000
[12:10:58.156538] EP OUT 0x03 len=0 
[12:10:58.159391] EP IN  0x81 len=64 094c200300007747845f288330000000000000000000000000000000000000000000000000000000000000000000000000000000000000000000000000000000
[12:10:58.160836] EP OUT 0x03 len=0 
[12:10:58.163259] EP OUT 0x03 len=0 
[12:10:58.165247] EP OUT 0x03 len=0 
[12:10:58.167117] EP OUT 0x03 len=0 
[12:10:58.169008] EP OUT 0x03 len=0 
[12:10:58.171382] EP IN  0x81 len=64 094d200300007737845f288330000000000000000000000000000000000000000000000000000000000000000000000000000000000000000000000000000000
[12:10:58.172655] EP OUT 0x03 len=0 
[12:10:58.175381] EP IN  0x81 len=64 0950200300007847845f288330000000000000000000000000000000000000000000000000000000000000000000000000000000000000000000000000000000
[12:10:58.176840] EP OUT 0x03 len=0 
[12:10:58.179276] EP OUT 0x03 len=0 
[12:10:58.181256] EP OUT 0x03 len=0 
[12:10:58.183015] EP OUT 0x03 len=0 
[12:10:58.187301] EP IN  0x81 len=64 0951200300007847845f188330000000000000000000000000000000000000000000000000000000000000000000000000000000000000000000000000000000
[12:10:58.188461] EP OUT 0x03 len=0 
[12:10:58.191313] EP IN  0x81 len=64 0954200200007847845f288330000000000000000000000000000000000000000000000000000000000000000000000000000000000000000000000000000000
[12:10:58.192786] EP OUT 0x03 len=0 
[12:10:58.195258] EP OUT 0x03 len=0 
[12:10:58.197241] EP OUT 0x03 len=0 
[12:10:58.199142] EP OUT 0x03 len=0 
[12:10:58.201041] EP OUT 0x03 len=0 
[12:10:58.207812] EP OUT 0x03 len=0 
[12:10:58.211406] EP IN  0x81 len=64 0955200200007837845f288330000000000000000000000000000000000000000000000000000000000000000000000000000000000000000000000000000000
[12:10:58.212647] EP OUT 0x03 len=0 
[12:10:58.215319] EP IN  0x81 len=64 095a200200007847845f288330000000000000000000000000000000000000000000000000000000000000000000000000000000000000000000000000000000
[12:10:58.216812] EP OUT 0x03 len=0 
[12:10:58.219295] EP OUT 0x03 len=0 
[12:10:58.221104] EP OUT 0x03 len=0 
[12:10:58.223253] EP OUT 0x03 len=0 
[12:10:58.227403] EP IN  0x81 len=64 095b200200007827845f288330000000000000000000000000000000000000000000000000000000000000000000000000000000000000000000000000000000
[12:10:58.228683] EP OUT 0x03 len=0 
[12:10:58.231394] EP IN  0x81 len=64 095e200200007847845f288330000000000000000000000000000000000000000000000000000000000000000000000000000000000000000000000000000000
[12:10:58.232786] EP OUT 0x03 len=0 
[12:10:58.235244] EP OUT 0x03 len=0 
[12:10:58.237194] EP OUT 0x03 len=0 
[12:10:58.238981] EP OUT 0x03 len=0 
[12:10:58.243405] EP IN  0x81 len=64 095f200200007847845e388330000000000000000000000000000000000000000000000000000000000000000000000000000000000000000000000000000000
[12:10:58.244717] EP OUT 0x03 len=0 
[12:10:58.247402] EP IN  0x81 len=64 0962200200007837845e288330000000000000000000000000000000000000000000000000000000000000000000000000000000000000000000000000000000
[12:10:58.248877] EP OUT 0x03 len=0 
[12:10:58.251254] EP OUT 0x03 len=0 
[12:10:58.253222] EP OUT 0x03 len=0 
[12:10:58.255060] EP OUT 0x03 len=0 
[12:10:58.259305] EP IN  0x81 len=64 0963200200007847845f288330000000000000000000000000000000000000000000000000000000000000000000000000000000000000000000000000000000
[12:10:58.260596] EP OUT 0x03 len=0 
[12:10:58.263296] EP IN  0x81 len=64 0966200000007747845f288330000000000000000000000000000000000000000000000000000000000000000000000000000000000000000000000000000000
[12:10:58.264703] EP OUT 0x03 len=0 
[12:10:58.266477] EP OUT 0x03 len=0 
[12:10:58.268467] EP OUT 0x03 len=0 
[12:10:58.270288] EP OUT 0x03 len=0 
[12:10:58.272245] EP OUT 0x03 len=0 
[12:10:58.275393] EP IN  0x81 len=64 0967200000007737845e288330000000000000000000000000000000000000000000000000000000000000000000000000000000000000000000000000000000
[12:10:58.276634] EP OUT 0x03 len=0 
[12:10:58.279399] EP IN  0x81 len=64 096a200000007837845f288330000000000000000000000000000000000000000000000000000000000000000000000000000000000000000000000000000000
[12:10:58.280848] EP OUT 0x03 len=0 
[12:10:58.283327] EP OUT 0x03 len=0 
[12:10:58.285299] EP OUT 0x03 len=0 
[12:10:58.287142] EP OUT 0x03 len=0 
[12:10:58.288959] EP OUT 0x03 len=0 
[12:10:58.291389] EP IN  0x81 len=64 096b200000007837845f288330000000000000000000000000000000000000000000000000000000000000000000000000000000000000000000000000000000
[12:10:58.292626] EP OUT 0x03 len=0 
[12:10:58.295313] EP IN  0x81 len=64 096e200000007837845f288330000000000000000000000000000000000000000000000000000000000000000000000000000000000000000000000000000000
[12:10:58.296662] EP OUT 0x03 len=0 
[12:10:58.298301] EP OUT 0x03 len=0 
[12:10:58.300366] EP OUT 0x03 len=0 
[12:10:58.302279] EP OUT 0x03 len=0 
[12:10:58.304077] EP OUT 0x03 len=0 
[12:10:58.307297] EP IN  0x81 len=64 096f200000007837845f388330000000000000000000000000000000000000000000000000000000000000000000000000000000000000000000000000000000
[12:10:58.308584] EP OUT 0x03 len=0 
[12:10:58.311329] EP IN  0x81 len=64 0972200000007837845f288330000000000000000000000000000000000000000000000000000000000000000000000000000000000000000000000000000000
[12:10:58.312804] EP OUT 0x03 len=0 
[12:10:58.315324] EP OUT 0x03 len=0 
[12:10:58.317302] EP OUT 0x03 len=0 
[12:10:58.319193] EP OUT 0x03 len=0 
[12:10:58.321024] EP OUT 0x03 len=0 
[12:10:58.323389] EP IN  0x81 len=64 0973200000007837845f288330000000000000000000000000000000000000000000000000000000000000000000000000000000000000000000000000000000
[12:10:58.324716] EP OUT 0x03 len=0 
[12:10:58.327404] EP IN  0x81 len=64 0976200000007837845e288330000000000000000000000000000000000000000000000000000000000000000000000000000000000000000000000000000000
[12:10:58.328903] EP OUT 0x03 len=0 
[12:10:58.331249] EP OUT 0x03 len=0 
[12:10:58.333080] EP OUT 0x03 len=0 
[12:10:58.335259] EP OUT 0x03 len=0 
[12:10:58.339401] EP IN  0x81 len=64 0977200000007737845f388330000000000000000000000000000000000000000000000000000000000000000000000000000000000000000000000000000000
[12:10:58.340564] EP OUT 0x03 len=0 
[12:10:58.343399] EP IN  0x81 len=64 097a200000007847845f288330000000000000000000000000000000000000000000000000000000000000000000000000000000000000000000000000000000
[12:10:58.344927] EP OUT 0x03 len=0 
[12:10:58.347252] EP OUT 0x03 len=0 
[12:10:58.349220] EP OUT 0x03 len=0 
[12:10:58.351100] EP OUT 0x03 len=0 
[12:10:58.353003] EP OUT 0x03 len=0 
[12:10:58.355403] EP IN  0x81 len=64 097b200000007837845e288330000000000000000000000000000000000000000000000000000000000000000000000000000000000000000000000000000000
[12:10:58.356680] EP OUT 0x03 len=0 
[12:10:58.359398] EP IN  0x81 len=64 097e200000007847845f288330000000000000000000000000000000000000000000000000000000000000000000000000000000000000000000000000000000
[12:10:58.360903] EP OUT 0x03 len=0 
[12:10:58.363251] EP OUT 0x03 len=0 
[12:10:58.365247] EP OUT 0x03 len=0 
[12:10:58.367115] EP OUT 0x03 len=0 
[12:10:58.368948] EP OUT 0x03 len=0 
[12:10:58.371291] EP IN  0x81 len=64 097f200000007737845f288330000000000000000000000000000000000000000000000000000000000000000000000000000000000000000000000000000000
[12:10:58.372406] EP OUT 0x03 len=0 
[12:10:58.375302] EP IN  0x81 len=64 0982200000007827845f288330000000000000000000000000000000000000000000000000000000000000000000000000000000000000000000000000000000
[12:10:58.376835] EP OUT 0x03 len=0 
[12:10:58.379227] EP OUT 0x03 len=0 
[12:10:58.381014] EP OUT 0x03 len=0 
[12:10:58.383371] EP OUT 0x03 len=0 
[12:10:58.387374] EP IN  0x81 len=64 0983200000007837845f288330000000000000000000000000000000000000000000000000000000000000000000000000000000000000000000000000000000
[12:10:58.388629] EP OUT 0x03 len=0 
[12:10:58.391385] EP IN  0x81 len=64 0986200100007837845f288330000000000000000000000000000000000000000000000000000000000000000000000000000000000000000000000000000000
[12:10:58.392818] EP OUT 0x03 len=0 
[12:10:58.395197] EP OUT 0x03 len=0 
[12:10:58.397151] EP OUT 0x03 len=0 
[12:10:58.399027] EP OUT 0x03 len=0 
[12:10:58.403299] EP IN  0x81 len=64 0987200100007847845f288330000000000000000000000000000000000000000000000000000000000000000000000000000000000000000000000000000000
[12:10:58.404446] EP OUT 0x03 len=0 
[12:10:58.407371] EP IN  0x81 len=64 098a200100007747845f288330000000000000000000000000000000000000000000000000000000000000000000000000000000000000000000000000000000
[12:10:58.408825] EP OUT 0x03 len=0 
[12:10:58.411337] EP OUT 0x03 len=0 
[12:10:58.413154] EP OUT 0x03 len=0 
[12:10:58.415326] EP OUT 0x03 len=0 
[12:10:58.419419] EP IN  0x81 len=64 098b200100007837845e288330000000000000000000000000000000000000000000000000000000000000000000000000000000000000000000000000000000
[12:10:58.420705] EP OUT 0x03 len=0 
[12:10:58.423387] EP IN  0x81 len=64 098e200100007747845e388330000000000000000000000000000000000000000000000000000000000000000000000000000000000000000000000000000000
[12:10:58.424893] EP OUT 0x03 len=0 
[12:10:58.427300] EP OUT 0x03 len=0 
[12:10:58.429234] EP OUT 0x03 len=0 
[12:10:58.431109] EP OUT 0x03 len=0 
[12:10:58.435326] EP IN  0x81 len=64 098f200100007847845f288330000000000000000000000000000000000000000000000000000000000000000000000000000000000000000000000000000000
[12:10:58.436605] EP OUT 0x03 len=0 
[12:10:58.439390] EP IN  0x81 len=64 0992200100007737845e288330000000000000000000000000000000000000000000000000000000000000000000000000000000000000000000000000000000
[12:10:58.440725] EP OUT 0x03 len=0 
[12:10:58.442357] EP OUT 0x03 len=0 
[12:10:58.444383] EP OUT 0x03 len=0 
[12:10:58.446222] EP OUT 0x03 len=0 
[12:10:58.448219] EP OUT 0x03 len=0 
[12:10:58.451416] EP IN  0x81 len=64 0993200100007737845f288330000000000000000000000000000000000000000000000000000000000000000000000000000000000000000000000000000000
[12:10:58.452743] EP OUT 0x03 len=0 
[12:10:58.455310] EP IN  0x81 len=64 0996200100007837845f288330000000000000000000000000000000000000000000000000000000000000000000000000000000000000000000000000000000
[12:10:58.456880] EP OUT 0x03 len=0 
[12:10:58.459227] EP OUT 0x03 len=0 
[12:10:58.461163] EP OUT 0x03 len=0 
[12:10:58.463013] EP OUT 0x03 len=0 
[12:10:58.467326] EP IN  0x81 len=64 0997200100007737845f288330000000000000000000000000000000000000000000000000000000000000000000000000000000000000000000000000000000
[12:10:58.468615] EP OUT 0x03 len=0 
[12:10:58.471380] EP IN  0x81 len=64 099a200100007847845f288330000000000000000000000000000000000000000000000000000000000000000000000000000000000000000000000000000000
[12:10:58.472805] EP OUT 0x03 len=0 
[12:10:58.475251] EP OUT 0x03 len=0 
[12:10:58.477167] EP OUT 0x03 len=0 
[12:10:58.478942] EP OUT 0x03 len=0 
[12:10:58.483404] EP IN  0x81 len=64 099b200100007747845f288330000000000000000000000000000000000000000000000000000000000000000000000000000000000000000000000000000000
[12:10:58.484716] EP OUT 0x03 len=0 
[12:10:58.487300] EP IN  0x81 len=64 099e200100007837845f188330000000000000000000000000000000000000000000000000000000000000000000000000000000000000000000000000000000
[12:10:58.488705] EP OUT 0x03 len=0 
[12:10:58.490363] EP OUT 0x03 len=0 
[12:10:58.492363] EP OUT 0x03 len=0 
[12:10:58.494343] EP OUT 0x03 len=0 
[12:10:58.496245] EP OUT 0x03 len=0 
[12:10:58.499314] EP IN  0x81 len=64 099f200100007837845f288330000000000000000000000000000000000000000000000000000000000000000000000000000000000000000000000000000000
[12:10:58.500630] EP OUT 0x03 len=0 
[12:10:58.503296] EP IN  0x81 len=64 09a2200100007837845f388330000000000000000000000000000000000000000000000000000000000000000000000000000000000000000000000000000000
[12:10:58.504765] EP OUT 0x03 len=0 
[12:10:58.507249] EP OUT 0x03 len=0 
[12:10:58.509144] EP OUT 0x03 len=0 
[12:10:58.511020] EP OUT 0x03 len=0 
[12:10:58.515316] EP IN  0x81 len=64 09a3200100007837845f288330000000000000000000000000000000000000000000000000000000000000000000000000000000000000000000000000000000
[12:10:58.516594] EP OUT 0x03 len=0 
[12:10:58.519411] EP IN  0x81 len=64 09a6200100007837845f288330000000000000000000000000000000000000000000000000000000000000000000000000000000000000000000000000000000
[12:10:58.520836] EP OUT 0x03 len=0 
[12:10:58.522485] EP OUT 0x03 len=0 
[12:10:58.524366] EP OUT 0x03 len=0 
[12:10:58.526270] EP OUT 0x03 len=0 
[12:10:58.528166] EP OUT 0x03 len=0 
[12:10:58.531410] EP IN  0x81 len=64 09a7200100007747845e188330000000000000000000000000000000000000000000000000000000000000000000000000000000000000000000000000000000
[12:10:58.532740] EP OUT 0x03 len=0 
[12:10:58.535403] EP IN  0x81 len=64 09aa200100007847845f288330000000000000000000000000000000000000000000000000000000000000000000000000000000000000000000000000000000
[12:10:58.536875] EP OUT 0x03 len=0 
[12:10:58.539296] EP OUT 0x03 len=0 
[12:10:58.541244] EP OUT 0x03 len=0 
[12:10:58.543075] EP OUT 0x03 len=0 
[12:10:58.547400] EP IN  0x81 len=64 09ab200100007827845e288330000000000000000000000000000000000000000000000000000000000000000000000000000000000000000000000000000000
[12:10:58.548714] EP OUT 0x03 len=0 
[12:10:58.551293] EP IN  0x81 len=64 09ae200000007837845f288330000000000000000000000000000000000000000000000000000000000000000000000000000000000000000000000000000000
[12:10:58.552811] EP OUT 0x03 len=0 
[12:10:58.555206] EP OUT 0x03 len=0 
[12:10:58.558520] EP OUT 0x03 len=0 
[12:10:58.560327] EP OUT 0x03 len=0 
[12:10:58.563315] EP IN  0x81 len=64 09af200000007837845f288330000000000000000000000000000000000000000000000000000000000000000000000000000000000000000000000000000000
[12:10:58.564614] EP OUT 0x03 len=0 
[12:10:58.567323] EP IN  0x81 len=64 09b2200000007837845f288330000000000000000000000000000000000000000000000000000000000000000000000000000000000000000000000000000000
[12:10:58.568812] EP OUT 0x03 len=0 
[12:10:58.571312] EP OUT 0x03 len=0 
[12:10:58.573199] EP OUT 0x03 len=0 
[12:10:58.575075] EP OUT 0x03 len=0 
[12:10:58.579385] EP IN  0x81 len=64 09b3200000007837845e288330000000000000000000000000000000000000000000000000000000000000000000000000000000000000000000000000000000
[12:10:58.580660] EP OUT 0x03 len=0 
[12:10:58.583428] EP IN  0x81 len=64 09b6200000007837845f188330000000000000000000000000000000000000000000000000000000000000000000000000000000000000000000000000000000
[12:10:58.584937] EP OUT 0x03 len=0 
[12:10:58.587192] EP OUT 0x03 len=0 
[12:10:58.590318] EP OUT 0x03 len=0 
[12:10:58.592234] EP OUT 0x03 len=0 
[12:10:58.595318] EP IN  0x81 len=64 09b7200000007837845f188330000000000000000000000000000000000000000000000000000000000000000000000000000000000000000000000000000000
[12:10:58.596471] EP OUT 0x03 len=0 
[12:10:58.599301] EP IN  0x81 len=64 09ba200000007847845e288330000000000000000000000000000000000000000000000000000000000000000000000000000000000000000000000000000000
[12:10:58.600888] EP OUT 0x03 len=0 
[12:10:58.603256] EP OUT 0x03 len=0 
[12:10:58.604988] EP OUT 0x03 len=0 
[12:10:58.607294] EP OUT 0x03 len=0 
[12:10:58.611302] EP IN  0x81 len=64 09bb200000007837845f288330000000000000000000000000000000000000000000000000000000000000000000000000000000000000000000000000000000
[12:10:58.612461] EP OUT 0x03 len=0 
[12:10:58.615404] EP IN  0x81 len=64 09be200000007737845f288330000000000000000000000000000000000000000000000000000000000000000000000000000000000000000000000000000000
[12:10:58.616870] EP OUT 0x03 len=0 
[12:10:58.619282] EP OUT 0x03 len=0 
[12:10:58.621119] EP OUT 0x03 len=0 
[12:10:58.623246] EP OUT 0x03 len=0 
[12:10:58.627404] EP IN  0x81 len=64 09bf200000007837845f288330000000000000000000000000000000000000000000000000000000000000000000000000000000000000000000000000000000
[12:10:58.628653] EP OUT 0x03 len=0 
[12:10:58.631386] EP IN  0x81 len=64 09c2200100007737845f288330000000000000000000000000000000000000000000000000000000000000000000000000000000000000000000000000000000
[12:10:58.632747] EP OUT 0x03 len=0 
[12:10:58.634626] EP OUT 0x03 len=0 
[12:10:58.636597] EP OUT 0x03 len=0 
[12:10:58.638384] EP OUT 0x03 len=0 
[12:10:58.640325] EP OUT 0x03 len=0 
[12:10:58.643400] EP IN  0x81 len=64 09c3200100007847845f288330000000000000000000000000000000000000000000000000000000000000000000000000000000000000000000000000000000
[12:10:58.644717] EP OUT 0x03 len=0 
[12:10:58.647379] EP IN  0x81 len=64 09c6200100007837845e288330000000000000000000000000000000000000000000000000000000000000000000000000000000000000000000000000000000
[12:10:58.648858] EP OUT 0x03 len=0 
[12:10:58.651297] EP OUT 0x03 len=0 
[12:10:58.653267] EP OUT 0x03 len=0 
[12:10:58.655090] EP OUT 0x03 len=0 
[12:10:58.659290] EP IN  0x81 len=64 09c7200100007837845f288330000000000000000000000000000000000000000000000000000000000000000000000000000000000000000000000000000000
[12:10:58.660492] EP OUT 0x03 len=0 
[12:10:58.663299] EP IN  0x81 len=64 09ca200100007847845f288330000000000000000000000000000000000000000000000000000000000000000000000000000000000000000000000000000000
[12:10:58.664677] EP OUT 0x03 len=0 
[12:10:58.666375] EP OUT 0x03 len=0 
[12:10:58.668484] EP OUT 0x03 len=0 
[12:10:58.670318] EP OUT 0x03 len=0 
[12:10:58.672273] EP OUT 0x03 len=0 
[12:10:58.675387] EP IN  0x81 len=64 09cb200100007737845f288330000000000000000000000000000000000000000000000000000000000000000000000000000000000000000000000000000000
[12:10:58.676615] EP OUT 0x03 len=0 
[12:10:58.679378] EP IN  0x81 len=64 09ce200100007837845f188330000000000000000000000000000000000000000000000000000000000000000000000000000000000000000000000000000000
[12:10:58.680799] EP OUT 0x03 len=0 
[12:10:58.683339] EP OUT 0x03 len=0 
[12:10:58.685291] EP OUT 0x03 len=0 
[12:10:58.687117] EP OUT 0x03 len=0 
[12:10:58.688964] EP OUT 0x03 len=0 
[12:10:58.691329] EP IN  0x81 len=64 09cf200100007847845f188330000000000000000000000000000000000000000000000000000000000000000000000000000000000000000000000000000000
[12:10:58.692543] EP OUT 0x03 len=0 
[12:10:58.695307] EP IN  0x81 len=64 09d2200100007737845f388330000000000000000000000000000000000000000000000000000000000000000000000000000000000000000000000000000000
[12:10:58.696644] EP OUT 0x03 len=0 
[12:10:58.698248] EP OUT 0x03 len=0 
[12:10:58.700366] EP OUT 0x03 len=0 
[12:10:58.702263] EP OUT 0x03 len=0 
[12:10:58.704064] EP OUT 0x03 len=0 
[12:10:58.707297] EP IN  0x81 len=64 09d3200100007737845f188330000000000000000000000000000000000000000000000000000000000000000000000000000000000000000000000000000000
[12:10:58.708564] EP OUT 0x03 len=0 
[12:10:58.711380] EP IN  0x81 len=64 09d6200100007747845e288330000000000000000000000000000000000000000000000000000000000000000000000000000000000000000000000000000000
[12:10:58.712899] EP OUT 0x03 len=0 
[12:10:58.715245] EP OUT 0x03 len=0 
[12:10:58.717229] EP OUT 0x03 len=0 
[12:10:58.719083] EP OUT 0x03 len=0 
[12:10:58.723389] EP IN  0x81 len=64 09d7200100007837845f288330000000000000000000000000000000000000000000000000000000000000000000000000000000000000000000000000000000
[12:10:58.724566] EP OUT 0x03 len=0 
[12:10:58.727312] EP IN  0x81 len=64 09da200100007837845f288330000000000000000000000000000000000000000000000000000000000000000000000000000000000000000000000000000000
[12:10:58.728746] EP OUT 0x03 len=0 
[12:10:58.730342] EP OUT 0x03 len=0 
[12:10:58.732269] EP OUT 0x03 len=0 
[12:10:58.734140] EP OUT 0x03 len=0 
[12:10:58.736003] EP OUT 0x03 len=0 
[12:10:58.739383] EP IN  0x81 len=64 09db200100007837845f288330000000000000000000000000000000000000000000000000000000000000000000000000000000000000000000000000000000
[12:10:58.740543] EP OUT 0x03 len=0 
[12:10:58.743408] EP IN  0x81 len=64 09de200000007837845f188330000000000000000000000000000000000000000000000000000000000000000000000000000000000000000000000000000000
[12:10:58.744887] EP OUT 0x03 len=0 
[12:10:58.747213] EP OUT 0x03 len=0 
[12:10:58.750396] EP OUT 0x03 len=0 
[12:10:58.752207] EP OUT 0x03 len=0 
[12:10:58.755380] EP IN  0x81 len=64 09df200000007837845f388330000000000000000000000000000000000000000000000000000000000000000000000000000000000000000000000000000000
[12:10:58.756701] EP OUT 0x03 len=0 
[12:10:58.759378] EP IN  0x81 len=64 09e2200000007747845f288330000000000000000000000000000000000000000000000000000000000000000000000000000000000000000000000000000000
[12:10:58.760879] EP OUT 0x03 len=0 
[12:10:58.763134] EP OUT 0x03 len=0 
[12:10:58.766406] EP OUT 0x03 len=0 
[12:10:58.768381] EP OUT 0x03 len=0 
[12:10:58.771390] EP IN  0x81 len=64 09e3200000007837845f388330000000000000000000000000000000000000000000000000000000000000000000000000000000000000000000000000000000
[12:10:58.772552] EP OUT 0x03 len=0 
[12:10:58.775325] EP IN  0x81 len=64 09e6200000007837845f188330000000000000000000000000000000000000000000000000000000000000000000000000000000000000000000000000000000
[12:10:58.776713] EP OUT 0x03 len=0 
[12:10:58.778531] EP OUT 0x03 len=0 
[12:10:58.780468] EP OUT 0x03 len=0 
[12:10:58.782383] EP OUT 0x03 len=0 
[12:10:58.784256] EP OUT 0x03 len=0 
[12:10:58.787332] EP IN  0x81 len=64 09e7200000007747845e288330000000000000000000000000000000000000000000000000000000000000000000000000000000000000000000000000000000
[12:10:58.788613] EP OUT 0x03 len=0 
[12:10:58.791387] EP IN  0x81 len=64 09ea200000007847845e288330000000000000000000000000000000000000000000000000000000000000000000000000000000000000000000000000000000
[12:10:58.792802] EP OUT 0x03 len=0 
[12:10:58.795231] EP OUT 0x03 len=0 
[12:10:58.797210] EP OUT 0x03 len=0 
[12:10:58.799064] EP OUT 0x03 len=0 
[12:10:58.803321] EP IN  0x81 len=64 09eb200000007847845f288330000000000000000000000000000000000000000000000000000000000000000000000000000000000000000000000000000000
[12:10:58.804476] EP OUT 0x03 len=0 
[12:10:58.807298] EP IN  0x81 len=64 09ee200000007837845f388330000000000000000000000000000000000000000000000000000000000000000000000000000000000000000000000000000000
[12:10:58.808813] EP OUT 0x03 len=0 
[12:10:58.810631] EP OUT 0x03 len=0 
[12:10:58.812615] EP OUT 0x03 len=0 
[12:10:58.814464] EP OUT 0x03 len=0 
[12:10:58.816376] EP OUT 0x03 len=0 
[12:10:58.819404] EP IN  0x81 len=64 09ef200000007837845f388330000000000000000000000000000000000000000000000000000000000000000000000000000000000000000000000000000000
[12:10:58.820635] EP OUT 0x03 len=0 
[12:10:58.823404] EP IN  0x81 len=64 09f2200100007837845f288330000000000000000000000000000000000000000000000000000000000000000000000000000000000000000000000000000000
[12:10:58.824892] EP OUT 0x03 len=0 
[12:10:58.827279] EP OUT 0x03 len=0 
[12:10:58.829185] EP OUT 0x03 len=0 
[12:10:58.831026] EP OUT 0x03 len=0 
[12:10:58.835309] EP IN  0x81 len=64 09f3200100007837845f288330000000000000000000000000000000000000000000000000000000000000000000000000000000000000000000000000000000
[12:10:58.836595] EP OUT 0x03 len=0 
[12:10:58.839292] EP IN  0x81 len=64 09f6200100007837845f188330000000000000000000000000000000000000000000000000000000000000000000000000000000000000000000000000000000
[12:10:58.840792] EP OUT 0x03 len=0 
[12:10:58.843190] EP OUT 0x03 len=0 
[12:10:58.845154] EP OUT 0x03 len=0 
[12:10:58.847351] EP OUT 0x03 len=0 
[12:10:58.851401] EP IN  0x81 len=64 09f7200100007737845f388330000000000000000000000000000000000000000000000000000000000000000000000000000000000000000000000000000000
[12:10:58.852733] EP OUT 0x03 len=0 
[12:10:58.855417] EP IN  0x81 len=64 09fa200100007847845f188330000000000000000000000000000000000000000000000000000000000000000000000000000000000000000000000000000000
[12:10:58.856917] EP OUT 0x03 len=0 
[12:10:58.859187] EP OUT 0x03 len=0 
[12:10:58.861168] EP OUT 0x03 len=0 
[12:10:58.862985] EP OUT 0x03 len=0 
[12:10:58.867406] EP IN  0x81 len=64 09fb200100007837845f288330000000000000000000000000000000000000000000000000000000000000000000000000000000000000000000000000000000
[12:10:58.868734] EP OUT 0x03 len=0 
[12:10:58.871294] EP IN  0x81 len=64 09fe200100007737845f288330000000000000000000000000000000000000000000000000000000000000000000000000000000000000000000000000000000
[12:10:58.872658] EP OUT 0x03 len=0 
[12:10:58.874486] EP OUT 0x03 len=0 
[12:10:58.876369] EP OUT 0x03 len=0 
[12:10:58.878227] EP OUT 0x03 len=0 
[12:10:58.879918] EP OUT 0x03 len=0 
[12:10:58.883396] EP IN  0x81 len=64 09ff200100007847845f288330000000000000000000000000000000000000000000000000000000000000000000000000000000000000000000000000000000
[12:10:58.884702] EP OUT 0x03 len=0 
[12:10:58.887359] EP IN  0x81 len=64 0902200100007847845f188330000000000000000000000000000000000000000000000000000000000000000000000000000000000000000000000000000000
[12:10:58.888832] EP OUT 0x03 len=0 
[12:10:58.891261] EP OUT 0x03 len=0 
[12:10:58.893173] EP OUT 0x03 len=0 
[12:10:58.895025] EP OUT 0x03 len=0 
[12:10:58.899308] EP IN  0x81 len=64 0903200100007837845f288330000000000000000000000000000000000000000000000000000000000000000000000000000000000000000000000000000000
[12:10:58.900609] EP OUT 0x03 len=0 
[12:10:58.903296] EP IN  0x81 len=64 0906200100007837845e288330000000000000000000000000000000000000000000000000000000000000000000000000000000000000000000000000000000
[12:10:58.904667] EP OUT 0x03 len=0 
[12:10:58.906296] EP OUT 0x03 len=0 
[12:10:58.908327] EP OUT 0x03 len=0 
[12:10:58.910340] EP OUT 0x03 len=0 
[12:10:58.912207] EP OUT 0x03 len=0 
[12:10:58.915311] EP IN  0x81 len=64 0907200100007837845f188330000000000000000000000000000000000000000000000000000000000000000000000000000000000000000000000000000000
[12:10:58.916563] EP OUT 0x03 len=0 
[12:10:58.919399] EP IN  0x81 len=64 090a200100007847845f288330000000000000000000000000000000000000000000000000000000000000000000000000000000000000000000000000000000
[12:10:58.920854] EP OUT 0x03 len=0 
[12:10:58.923343] EP OUT 0x03 len=0 
[12:10:58.925235] EP OUT 0x03 len=0 
[12:10:58.927067] EP OUT 0x03 len=0 
[12:10:58.931410] EP IN  0x81 len=64 090b200100007837845f288330000000000000000000000000000000000000000000000000000000000000000000000000000000000000000000000000000000
[12:10:58.932711] EP OUT 0x03 len=0 
[12:10:58.935389] EP IN  0x81 len=64 090e200100007837845f288330000000000000000000000000000000000000000000000000000000000000000000000000000000000000000000000000000000
[12:10:58.936827] EP OUT 0x03 len=0 
[12:10:58.938422] EP OUT 0x03 len=0 
[12:10:58.940353] EP OUT 0x03 len=0 
[12:10:58.942294] EP OUT 0x03 len=0 
[12:10:58.944306] EP OUT 0x03 len=0 
[12:10:58.947307] EP IN  0x81 len=64 090f200000007827845f388330000000000000000000000000000000000000000000000000000000000000000000000000000000000000000000000000000000
[12:10:58.948456] EP OUT 0x03 len=0 
[12:10:58.951406] EP IN  0x81 len=64 0912200000007847845f288330000000000000000000000000000000000000000000000000000000000000000000000000000000000000000000000000000000
[12:10:58.952917] EP OUT 0x03 len=0 
[12:10:58.955239] EP OUT 0x03 len=0 
[12:10:58.957217] EP OUT 0x03 len=0 
[12:10:58.959007] EP OUT 0x03 len=0 
[12:10:58.963317] EP IN  0x81 len=64 0913200000007847845f188330000000000000000000000000000000000000000000000000000000000000000000000000000000000000000000000000000000
[12:10:58.964600] EP OUT 0x03 len=0 
[12:10:58.967397] EP IN  0x81 len=64 0916200000007837845e288330000000000000000000000000000000000000000000000000000000000000000000000000000000000000000000000000000000
[12:10:58.968888] EP OUT 0x03 len=0 
[12:10:58.971265] EP OUT 0x03 len=0 
[12:10:58.973206] EP OUT 0x03 len=0 
[12:10:58.975310] EP OUT 0x03 len=0 
[12:10:58.979299] EP IN  0x81 len=64 0917200000007837845f288330000000000000000000000000000000000000000000000000000000000000000000000000000000000000000000000000000000
[12:10:58.980436] EP OUT 0x03 len=0 
[12:10:58.983345] EP IN  0x81 len=64 091a200000007837845f388330000000000000000000000000000000000000000000000000000000000000000000000000000000000000000000000000000000
[12:10:58.984820] EP OUT 0x03 len=0 
[12:10:58.987234] EP OUT 0x03 len=0 
[12:10:58.989101] EP OUT 0x03 len=0 
[12:10:58.990970] EP OUT 0x03 len=0 
[12:10:58.995314] EP IN  0x81 len=64 091b200000007837845f288330000000000000000000000000000000000000000000000000000000000000000000000000000000000000000000000000000000
[12:10:58.996586] EP OUT 0x03 len=0 
[12:10:58.999309] EP IN  0x81 len=64 091e200000007747845e288330000000000000000000000000000000000000000000000000000000000000000000000000000000000000000000000000000000
[12:10:59.000799] EP OUT 0x03 len=0 
[12:10:59.003258] EP OUT 0x03 len=0 
[12:10:59.005168] EP OUT 0x03 len=0 
[12:10:59.006993] EP OUT 0x03 len=0 
[12:10:59.011422] EP IN  0x81 len=64 091f200000007747845f288330000000000000000000000000000000000000000000000000000000000000000000000000000000000000000000000000000000
[12:10:59.012568] EP OUT 0x03 len=0 
[12:10:59.015308] EP IN  0x81 len=64 0922200000007847845f388330000000000000000000000000000000000000000000000000000000000000000000000000000000000000000000000000000000
[12:10:59.016845] EP OUT 0x03 len=0 
[12:10:59.019314] EP OUT 0x03 len=0 
[12:10:59.021148] EP OUT 0x03 len=0 
[12:10:59.023326] EP OUT 0x03 len=0 
[12:10:59.027319] EP IN  0x81 len=64 0923200000007837845f388330000000000000000000000000000000000000000000000000000000000000000000000000000000000000000000000000000000
[12:10:59.028582] EP OUT 0x03 len=0 
[12:10:59.031390] EP IN  0x81 len=64 0926200000007837845f288330000000000000000000000000000000000000000000000000000000000000000000000000000000000000000000000000000000
[12:10:59.032926] EP OUT 0x03 len=0 
[12:10:59.035266] EP OUT 0x03 len=0 
[12:10:59.037189] EP OUT 0x03 len=0 
[12:10:59.038980] EP OUT 0x03 len=0 
[12:10:59.043409] EP IN  0x81 len=64 0927200100007837845f388330000000000000000000000000000000000000000000000000000000000000000000000000000000000000000000000000000000
[12:10:59.044728] EP OUT 0x03 len=0 
[12:10:59.047297] EP IN  0x81 len=64 092a200100007847845f288330000000000000000000000000000000000000000000000000000000000000000000000000000000000000000000000000000000
[12:10:59.048702] EP OUT 0x03 len=0 
[12:10:59.050560] EP OUT 0x03 len=0 
[12:10:59.052547] EP OUT 0x03 len=0 
[12:10:59.054296] EP OUT 0x03 len=0 
[12:10:59.056216] EP OUT 0x03 len=0 
[12:10:59.059395] EP IN  0x81 len=64 092b200100007837845f288330000000000000000000000000000000000000000000000000000000000000000000000000000000000000000000000000000000
[12:10:59.060614] EP OUT 0x03 len=0 
[12:10:59.063314] EP IN  0x81 len=64 092e200100007737845f188330000000000000000000000000000000000000000000000000000000000000000000000000000000000000000000000000000000
[12:10:59.064792] EP OUT 0x03 len=0 
[12:10:59.067281] EP OUT 0x03 len=0 
[12:10:59.069253] EP OUT 0x03 len=0 
[12:10:59.070985] EP OUT 0x03 len=0 
[12:10:59.075315] EP IN  0x81 len=64 092f200100007837845f288330000000000000000000000000000000000000000000000000000000000000000000000000000000000000000000000000000000
[12:10:59.076536] EP OUT 0x03 len=0 
[12:10:59.079309] EP IN  0x81 len=64 0932200100007947845f288330000000000000000000000000000000000000000000000000000000000000000000000000000000000000000000000000000000
[12:10:59.080677] EP OUT 0x03 len=0 
[12:10:59.082291] EP OUT 0x03 len=0 
[12:10:59.084389] EP OUT 0x03 len=0 
[12:10:59.086340] EP OUT 0x03 len=0 
[12:10:59.088208] EP OUT 0x03 len=0 
[12:10:59.091389] EP IN  0x81 len=64 0933200100007747845f288330000000000000000000000000000000000000000000000000000000000000000000000000000000000000000000000000000000
[12:10:59.092619] EP OUT 0x03 len=0 
[12:10:59.095327] EP IN  0x81 len=64 0936200100007837845f288330000000000000000000000000000000000000000000000000000000000000000000000000000000000000000000000000000000
[12:10:59.096787] EP OUT 0x03 len=0 
[12:10:59.099227] EP OUT 0x03 len=0 
[12:10:59.101194] EP OUT 0x03 len=0 
[12:10:59.103011] EP OUT 0x03 len=0 
[12:10:59.107312] EP IN  0x81 len=64 0937200100007847845f288330000000000000000000000000000000000000000000000000000000000000000000000000000000000000000000000000000000
[12:10:59.108602] EP OUT 0x03 len=0 
[12:10:59.111389] EP IN  0x81 len=64 093a200100007847845e288330000000000000000000000000000000000000000000000000000000000000000000000000000000000000000000000000000000
[12:10:59.112890] EP OUT 0x03 len=0 
[12:10:59.115292] EP OUT 0x03 len=0 
[12:10:59.117100] EP OUT 0x03 len=0 
[12:10:59.119214] EP OUT 0x03 len=0 
[12:10:59.123383] EP IN  0x81 len=64 093b200100007747845f288330000000000000000000000000000000000000000000000000000000000000000000000000000000000000000000000000000000
[12:10:59.124548] EP OUT 0x03 len=0 
[12:10:59.127309] EP IN  0x81 len=64 093e200100007747845f188330000000000000000000000000000000000000000000000000000000000000000000000000000000000000000000000000000000
[12:10:59.128841] EP OUT 0x03 len=0 
[12:10:59.131268] EP OUT 0x03 len=0 
[12:10:59.133234] EP OUT 0x03 len=0 
[12:10:59.135052] EP OUT 0x03 len=0 
[12:10:59.139398] EP IN  0x81 len=64 093f200100007847845f288330000000000000000000000000000000000000000000000000000000000000000000000000000000000000000000000000000000
[12:10:59.140728] EP OUT 0x03 len=0 
[12:10:59.143397] EP IN  0x81 len=64 0942200100007847845f288330000000000000000000000000000000000000000000000000000000000000000000000000000000000000000000000000000000
[12:10:59.144899] EP OUT 0x03 len=0 
[12:10:59.147328] EP OUT 0x03 len=0 
[12:10:59.149284] EP OUT 0x03 len=0 
[12:10:59.151174] EP OUT 0x03 len=0 
[12:10:59.153053] EP OUT 0x03 len=0 
[12:10:59.155287] EP IN  0x81 len=64 0943200100007737845e288330000000000000000000000000000000000000000000000000000000000000000000000000000000000000000000000000000000
[12:10:59.156426] EP OUT 0x03 len=0 
[12:10:59.159393] EP IN  0x81 len=64 0946200000007837845e288330000000000000000000000000000000000000000000000000000000000000000000000000000000000000000000000000000000
[12:10:59.160864] EP OUT 0x03 len=0 
[12:10:59.163230] EP OUT 0x03 len=0 
[12:10:59.164994] EP OUT 0x03 len=0 
[12:10:59.167353] EP OUT 0x03 len=0 
[12:10:59.171304] EP IN  0x81 len=64 0947200000007847845f388330000000000000000000000000000000000000000000000000000000000000000000000000000000000000000000000000000000
[12:10:59.172491] EP OUT 0x03 len=0 
[12:10:59.175318] EP IN  0x81 len=64 094a200000007847845f288330000000000000000000000000000000000000000000000000000000000000000000000000000000000000000000000000000000
[12:10:59.176807] EP OUT 0x03 len=0 
[12:10:59.179238] EP OUT 0x03 len=0 
[12:10:59.181105] EP OUT 0x03 len=0 
[12:10:59.182977] EP OUT 0x03 len=0 
[12:10:59.187323] EP IN  0x81 len=64 094b200000007747845e388330000000000000000000000000000000000000000000000000000000000000000000000000000000000000000000000000000000
[12:10:59.188518] EP OUT 0x03 len=0 
[12:10:59.191298] EP IN  0x81 len=64 094e200000007847845f288330000000000000000000000000000000000000000000000000000000000000000000000000000000000000000000000000000000
[12:10:59.192682] EP OUT 0x03 len=0 
[12:10:59.194488] EP OUT 0x03 len=0 
[12:10:59.196391] EP OUT 0x03 len=0 
[12:10:59.198207] EP OUT 0x03 len=0 
[12:10:59.200314] EP OUT 0x03 len=0 
[12:10:59.203295] EP IN  0x81 len=64 094f200000007837845f288330000000000000000000000000000000000000000000000000000000000000000000000000000000000000000000000000000000
[12:10:59.204443] EP OUT 0x03 len=0 
[12:10:59.207300] EP IN  0x81 len=64 0952200000007847845e388330000000000000000000000000000000000000000000000000000000000000000000000000000000000000000000000000000000
[12:10:59.208829] EP OUT 0x03 len=0 
[12:10:59.211233] EP OUT 0x03 len=0 
[12:10:59.213175] EP OUT 0x03 len=0 
[12:10:59.215030] EP OUT 0x03 len=0 
[12:10:59.219388] EP IN  0x81 len=64 0953200000007737845f288330000000000000000000000000000000000000000000000000000000000000000000000000000000000000000000000000000000
[12:10:59.220605] EP OUT 0x03 len=0 
[12:10:59.223404] EP IN  0x81 len=64 0956200000007747845e288330000000000000000000000000000000000000000000000000000000000000000000000000000000000000000000000000000000
[12:10:59.224915] EP OUT 0x03 len=0 
[12:10:59.227306] EP OUT 0x03 len=0 
[12:10:59.229163] EP OUT 0x03 len=0 
[12:10:59.231289] EP OUT 0x03 len=0 
[12:10:59.235402] EP IN  0x81 len=64 0957200000007837845f288330000000000000000000000000000000000000000000000000000000000000000000000000000000000000000000000000000000
[12:10:59.236671] EP OUT 0x03 len=0 
[12:10:59.239388] EP IN  0x81 len=64 095a200000007847845e288330000000000000000000000000000000000000000000000000000000000000000000000000000000000000000000000000000000
[12:10:59.240723] EP OUT 0x03 len=0 
[12:10:59.242479] EP OUT 0x03 len=0 
[12:10:59.244461] EP OUT 0x03 len=0 
[12:10:59.246292] EP OUT 0x03 len=0 
[12:10:59.248179] EP OUT 0x03 len=0 
[12:10:59.250077] EP OUT 0x03 len=0 
[12:10:59.255315] EP IN  0x81 len=64 095b200000007847845e288330000000000000000000000000000000000000000000000000000000000000000000000000000000000000000000000000000000
[12:10:59.256607] EP OUT 0x03 len=0 
[12:10:59.259382] EP IN  0x81 len=64 095f200000007747845f388330000000000000000000000000000000000000000000000000000000000000000000000000000000000000000000000000000000
[12:10:59.260844] EP OUT 0x03 len=0 
[12:10:59.263200] EP OUT 0x03 len=0 
[12:10:59.266364] EP OUT 0x03 len=0 
[12:10:59.268346] EP OUT 0x03 len=0 
[12:10:59.271373] EP IN  0x81 len=64 0960200000007847845f388330000000000000000000000000000000000000000000000000000000000000000000000000000000000000000000000000000000
[12:10:59.272519] EP OUT 0x03 len=0 
[12:10:59.275377] EP IN  0x81 len=64 0963200000007837845e288330000000000000000000000000000000000000000000000000000000000000000000000000000000000000000000000000000000
[12:10:59.276807] EP OUT 0x03 len=0 
[12:10:59.279186] EP OUT 0x03 len=0 
[12:10:59.281084] EP OUT 0x03 len=0 
[12:10:59.282967] EP OUT 0x03 len=0 
[12:10:59.287296] EP IN  0x81 len=64 0964200000007737845f288330000000000000000000000000000000000000000000000000000000000000000000000000000000000000000000000000000000
[12:10:59.288448] EP OUT 0x03 len=0 
[12:10:59.291386] EP IN  0x81 len=64 09672000000078478460288330000000000000000000000000000000000000000000000000000000000000000000000000000000000000000000000000000000
[12:10:59.292718] EP OUT 0x03 len=0 
[12:10:59.294440] EP OUT 0x03 len=0 
[12:10:59.296331] EP OUT 0x03 len=0 
[12:10:59.298205] EP OUT 0x03 len=0 
[12:10:59.299891] EP OUT 0x03 len=0 
[12:10:59.303296] EP IN  0x81 len=64 0968200000007837845f288330000000000000000000000000000000000000000000000000000000000000000000000000000000000000000000000000000000
[12:10:59.304471] EP OUT 0x03 len=0 
[12:10:59.307302] EP IN  0x81 len=64 096b200000007747845f288330000000000000000000000000000000000000000000000000000000000000000000000000000000000000000000000000000000
[12:10:59.308764] EP OUT 0x03 len=0 
[12:10:59.310608] EP OUT 0x03 len=0 
[12:10:59.312577] EP OUT 0x03 len=0 
[12:10:59.314433] EP OUT 0x03 len=0 
[12:10:59.316377] EP OUT 0x03 len=0 
[12:10:59.319393] EP IN  0x81 len=64 096c200000007847845f388330000000000000000000000000000000000000000000000000000000000000000000000000000000000000000000000000000000
[12:10:59.320646] EP OUT 0x03 len=0 
[12:10:59.323380] EP IN  0x81 len=64 096f200000007737845f288330000000000000000000000000000000000000000000000000000000000000000000000000000000000000000000000000000000
[12:10:59.324844] EP OUT 0x03 len=0 
[12:10:59.327339] EP OUT 0x03 len=0 
[12:10:59.329300] EP OUT 0x03 len=0 
[12:10:59.331192] EP OUT 0x03 len=0 
[12:10:59.333079] EP OUT 0x03 len=0 
[12:10:59.339644] EP OUT 0x03 len=0 
[12:10:59.343409] EP IN  0x81 len=64 0970200000007837845f288330000000000000000000000000000000000000000000000000000000000000000000000000000000000000000000000000000000
[12:10:59.344718] EP OUT 0x03 len=0 
[12:10:59.347376] EP IN  0x81 len=64 0975200000007837845f288330000000000000000000000000000000000000000000000000000000000000000000000000000000000000000000000000000000
[12:10:59.348705] EP OUT 0x03 len=0 
[12:10:59.350494] EP OUT 0x03 len=0 
[12:10:59.352463] EP OUT 0x03 len=0 
[12:10:59.354290] EP OUT 0x03 len=0 
[12:10:59.356077] EP OUT 0x03 len=0 
[12:10:59.359379] EP IN  0x81 len=64 0976200000007847845e388330000000000000000000000000000000000000000000000000000000000000000000000000000000000000000000000000000000
[12:10:59.360632] EP OUT 0x03 len=0 
[12:10:59.363313] EP IN  0x81 len=64 0979200000007837845e288330000000000000000000000000000000000000000000000000000000000000000000000000000000000000000000000000000000
[12:10:59.364804] EP OUT 0x03 len=0 
[12:10:59.367316] EP OUT 0x03 len=0 
[12:10:59.369313] EP OUT 0x03 len=0 
[12:10:59.371120] EP OUT 0x03 len=0 
[12:10:59.372975] EP OUT 0x03 len=0 
[12:10:59.375296] EP IN  0x81 len=64 097a200000007837845e388330000000000000000000000000000000000000000000000000000000000000000000000000000000000000000000000000000000
[12:10:59.376419] EP OUT 0x03 len=0 
[12:10:59.379308] EP IN  0x81 len=64 097d200000007837845f288330000000000000000000000000000000000000000000000000000000000000000000000000000000000000000000000000000000
[12:10:59.380698] EP OUT 0x03 len=0 
[12:10:59.382371] EP OUT 0x03 len=0 
[12:10:59.384395] EP OUT 0x03 len=0 
[12:10:59.386367] EP OUT 0x03 len=0 
[12:10:59.388233] EP OUT 0x03 len=0 
[12:10:59.391388] EP IN  0x81 len=64 097e200000007847845f288330000000000000000000000000000000000000000000000000000000000000000000000000000000000000000000000000000000
[12:10:59.392679] EP OUT 0x03 len=0 
[12:10:59.395298] EP IN  0x81 len=64 0981200000007847845f288330000000000000000000000000000000000000000000000000000000000000000000000000000000000000000000000000000000
[12:10:59.396713] EP OUT 0x03 len=0 
[12:10:59.398403] EP OUT 0x03 len=0 
[12:10:59.400251] EP OUT 0x03 len=0 
[12:10:59.401923] EP OUT 0x03 len=0 
[12:10:59.404228] EP OUT 0x03 len=0 
[12:10:59.407378] EP IN  0x81 len=64 0982200000007847845e288330000000000000000000000000000000000000000000000000000000000000000000000000000000000000000000000000000000
[12:10:59.408551] EP OUT 0x03 len=0 
[12:10:59.411386] EP IN  0x81 len=64 0985200000007747845f288330000000000000000000000000000000000000000000000000000000000000000000000000000000000000000000000000000000
[12:10:59.412702] EP OUT 0x03 len=0 
[12:10:59.414329] EP OUT 0x03 len=0 
[12:10:59.416295] EP OUT 0x03 len=0 
[12:10:59.418218] EP OUT 0x03 len=0 
[12:10:59.420208] EP OUT 0x03 len=0 
[12:10:59.423291] EP IN  0x81 len=64 09862000000079378460288330000000000000000000000000000000000000000000000000000000000000000000000000000000000000000000000000000000
[12:10:59.424425] EP OUT 0x03 len=0 
[12:10:59.427332] EP IN  0x81 len=64 09892000000078378460288330000000000000000000000000000000000000000000000000000000000000000000000000000000000000000000000000000000
[12:10:59.428664] EP OUT 0x03 len=0 
[12:10:59.430298] EP OUT 0x03 len=0 
[12:10:59.432292] EP OUT 0x03 len=0 
[12:10:59.434202] EP OUT 0x03 len=0 
[12:10:59.436206] EP OUT 0x03 len=0 
[12:10:59.439344] EP IN  0x81 len=64 098a200000007847845f288330000000000000000000000000000000000000000000000000000000000000000000000000000000000000000000000000000000
[12:10:59.440493] EP OUT 0x03 len=0 
[12:10:59.443316] EP IN  0x81 len=64 098d200000007737845f288330000000000000000000000000000000000000000000000000000000000000000000000000000000000000000000000000000000
[12:10:59.444663] EP OUT 0x03 len=0 
[12:10:59.446290] EP OUT 0x03 len=0 
[12:10:59.448226] EP OUT 0x03 len=0 
[12:10:59.449907] EP OUT 0x03 len=0 
[12:10:59.452193] EP OUT 0x03 len=0 
[12:10:59.455302] EP IN  0x81 len=64 098e200000007847845f288330000000000000000000000000000000000000000000000000000000000000000000000000000000000000000000000000000000
[12:10:59.456450] EP OUT 0x03 len=0 
[12:10:59.459305] EP IN  0x81 len=64 09912000000078378460288330000000000000000000000000000000000000000000000000000000000000000000000000000000000000000000000000000000
[12:10:59.460668] EP OUT 0x03 len=0 
[12:10:59.462293] EP OUT 0x03 len=0 
[12:10:59.464239] EP OUT 0x03 len=0 
[12:10:59.466397] EP OUT 0x03 len=0 
[12:10:59.468174] EP OUT 0x03 len=0 
[12:10:59.471303] EP IN  0x81 len=64 0992200000007837845f288330000000000000000000000000000000000000000000000000000000000000000000000000000000000000000000000000000000
[12:10:59.472416] EP OUT 0x03 len=0 
[12:10:59.475290] EP IN  0x81 len=64 0995200000007847845f388330000000000000000000000000000000000000000000000000000000000000000000000000000000000000000000000000000000
[12:10:59.476624] EP OUT 0x03 len=0 
[12:10:59.478256] EP OUT 0x03 len=0 
[12:10:59.480229] EP OUT 0x03 len=0 
[12:10:59.481907] EP OUT 0x03 len=0 
[12:10:59.484179] EP OUT 0x03 len=0 
[12:10:59.487338] EP IN  0x81 len=64 0996200000007837845f288330000000000000000000000000000000000000000000000000000000000000000000000000000000000000000000000000000000
[12:10:59.488541] EP OUT 0x03 len=0 
[12:10:59.491297] EP IN  0x81 len=64 09992000000078378460288330000000000000000000000000000000000000000000000000000000000000000000000000000000000000000000000000000000
[12:10:59.492674] EP OUT 0x03 len=0 
[12:10:59.494335] EP OUT 0x03 len=0 
[12:10:59.496228] EP OUT 0x03 len=0 
[12:10:59.498377] EP OUT 0x03 len=0 
[12:10:59.500208] EP OUT 0x03 len=0 
[12:10:59.503310] EP IN  0x81 len=64 099a200000007947845f288330000000000000000000000000000000000000000000000000000000000000000000000000000000000000000000000000000000
[12:10:59.504470] EP OUT 0x03 len=0 
[12:10:59.507300] EP IN  0x81 len=64 099d200000007847845f288330000000000000000000000000000000000000000000000000000000000000000000000000000000000000000000000000000000
[12:10:59.508680] EP OUT 0x03 len=0 
[12:10:59.510351] EP OUT 0x03 len=0 
[12:10:59.512265] EP OUT 0x03 len=0 
[12:10:59.513938] EP OUT 0x03 len=0 
[12:10:59.516199] EP OUT 0x03 len=0 
[12:10:59.519408] EP IN  0x81 len=64 099e200000007847845e288330000000000000000000000000000000000000000000000000000000000000000000000000000000000000000000000000000000
[12:10:59.520563] EP OUT 0x03 len=0 
[12:10:59.523299] EP IN  0x81 len=64 09a1200000007747845f288330000000000000000000000000000000000000000000000000000000000000000000000000000000000000000000000000000000
[12:10:59.524711] EP OUT 0x03 len=0 
[12:10:59.526388] EP OUT 0x03 len=0 
[12:10:59.528243] EP OUT 0x03 len=0 
[12:10:59.530416] EP OUT 0x03 len=0 
[12:10:59.532154] EP OUT 0x03 len=0 
[12:10:59.535305] EP IN  0x81 len=64 09a2200000007747845f288330000000000000000000000000000000000000000000000000000000000000000000000000000000000000000000000000000000
[12:10:59.536480] EP OUT 0x03 len=0 
[12:10:59.539308] EP IN  0x81 len=64 09a5200000007747845f288330000000000000000000000000000000000000000000000000000000000000000000000000000000000000000000000000000000
[12:10:59.540730] EP OUT 0x03 len=0 
[12:10:59.542429] EP OUT 0x03 len=0 
[12:10:59.544298] EP OUT 0x03 len=0 
[12:10:59.545968] EP OUT 0x03 len=0 
[12:10:59.548251] EP OUT 0x03 len=0 
[12:10:59.551393] EP IN  0x81 len=64 09a6200000007737845f188330000000000000000000000000000000000000000000000000000000000000000000000000000000000000000000000000000000
[12:10:59.552564] EP OUT 0x03 len=0 
[12:10:59.555317] EP IN  0x81 len=64 09a9200000007847845f288330000000000000000000000000000000000000000000000000000000000000000000000000000000000000000000000000000000
[12:10:59.556741] EP OUT 0x03 len=0 
[12:10:59.558406] EP OUT 0x03 len=0 
[12:10:59.560208] EP OUT 0x03 len=0 
[12:10:59.562381] EP OUT 0x03 len=0 
[12:10:59.564196] EP OUT 0x03 len=0 
[12:10:59.567396] EP IN  0x81 len=64 09aa200000007837845f288330000000000000000000000000000000000000000000000000000000000000000000000000000000000000000000000000000000
[12:10:59.568592] EP OUT 0x03 len=0 
[12:10:59.571325] EP IN  0x81 len=64 09ad200000007847845f288330000000000000000000000000000000000000000000000000000000000000000000000000000000000000000000000000000000
[12:10:59.572746] EP OUT 0x03 len=0 
[12:10:59.574424] EP OUT 0x03 len=0 
[12:10:59.576266] EP OUT 0x03 len=0 
[12:10:59.577924] EP OUT 0x03 len=0 
[12:10:59.580224] EP OUT 0x03 len=0 
[12:10:59.583383] EP IN  0x81 len=64 09ae200000007837845f288330000000000000000000000000000000000000000000000000000000000000000000000000000000000000000000000000000000
[12:10:59.584536] EP OUT 0x03 len=0 
[12:10:59.587304] EP IN  0x81 len=64 09b1200000007837845f288330000000000000000000000000000000000000000000000000000000000000000000000000000000000000000000000000000000
[12:10:59.588728] EP OUT 0x03 len=0 
[12:10:59.590395] EP OUT 0x03 len=0 
[12:10:59.592249] EP OUT 0x03 len=0 
[12:10:59.593925] EP OUT 0x03 len=0 
[12:10:59.596195] EP OUT 0x03 len=0 
[12:10:59.599296] EP IN  0x81 len=64 09b2200000007837845e288330000000000000000000000000000000000000000000000000000000000000000000000000000000000000000000000000000000
[12:10:59.600445] EP OUT 0x03 len=0 
[12:10:59.603300] EP IN  0x81 len=64 09b5200000007837845f288330000000000000000000000000000000000000000000000000000000000000000000000000000000000000000000000000000000
[12:10:59.604692] EP OUT 0x03 len=0 
[12:10:59.606341] EP OUT 0x03 len=0 
[12:10:59.608262] EP OUT 0x03 len=0 
[12:10:59.609939] EP OUT 0x03 len=0 
[12:10:59.612233] EP OUT 0x03 len=0 
[12:10:59.615315] EP IN  0x81 len=64 09b6200000007737845f288330000000000000000000000000000000000000000000000000000000000000000000000000000000000000000000000000000000
[12:10:59.616489] EP OUT 0x03 len=0 
[12:10:59.619410] EP IN  0x81 len=64 09b9200000007747845f288330000000000000000000000000000000000000000000000000000000000000000000000000000000000000000000000000000000
[12:10:59.620727] EP OUT 0x03 len=0 
[12:10:59.622396] EP OUT 0x03 len=0 
[12:10:59.624245] EP OUT 0x03 len=0 
[12:10:59.625949] EP OUT 0x03 len=0 
[12:10:59.628272] EP OUT 0x03 len=0 
[12:10:59.631300] EP IN  0x81 len=64 09ba200000007847845f288330000000000000000000000000000000000000000000000000000000000000000000000000000000000000000000000000000000
[12:10:59.632418] EP OUT 0x03 len=0 
[12:10:59.635321] EP IN  0x81 len=64 09bd200000007737845f288330000000000000000000000000000000000000000000000000000000000000000000000000000000000000000000000000000000
[12:10:59.636755] EP OUT 0x03 len=0 
[12:10:59.638416] EP OUT 0x03 len=0 
[12:10:59.640231] EP OUT 0x03 len=0 
[12:10:59.641896] EP OUT 0x03 len=0 
[12:10:59.644179] EP OUT 0x03 len=0 
[12:10:59.647306] EP IN  0x81 len=64 09be200000007837845e288330000000000000000000000000000000000000000000000000000000000000000000000000000000000000000000000000000000
[12:10:59.648474] EP OUT 0x03 len=0 
[12:10:59.651296] EP IN  0x81 len=64 09c1200000007847845f288330000000000000000000000000000000000000000000000000000000000000000000000000000000000000000000000000000000
[12:10:59.652693] EP OUT 0x03 len=0 
[12:10:59.654358] EP OUT 0x03 len=0 
[12:10:59.656401] EP OUT 0x03 len=0 
[12:10:59.658327] EP OUT 0x03 len=0 
[12:10:59.660242] EP OUT 0x03 len=0 
[12:10:59.663309] EP IN  0x81 len=64 09c2200000007837845f288330000000000000000000000000000000000000000000000000000000000000000000000000000000000000000000000000000000
[12:10:59.664557] EP OUT 0x03 len=0 
[12:10:59.667295] EP IN  0x81 len=64 09c5200000007737845f288330000000000000000000000000000000000000000000000000000000000000000000000000000000000000000000000000000000
[12:10:59.668676] EP OUT 0x03 len=0 
[12:10:59.670437] EP OUT 0x03 len=0 
[12:10:59.672241] EP OUT 0x03 len=0 
[12:10:59.673914] EP OUT 0x03 len=0 
[12:10:59.676391] EP OUT 0x03 len=0 
[12:10:59.679310] EP IN  0x81 len=64 09c6200000007847845e188330000000000000000000000000000000000000000000000000000000000000000000000000000000000000000000000000000000
[12:10:59.680504] EP OUT 0x03 len=0 
[12:10:59.683318] EP IN  0x81 len=64 09c9200000007837845f288330000000000000000000000000000000000000000000000000000000000000000000000000000000000000000000000000000000
[12:10:59.684855] EP OUT 0x03 len=0 
[12:10:59.687189] EP OUT 0x03 len=0 
[12:10:59.689044] EP OUT 0x03 len=0 
[12:10:59.691455] EP OUT 0x03 len=0 
[12:10:59.695321] EP IN  0x81 len=64 09ca200000007847845f288330000000000000000000000000000000000000000000000000000000000000000000000000000000000000000000000000000000
[12:10:59.696589] EP OUT 0x03 len=0 
[12:10:59.699307] EP IN  0x81 len=64 09cd200000007847845f288330000000000000000000000000000000000000000000000000000000000000000000000000000000000000000000000000000000
[12:10:59.700852] EP OUT 0x03 len=0 
[12:10:59.703280] EP OUT 0x03 len=0 
[12:10:59.704994] EP OUT 0x03 len=0 
[12:10:59.707247] EP OUT 0x03 len=0 
[12:10:59.711381] EP IN  0x81 len=64 09ce200000007847845e288330000000000000000000000000000000000000000000000000000000000000000000000000000000000000000000000000000000
[12:10:59.712564] EP OUT 0x03 len=0 
[12:10:59.715291] EP IN  0x81 len=64 09d1200000007947845f288330000000000000000000000000000000000000000000000000000000000000000000000000000000000000000000000000000000
[12:10:59.716733] EP OUT 0x03 len=0 
[12:10:59.718587] EP OUT 0x03 len=0 
[12:10:59.720490] EP OUT 0x03 len=0 
[12:10:59.722333] EP OUT 0x03 len=0 
[12:10:59.724219] EP OUT 0x03 len=0 
[12:10:59.727407] EP IN  0x81 len=64 09d2200000007747845f288330000000000000000000000000000000000000000000000000000000000000000000000000000000000000000000000000000000
[12:10:59.728705] EP OUT 0x03 len=0 
[12:10:59.731378] EP IN  0x81 len=64 09d5200000007847845f288330000000000000000000000000000000000000000000000000000000000000000000000000000000000000000000000000000000
[12:10:59.732874] EP OUT 0x03 len=0 
[12:10:59.735311] EP OUT 0x03 len=0 
[12:10:59.737185] EP OUT 0x03 len=0 
[12:10:59.739536] EP OUT 0x03 len=0 
[12:10:59.741292] EP OUT 0x03 len=0 
[12:10:59.747791] EP OUT 0x03 len=0 
[12:10:59.751415] EP IN  0x81 len=64 09d6200000007847845f288330000000000000000000000000000000000000000000000000000000000000000000000000000000000000000000000000000000
[12:10:59.752722] EP OUT 0x03 len=0 
[12:10:59.755416] EP IN  0x81 len=64 09db200000007837845f388330000000000000000000000000000000000000000000000000000000000000000000000000000000000000000000000000000000
[12:10:59.756842] EP OUT 0x03 len=0 
[12:10:59.759233] EP OUT 0x03 len=0 
[12:10:59.761166] EP OUT 0x03 len=0 
[12:10:59.763000] EP OUT 0x03 len=0 
[12:10:59.767409] EP IN  0x81 len=64 09dc200000007837845f288330000000000000000000000000000000000000000000000000000000000000000000000000000000000000000000000000000000
[12:10:59.768736] EP OUT 0x03 len=0 
[12:10:59.771404] EP IN  0x81 len=64 09df200000007847845f288330000000000000000000000000000000000000000000000000000000000000000000000000000000000000000000000000000000
[12:10:59.772903] EP OUT 0x03 len=0 
[12:10:59.775256] EP OUT 0x03 len=0 
[12:10:59.777210] EP OUT 0x03 len=0 
[12:10:59.779002] EP OUT 0x03 len=0 
[12:10:59.783331] EP IN  0x81 len=64 09e0200000007837845f288330000000000000000000000000000000000000000000000000000000000000000000000000000000000000000000000000000000
[12:10:59.784613] EP OUT 0x03 len=0 
[12:10:59.787294] EP IN  0x81 len=64 09e3200000007847845f288330000000000000000000000000000000000000000000000000000000000000000000000000000000000000000000000000000000
[12:10:59.788698] EP OUT 0x03 len=0 
[12:10:59.790343] EP OUT 0x03 len=0 
[12:10:59.792314] EP OUT 0x03 len=0 
[12:10:59.794302] EP OUT 0x03 len=0 
[12:10:59.796273] EP OUT 0x03 len=0 
[12:10:59.799316] EP IN  0x81 len=64 09e4200000007837845f288330000000000000000000000000000000000000000000000000000000000000000000000000000000000000000000000000000000
[12:10:59.800635] EP OUT 0x03 len=0 
[12:10:59.803307] EP IN  0x81 len=64 09e72000000078478460388330000000000000000000000000000000000000000000000000000000000000000000000000000000000000000000000000000000
[12:10:59.804803] EP OUT 0x03 len=0 
[12:10:59.806648] EP OUT 0x03 len=0 
[12:10:59.808595] EP OUT 0x03 len=0 
[12:10:59.810445] EP OUT 0x03 len=0 
[12:10:59.812406] EP OUT 0x03 len=0 
[12:10:59.815290] EP IN  0x81 len=64 09e8200000007737845f288330000000000000000000000000000000000000000000000000000000000000000000000000000000000000000000000000000000
[12:10:59.816568] EP OUT 0x03 len=0 
[12:10:59.819415] EP IN  0x81 len=64 09eb200000007837845f288330000000000000000000000000000000000000000000000000000000000000000000000000000000000000000000000000000000
[12:10:59.820810] EP OUT 0x03 len=0 
[12:10:59.822461] EP OUT 0x03 len=0 
[12:10:59.824336] EP OUT 0x03 len=0 
[12:10:59.826239] EP OUT 0x03 len=0 
[12:10:59.828306] EP OUT 0x03 len=0 
[12:10:59.831398] EP IN  0x81 len=64 09ec200000007737845e188330000000000000000000000000000000000000000000000000000000000000000000000000000000000000000000000000000000
[12:10:59.832731] EP OUT 0x03 len=0 
[12:10:59.835310] EP IN  0x81 len=64 09ef200000007847845f288330000000000000000000000000000000000000000000000000000000000000000000000000000000000000000000000000000000
[12:10:59.836847] EP OUT 0x03 len=0 
[12:10:59.839312] EP OUT 0x03 len=0 
[12:10:59.841265] EP OUT 0x03 len=0 
[12:10:59.843061] EP OUT 0x03 len=0 
[12:10:59.847425] EP IN  0x81 len=64 09f0200000007837845f188330000000000000000000000000000000000000000000000000000000000000000000000000000000000000000000000000000000
[12:10:59.848739] EP OUT 0x03 len=0 
[12:10:59.851295] EP IN  0x81 len=64 09f3200000007837845f288330000000000000000000000000000000000000000000000000000000000000000000000000000000000000000000000000000000
[12:10:59.852818] EP OUT 0x03 len=0 
[12:10:59.855167] EP OUT 0x03 len=0 
[12:10:59.858461] EP OUT 0x03 len=0 
[12:10:59.860341] EP OUT 0x03 len=0 
[12:10:59.863310] EP IN  0x81 len=64 09f4200000007847845f388330000000000000000000000000000000000000000000000000000000000000000000000000000000000000000000000000000000
[12:10:59.864620] EP OUT 0x03 len=0 
[12:10:59.867401] EP IN  0x81 len=64 09f7200000007847845f288330000000000000000000000000000000000000000000000000000000000000000000000000000000000000000000000000000000
[12:10:59.868899] EP OUT 0x03 len=0 
[12:10:59.871217] EP OUT 0x03 len=0 
[12:10:59.873149] EP OUT 0x03 len=0 
[12:10:59.874992] EP OUT 0x03 len=0 
[12:10:59.879310] EP IN  0x81 len=64 09f8200000007837845f388330000000000000000000000000000000000000000000000000000000000000000000000000000000000000000000000000000000
[12:10:59.880559] EP OUT 0x03 len=0 
[12:10:59.883384] EP IN  0x81 len=64 09fb2000000078478460288330000000000000000000000000000000000000000000000000000000000000000000000000000000000000000000000000000000
[12:10:59.884868] EP OUT 0x03 len=0 
[12:10:59.887247] EP OUT 0x03 len=0 
[12:10:59.890388] EP OUT 0x03 len=0 
[12:10:59.892313] EP OUT 0x03 len=0 
[12:10:59.895313] EP IN  0x81 len=64 09fc200000007837845f288330000000000000000000000000000000000000000000000000000000000000000000000000000000000000000000000000000000
[12:10:59.896460] EP OUT 0x03 len=0 
[12:10:59.899307] EP IN  0x81 len=64 09ff200000007837845f288330000000000000000000000000000000000000000000000000000000000000000000000000000000000000000000000000000000
[12:10:59.900897] EP OUT 0x03 len=0 
[12:10:59.903228] EP OUT 0x03 len=0 
[12:10:59.905064] EP OUT 0x03 len=0 
[12:10:59.907465] EP OUT 0x03 len=0 
[12:10:59.911414] EP IN  0x81 len=64 0900200000007837845f288330000000000000000000000000000000000000000000000000000000000000000000000000000000000000000000000000000000
[12:10:59.912701] EP OUT 0x03 len=0 
[12:10:59.915399] EP IN  0x81 len=64 0903200000007837845f388330000000000000000000000000000000000000000000000000000000000000000000000000000000000000000000000000000000
[12:10:59.916871] EP OUT 0x03 len=0 
[12:10:59.919299] EP OUT 0x03 len=0 
[12:10:59.921073] EP OUT 0x03 len=0 
[12:10:59.923275] EP OUT 0x03 len=0 
[12:10:59.927400] EP IN  0x81 len=64 0904200000007837845f388330000000000000000000000000000000000000000000000000000000000000000000000000000000000000000000000000000000
[12:10:59.928663] EP OUT 0x03 len=0 
[12:10:59.931379] EP IN  0x81 len=64 0907200000007837845f288330000000000000000000000000000000000000000000000000000000000000000000000000000000000000000000000000000000
[12:10:59.932740] EP OUT 0x03 len=0 
[12:10:59.934610] EP OUT 0x03 len=0 
[12:10:59.936532] EP OUT 0x03 len=0 
[12:10:59.938253] EP OUT 0x03 len=0 
[12:10:59.940323] EP OUT 0x03 len=0 
[12:10:59.943398] EP IN  0x81 len=64 0908200000007847845f288330000000000000000000000000000000000000000000000000000000000000000000000000000000000000000000000000000000
[12:10:59.944713] EP OUT 0x03 len=0 
[12:10:59.947304] EP IN  0x81 len=64 090b200000007847845f388330000000000000000000000000000000000000000000000000000000000000000000000000000000000000000000000000000000
[12:10:59.948859] EP OUT 0x03 len=0 
[12:10:59.951296] EP OUT 0x03 len=0 
[12:10:59.953267] EP OUT 0x03 len=0 
[12:10:59.955087] EP OUT 0x03 len=0 
[12:10:59.959286] EP IN  0x81 len=64 090c200000007937845f288330000000000000000000000000000000000000000000000000000000000000000000000000000000000000000000000000000000
[12:10:59.960460] EP OUT 0x03 len=0 
[12:10:59.963299] EP IN  0x81 len=64 090f200000007847845f288330000000000000000000000000000000000000000000000000000000000000000000000000000000000000000000000000000000
[12:10:59.964686] EP OUT 0x03 len=0 
[12:10:59.966407] EP OUT 0x03 len=0 
[12:10:59.968468] EP OUT 0x03 len=0 
[12:10:59.970320] EP OUT 0x03 len=0 
[12:10:59.972311] EP OUT 0x03 len=0 
[12:10:59.975367] EP IN  0x81 len=64 0910200000007837845e288330000000000000000000000000000000000000000000000000000000000000000000000000000000000000000000000000000000
[12:10:59.976644] EP OUT 0x03 len=0 
[12:10:59.979400] EP IN  0x81 len=64 0913200000007837845f288330000000000000000000000000000000000000000000000000000000000000000000000000000000000000000000000000000000
[12:10:59.980862] EP OUT 0x03 len=0 
[12:10:59.983317] EP OUT 0x03 len=0 
[12:10:59.985272] EP OUT 0x03 len=0 
[12:10:59.987065] EP OUT 0x03 len=0 
[12:10:59.991370] EP IN  0x81 len=64 0914200000007737845f388330000000000000000000000000000000000000000000000000000000000000000000000000000000000000000000000000000000
[12:10:59.992606] EP OUT 0x03 len=0 
[12:10:59.995294] EP IN  0x81 len=64 0917200000007947845e188330000000000000000000000000000000000000000000000000000000000000000000000000000000000000000000000000000000
[12:10:59.996654] EP OUT 0x03 len=0 
[12:10:59.998275] EP OUT 0x03 len=0 
[12:11:00.000358] EP OUT 0x03 len=0 
[12:11:00.002231] EP OUT 0x03 len=0 
[12:11:00.004149] EP OUT 0x03 len=0 
[12:11:00.007299] EP IN  0x81 len=64 0918200000007857845e288330000000000000000000000000000000000000000000000000000000000000000000000000000000000000000000000000000000
[12:11:00.008515] EP OUT 0x03 len=0 
[12:11:00.011403] EP IN  0x81 len=64 091b2000000078478460288330000000000000000000000000000000000000000000000000000000000000000000000000000000000000000000000000000000
[12:11:00.012794] EP OUT 0x03 len=0 
[12:11:00.014649] EP OUT 0x03 len=0 
[12:11:00.016620] EP OUT 0x03 len=0 
[12:11:00.018535] EP OUT 0x03 len=0 
[12:11:00.020346] EP OUT 0x03 len=0 
[12:11:00.023407] EP IN  0x81 len=64 091c200000007737845f388330000000000000000000000000000000000000000000000000000000000000000000000000000000000000000000000000000000
[12:11:00.024712] EP OUT 0x03 len=0 
[12:11:00.027316] EP IN  0x81 len=64 091f200000007747845f388330000000000000000000000000000000000000000000000000000000000000000000000000000000000000000000000000000000
[12:11:00.028806] EP OUT 0x03 len=0 
[12:11:00.030602] EP OUT 0x03 len=0 
[12:11:00.032470] EP OUT 0x03 len=0 
[12:11:00.034140] EP OUT 0x03 len=0 
[12:11:00.036286] EP OUT 0x03 len=0 
[12:11:00.039381] EP IN  0x81 len=64 0920200000007847845e288330000000000000000000000000000000000000000000000000000000000000000000000000000000000000000000000000000000
[12:11:00.040588] EP OUT 0x03 len=0 
[12:11:00.043375] EP IN  0x81 len=64 0923200000007837845f288330000000000000000000000000000000000000000000000000000000000000000000000000000000000000000000000000000000
[12:11:00.044863] EP OUT 0x03 len=0 
[12:11:00.047290] EP OUT 0x03 len=0 
[12:11:00.049272] EP OUT 0x03 len=0 
[12:11:00.051140] EP OUT 0x03 len=0 
[12:11:00.053049] EP OUT 0x03 len=0 
[12:11:00.055297] EP IN  0x81 len=64 0924200000007837845f188330000000000000000000000000000000000000000000000000000000000000000000000000000000000000000000000000000000
[12:11:00.056586] EP OUT 0x03 len=0 
[12:11:00.059389] EP IN  0x81 len=64 0927200000007847845f188330000000000000000000000000000000000000000000000000000000000000000000000000000000000000000000000000000000
[12:11:00.060882] EP OUT 0x03 len=0 
[12:11:00.063268] EP OUT 0x03 len=0 
[12:11:00.065212] EP OUT 0x03 len=0 
[12:11:00.067102] EP OUT 0x03 len=0 
[12:11:00.068996] EP OUT 0x03 len=0 
[12:11:00.071289] EP IN  0x81 len=64 0928200000007837845e288330000000000000000000000000000000000000000000000000000000000000000000000000000000000000000000000000000000
[12:11:00.072402] EP OUT 0x03 len=0 
[12:11:00.075388] EP IN  0x81 len=64 092b200000007847845f288330000000000000000000000000000000000000000000000000000000000000000000000000000000000000000000000000000000
[12:11:00.076805] EP OUT 0x03 len=0 
[12:11:00.079228] EP OUT 0x03 len=0 
[12:11:00.082412] EP OUT 0x03 len=0 
[12:11:00.084393] EP OUT 0x03 len=0 
[12:11:00.087370] EP IN  0x81 len=64 092c200000007847845f288330000000000000000000000000000000000000000000000000000000000000000000000000000000000000000000000000000000
[12:11:00.088637] EP OUT 0x03 len=0 
[12:11:00.091372] EP IN  0x81 len=64 092f200000007837845f288330000000000000000000000000000000000000000000000000000000000000000000000000000000000000000000000000000000
[12:11:00.092806] EP OUT 0x03 len=0 
[12:11:00.095231] EP OUT 0x03 len=0 
[12:11:00.097172] EP OUT 0x03 len=0 
[12:11:00.099049] EP OUT 0x03 len=0 
[12:11:00.103297] EP IN  0x81 len=64 0930200000007847845f288330000000000000000000000000000000000000000000000000000000000000000000000000000000000000000000000000000000
[12:11:00.104422] EP OUT 0x03 len=0 
[12:11:00.107316] EP IN  0x81 len=64 0933200000007837845f288330000000000000000000000000000000000000000000000000000000000000000000000000000000000000000000000000000000
[12:11:00.108787] EP OUT 0x03 len=0 
[12:11:00.110627] EP OUT 0x03 len=0 
[12:11:00.112532] EP OUT 0x03 len=0 
[12:11:00.114257] EP OUT 0x03 len=0 
[12:11:00.116265] EP OUT 0x03 len=0 
[12:11:00.119413] EP IN  0x81 len=64 0934200000007837845f288330000000000000000000000000000000000000000000000000000000000000000000000000000000000000000000000000000000
[12:11:00.120708] EP OUT 0x03 len=0 
[12:11:00.123407] EP IN  0x81 len=64 0937200000007837845f288330000000000000000000000000000000000000000000000000000000000000000000000000000000000000000000000000000000
[12:11:00.124856] EP OUT 0x03 len=0 
[12:11:00.127307] EP OUT 0x03 len=0 
[12:11:00.129214] EP OUT 0x03 len=0 
[12:11:00.131085] EP OUT 0x03 len=0 
[12:11:00.132958] EP OUT 0x03 len=0 
[12:11:00.135396] EP IN  0x81 len=64 09382000000078378460288330000000000000000000000000000000000000000000000000000000000000000000000000000000000000000000000000000000
[12:11:00.136657] EP OUT 0x03 len=0 
[12:11:00.139397] EP IN  0x81 len=64 093b200000007747845f188330000000000000000000000000000000000000000000000000000000000000000000000000000000000000000000000000000000
[12:11:00.140748] EP OUT 0x03 len=0 
[12:11:00.142387] EP OUT 0x03 len=0 
[12:11:00.144359] EP OUT 0x03 len=0 
[12:11:00.146117] EP OUT 0x03 len=0 
[12:11:00.148297] EP OUT 0x03 len=0 
[12:11:00.151405] EP IN  0x81 len=64 093c2000000077478460288330000000000000000000000000000000000000000000000000000000000000000000000000000000000000000000000000000000
[12:11:00.152731] EP OUT 0x03 len=0 
[12:11:00.155431] EP IN  0x81 len=64 093f200000007847845f288330000000000000000000000000000000000000000000000000000000000000000000000000000000000000000000000000000000
[12:11:00.156840] EP OUT 0x03 len=0 
[12:11:00.159211] EP OUT 0x03 len=0 
[12:11:00.161164] EP OUT 0x03 len=0 
[12:11:00.162991] EP OUT 0x03 len=0 
[12:11:00.167388] EP IN  0x81 len=64 0940200000007837845e388330000000000000000000000000000000000000000000000000000000000000000000000000000000000000000000000000000000
[12:11:00.168719] EP OUT 0x03 len=0 
[12:11:00.171306] EP IN  0x81 len=64 0943200000007837845e288330000000000000000000000000000000000000000000000000000000000000000000000000000000000000000000000000000000
[12:11:00.172856] EP OUT 0x03 len=0 
[12:11:00.175274] EP OUT 0x03 len=0 
[12:11:00.177209] EP OUT 0x03 len=0 
[12:11:00.178978] EP OUT 0x03 len=0 
[12:11:00.183307] EP IN  0x81 len=64 0944200000007847845f188330000000000000000000000000000000000000000000000000000000000000000000000000000000000000000000000000000000
[12:11:00.184629] EP OUT 0x03 len=0 
[12:11:00.187298] EP IN  0x81 len=64 09472000000078478460288330000000000000000000000000000000000000000000000000000000000000000000000000000000000000000000000000000000
[12:11:00.188701] EP OUT 0x03 len=0 
[12:11:00.190369] EP OUT 0x03 len=0 
[12:11:00.192312] EP OUT 0x03 len=0 
[12:11:00.194230] EP OUT 0x03 len=0 
[12:11:00.196214] EP OUT 0x03 len=0 
[12:11:00.199303] EP IN  0x81 len=64 0948200000007847845f288330000000000000000000000000000000000000000000000000000000000000000000000000000000000000000000000000000000
[12:11:00.200601] EP OUT 0x03 len=0 
[12:11:00.203292] EP IN  0x81 len=64 094b200000007747845f288330000000000000000000000000000000000000000000000000000000000000000000000000000000000000000000000000000000
[12:11:00.204749] EP OUT 0x03 len=0 
[12:11:00.206596] EP OUT 0x03 len=0 
[12:11:00.208561] EP OUT 0x03 len=0 
[12:11:00.210365] EP OUT 0x03 len=0 
[12:11:00.212287] EP OUT 0x03 len=0 
[12:11:00.215303] EP IN  0x81 len=64 094c200000007737845f288330000000000000000000000000000000000000000000000000000000000000000000000000000000000000000000000000000000
[12:11:00.216579] EP OUT 0x03 len=0 
[12:11:00.219413] EP IN  0x81 len=64 094f200000007837845f388330000000000000000000000000000000000000000000000000000000000000000000000000000000000000000000000000000000
[12:11:00.220805] EP OUT 0x03 len=0 
[12:11:00.222479] EP OUT 0x03 len=0 
[12:11:00.224341] EP OUT 0x03 len=0 
[12:11:00.226303] EP OUT 0x03 len=0 
[12:11:00.228285] EP OUT 0x03 len=0 
[12:11:00.231410] EP IN  0x81 len=64 0950200000007847845f388330000000000000000000000000000000000000000000000000000000000000000000000000000000000000000000000000000000
[12:11:00.232710] EP OUT 0x03 len=0 
[12:11:00.235311] EP IN  0x81 len=64 0953200000007837845e288330000000000000000000000000000000000000000000000000000000000000000000000000000000000000000000000000000000
[12:11:00.236830] EP OUT 0x03 len=0 
[12:11:00.239236] EP OUT 0x03 len=0 
[12:11:00.241194] EP OUT 0x03 len=0 
[12:11:00.242981] EP OUT 0x03 len=0 
[12:11:00.247398] EP IN  0x81 len=64 0954200000007837845f388330000000000000000000000000000000000000000000000000000000000000000000000000000000000000000000000000000000
[12:11:00.248703] EP OUT 0x03 len=0 
[12:11:00.251283] EP IN  0x81 len=64 0957200000007847845f288330000000000000000000000000000000000000000000000000000000000000000000000000000000000000000000000000000000
[12:11:00.252790] EP OUT 0x03 len=0 
[12:11:00.255223] EP OUT 0x03 len=0 
[12:11:00.258488] EP OUT 0x03 len=0 
[12:11:00.260391] EP OUT 0x03 len=0 
[12:11:00.263313] EP IN  0x81 len=64 0958200000007747845e288330000000000000000000000000000000000000000000000000000000000000000000000000000000000000000000000000000000
[12:11:00.264631] EP OUT 0x03 len=0 
[12:11:00.267288] EP IN  0x81 len=64 095b200000007747845f288330000000000000000000000000000000000000000000000000000000000000000000000000000000000000000000000000000000
[12:11:00.268873] EP OUT 0x03 len=0 
[12:11:00.271221] EP OUT 0x03 len=0 
[12:11:00.273215] EP OUT 0x03 len=0 
[12:11:00.275080] EP OUT 0x03 len=0 
[12:11:00.279396] EP IN  0x81 len=64 095c200000007837845f288330000000000000000000000000000000000000000000000000000000000000000000000000000000000000000000000000000000
[12:11:00.280659] EP OUT 0x03 len=0 
[12:11:00.283394] EP IN  0x81 len=64 095f200000007847845f288330000000000000000000000000000000000000000000000000000000000000000000000000000000000000000000000000000000
[12:11:00.284904] EP OUT 0x03 len=0 
[12:11:00.287165] EP OUT 0x03 len=0 
[12:11:00.290291] EP OUT 0x03 len=0 
[12:11:00.292235] EP OUT 0x03 len=0 
[12:11:00.295307] EP IN  0x81 len=64 0960200000007847845f288330000000000000000000000000000000000000000000000000000000000000000000000000000000000000000000000000000000
[12:11:00.296469] EP OUT 0x03 len=0 
[12:11:00.299296] EP IN  0x81 len=64 0963200000007837845e288330000000000000000000000000000000000000000000000000000000000000000000000000000000000000000000000000000000
[12:11:00.300859] EP OUT 0x03 len=0 
[12:11:00.303294] EP OUT 0x03 len=0 
[12:11:00.305175] EP OUT 0x03 len=0 
[12:11:00.307073] EP OUT 0x03 len=0 
[12:11:00.311417] EP IN  0x81 len=64 09642000000078378460388330000000000000000000000000000000000000000000000000000000000000000000000000000000000000000000000000000000
[12:11:00.312715] EP OUT 0x03 len=0 
[12:11:00.315380] EP IN  0x81 len=64 0967200000007847845f288330000000000000000000000000000000000000000000000000000000000000000000000000000000000000000000000000000000
[12:11:00.316873] EP OUT 0x03 len=0 
[12:11:00.319320] EP OUT 0x03 len=0 
[12:11:00.321137] EP OUT 0x03 len=0 
[12:11:00.323292] EP OUT 0x03 len=0 
[12:11:00.327300] EP IN  0x81 len=64 0968200000007847845f388330000000000000000000000000000000000000000000000000000000000000000000000000000000000000000000000000000000
[12:11:00.328582] EP OUT 0x03 len=0 
[12:11:00.331385] EP IN  0x81 len=64 096b200000007837845f388330000000000000000000000000000000000000000000000000000000000000000000000000000000000000000000000000000000
[12:11:00.332763] EP OUT 0x03 len=0 
[12:11:00.334641] EP OUT 0x03 len=0 
[12:11:00.336617] EP OUT 0x03 len=0 
[12:11:00.338356] EP OUT 0x03 len=0 
[12:11:00.340312] EP OUT 0x03 len=0 
[12:11:00.343402] EP IN  0x81 len=64 096c200000007737845f288330000000000000000000000000000000000000000000000000000000000000000000000000000000000000000000000000000000
[12:11:00.344722] EP OUT 0x03 len=0 
[12:11:00.347398] EP IN  0x81 len=64 096f200000007837845f288330000000000000000000000000000000000000000000000000000000000000000000000000000000000000000000000000000000
[12:11:00.348895] EP OUT 0x03 len=0 
[12:11:00.351313] EP OUT 0x03 len=0 
[12:11:00.353255] EP OUT 0x03 len=0 
[12:11:00.355059] EP OUT 0x03 len=0 
[12:11:00.359290] EP IN  0x81 len=64 0970200000007847845f288330000000000000000000000000000000000000000000000000000000000000000000000000000000000000000000000000000000
[12:11:00.360496] EP OUT 0x03 len=0 
[12:11:00.363292] EP IN  0x81 len=64 0973200000007747845e288330000000000000000000000000000000000000000000000000000000000000000000000000000000000000000000000000000000
[12:11:00.364669] EP OUT 0x03 len=0 
[12:11:00.366403] EP OUT 0x03 len=0 
[12:11:00.368454] EP OUT 0x03 len=0 
[12:11:00.370427] EP OUT 0x03 len=0 
[12:11:00.372332] EP OUT 0x03 len=0 
[12:11:00.375378] EP IN  0x81 len=64 0974200000007837845e388330000000000000000000000000000000000000000000000000000000000000000000000000000000000000000000000000000000
[12:11:00.376603] EP OUT 0x03 len=0 
[12:11:00.379374] EP IN  0x81 len=64 0977200000007847845f288330000000000000000000000000000000000000000000000000000000000000000000000000000000000000000000000000000000
[12:11:00.380846] EP OUT 0x03 len=0 
[12:11:00.383327] EP OUT 0x03 len=0 
[12:11:00.385277] EP OUT 0x03 len=0 
[12:11:00.387115] EP OUT 0x03 len=0 
[12:11:00.388915] EP OUT 0x03 len=0 
[12:11:00.391322] EP IN  0x81 len=64 0978200000007747845f388330000000000000000000000000000000000000000000000000000000000000000000000000000000000000000000000000000000
[12:11:00.392572] EP OUT 0x03 len=0 
[12:11:00.395281] EP IN  0x81 len=64 097b200000007837845f288330000000000000000000000000000000000000000000000000000000000000000000000000000000000000000000000000000000
[12:11:00.396645] EP OUT 0x03 len=0 
[12:11:00.398283] EP OUT 0x03 len=0 
[12:11:00.400395] EP OUT 0x03 len=0 
[12:11:00.402376] EP OUT 0x03 len=0 
[12:11:00.404227] EP OUT 0x03 len=0 
[12:11:00.407290] EP IN  0x81 len=64 097c200000007737845f388330000000000000000000000000000000000000000000000000000000000000000000000000000000000000000000000000000000
[12:11:00.408545] EP OUT 0x03 len=0 
[12:11:00.411315] EP IN  0x81 len=64 097f200000007737845f388330000000000000000000000000000000000000000000000000000000000000000000000000000000000000000000000000000000
[12:11:00.412796] EP OUT 0x03 len=0 
[12:11:00.414638] EP OUT 0x03 len=0 
[12:11:00.416630] EP OUT 0x03 len=0 
[12:11:00.418532] EP OUT 0x03 len=0 
[12:11:00.420328] EP OUT 0x03 len=0 
[12:11:00.423389] EP IN  0x81 len=64 0980200000007747845e288330000000000000000000000000000000000000000000000000000000000000000000000000000000000000000000000000000000
[12:11:00.424642] EP OUT 0x03 len=0 
[12:11:00.427390] EP IN  0x81 len=64 0983200000007847845f288330000000000000000000000000000000000000000000000000000000000000000000000000000000000000000000000000000000
[12:11:00.428836] EP OUT 0x03 len=0 
[12:11:00.430622] EP OUT 0x03 len=0 
[12:11:00.432403] EP OUT 0x03 len=0 
[12:11:00.434187] EP OUT 0x03 len=0 
[12:11:00.436249] EP OUT 0x03 len=0 
[12:11:00.439388] EP IN  0x81 len=64 0984200000007837845f288330000000000000000000000000000000000000000000000000000000000000000000000000000000000000000000000000000000
[12:11:00.440555] EP OUT 0x03 len=0 
[12:11:00.443388] EP IN  0x81 len=64 0987200000007837845e288330000000000000000000000000000000000000000000000000000000000000000000000000000000000000000000000000000000
[12:11:00.444875] EP OUT 0x03 len=0 
[12:11:00.447302] EP OUT 0x03 len=0 
[12:11:00.449274] EP OUT 0x03 len=0 
[12:11:00.451182] EP OUT 0x03 len=0 
[12:11:00.453073] EP OUT 0x03 len=0 
[12:11:00.459646] EP OUT 0x03 len=0 
[12:11:00.463308] EP IN  0x81 len=64 0988200000007847845f288330000000000000000000000000000000000000000000000000000000000000000000000000000000000000000000000000000000
[12:11:00.464600] EP OUT 0x03 len=0 
[12:11:00.467386] EP IN  0x81 len=64 098d200000007947845e288330000000000000000000000000000000000000000000000000000000000000000000000000000000000000000000000000000000
[12:11:00.468898] EP OUT 0x03 len=0 
[12:11:00.471216] EP OUT 0x03 len=0 
[12:11:00.474406] EP OUT 0x03 len=0 
[12:11:00.476299] EP OUT 0x03 len=0 
[12:11:00.479303] EP IN  0x81 len=64 098e200000007847845f288330000000000000000000000000000000000000000000000000000000000000000000000000000000000000000000000000000000
[12:11:00.480433] EP OUT 0x03 len=0 
[12:11:00.483325] EP IN  0x81 len=64 09912000000078478460288330000000000000000000000000000000000000000000000000000000000000000000000000000000000000000000000000000000
[12:11:00.484815] EP OUT 0x03 len=0 
[12:11:00.487230] EP OUT 0x03 len=0 
[12:11:00.489132] EP OUT 0x03 len=0 
[12:11:00.491005] EP OUT 0x03 len=0 
[12:11:00.495298] EP IN  0x81 len=64 0992200000007737845e388330000000000000000000000000000000000000000000000000000000000000000000000000000000000000000000000000000000
[12:11:00.496467] EP OUT 0x03 len=0 
[12:11:00.499309] EP IN  0x81 len=64 0995200000007737845f288330000000000000000000000000000000000000000000000000000000000000000000000000000000000000000000000000000000
[12:11:00.500876] EP OUT 0x03 len=0 
[12:11:00.503311] EP OUT 0x03 len=0 
[12:11:00.505031] EP OUT 0x03 len=0 
[12:11:00.507317] EP OUT 0x03 len=0 
[12:11:00.511383] EP IN  0x81 len=64 0996200000007737845f288330000000000000000000000000000000000000000000000000000000000000000000000000000000000000000000000000000000
[12:11:00.512617] EP OUT 0x03 len=0 
[12:11:00.515293] EP IN  0x81 len=64 0999200000007847845f288330000000000000000000000000000000000000000000000000000000000000000000000000000000000000000000000000000000
[12:11:00.516810] EP OUT 0x03 len=0 
[12:11:00.519238] EP OUT 0x03 len=0 
[12:11:00.521073] EP OUT 0x03 len=0 
[12:11:00.523548] EP OUT 0x03 len=0 
[12:11:00.525368] EP OUT 0x03 len=0 
[12:11:00.532071] EP OUT 0x03 len=0 
[12:11:00.535382] EP IN  0x81 len=64 099a200000007837845f288330000000000000000000000000000000000000000000000000000000000000000000000000000000000000000000000000000000
[12:11:00.536709] EP OUT 0x03 len=0 
[12:11:00.539308] EP IN  0x81 len=64 099f200000007847845f288330000000000000000000000000000000000000000000000000000000000000000000000000000000000000000000000000000000
[12:11:00.540843] EP OUT 0x03 len=0 
[12:11:00.542459] EP OUT 0x03 len=0 
[12:11:00.544365] EP OUT 0x03 len=0 
[12:11:00.546146] EP OUT 0x03 len=0 
[12:11:00.548336] EP OUT 0x03 len=0 
[12:11:00.551400] EP IN  0x81 len=64 09a0200000007747845f288330000000000000000000000000000000000000000000000000000000000000000000000000000000000000000000000000000000
[12:11:00.552720] EP OUT 0x03 len=0 
[12:11:00.555300] EP IN  0x81 len=64 09a3200000007847845f288330000000000000000000000000000000000000000000000000000000000000000000000000000000000000000000000000000000
[12:11:00.556711] EP OUT 0x03 len=0 
[12:11:00.558550] EP OUT 0x03 len=0 
[12:11:00.560470] EP OUT 0x03 len=0 
[12:11:00.562319] EP OUT 0x03 len=0 
[12:11:00.564162] EP OUT 0x03 len=0 
[12:11:00.566016] EP OUT 0x03 len=0 
[12:11:00.571404] EP IN  0x81 len=64 09a4200000007837845f288330000000000000000000000000000000000000000000000000000000000000000000000000000000000000000000000000000000
[12:11:00.572663] EP OUT 0x03 len=0 
[12:11:00.575381] EP IN  0x81 len=64 09a8200000007737845f288330000000000000000000000000000000000000000000000000000000000000000000000000000000000000000000000000000000
[12:11:00.576819] EP OUT 0x03 len=0 
[12:11:00.579170] EP OUT 0x03 len=0 
[12:11:00.582315] EP OUT 0x03 len=0 
[12:11:00.584285] EP OUT 0x03 len=0 
[12:11:00.587294] EP IN  0x81 len=64 09a9200000007837845e288330000000000000000000000000000000000000000000000000000000000000000000000000000000000000000000000000000000
[12:11:00.588433] EP OUT 0x03 len=0 
[12:11:00.591296] EP IN  0x81 len=64 09ac200000007837845e288330000000000000000000000000000000000000000000000000000000000000000000000000000000000000000000000000000000
[12:11:00.592747] EP OUT 0x03 len=0 
[12:11:00.594629] EP OUT 0x03 len=0 
[12:11:00.596551] EP OUT 0x03 len=0 
[12:11:00.598448] EP OUT 0x03 len=0 
[12:11:00.600427] EP OUT 0x03 len=0 
[12:11:00.603288] EP IN  0x81 len=64 09ad200000007847845f288330000000000000000000000000000000000000000000000000000000000000000000000000000000000000000000000000000000
[12:11:00.604478] EP OUT 0x03 len=0 
[12:11:00.607388] EP IN  0x81 len=64 09b0200000007827845f288330000000000000000000000000000000000000000000000000000000000000000000000000000000000000000000000000000000
[12:11:00.608827] EP OUT 0x03 len=0 
[12:11:00.611266] EP OUT 0x03 len=0 
[12:11:00.613040] EP OUT 0x03 len=0 
[12:11:00.615268] EP OUT 0x03 len=0 
[12:11:00.619384] EP IN  0x81 len=64 09b1200000007737845f288330000000000000000000000000000000000000000000000000000000000000000000000000000000000000000000000000000000
[12:11:00.620593] EP OUT 0x03 len=0 
[12:11:00.623305] EP IN  0x81 len=64 09b4200000007847845f288330000000000000000000000000000000000000000000000000000000000000000000000000000000000000000000000000000000
[12:11:00.624761] EP OUT 0x03 len=0 
[12:11:00.626593] EP OUT 0x03 len=0 
[12:11:00.628511] EP OUT 0x03 len=0 
[12:11:00.630371] EP OUT 0x03 len=0 
[12:11:00.632326] EP OUT 0x03 len=0 
[12:11:00.635324] EP IN  0x81 len=64 09b5200000007847845f388330000000000000000000000000000000000000000000000000000000000000000000000000000000000000000000000000000000
[12:11:00.636615] EP OUT 0x03 len=0 
[12:11:00.639403] EP IN  0x81 len=64 09b8200000007847845f288330000000000000000000000000000000000000000000000000000000000000000000000000000000000000000000000000000000
[12:11:00.640913] EP OUT 0x03 len=0 
[12:11:00.643291] EP OUT 0x03 len=0 
[12:11:00.645229] EP OUT 0x03 len=0 
[12:11:00.647102] EP OUT 0x03 len=0 
[12:11:00.648964] EP OUT 0x03 len=0 
[12:11:00.651282] EP IN  0x81 len=64 09b92000000077378460188330000000000000000000000000000000000000000000000000000000000000000000000000000000000000000000000000000000
[12:11:00.652453] EP OUT 0x03 len=0 
[12:11:00.655388] EP IN  0x81 len=64 09bc200000007737845f288330000000000000000000000000000000000000000000000000000000000000000000000000000000000000000000000000000000
[12:11:00.656729] EP OUT 0x03 len=0 
[12:11:00.658434] EP OUT 0x03 len=0 
[12:11:00.660410] EP OUT 0x03 len=0 
[12:11:00.662392] EP OUT 0x03 len=0 
[12:11:00.664346] EP OUT 0x03 len=0 
[12:11:00.667410] EP IN  0x81 len=64 09bd200000007937845e288330000000000000000000000000000000000000000000000000000000000000000000000000000000000000000000000000000000
[12:11:00.668741] EP OUT 0x03 len=0 
[12:11:00.671387] EP IN  0x81 len=64 09c0200000007847845f288330000000000000000000000000000000000000000000000000000000000000000000000000000000000000000000000000000000
[12:11:00.672877] EP OUT 0x03 len=0 
[12:11:00.675266] EP OUT 0x03 len=0 
[12:11:00.677170] EP OUT 0x03 len=0 
[12:11:00.679052] EP OUT 0x03 len=0 
[12:11:00.683382] EP IN  0x81 len=64 09c1200000007747845f288330000000000000000000000000000000000000000000000000000000000000000000000000000000000000000000000000000000
[12:11:00.684696] EP OUT 0x03 len=0 
[12:11:00.687289] EP IN  0x81 len=64 09c4200000007837845f288330000000000000000000000000000000000000000000000000000000000000000000000000000000000000000000000000000000
[12:11:00.688647] EP OUT 0x03 len=0 
[12:11:00.690355] EP OUT 0x03 len=0 
[12:11:00.692355] EP OUT 0x03 len=0 
[12:11:00.694241] EP OUT 0x03 len=0 
[12:11:00.696238] EP OUT 0x03 len=0 
[12:11:00.699301] EP IN  0x81 len=64 09c5200000007837845f388330000000000000000000000000000000000000000000000000000000000000000000000000000000000000000000000000000000
[12:11:00.700603] EP OUT 0x03 len=0 
[12:11:00.703291] EP IN  0x81 len=64 09c8200000007837845f288330000000000000000000000000000000000000000000000000000000000000000000000000000000000000000000000000000000
[12:11:00.704766] EP OUT 0x03 len=0 
[12:11:00.706615] EP OUT 0x03 len=0 
[12:11:00.708529] EP OUT 0x03 len=0 
[12:11:00.710369] EP OUT 0x03 len=0 
[12:11:00.712331] EP OUT 0x03 len=0 
[12:11:00.715387] EP IN  0x81 len=64 09c9200000007837845f288330000000000000000000000000000000000000000000000000000000000000000000000000000000000000000000000000000000
[12:11:00.716695] EP OUT 0x03 len=0 
[12:11:00.719400] EP IN  0x81 len=64 09cc200000007737845e288330000000000000000000000000000000000000000000000000000000000000000000000000000000000000000000000000000000
[12:11:00.720838] EP OUT 0x03 len=0 
[12:11:00.723320] EP OUT 0x03 len=0 
[12:11:00.725093] EP OUT 0x03 len=0 
[12:11:00.727278] EP OUT 0x03 len=0 
[12:11:00.731383] EP IN  0x81 len=64 09cd200000007847845f288330000000000000000000000000000000000000000000000000000000000000000000000000000000000000000000000000000000
[12:11:00.732535] EP OUT 0x03 len=0 
[12:11:00.735327] EP IN  0x81 len=64 09d0200000007837845f288330000000000000000000000000000000000000000000000000000000000000000000000000000000000000000000000000000000
[12:11:00.736755] EP OUT 0x03 len=0 
[12:11:00.738487] EP OUT 0x03 len=0 
[12:11:00.740479] EP OUT 0x03 len=0 
[12:11:00.742347] EP OUT 0x03 len=0 
[12:11:00.744261] EP OUT 0x03 len=0 
[12:11:00.747301] EP IN  0x81 len=64 09d1200000007837845e288330000000000000000000000000000000000000000000000000000000000000000000000000000000000000000000000000000000
[12:11:00.748588] EP OUT 0x03 len=0 
[12:11:00.751292] EP IN  0x81 len=64 09d4200000007837845e288330000000000000000000000000000000000000000000000000000000000000000000000000000000000000000000000000000000
[12:11:00.752868] EP OUT 0x03 len=0 
[12:11:00.755231] EP OUT 0x03 len=0 
[12:11:00.757191] EP OUT 0x03 len=0 
[12:11:00.758999] EP OUT 0x03 len=0 
[12:11:00.763287] EP IN  0x81 len=64 09d5200000007837845f388330000000000000000000000000000000000000000000000000000000000000000000000000000000000000000000000000000000
[12:11:00.764412] EP OUT 0x03 len=0 
[12:11:00.767414] EP IN  0x81 len=64 09d8200000007847845e288330000000000000000000000000000000000000000000000000000000000000000000000000000000000000000000000000000000
[12:11:00.768911] EP OUT 0x03 len=0 
[12:11:00.771228] EP OUT 0x03 len=0 
[12:11:00.774452] EP OUT 0x03 len=0 
[12:11:00.776352] EP OUT 0x03 len=0 
[12:11:00.779408] EP IN  0x81 len=64 09d9200000007847845f288330000000000000000000000000000000000000000000000000000000000000000000000000000000000000000000000000000000
[12:11:00.780637] EP OUT 0x03 len=0 
[12:11:00.783391] EP IN  0x81 len=64 09dc200000007847845e288330000000000000000000000000000000000000000000000000000000000000000000000000000000000000000000000000000000
[12:11:00.784843] EP OUT 0x03 len=0 
[12:11:00.787223] EP OUT 0x03 len=0 
[12:11:00.789151] EP OUT 0x03 len=0 
[12:11:00.791009] EP OUT 0x03 len=0 
[12:11:00.795382] EP IN  0x81 len=64 09dd200000007837845f288330000000000000000000000000000000000000000000000000000000000000000000000000000000000000000000000000000000
[12:11:00.796685] EP OUT 0x03 len=0 
[12:11:00.799286] EP IN  0x81 len=64 09e0200000007847845f388330000000000000000000000000000000000000000000000000000000000000000000000000000000000000000000000000000000
[12:11:00.800652] EP OUT 0x03 len=0 
[12:11:00.802366] EP OUT 0x03 len=0 
[12:11:00.804315] EP OUT 0x03 len=0 
[12:11:00.806232] EP OUT 0x03 len=0 
[12:11:00.808285] EP OUT 0x03 len=0 
[12:11:00.811397] EP IN  0x81 len=64 09e1200000007837845f288330000000000000000000000000000000000000000000000000000000000000000000000000000000000000000000000000000000
[12:11:00.812711] EP OUT 0x03 len=0 
[12:11:00.815312] EP IN  0x81 len=64 09e4200000007737845f288330000000000000000000000000000000000000000000000000000000000000000000000000000000000000000000000000000000
[12:11:00.816896] EP OUT 0x03 len=0 
[12:11:00.819281] EP OUT 0x03 len=0 
[12:11:00.821164] EP OUT 0x03 len=0 
[12:11:00.822991] EP OUT 0x03 len=0 
[12:11:00.827310] EP IN  0x81 len=64 09e5200000007847845f288330000000000000000000000000000000000000000000000000000000000000000000000000000000000000000000000000000000
[12:11:00.828586] EP OUT 0x03 len=0 
[12:11:00.831402] EP IN  0x81 len=64 09e8200000007837845f288330000000000000000000000000000000000000000000000000000000000000000000000000000000000000000000000000000000
[12:11:00.832903] EP OUT 0x03 len=0 
[12:11:00.835278] EP OUT 0x03 len=0 
[12:11:00.837174] EP OUT 0x03 len=0 
[12:11:00.839319] EP OUT 0x03 len=0 
[12:11:00.843384] EP IN  0x81 len=64 09e9200000007837845f288330000000000000000000000000000000000000000000000000000000000000000000000000000000000000000000000000000000
[12:11:00.844685] EP OUT 0x03 len=0 
[12:11:00.847372] EP IN  0x81 len=64 09ec200000007747845f288330000000000000000000000000000000000000000000000000000000000000000000000000000000000000000000000000000000
[12:11:00.848686] EP OUT 0x03 len=0 
[12:11:00.850515] EP OUT 0x03 len=0 
[12:11:00.852498] EP OUT 0x03 len=0 
[12:11:00.854289] EP OUT 0x03 len=0 
[12:11:00.856336] EP OUT 0x03 len=0 
[12:11:00.859379] EP IN  0x81 len=64 09ed200000007847845f288330000000000000000000000000000000000000000000000000000000000000000000000000000000000000000000000000000000
[12:11:00.860678] EP OUT 0x03 len=0 
[12:11:00.863311] EP IN  0x81 len=64 09f0200000007747845e288330000000000000000000000000000000000000000000000000000000000000000000000000000000000000000000000000000000
[12:11:00.864895] EP OUT 0x03 len=0 
[12:11:00.867322] EP OUT 0x03 len=0 
[12:11:00.869308] EP OUT 0x03 len=0 
[12:11:00.871054] EP OUT 0x03 len=0 
[12:11:00.875343] EP IN  0x81 len=64 09f1200000007847845f288330000000000000000000000000000000000000000000000000000000000000000000000000000000000000000000000000000000
[12:11:00.876587] EP OUT 0x03 len=0 
[12:11:00.879304] EP IN  0x81 len=64 09f4200000007737845f288330000000000000000000000000000000000000000000000000000000000000000000000000000000000000000000000000000000
[12:11:00.880700] EP OUT 0x03 len=0 
[12:11:00.882371] EP OUT 0x03 len=0 
[12:11:00.884456] EP OUT 0x03 len=0 
[12:11:00.886348] EP OUT 0x03 len=0 
[12:11:00.888279] EP OUT 0x03 len=0 
[12:11:00.891393] EP IN  0x81 len=64 09f5200000007737845f288330000000000000000000000000000000000000000000000000000000000000000000000000000000000000000000000000000000
[12:11:00.892635] EP OUT 0x03 len=0 
[12:11:00.895288] EP IN  0x81 len=64 09f8200000007847845f288330000000000000000000000000000000000000000000000000000000000000000000000000000000000000000000000000000000
[12:11:00.896745] EP OUT 0x03 len=0 
[12:11:00.898640] EP OUT 0x03 len=0 
[12:11:00.900613] EP OUT 0x03 len=0 
[12:11:00.902500] EP OUT 0x03 len=0 
[12:11:00.904361] EP OUT 0x03 len=0 
[12:11:00.907286] EP IN  0x81 len=64 09f9200000007847845f288330000000000000000000000000000000000000000000000000000000000000000000000000000000000000000000000000000000
[12:11:00.908388] EP OUT 0x03 len=0 
[12:11:00.911383] EP IN  0x81 len=64 09fc200000007847845e288330000000000000000000000000000000000000000000000000000000000000000000000000000000000000000000000000000000
[12:11:00.912772] EP OUT 0x03 len=0 
[12:11:00.914417] EP OUT 0x03 len=0 
[12:11:00.916343] EP OUT 0x03 len=0 
[12:11:00.918214] EP OUT 0x03 len=0 
[12:11:00.920068] EP OUT 0x03 len=0 
[12:11:00.923398] EP IN  0x81 len=64 09fd200000007837845e288330000000000000000000000000000000000000000000000000000000000000000000000000000000000000000000000000000000
[12:11:00.924701] EP OUT 0x03 len=0 
[12:11:00.927316] EP IN  0x81 len=64 0900200000007837845f288330000000000000000000000000000000000000000000000000000000000000000000000000000000000000000000000000000000
[12:11:00.928870] EP OUT 0x03 len=0 
[12:11:00.931291] EP OUT 0x03 len=0 
[12:11:00.933253] EP OUT 0x03 len=0 
[12:11:00.935117] EP OUT 0x03 len=0 
[12:11:00.936977] EP OUT 0x03 len=0 
[12:11:00.939371] EP IN  0x81 len=64 0901200000007847845f288330000000000000000000000000000000000000000000000000000000000000000000000000000000000000000000000000000000
[12:11:00.940641] EP OUT 0x03 len=0 
[12:11:00.943291] EP IN  0x81 len=64 0904200000007837845e288330000000000000000000000000000000000000000000000000000000000000000000000000000000000000000000000000000000
[12:11:00.944863] EP OUT 0x03 len=0 
[12:11:00.947190] EP OUT 0x03 len=0 
[12:11:00.950583] EP OUT 0x03 len=0 
[12:11:00.952460] EP OUT 0x03 len=0 
[12:11:00.955289] EP IN  0x81 len=64 0905200000007837845e288330000000000000000000000000000000000000000000000000000000000000000000000000000000000000000000000000000000
[12:11:00.956428] EP OUT 0x03 len=0 
[12:11:00.959404] EP IN  0x81 len=64 0908200000007747845f288330000000000000000000000000000000000000000000000000000000000000000000000000000000000000000000000000000000
[12:11:00.960848] EP OUT 0x03 len=0 
[12:11:00.963261] EP OUT 0x03 len=0 
[12:11:00.965223] EP OUT 0x03 len=0 
[12:11:00.967110] EP OUT 0x03 len=0 
[12:11:00.969012] EP OUT 0x03 len=0 
[12:11:00.971404] EP IN  0x81 len=64 0909200000007847845e388330000000000000000000000000000000000000000000000000000000000000000000000000000000000000000000000000000000
[12:11:00.972705] EP OUT 0x03 len=0 
[12:11:00.975415] EP IN  0x81 len=64 090c200000007747845e388330000000000000000000000000000000000000000000000000000000000000000000000000000000000000000000000000000000
[12:11:00.976894] EP OUT 0x03 len=0 
[12:11:00.979208] EP OUT 0x03 len=0 
[12:11:00.982334] EP OUT 0x03 len=0 
[12:11:00.984299] EP OUT 0x03 len=0 
[12:11:00.987295] EP IN  0x81 len=64 090d200000007837845f288330000000000000000000000000000000000000000000000000000000000000000000000000000000000000000000000000000000
[12:11:00.988443] EP OUT 0x03 len=0 
[12:11:00.991314] EP IN  0x81 len=64 0910200000007847845f288330000000000000000000000000000000000000000000000000000000000000000000000000000000000000000000000000000000
[12:11:00.992805] EP OUT 0x03 len=0 
[12:11:00.995260] EP OUT 0x03 len=0 
[12:11:00.997209] EP OUT 0x03 len=0 
[12:11:00.999050] EP OUT 0x03 len=0 
[12:11:01.003303] EP IN  0x81 len=64 0911200000007847845f288330000000000000000000000000000000000000000000000000000000000000000000000000000000000000000000000000000000
[12:11:01.004521] EP OUT 0x03 len=0 
[12:11:01.007379] EP IN  0x81 len=64 0914200000007847845f288330000000000000000000000000000000000000000000000000000000000000000000000000000000000000000000000000000000
[12:11:01.008797] EP OUT 0x03 len=0 
[12:11:01.011321] EP OUT 0x03 len=0 
[12:11:01.013081] EP OUT 0x03 len=0 
[12:11:01.015346] EP OUT 0x03 len=0 
[12:11:01.019402] EP IN  0x81 len=64 0915200000007847845e388330000000000000000000000000000000000000000000000000000000000000000000000000000000000000000000000000000000
[12:11:01.020652] EP OUT 0x03 len=0 
[12:11:01.023387] EP IN  0x81 len=64 0918200000007837845f388330000000000000000000000000000000000000000000000000000000000000000000000000000000000000000000000000000000
[12:11:01.024820] EP OUT 0x03 len=0 
[12:11:01.027264] EP OUT 0x03 len=0 
[12:11:01.029168] EP OUT 0x03 len=0 
[12:11:01.030993] EP OUT 0x03 len=0 
[12:11:01.035309] EP IN  0x81 len=64 0919200000007847845f388330000000000000000000000000000000000000000000000000000000000000000000000000000000000000000000000000000000
[12:11:01.036556] EP OUT 0x03 len=0 
[12:11:01.039388] EP IN  0x81 len=64 091c200000007847845f288330000000000000000000000000000000000000000000000000000000000000000000000000000000000000000000000000000000
[12:11:01.040863] EP OUT 0x03 len=0 
[12:11:01.043321] EP OUT 0x03 len=0 
[12:11:01.045279] EP OUT 0x03 len=0 
[12:11:01.047122] EP OUT 0x03 len=0 
[12:11:01.048971] EP OUT 0x03 len=0 
[12:11:01.051285] EP IN  0x81 len=64 091d200000007837845f288330000000000000000000000000000000000000000000000000000000000000000000000000000000000000000000000000000000
[12:11:01.052517] EP OUT 0x03 len=0 
[12:11:01.055388] EP IN  0x81 len=64 0920200000007737845f288330000000000000000000000000000000000000000000000000000000000000000000000000000000000000000000000000000000
[12:11:01.056709] EP OUT 0x03 len=0 
[12:11:01.058397] EP OUT 0x03 len=0 
[12:11:01.060388] EP OUT 0x03 len=0 
[12:11:01.062255] EP OUT 0x03 len=0 
[12:11:01.064073] EP OUT 0x03 len=0 
[12:11:01.067407] EP IN  0x81 len=64 0921200000007847845f288330000000000000000000000000000000000000000000000000000000000000000000000000000000000000000000000000000000
[12:11:01.068704] EP OUT 0x03 len=0 
[12:11:01.071374] EP IN  0x81 len=64 0924200000007847845e288330000000000000000000000000000000000000000000000000000000000000000000000000000000000000000000000000000000
[12:11:01.072801] EP OUT 0x03 len=0 
[12:11:01.075315] EP OUT 0x03 len=0 
[12:11:01.077227] EP OUT 0x03 len=0 
[12:11:01.079113] EP OUT 0x03 len=0 
[12:11:01.080961] EP OUT 0x03 len=0 
[12:11:01.083391] EP IN  0x81 len=64 0925200000007847845f288330000000000000000000000000000000000000000000000000000000000000000000000000000000000000000000000000000000
[12:11:01.084684] EP OUT 0x03 len=0 
[12:11:01.087287] EP IN  0x81 len=64 0928200000007837845e288330000000000000000000000000000000000000000000000000000000000000000000000000000000000000000000000000000000
[12:11:01.088646] EP OUT 0x03 len=0 
[12:11:01.090339] EP OUT 0x03 len=0 
[12:11:01.092327] EP OUT 0x03 len=0 
[12:11:01.094269] EP OUT 0x03 len=0 
[12:11:01.096193] EP OUT 0x03 len=0 
[12:11:01.099300] EP IN  0x81 len=64 0929200000007847845f288330000000000000000000000000000000000000000000000000000000000000000000000000000000000000000000000000000000
[12:11:01.100597] EP OUT 0x03 len=0 
[12:11:01.103290] EP IN  0x81 len=64 092c200000007837845f288330000000000000000000000000000000000000000000000000000000000000000000000000000000000000000000000000000000
[12:11:01.104768] EP OUT 0x03 len=0 
[12:11:01.106636] EP OUT 0x03 len=0 
[12:11:01.108602] EP OUT 0x03 len=0 
[12:11:01.110310] EP OUT 0x03 len=0 
[12:11:01.112331] EP OUT 0x03 len=0 
[12:11:01.115316] EP IN  0x81 len=64 092d200000007837845f288330000000000000000000000000000000000000000000000000000000000000000000000000000000000000000000000000000000
[12:11:01.116587] EP OUT 0x03 len=0 
[12:11:01.119407] EP IN  0x81 len=64 0930200000007747845f288330000000000000000000000000000000000000000000000000000000000000000000000000000000000000000000000000000000
[12:11:01.120788] EP OUT 0x03 len=0 
[12:11:01.122419] EP OUT 0x03 len=0 
[12:11:01.124352] EP OUT 0x03 len=0 
[12:11:01.126165] EP OUT 0x03 len=0 
[12:11:01.128005] EP OUT 0x03 len=0 
[12:11:01.131392] EP IN  0x81 len=64 0931200000007847845f288330000000000000000000000000000000000000000000000000000000000000000000000000000000000000000000000000000000
[12:11:01.132567] EP OUT 0x03 len=0 
[12:11:01.135318] EP IN  0x81 len=64 0934200000007847845f288330000000000000000000000000000000000000000000000000000000000000000000000000000000000000000000000000000000
[12:11:01.136859] EP OUT 0x03 len=0 
[12:11:01.139233] EP OUT 0x03 len=0 
[12:11:01.141196] EP OUT 0x03 len=0 
[12:11:01.142998] EP OUT 0x03 len=0 
[12:11:01.147386] EP IN  0x81 len=64 0935200000007847845f388330000000000000000000000000000000000000000000000000000000000000000000000000000000000000000000000000000000
[12:11:01.148709] EP OUT 0x03 len=0 
[12:11:01.151406] EP IN  0x81 len=64 0938200000007737845f288330000000000000000000000000000000000000000000000000000000000000000000000000000000000000000000000000000000
[12:11:01.152893] EP OUT 0x03 len=0 
[12:11:01.155261] EP OUT 0x03 len=0 
[12:11:01.157137] EP OUT 0x03 len=0 
[12:11:01.159256] EP OUT 0x03 len=0 
[12:11:01.163294] EP IN  0x81 len=64 0939200000007937845f288330000000000000000000000000000000000000000000000000000000000000000000000000000000000000000000000000000000
[12:11:01.164454] EP OUT 0x03 len=0 
[12:11:01.167411] EP IN  0x81 len=64 093c2000000078378460188330000000000000000000000000000000000000000000000000000000000000000000000000000000000000000000000000000000
[12:11:01.168902] EP OUT 0x03 len=0 
[12:11:01.171239] EP OUT 0x03 len=0 
[12:11:01.173209] EP OUT 0x03 len=0 
[12:11:01.175038] EP OUT 0x03 len=0 
[12:11:01.179382] EP IN  0x81 len=64 093d200000007837845e288330000000000000000000000000000000000000000000000000000000000000000000000000000000000000000000000000000000
[12:11:01.180625] EP OUT 0x03 len=0 
[12:11:01.183378] EP IN  0x81 len=64 0940200000007747845f288330000000000000000000000000000000000000000000000000000000000000000000000000000000000000000000000000000000
[12:11:01.184871] EP OUT 0x03 len=0 
[12:11:01.187205] EP OUT 0x03 len=0 
[12:11:01.189191] EP OUT 0x03 len=0 
[12:11:01.191086] EP OUT 0x03 len=0 
[12:11:01.195289] EP IN  0x81 len=64 0941200000007837845f388330000000000000000000000000000000000000000000000000000000000000000000000000000000000000000000000000000000
[12:11:01.196472] EP OUT 0x03 len=0 
[12:11:01.199309] EP IN  0x81 len=64 0944200000007847845e288330000000000000000000000000000000000000000000000000000000000000000000000000000000000000000000000000000000
[12:11:01.200887] EP OUT 0x03 len=0 
[12:11:01.203343] EP OUT 0x03 len=0 
[12:11:01.205112] EP OUT 0x03 len=0 
[12:11:01.207320] EP OUT 0x03 len=0 
[12:11:01.211401] EP IN  0x81 len=64 0945200000007747845f388330000000000000000000000000000000000000000000000000000000000000000000000000000000000000000000000000000000
[12:11:01.212671] EP OUT 0x03 len=0 
[12:11:01.215306] EP IN  0x81 len=64 0948200000007837845f288330000000000000000000000000000000000000000000000000000000000000000000000000000000000000000000000000000000
[12:11:01.216877] EP OUT 0x03 len=0 
[12:11:01.219282] EP OUT 0x03 len=0 
[12:11:01.221145] EP OUT 0x03 len=0 
[12:11:01.222977] EP OUT 0x03 len=0 
[12:11:01.227382] EP IN  0x81 len=64 09492000000078478460288330000000000000000000000000000000000000000000000000000000000000000000000000000000000000000000000000000000
[12:11:01.228683] EP OUT 0x03 len=0 
[12:11:01.231293] EP IN  0x81 len=64 094c200000007847845f288330000000000000000000000000000000000000000000000000000000000000000000000000000000000000000000000000000000
[12:11:01.232735] EP OUT 0x03 len=0 
[12:11:01.234551] EP OUT 0x03 len=0 
[12:11:01.236497] EP OUT 0x03 len=0 
[12:11:01.238306] EP OUT 0x03 len=0 
[12:11:01.240225] EP OUT 0x03 len=0 
[12:11:01.243394] EP IN  0x81 len=64 094d200000007747845f188330000000000000000000000000000000000000000000000000000000000000000000000000000000000000000000000000000000
[12:11:01.244668] EP OUT 0x03 len=0 
[12:11:01.247400] EP IN  0x81 len=64 0950200000007747845f288330000000000000000000000000000000000000000000000000000000000000000000000000000000000000000000000000000000
[12:11:01.248897] EP OUT 0x03 len=0 
[12:11:01.251243] EP OUT 0x03 len=0 
[12:11:01.253124] EP OUT 0x03 len=0 
[12:11:01.254931] EP OUT 0x03 len=0 
[12:11:01.259298] EP IN  0x81 len=64 0951200000007837845f288330000000000000000000000000000000000000000000000000000000000000000000000000000000000000000000000000000000
[12:11:01.260600] EP OUT 0x03 len=0 
[12:11:01.263309] EP IN  0x81 len=64 0954200000007837845f288330000000000000000000000000000000000000000000000000000000000000000000000000000000000000000000000000000000
[12:11:01.264885] EP OUT 0x03 len=0 
[12:11:01.267135] EP OUT 0x03 len=0 
[12:11:01.270391] EP OUT 0x03 len=0 
[12:11:01.272235] EP OUT 0x03 len=0 
[12:11:01.275372] EP IN  0x81 len=64 0955200000007837845e188330000000000000000000000000000000000000000000000000000000000000000000000000000000000000000000000000000000
[12:11:01.276547] EP OUT 0x03 len=0 
[12:11:01.279307] EP IN  0x81 len=64 0958200000007747845e288330000000000000000000000000000000000000000000000000000000000000000000000000000000000000000000000000000000
[12:11:01.280748] EP OUT 0x03 len=0 
[12:11:01.282406] EP OUT 0x03 len=0 
[12:11:01.284318] EP OUT 0x03 len=0 
[12:11:01.286253] EP OUT 0x03 len=0 
[12:11:01.288230] EP OUT 0x03 len=0 
[12:11:01.291304] EP IN  0x81 len=64 0959200000007847845f288330000000000000000000000000000000000000000000000000000000000000000000000000000000000000000000000000000000
[12:11:01.292420] EP OUT 0x03 len=0 
[12:11:01.295292] EP IN  0x81 len=64 095c200000007837845f288330000000000000000000000000000000000000000000000000000000000000000000000000000000000000000000000000000000
[12:11:01.296677] EP OUT 0x03 len=0 
[12:11:01.298329] EP OUT 0x03 len=0 
[12:11:01.300307] EP OUT 0x03 len=0 
[12:11:01.302209] EP OUT 0x03 len=0 
[12:11:01.304181] EP OUT 0x03 len=0 
[12:11:01.307331] EP IN  0x81 len=64 095d200000007847845f288330000000000000000000000000000000000000000000000000000000000000000000000000000000000000000000000000000000
[12:11:01.308468] EP OUT 0x03 len=0 
[12:11:01.311371] EP IN  0x81 len=64 0960200000007747845f288330000000000000000000000000000000000000000000000000000000000000000000000000000000000000000000000000000000
[12:11:01.312663] EP OUT 0x03 len=0 
[12:11:01.314289] EP OUT 0x03 len=0 
[12:11:01.316326] EP OUT 0x03 len=0 
[12:11:01.318159] EP OUT 0x03 len=0 
[12:11:01.319971] EP OUT 0x03 len=0 
[12:11:01.323416] EP IN  0x81 len=64 0961200000007837845f288330000000000000000000000000000000000000000000000000000000000000000000000000000000000000000000000000000000
[12:11:01.324653] EP OUT 0x03 len=0 
[12:11:01.327354] EP IN  0x81 len=64 0964200000007837845f188330000000000000000000000000000000000000000000000000000000000000000000000000000000000000000000000000000000
[12:11:01.328699] EP OUT 0x03 len=0 
[12:11:01.330375] EP OUT 0x03 len=0 
[12:11:01.332301] EP OUT 0x03 len=0 
[12:11:01.334227] EP OUT 0x03 len=0 
[12:11:01.336254] EP OUT 0x03 len=0 
[12:11:01.339287] EP IN  0x81 len=64 0965200000007837845f288330000000000000000000000000000000000000000000000000000000000000000000000000000000000000000000000000000000
[12:11:01.340396] EP OUT 0x03 len=0 
[12:11:01.343381] EP IN  0x81 len=64 0968200000007837845f288330000000000000000000000000000000000000000000000000000000000000000000000000000000000000000000000000000000
[12:11:01.344692] EP OUT 0x03 len=0 
[12:11:01.346316] EP OUT 0x03 len=0 
[12:11:01.348264] EP OUT 0x03 len=0 
[12:11:01.349915] EP OUT 0x03 len=0 
[12:11:01.352194] EP OUT 0x03 len=0 
[12:11:01.355387] EP IN  0x81 len=64 0969200000007847845f288330000000000000000000000000000000000000000000000000000000000000000000000000000000000000000000000000000000
[12:11:01.356533] EP OUT 0x03 len=0 
[12:11:01.359373] EP IN  0x81 len=64 096c200000007837845f288330000000000000000000000000000000000000000000000000000000000000000000000000000000000000000000000000000000
[12:11:01.360657] EP OUT 0x03 len=0 
[12:11:01.362333] EP OUT 0x03 len=0 
[12:11:01.364392] EP OUT 0x03 len=0 
[12:11:01.366314] EP OUT 0x03 len=0 
[12:11:01.368286] EP OUT 0x03 len=0 
[12:11:01.371399] EP IN  0x81 len=64 096d200000007727845f288330000000000000000000000000000000000000000000000000000000000000000000000000000000000000000000000000000000
[12:11:01.372660] EP OUT 0x03 len=0 
[12:11:01.375281] EP IN  0x81 len=64 0970200000007847845f288330000000000000000000000000000000000000000000000000000000000000000000000000000000000000000000000000000000
[12:11:01.376643] EP OUT 0x03 len=0 
[12:11:01.378431] EP OUT 0x03 len=0 
[12:11:01.380275] EP OUT 0x03 len=0 
[12:11:01.381939] EP OUT 0x03 len=0 
[12:11:01.384393] EP OUT 0x03 len=0 
[12:11:01.387312] EP IN  0x81 len=64 0971200000007837845f288330000000000000000000000000000000000000000000000000000000000000000000000000000000000000000000000000000000
[12:11:01.388475] EP OUT 0x03 len=0 
[12:11:01.391309] EP IN  0x81 len=64 0974200000007837845f288330000000000000000000000000000000000000000000000000000000000000000000000000000000000000000000000000000000
[12:11:01.392792] EP OUT 0x03 len=0 
[12:11:01.395274] EP OUT 0x03 len=0 
[12:11:01.397193] EP OUT 0x03 len=0 
[12:11:01.399497] EP OUT 0x03 len=0 
[12:11:01.401337] EP OUT 0x03 len=0 
[12:11:01.408025] EP OUT 0x03 len=0 
[12:11:01.411302] EP IN  0x81 len=64 0975200000007837845f388330000000000000000000000000000000000000000000000000000000000000000000000000000000000000000000000000000000
[12:11:01.412464] EP OUT 0x03 len=0 
[12:11:01.415300] EP IN  0x81 len=64 097a200000007847845e288330000000000000000000000000000000000000000000000000000000000000000000000000000000000000000000000000000000
[12:11:01.416865] EP OUT 0x03 len=0 
[12:11:01.419331] EP OUT 0x03 len=0 
[12:11:01.421128] EP OUT 0x03 len=0 
[12:11:01.423312] EP OUT 0x03 len=0 
[12:11:01.427407] EP IN  0x81 len=64 097b200000007747845f288330000000000000000000000000000000000000000000000000000000000000000000000000000000000000000000000000000000
[12:11:01.428714] EP OUT 0x03 len=0 
[12:11:01.431379] EP IN  0x81 len=64 097e200000007747845f288330000000000000000000000000000000000000000000000000000000000000000000000000000000000000000000000000000000
[12:11:01.432807] EP OUT 0x03 len=0 
[12:11:01.434508] EP OUT 0x03 len=0 
[12:11:01.436396] EP OUT 0x03 len=0 
[12:11:01.438259] EP OUT 0x03 len=0 
[12:11:01.440245] EP OUT 0x03 len=0 
[12:11:01.443408] EP IN  0x81 len=64 097f200000007837845f388330000000000000000000000000000000000000000000000000000000000000000000000000000000000000000000000000000000
[12:11:01.444725] EP OUT 0x03 len=0 
[12:11:01.447297] EP IN  0x81 len=64 0982200000007747845f388330000000000000000000000000000000000000000000000000000000000000000000000000000000000000000000000000000000
[12:11:01.448707] EP OUT 0x03 len=0 
[12:11:01.450504] EP OUT 0x03 len=0 
[12:11:01.452476] EP OUT 0x03 len=0 
[12:11:01.454262] EP OUT 0x03 len=0 
[12:11:01.456173] EP OUT 0x03 len=0 
[12:11:01.459381] EP IN  0x81 len=64 0983200000007747845f288330000000000000000000000000000000000000000000000000000000000000000000000000000000000000000000000000000000
[12:11:01.460617] EP OUT 0x03 len=0 
[12:11:01.463309] EP IN  0x81 len=64 0986200000007847845f288330000000000000000000000000000000000000000000000000000000000000000000000000000000000000000000000000000000
[12:11:01.464888] EP OUT 0x03 len=0 
[12:11:01.467340] EP OUT 0x03 len=0 
[12:11:01.469316] EP OUT 0x03 len=0 
[12:11:01.471132] EP OUT 0x03 len=0 
[12:11:01.473014] EP OUT 0x03 len=0 
[12:11:01.479667] EP OUT 0x03 len=0 
[12:11:01.483292] EP IN  0x81 len=64 0987200000007837845f388330000000000000000000000000000000000000000000000000000000000000000000000000000000000000000000000000000000
[12:11:01.484400] EP OUT 0x03 len=0 
[12:11:01.487291] EP IN  0x81 len=64 098c200000007837845f288330000000000000000000000000000000000000000000000000000000000000000000000000000000000000000000000000000000
[12:11:01.488689] EP OUT 0x03 len=0 
[12:11:01.490355] EP OUT 0x03 len=0 
[12:11:01.492357] EP OUT 0x03 len=0 
[12:11:01.494251] EP OUT 0x03 len=0 
[12:11:01.496231] EP OUT 0x03 len=0 
[12:11:01.499299] EP IN  0x81 len=64 098d200000007847845f288330000000000000000000000000000000000000000000000000000000000000000000000000000000000000000000000000000000
[12:11:01.500566] EP OUT 0x03 len=0 
[12:11:01.503285] EP IN  0x81 len=64 0990200000007737845f288330000000000000000000000000000000000000000000000000000000000000000000000000000000000000000000000000000000
[12:11:01.504742] EP OUT 0x03 len=0 
[12:11:01.506544] EP OUT 0x03 len=0 
[12:11:01.508463] EP OUT 0x03 len=0 
[12:11:01.510328] EP OUT 0x03 len=0 
[12:11:01.512255] EP OUT 0x03 len=0 
[12:11:01.515294] EP IN  0x81 len=64 0991200000007847845f288330000000000000000000000000000000000000000000000000000000000000000000000000000000000000000000000000000000
[12:11:01.516502] EP OUT 0x03 len=0 
[12:11:01.519426] EP IN  0x81 len=64 0994200000007837845f288330000000000000000000000000000000000000000000000000000000000000000000000000000000000000000000000000000000
[12:11:01.520736] EP OUT 0x03 len=0 
[12:11:01.522394] EP OUT 0x03 len=0 
[12:11:01.524283] EP OUT 0x03 len=0 
[12:11:01.525949] EP OUT 0x03 len=0 
[12:11:01.528194] EP OUT 0x03 len=0 
[12:11:01.531290] EP IN  0x81 len=64 0995200000007847845f288330000000000000000000000000000000000000000000000000000000000000000000000000000000000000000000000000000000
[12:11:01.532399] EP OUT 0x03 len=0 
[12:11:01.535291] EP IN  0x81 len=64 0998200000007847845f288330000000000000000000000000000000000000000000000000000000000000000000000000000000000000000000000000000000
[12:11:01.536681] EP OUT 0x03 len=0 
[12:11:01.538341] EP OUT 0x03 len=0 
[12:11:01.540247] EP OUT 0x03 len=0 
[12:11:01.542357] EP OUT 0x03 len=0 
[12:11:01.544199] EP OUT 0x03 len=0 
[12:11:01.547281] EP IN  0x81 len=64 0999200000007847845f288330000000000000000000000000000000000000000000000000000000000000000000000000000000000000000000000000000000
[12:11:01.548355] EP OUT 0x03 len=0 
[12:11:01.550176] EP OUT 0x03 len=0 
[12:11:01.552172] EP OUT 0x03 len=0 
[12:11:01.555291] EP IN  0x81 len=64 099c200000007837845f288330000000000000000000000000000000000000000000000000000000000000000000000000000000000000000000000000000000
[12:11:01.556418] EP OUT 0x03 len=0 
[12:11:01.559374] EP IN  0x81 len=64 099e200000007837845f388330000000000000000000000000000000000000000000000000000000000000000000000000000000000000000000000000000000
[12:11:01.560656] EP OUT 0x03 len=0 
[12:11:01.562286] EP OUT 0x03 len=0 
[12:11:01.564241] EP OUT 0x03 len=0 
[12:11:01.566406] EP OUT 0x03 len=0 
[12:11:01.568188] EP OUT 0x03 len=0 
[12:11:01.571377] EP IN  0x81 len=64 099f200000007937845f288330000000000000000000000000000000000000000000000000000000000000000000000000000000000000000000000000000000
[12:11:01.572519] EP OUT 0x03 len=0 
[12:11:01.575301] EP IN  0x81 len=64 09a2200000007837845f188330000000000000000000000000000000000000000000000000000000000000000000000000000000000000000000000000000000
[12:11:01.576670] EP OUT 0x03 len=0 
[12:11:01.578293] EP OUT 0x03 len=0 
[12:11:01.580242] EP OUT 0x03 len=0 
[12:11:01.582397] EP OUT 0x03 len=0 
[12:11:01.584188] EP OUT 0x03 len=0 
[12:11:01.587300] EP IN  0x81 len=64 09a3200000007847845f388330000000000000000000000000000000000000000000000000000000000000000000000000000000000000000000000000000000
[12:11:01.588423] EP OUT 0x03 len=0 
[12:11:01.591286] EP IN  0x81 len=64 09a6200000007837845f388330000000000000000000000000000000000000000000000000000000000000000000000000000000000000000000000000000000
[12:11:01.592669] EP OUT 0x03 len=0 
[12:11:01.594318] EP OUT 0x03 len=0 
[12:11:01.596298] EP OUT 0x03 len=0 
[12:11:01.598193] EP OUT 0x03 len=0 
[12:11:01.600166] EP OUT 0x03 len=0 
[12:11:01.603286] EP IN  0x81 len=64 09a7200000007747845f288330000000000000000000000000000000000000000000000000000000000000000000000000000000000000000000000000000000
[12:11:01.604503] EP OUT 0x03 len=0 
[12:11:01.607359] EP IN  0x81 len=64 09aa200000007737845f288330000000000000000000000000000000000000000000000000000000000000000000000000000000000000000000000000000000
[12:11:01.608812] EP OUT 0x03 len=0 
[12:11:01.610573] EP OUT 0x03 len=0 
[12:11:01.612450] EP OUT 0x03 len=0 
[12:11:01.614338] EP OUT 0x03 len=0 
[12:11:01.616142] EP OUT 0x03 len=0 
[12:11:01.619290] EP IN  0x81 len=64 09ab200000007837845f388330000000000000000000000000000000000000000000000000000000000000000000000000000000000000000000000000000000
[12:11:01.620473] EP OUT 0x03 len=0 
[12:11:01.623381] EP IN  0x81 len=64 09ae200000007837845f288330000000000000000000000000000000000000000000000000000000000000000000000000000000000000000000000000000000
[12:11:01.624817] EP OUT 0x03 len=0 
[12:11:01.626540] EP OUT 0x03 len=0 
[12:11:01.628302] EP OUT 0x03 len=0 
[12:11:01.630240] EP OUT 0x03 len=0 
[12:11:01.632280] EP OUT 0x03 len=0 
[12:11:01.635392] EP IN  0x81 len=64 09af200000007847845f188330000000000000000000000000000000000000000000000000000000000000000000000000000000000000000000000000000000
[12:11:01.636673] EP OUT 0x03 len=0 
[12:11:01.639375] EP IN  0x81 len=64 09b2200000007847845f288330000000000000000000000000000000000000000000000000000000000000000000000000000000000000000000000000000000
[12:11:01.640707] EP OUT 0x03 len=0 
[12:11:01.642389] EP OUT 0x03 len=0 
[12:11:01.644348] EP OUT 0x03 len=0 
[12:11:01.646214] EP OUT 0x03 len=0 
[12:11:01.648249] EP OUT 0x03 len=0 
[12:11:01.651379] EP IN  0x81 len=64 09b3200000007747845f388330000000000000000000000000000000000000000000000000000000000000000000000000000000000000000000000000000000
[12:11:01.652577] EP OUT 0x03 len=0 
[12:11:01.655298] EP IN  0x81 len=64 09b6200000007747845f288330000000000000000000000000000000000000000000000000000000000000000000000000000000000000000000000000000000
[12:11:01.656843] EP OUT 0x03 len=0 
[12:11:01.659198] EP OUT 0x03 len=0 
[12:11:01.662341] EP OUT 0x03 len=0 
[12:11:01.664160] EP OUT 0x03 len=0 
[12:11:01.667287] EP IN  0x81 len=64 09b7200000007847845f288330000000000000000000000000000000000000000000000000000000000000000000000000000000000000000000000000000000
[12:11:01.668435] EP OUT 0x03 len=0 
[12:11:01.671370] EP IN  0x81 len=64 09ba200000007847845f288330000000000000000000000000000000000000000000000000000000000000000000000000000000000000000000000000000000
[12:11:01.672658] EP OUT 0x03 len=0 
[12:11:01.674268] EP OUT 0x03 len=0 
[12:11:01.676272] EP OUT 0x03 len=0 
[12:11:01.677944] EP OUT 0x03 len=0 
[12:11:01.680209] EP OUT 0x03 len=0 
[12:11:01.683376] EP IN  0x81 len=64 09bb200000007837845f288330000000000000000000000000000000000000000000000000000000000000000000000000000000000000000000000000000000
[12:11:01.684549] EP OUT 0x03 len=0 
[12:11:01.687297] EP IN  0x81 len=64 09be200000007747845f288330000000000000000000000000000000000000000000000000000000000000000000000000000000000000000000000000000000
[12:11:01.688693] EP OUT 0x03 len=0 
[12:11:01.690350] EP OUT 0x03 len=0 
[12:11:01.692278] EP OUT 0x03 len=0 
[12:11:01.693963] EP OUT 0x03 len=0 
[12:11:01.696267] EP OUT 0x03 len=0 
[12:11:01.699292] EP IN  0x81 len=64 09bf200000007847845f288330000000000000000000000000000000000000000000000000000000000000000000000000000000000000000000000000000000
[12:11:01.700432] EP OUT 0x03 len=0 
[12:11:01.703288] EP IN  0x81 len=64 09c2200000007837845f288330000000000000000000000000000000000000000000000000000000000000000000000000000000000000000000000000000000
[12:11:01.704674] EP OUT 0x03 len=0 
[12:11:01.706307] EP OUT 0x03 len=0 
[12:11:01.708376] EP OUT 0x03 len=0 
[12:11:01.710169] EP OUT 0x03 len=0 
[12:11:01.711974] EP OUT 0x03 len=0 
[12:11:01.715388] EP IN  0x81 len=64 09c3200000007837845f288330000000000000000000000000000000000000000000000000000000000000000000000000000000000000000000000000000000
[12:11:01.716525] EP OUT 0x03 len=0 
[12:11:01.719378] EP IN  0x81 len=64 09c6200000007747845e388330000000000000000000000000000000000000000000000000000000000000000000000000000000000000000000000000000000
[12:11:01.720715] EP OUT 0x03 len=0 
[12:11:01.722362] EP OUT 0x03 len=0 
[12:11:01.724295] EP OUT 0x03 len=0 
[12:11:01.725966] EP OUT 0x03 len=0 
[12:11:01.728232] EP OUT 0x03 len=0 
[12:11:01.731374] EP IN  0x81 len=64 09c7200000007837845e288330000000000000000000000000000000000000000000000000000000000000000000000000000000000000000000000000000000
[12:11:01.732532] EP OUT 0x03 len=0 
[12:11:01.735298] EP IN  0x81 len=64 09ca200000007837845f288330000000000000000000000000000000000000000000000000000000000000000000000000000000000000000000000000000000
[12:11:01.736704] EP OUT 0x03 len=0 
[12:11:01.738323] EP OUT 0x03 len=0 
[12:11:01.740283] EP OUT 0x03 len=0 
[12:11:01.742196] EP OUT 0x03 len=0 
[12:11:01.744183] EP OUT 0x03 len=0 
[12:11:01.747307] EP IN  0x81 len=64 09cb200000007847845f288330000000000000000000000000000000000000000000000000000000000000000000000000000000000000000000000000000000
[12:11:01.748419] EP OUT 0x03 len=0 
[12:11:01.751391] EP IN  0x81 len=64 09ce200000007737845f388330000000000000000000000000000000000000000000000000000000000000000000000000000000000000000000000000000000
[12:11:01.752740] EP OUT 0x03 len=0 
[12:11:01.754439] EP OUT 0x03 len=0 
[12:11:01.756259] EP OUT 0x03 len=0 
[12:11:01.758403] EP OUT 0x03 len=0 
[12:11:01.760221] EP OUT 0x03 len=0 
[12:11:01.763293] EP IN  0x81 len=64 09cf200000007847845f288330000000000000000000000000000000000000000000000000000000000000000000000000000000000000000000000000000000
[12:11:01.764415] EP OUT 0x03 len=0 
[12:11:01.767367] EP IN  0x81 len=64 09d2200000007737845f288330000000000000000000000000000000000000000000000000000000000000000000000000000000000000000000000000000000
[12:11:01.768693] EP OUT 0x03 len=0 
[12:11:01.770336] EP OUT 0x03 len=0 
[12:11:01.772233] EP OUT 0x03 len=0 
[12:11:01.774400] EP OUT 0x03 len=0 
[12:11:01.776189] EP OUT 0x03 len=0 
[12:11:01.779305] EP IN  0x81 len=64 09d3200000007837845f288330000000000000000000000000000000000000000000000000000000000000000000000000000000000000000000000000000000
[12:11:01.780425] EP OUT 0x03 len=0 
[12:11:01.783370] EP IN  0x81 len=64 09d6200000007847845f288330000000000000000000000000000000000000000000000000000000000000000000000000000000000000000000000000000000
[12:11:01.784667] EP OUT 0x03 len=0 
[12:11:01.786303] EP OUT 0x03 len=0 
[12:11:01.788235] EP OUT 0x03 len=0 
[12:11:01.790333] EP OUT 0x03 len=0 
[12:11:01.792172] EP OUT 0x03 len=0 
[12:11:01.795273] EP IN  0x81 len=64 09d7200000007737845f288330000000000000000000000000000000000000000000000000000000000000000000000000000000000000000000000000000000
[12:11:01.796425] EP OUT 0x03 len=0 
[12:11:01.798177] EP OUT 0x03 len=0 
[12:11:01.800171] EP OUT 0x03 len=0 
[12:11:01.803289] EP IN  0x81 len=64 09da200000007837845f288330000000000000000000000000000000000000000000000000000000000000000000000000000000000000000000000000000000
[12:11:01.804398] EP OUT 0x03 len=0 
[12:11:01.806141] EP OUT 0x03 len=0 
[12:11:01.808158] EP OUT 0x03 len=0 
[12:11:01.811380] EP IN  0x81 len=64 09dc200000007837845f288330000000000000000000000000000000000000000000000000000000000000000000000000000000000000000000000000000000
[12:11:01.812521] EP OUT 0x03 len=0 
[12:11:01.815311] EP IN  0x81 len=64 09de200000007737845e288330000000000000000000000000000000000000000000000000000000000000000000000000000000000000000000000000000000
[12:11:01.816866] EP OUT 0x03 len=0 
[12:11:01.819289] EP OUT 0x03 len=0 
[12:11:01.821094] EP OUT 0x03 len=0 
[12:11:01.823251] EP OUT 0x03 len=0 
[12:11:01.827336] EP IN  0x81 len=64 09df200000007837845f288330000000000000000000000000000000000000000000000000000000000000000000000000000000000000000000000000000000
[12:11:01.828583] EP OUT 0x03 len=0 
[12:11:01.831406] EP IN  0x81 len=64 09e2200000007847845e288330000000000000000000000000000000000000000000000000000000000000000000000000000000000000000000000000000000
[12:11:01.832871] EP OUT 0x03 len=0 
[12:11:01.835287] EP OUT 0x03 len=0 
[12:11:01.837206] EP OUT 0x03 len=0 
[12:11:01.838944] EP OUT 0x03 len=0 
[12:11:01.843406] EP IN  0x81 len=64 09e3200000007747845f288330000000000000000000000000000000000000000000000000000000000000000000000000000000000000000000000000000000
[12:11:01.844689] EP OUT 0x03 len=0 
[12:11:01.847297] EP IN  0x81 len=64 09e62000000077478460288330000000000000000000000000000000000000000000000000000000000000000000000000000000000000000000000000000000
[12:11:01.848661] EP OUT 0x03 len=0 
[12:11:01.850462] EP OUT 0x03 len=0 
[12:11:01.852505] EP OUT 0x03 len=0 
[12:11:01.854254] EP OUT 0x03 len=0 
[12:11:01.856236] EP OUT 0x03 len=0 
[12:11:01.859372] EP IN  0x81 len=64 09e7200000007847845f288330000000000000000000000000000000000000000000000000000000000000000000000000000000000000000000000000000000
[12:11:01.860635] EP OUT 0x03 len=0 
[12:11:01.863306] EP IN  0x81 len=64 09ea200000007837845f288330000000000000000000000000000000000000000000000000000000000000000000000000000000000000000000000000000000
[12:11:01.864866] EP OUT 0x03 len=0 
[12:11:01.867319] EP OUT 0x03 len=0 
[12:11:01.869326] EP OUT 0x03 len=0 
[12:11:01.871143] EP OUT 0x03 len=0 
[12:11:01.875302] EP IN  0x81 len=64 09eb200000007747845e388330000000000000000000000000000000000000000000000000000000000000000000000000000000000000000000000000000000
[12:11:01.876539] EP OUT 0x03 len=0 
[12:11:01.879405] EP IN  0x81 len=64 09ee200000007947845f288330000000000000000000000000000000000000000000000000000000000000000000000000000000000000000000000000000000
[12:11:01.880885] EP OUT 0x03 len=0 
[12:11:01.883175] EP OUT 0x03 len=0 
[12:11:01.886384] EP OUT 0x03 len=0 
[12:11:01.888163] EP OUT 0x03 len=0 
[12:11:01.891389] EP IN  0x81 len=64 09ef200000007847845f388330000000000000000000000000000000000000000000000000000000000000000000000000000000000000000000000000000000
[12:11:01.892605] EP OUT 0x03 len=0 
[12:11:01.895304] EP IN  0x81 len=64 09f2200020007737845f288330000000000000000000000000000000000000000000000000000000000000000000000000000000000000000000000000000000
[12:11:01.896753] EP OUT 0x03 len=0 
[12:11:01.898663] EP OUT 0x03 len=0 
[12:11:01.900643] EP OUT 0x03 len=0 
[12:11:01.902495] EP OUT 0x03 len=0 
[12:11:01.904341] EP OUT 0x03 len=0 
[12:11:01.907355] EP IN  0x81 len=64 09f3200020007837845f288330000000000000000000000000000000000000000000000000000000000000000000000000000000000000000000000000000000
[12:11:01.908655] EP OUT 0x03 len=0 
[12:11:01.911389] EP IN  0x81 len=64 09f6200020007837845f288330000000000000000000000000000000000000000000000000000000000000000000000000000000000000000000000000000000
[12:11:01.912892] EP OUT 0x03 len=0 
[12:11:01.915289] EP OUT 0x03 len=0 
[12:11:01.917155] EP OUT 0x03 len=0 
[12:11:01.919024] EP OUT 0x03 len=0 
[12:11:01.923325] EP IN  0x81 len=64 09f7200020007937845f288330000000000000000000000000000000000000000000000000000000000000000000000000000000000000000000000000000000
[12:11:01.924613] EP OUT 0x03 len=0 
[12:11:01.927399] EP IN  0x81 len=64 09fa200020007847845f288330000000000000000000000000000000000000000000000000000000000000000000000000000000000000000000000000000000
[12:11:01.928875] EP OUT 0x03 len=0 
[12:11:01.931211] EP OUT 0x03 len=0 
[12:11:01.933030] EP OUT 0x03 len=0 
[12:11:01.935469] EP OUT 0x03 len=0 
[12:11:01.939420] EP IN  0x81 len=64 09fb200020007837845f288330000000000000000000000000000000000000000000000000000000000000000000000000000000000000000000000000000000
[12:11:01.940703] EP OUT 0x03 len=0 
[12:11:01.943353] EP IN  0x81 len=64 09fe200020007737845e388330000000000000000000000000000000000000000000000000000000000000000000000000000000000000000000000000000000
[12:11:01.944809] EP OUT 0x03 len=0 
[12:11:01.947325] EP OUT 0x03 len=0 
[12:11:01.949293] EP OUT 0x03 len=0 
[12:11:01.951139] EP OUT 0x03 len=0 
[12:11:01.953022] EP OUT 0x03 len=0 
[12:11:01.955285] EP IN  0x81 len=64 09ff200020007737845f288330000000000000000000000000000000000000000000000000000000000000000000000000000000000000000000000000000000
[12:11:01.956407] EP OUT 0x03 len=0 
[12:11:01.959384] EP IN  0x81 len=64 0902200020007737845f288330000000000000000000000000000000000000000000000000000000000000000000000000000000000000000000000000000000
[12:11:01.960869] EP OUT 0x03 len=0 
[12:11:01.963239] EP OUT 0x03 len=0 
[12:11:01.965023] EP OUT 0x03 len=0 
[12:11:01.967407] EP OUT 0x03 len=0 
[12:11:01.971386] EP IN  0x81 len=64 0903200020007837845f188330000000000000000000000000000000000000000000000000000000000000000000000000000000000000000000000000000000
[12:11:01.972687] EP OUT 0x03 len=0 
[12:11:01.975395] EP IN  0x81 len=64 0906200020007847845f288330000000000000000000000000000000000000000000000000000000000000000000000000000000000000000000000000000000
[12:11:01.976845] EP OUT 0x03 len=0 
[12:11:01.979276] EP OUT 0x03 len=0 
[12:11:01.981204] EP OUT 0x03 len=0 
[12:11:01.983034] EP OUT 0x03 len=0 
[12:11:01.987309] EP IN  0x81 len=64 0907200020007747845f188330000000000000000000000000000000000000000000000000000000000000000000000000000000000000000000000000000000
[12:11:01.988540] EP OUT 0x03 len=0 
[12:11:01.991285] EP IN  0x81 len=64 090a2000200077478460288330000000000000000000000000000000000000000000000000000000000000000000000000000000000000000000000000000000
[12:11:01.992751] EP OUT 0x03 len=0 
[12:11:01.994629] EP OUT 0x03 len=0 
[12:11:01.996431] EP OUT 0x03 len=0 
[12:11:01.998176] EP OUT 0x03 len=0 
[12:11:02.000324] EP OUT 0x03 len=0 
[12:11:02.003285] EP IN  0x81 len=64 090b200020007737845f288330000000000000000000000000000000000000000000000000000000000000000000000000000000000000000000000000000000
[12:11:02.004483] EP OUT 0x03 len=0 
[12:11:02.007376] EP IN  0x81 len=64 090e200020007847845f288330000000000000000000000000000000000000000000000000000000000000000000000000000000000000000000000000000000
[12:11:02.008818] EP OUT 0x03 len=0 
[12:11:02.011264] EP OUT 0x03 len=0 
[12:11:02.013196] EP OUT 0x03 len=0 
[12:11:02.015040] EP OUT 0x03 len=0 
[12:11:02.019397] EP IN  0x81 len=64 090f200020007837845f188330000000000000000000000000000000000000000000000000000000000000000000000000000000000000000000000000000000
[12:11:02.020601] EP OUT 0x03 len=0 
[12:11:02.023310] EP IN  0x81 len=64 0912200020007847845f388330000000000000000000000000000000000000000000000000000000000000000000000000000000000000000000000000000000
[12:11:02.024868] EP OUT 0x03 len=0 
[12:11:02.027188] EP OUT 0x03 len=0 
[12:11:02.030344] EP OUT 0x03 len=0 
[12:11:02.032314] EP OUT 0x03 len=0 
[12:11:02.035308] EP IN  0x81 len=64 0913200020007847845f288330000000000000000000000000000000000000000000000000000000000000000000000000000000000000000000000000000000
[12:11:02.036594] EP OUT 0x03 len=0 
[12:11:02.039302] EP IN  0x81 len=64 0916200020007847845f288330000000000000000000000000000000000000000000000000000000000000000000000000000000000000000000000000000000
[12:11:02.040703] EP OUT 0x03 len=0 
[12:11:02.042528] EP OUT 0x03 len=0 
[12:11:02.044496] EP OUT 0x03 len=0 
[12:11:02.046368] EP OUT 0x03 len=0 
[12:11:02.048356] EP OUT 0x03 len=0 
[12:11:02.051391] EP IN  0x81 len=64 0917200020007837845f188330000000000000000000000000000000000000000000000000000000000000000000000000000000000000000000000000000000
[12:11:02.052725] EP OUT 0x03 len=0 
[12:11:02.055375] EP IN  0x81 len=64 091a200020007837845f288330000000000000000000000000000000000000000000000000000000000000000000000000000000000000000000000000000000
[12:11:02.056856] EP OUT 0x03 len=0 
[12:11:02.059267] EP OUT 0x03 len=0 
[12:11:02.061253] EP OUT 0x03 len=0 
[12:11:02.063098] EP OUT 0x03 len=0 
[12:11:02.067315] EP IN  0x81 len=64 091b200020007847845f288330000000000000000000000000000000000000000000000000000000000000000000000000000000000000000000000000000000
[12:11:02.068595] EP OUT 0x03 len=0 
[12:11:02.071373] EP IN  0x81 len=64 091e200020007847845f288330000000000000000000000000000000000000000000000000000000000000000000000000000000000000000000000000000000
[12:11:02.072688] EP OUT 0x03 len=0 
[12:11:02.074407] EP OUT 0x03 len=0 
[12:11:02.076416] EP OUT 0x03 len=0 
[12:11:02.078385] EP OUT 0x03 len=0 
[12:11:02.080349] EP OUT 0x03 len=0 
[12:11:02.083395] EP IN  0x81 len=64 091f200020007837845f288330000000000000000000000000000000000000000000000000000000000000000000000000000000000000000000000000000000
[12:11:02.084713] EP OUT 0x03 len=0 
[12:11:02.087288] EP IN  0x81 len=64 0922200000007837845e288330000000000000000000000000000000000000000000000000000000000000000000000000000000000000000000000000000000
[12:11:02.088790] EP OUT 0x03 len=0 
[12:11:02.090663] EP OUT 0x03 len=0 
[12:11:02.092576] EP OUT 0x03 len=0 
[12:11:02.094418] EP OUT 0x03 len=0 
[12:11:02.096263] EP OUT 0x03 len=0 
[12:11:02.099281] EP IN  0x81 len=64 0923200000007847845f388330000000000000000000000000000000000000000000000000000000000000000000000000000000000000000000000000000000
[12:11:02.100426] EP OUT 0x03 len=0 
[12:11:02.102211] EP OUT 0x03 len=0 
[12:11:02.104171] EP OUT 0x03 len=0 
[12:11:02.107294] EP IN  0x81 len=64 0926200000007847845f288330000000000000000000000000000000000000000000000000000000000000000000000000000000000000000000000000000000
[12:11:02.108564] EP OUT 0x03 len=0 
[12:11:02.111384] EP IN  0x81 len=64 0928200000007837845e388330000000000000000000000000000000000000000000000000000000000000000000000000000000000000000000000000000000
[12:11:02.112823] EP OUT 0x03 len=0 
[12:11:02.114651] EP OUT 0x03 len=0 
[12:11:02.116487] EP OUT 0x03 len=0 
[12:11:02.118325] EP OUT 0x03 len=0 
[12:11:02.120285] EP OUT 0x03 len=0 
[12:11:02.123374] EP IN  0x81 len=64 0929200000007837845f388330000000000000000000000000000000000000000000000000000000000000000000000000000000000000000000000000000000
[12:11:02.124661] EP OUT 0x03 len=0 
[12:11:02.127378] EP IN  0x81 len=64 092c200000007847845f388330000000000000000000000000000000000000000000000000000000000000000000000000000000000000000000000000000000
[12:11:02.128874] EP OUT 0x03 len=0 
[12:11:02.131344] EP OUT 0x03 len=0 
[12:11:02.133332] EP OUT 0x03 len=0 
[12:11:02.135223] EP OUT 0x03 len=0 
[12:11:02.137038] EP OUT 0x03 len=0 
[12:11:02.139283] EP IN  0x81 len=64 092d200000007847845f288330000000000000000000000000000000000000000000000000000000000000000000000000000000000000000000000000000000
[12:11:02.140494] EP OUT 0x03 len=0 
[12:11:02.143392] EP IN  0x81 len=64 0930200000007847845f388330000000000000000000000000000000000000000000000000000000000000000000000000000000000000000000000000000000
[12:11:02.144930] EP OUT 0x03 len=0 
[12:11:02.147215] EP OUT 0x03 len=0 
[12:11:02.149038] EP OUT 0x03 len=0 
[12:11:02.151517] EP OUT 0x03 len=0 
[12:11:02.153403] EP OUT 0x03 len=0 
[12:11:02.160202] EP OUT 0x03 len=0 
[12:11:02.163296] EP IN  0x81 len=64 0935200000007737845f288330000000000000000000000000000000000000000000000000000000000000000000000000000000000000000000000000000000
[12:11:02.164619] EP OUT 0x03 len=0 
[12:11:02.167373] EP IN  0x81 len=64 0936200000007847845e288330000000000000000000000000000000000000000000000000000000000000000000000000000000000000000000000000000000
[12:11:02.168889] EP OUT 0x03 len=0 
[12:11:02.171181] EP OUT 0x03 len=0 
[12:11:02.174374] EP OUT 0x03 len=0 
[12:11:02.176288] EP OUT 0x03 len=0 
[12:11:02.179301] EP IN  0x81 len=64 0937200000007837845e288330000000000000000000000000000000000000000000000000000000000000000000000000000000000000000000000000000000
[12:11:02.180455] EP OUT 0x03 len=0 
[12:11:02.183394] EP IN  0x81 len=64 093a200000007847845f288330000000000000000000000000000000000000000000000000000000000000000000000000000000000000000000000000000000
[12:11:02.184873] EP OUT 0x03 len=0 
[12:11:02.187312] EP OUT 0x03 len=0 
[12:11:02.189221] EP OUT 0x03 len=0 
[12:11:02.191095] EP OUT 0x03 len=0 
[12:11:02.195297] EP IN  0x81 len=64 093b200000007847845f188330000000000000000000000000000000000000000000000000000000000000000000000000000000000000000000000000000000
[12:11:02.196581] EP OUT 0x03 len=0 
[12:11:02.199302] EP IN  0x81 len=64 093e200000007847845f288330000000000000000000000000000000000000000000000000000000000000000000000000000000000000000000000000000000
[12:11:02.200915] EP OUT 0x03 len=0 
[12:11:02.203216] EP OUT 0x03 len=0 
[12:11:02.206319] EP OUT 0x03 len=0 
[12:11:02.208290] EP OUT 0x03 len=0 
[12:11:02.211409] EP IN  0x81 len=64 093f2000000078378460288330000000000000000000000000000000000000000000000000000000000000000000000000000000000000000000000000000000
[12:11:02.212610] EP OUT 0x03 len=0 
[12:11:02.215282] EP IN  0x81 len=64 0942200020007847845f288330000000000000000000000000000000000000000000000000000000000000000000000000000000000000000000000000000000
[12:11:02.216765] EP OUT 0x03 len=0 
[12:11:02.218619] EP OUT 0x03 len=0 
[12:11:02.220519] EP OUT 0x03 len=0 
[12:11:02.222438] EP OUT 0x03 len=0 
[12:11:02.224381] EP OUT 0x03 len=0 
[12:11:02.227316] EP IN  0x81 len=64 0943200020007837845f288330000000000000000000000000000000000000000000000000000000000000000000000000000000000000000000000000000000
[12:11:02.228572] EP OUT 0x03 len=0 
[12:11:02.231396] EP IN  0x81 len=64 0946200020007747845f288330000000000000000000000000000000000000000000000000000000000000000000000000000000000000000000000000000000
[12:11:02.232879] EP OUT 0x03 len=0 
[12:11:02.235299] EP OUT 0x03 len=0 
[12:11:02.237188] EP OUT 0x03 len=0 
[12:11:02.239005] EP OUT 0x03 len=0 
[12:11:02.243289] EP IN  0x81 len=64 0947200020007837845f288330000000000000000000000000000000000000000000000000000000000000000000000000000000000000000000000000000000
[12:11:02.244579] EP OUT 0x03 len=0 
[12:11:02.247373] EP IN  0x81 len=64 094a200020007847845e288330000000000000000000000000000000000000000000000000000000000000000000000000000000000000000000000000000000
[12:11:02.248703] EP OUT 0x03 len=0 
[12:11:02.250543] EP OUT 0x03 len=0 
[12:11:02.252505] EP OUT 0x03 len=0 
[12:11:02.254277] EP OUT 0x03 len=0 
[12:11:02.256288] EP OUT 0x03 len=0 
[12:11:02.259380] EP IN  0x81 len=64 094b200020007837845e288330000000000000000000000000000000000000000000000000000000000000000000000000000000000000000000000000000000
[12:11:02.260706] EP OUT 0x03 len=0 
[12:11:02.263307] EP IN  0x81 len=64 094e200020007837845e288330000000000000000000000000000000000000000000000000000000000000000000000000000000000000000000000000000000
[12:11:02.264884] EP OUT 0x03 len=0 
[12:11:02.267346] EP OUT 0x03 len=0 
[12:11:02.269305] EP OUT 0x03 len=0 
[12:11:02.271163] EP OUT 0x03 len=0 
[12:11:02.272972] EP OUT 0x03 len=0 
[12:11:02.275286] EP IN  0x81 len=64 094f200020007847845f288330000000000000000000000000000000000000000000000000000000000000000000000000000000000000000000000000000000
[12:11:02.276554] EP OUT 0x03 len=0 
[12:11:02.279285] EP IN  0x81 len=64 0952200020007847845e288330000000000000000000000000000000000000000000000000000000000000000000000000000000000000000000000000000000
[12:11:02.280631] EP OUT 0x03 len=0 
[12:11:02.282342] EP OUT 0x03 len=0 
[12:11:02.284385] EP OUT 0x03 len=0 
[12:11:02.286271] EP OUT 0x03 len=0 
[12:11:02.287983] EP OUT 0x03 len=0 
[12:11:02.291390] EP IN  0x81 len=64 09532000200078478460288330000000000000000000000000000000000000000000000000000000000000000000000000000000000000000000000000000000
[12:11:02.292631] EP OUT 0x03 len=0 
[12:11:02.295297] EP IN  0x81 len=64 0956200020007847845f288330000000000000000000000000000000000000000000000000000000000000000000000000000000000000000000000000000000
[12:11:02.296754] EP OUT 0x03 len=0 
[12:11:02.298615] EP OUT 0x03 len=0 
[12:11:02.300579] EP OUT 0x03 len=0 
[12:11:02.302477] EP OUT 0x03 len=0 
[12:11:02.304296] EP OUT 0x03 len=0 
[12:11:02.307367] EP IN  0x81 len=64 0957200020007837845f288330000000000000000000000000000000000000000000000000000000000000000000000000000000000000000000000000000000
[12:11:02.308673] EP OUT 0x03 len=0 
[12:11:02.311396] EP IN  0x81 len=64 095a2000200077478460288330000000000000000000000000000000000000000000000000000000000000000000000000000000000000000000000000000000
[12:11:02.312909] EP OUT 0x03 len=0 
[12:11:02.315272] EP OUT 0x03 len=0 
[12:11:02.318324] EP OUT 0x03 len=0 
[12:11:02.320200] EP OUT 0x03 len=0 
[12:11:02.323373] EP IN  0x81 len=64 095b200020007847845f288330000000000000000000000000000000000000000000000000000000000000000000000000000000000000000000000000000000
[12:11:02.324547] EP OUT 0x03 len=0 
[12:11:02.327373] EP IN  0x81 len=64 095e200020007847845f288330000000000000000000000000000000000000000000000000000000000000000000000000000000000000000000000000000000
[12:11:02.328776] EP OUT 0x03 len=0 
[12:11:02.331362] EP OUT 0x03 len=0 
[12:11:02.333332] EP OUT 0x03 len=0 
[12:11:02.335223] EP OUT 0x03 len=0 
[12:11:02.337062] EP OUT 0x03 len=0 
[12:11:02.343741] EP OUT 0x03 len=0 
[12:11:02.347375] EP IN  0x81 len=64 095f200020007847845e288330000000000000000000000000000000000000000000000000000000000000000000000000000000000000000000000000000000
[12:11:02.348732] EP OUT 0x03 len=0 
[12:11:02.351409] EP IN  0x81 len=64 0964200020007837845f288330000000000000000000000000000000000000000000000000000000000000000000000000000000000000000000000000000000
[12:11:02.352885] EP OUT 0x03 len=0 
[12:11:02.355164] EP OUT 0x03 len=0 
[12:11:02.358443] EP OUT 0x03 len=0 
[12:11:02.360376] EP OUT 0x03 len=0 
[12:11:02.363289] EP IN  0x81 len=64 0965200020007847845f288330000000000000000000000000000000000000000000000000000000000000000000000000000000000000000000000000000000
[12:11:02.364431] EP OUT 0x03 len=0 
[12:11:02.367377] EP IN  0x81 len=64 09682000200077378460288330000000000000000000000000000000000000000000000000000000000000000000000000000000000000000000000000000000
[12:11:02.368873] EP OUT 0x03 len=0 
[12:11:02.371221] EP OUT 0x03 len=0 
[12:11:02.373145] EP OUT 0x03 len=0 
[12:11:02.375022] EP OUT 0x03 len=0 
[12:11:02.379380] EP IN  0x81 len=64 0969200020007837845f288330000000000000000000000000000000000000000000000000000000000000000000000000000000000000000000000000000000
[12:11:02.380705] EP OUT 0x03 len=0 
[12:11:02.383388] EP IN  0x81 len=64 096c200020007837845f288330000000000000000000000000000000000000000000000000000000000000000000000000000000000000000000000000000000
[12:11:02.384865] EP OUT 0x03 len=0 
[12:11:02.387198] EP OUT 0x03 len=0 
[12:11:02.389109] EP OUT 0x03 len=0 
[12:11:02.390931] EP OUT 0x03 len=0 
[12:11:02.395369] EP IN  0x81 len=64 096d200000007747845f188330000000000000000000000000000000000000000000000000000000000000000000000000000000000000000000000000000000
[12:11:02.396551] EP OUT 0x03 len=0 
[12:11:02.399298] EP IN  0x81 len=64 0970200000007737845f288330000000000000000000000000000000000000000000000000000000000000000000000000000000000000000000000000000000
[12:11:02.400895] EP OUT 0x03 len=0 
[12:11:02.403223] EP OUT 0x03 len=0 
[12:11:02.405048] EP OUT 0x03 len=0 
[12:11:02.407482] EP OUT 0x03 len=0 
[12:11:02.409292] EP OUT 0x03 len=0 
[12:11:02.415963] EP OUT 0x03 len=0 
[12:11:02.419403] EP IN  0x81 len=64 0971200000007847845f288330000000000000000000000000000000000000000000000000000000000000000000000000000000000000000000000000000000
[12:11:02.420660] EP OUT 0x03 len=0 
[12:11:02.423393] EP IN  0x81 len=64 0976200000007837845f288330000000000000000000000000000000000000000000000000000000000000000000000000000000000000000000000000000000
[12:11:02.424888] EP OUT 0x03 len=0 
[12:11:02.427323] EP OUT 0x03 len=0 
[12:11:02.429162] EP OUT 0x03 len=0 
[12:11:02.431285] EP OUT 0x03 len=0 
[12:11:02.435302] EP IN  0x81 len=64 0977200000007847845f288330000000000000000000000000000000000000000000000000000000000000000000000000000000000000000000000000000000
[12:11:02.436591] EP OUT 0x03 len=0 
[12:11:02.439377] EP IN  0x81 len=64 097a200000007837845f288330000000000000000000000000000000000000000000000000000000000000000000000000000000000000000000000000000000
[12:11:02.440714] EP OUT 0x03 len=0 
[12:11:02.442526] EP OUT 0x03 len=0 
[12:11:02.444506] EP OUT 0x03 len=0 
[12:11:02.446351] EP OUT 0x03 len=0 
[12:11:02.448305] EP OUT 0x03 len=0 
[12:11:02.451393] EP IN  0x81 len=64 097b200000007847845f288330000000000000000000000000000000000000000000000000000000000000000000000000000000000000000000000000000000
[12:11:02.452716] EP OUT 0x03 len=0 
[12:11:02.455387] EP IN  0x81 len=64 097e200000007837845f288330000000000000000000000000000000000000000000000000000000000000000000000000000000000000000000000000000000
[12:11:02.456890] EP OUT 0x03 len=0 
[12:11:02.459171] EP OUT 0x03 len=0 
[12:11:02.461079] EP OUT 0x03 len=0 
[12:11:02.463413] EP OUT 0x03 len=0 
[12:11:02.467375] EP IN  0x81 len=64 097f200000007747845f388330000000000000000000000000000000000000000000000000000000000000000000000000000000000000000000000000000000
[12:11:02.468650] EP OUT 0x03 len=0 
[12:11:02.471368] EP IN  0x81 len=64 0982200000007837845f288330000000000000000000000000000000000000000000000000000000000000000000000000000000000000000000000000000000
[12:11:02.472688] EP OUT 0x03 len=0 
[12:11:02.474396] EP OUT 0x03 len=0 
[12:11:02.476370] EP OUT 0x03 len=0 
[12:11:02.478351] EP OUT 0x03 len=0 
[12:11:02.480284] EP OUT 0x03 len=0 
[12:11:02.483369] EP IN  0x81 len=64 0983200000007837845f288330000000000000000000000000000000000000000000000000000000000000000000000000000000000000000000000000000000
[12:11:02.484662] EP OUT 0x03 len=0 
[12:11:02.487290] EP IN  0x81 len=64 0986200000007737845f288330000000000000000000000000000000000000000000000000000000000000000000000000000000000000000000000000000000
[12:11:02.488820] EP OUT 0x03 len=0 
[12:11:02.491274] EP OUT 0x03 len=0 
[12:11:02.493195] EP OUT 0x03 len=0 
[12:11:02.495079] EP OUT 0x03 len=0 
[12:11:02.499279] EP IN  0x81 len=64 0987200000007847845f288330000000000000000000000000000000000000000000000000000000000000000000000000000000000000000000000000000000
[12:11:02.500370] EP OUT 0x03 len=0 
[12:11:02.502170] EP OUT 0x03 len=0 
[12:11:02.504232] EP OUT 0x03 len=0 
[12:11:02.507289] EP IN  0x81 len=64 098a200000007837845f388330000000000000000000000000000000000000000000000000000000000000000000000000000000000000000000000000000000
[12:11:02.508570] EP OUT 0x03 len=0 
[12:11:02.511396] EP IN  0x81 len=64 098c200000007847845e288330000000000000000000000000000000000000000000000000000000000000000000000000000000000000000000000000000000
[12:11:02.512899] EP OUT 0x03 len=0 
[12:11:02.515311] EP OUT 0x03 len=0 
[12:11:02.517288] EP OUT 0x03 len=0 
[12:11:02.519163] EP OUT 0x03 len=0 
[12:11:02.520985] EP OUT 0x03 len=0 
[12:11:02.523394] EP IN  0x81 len=64 098d200000007847845f288330000000000000000000000000000000000000000000000000000000000000000000000000000000000000000000000000000000
[12:11:02.524682] EP OUT 0x03 len=0 
[12:11:02.527395] EP IN  0x81 len=64 0990200000007747845f288330000000000000000000000000000000000000000000000000000000000000000000000000000000000000000000000000000000
[12:11:02.528871] EP OUT 0x03 len=0 
[12:11:02.531326] EP OUT 0x03 len=0 
[12:11:02.533300] EP OUT 0x03 len=0 
[12:11:02.535214] EP OUT 0x03 len=0 
[12:11:02.536975] EP OUT 0x03 len=0 
[12:11:02.539284] EP IN  0x81 len=64 0991200000007847845e288330000000000000000000000000000000000000000000000000000000000000000000000000000000000000000000000000000000
[12:11:02.540501] EP OUT 0x03 len=0 
[12:11:02.542329] EP OUT 0x03 len=0 
[12:11:02.544284] EP OUT 0x03 len=0 
[12:11:02.547288] EP IN  0x81 len=64 0994200000007837845f188330000000000000000000000000000000000000000000000000000000000000000000000000000000000000000000000000000000
[12:11:02.548423] EP OUT 0x03 len=0 
[12:11:02.550314] EP OUT 0x03 len=0 
[12:11:02.552319] EP OUT 0x03 len=0 
[12:11:02.555371] EP IN  0x81 len=64 0996200000007837845f288330000000000000000000000000000000000000000000000000000000000000000000000000000000000000000000000000000000
[12:11:02.556658] EP OUT 0x03 len=0 
[12:11:02.559392] EP IN  0x81 len=64 0998200000007847845f388330000000000000000000000000000000000000000000000000000000000000000000000000000000000000000000000000000000
[12:11:02.560856] EP OUT 0x03 len=0 
[12:11:02.563247] EP OUT 0x03 len=0 
[12:11:02.565231] EP OUT 0x03 len=0 
[12:11:02.567084] EP OUT 0x03 len=0 
[12:11:02.571283] EP IN  0x81 len=64 0999200000007847845f288330000000000000000000000000000000000000000000000000000000000000000000000000000000000000000000000000000000
[12:11:02.572381] EP OUT 0x03 len=0 
[12:11:02.574251] EP OUT 0x03 len=0 
[12:11:02.576289] EP OUT 0x03 len=0 
[12:11:02.579298] EP IN  0x81 len=64 099c200000007847845f288330000000000000000000000000000000000000000000000000000000000000000000000000000000000000000000000000000000
[12:11:02.580431] EP OUT 0x03 len=0 
[12:11:02.583384] EP IN  0x81 len=64 099e200000007947845f288330000000000000000000000000000000000000000000000000000000000000000000000000000000000000000000000000000000
[12:11:02.584902] EP OUT 0x03 len=0 
[12:11:02.587320] EP OUT 0x03 len=0 
[12:11:02.589192] EP OUT 0x03 len=0 
[12:11:02.591050] EP OUT 0x03 len=0 
[12:11:02.595305] EP IN  0x81 len=64 099f200000007847845f288330000000000000000000000000000000000000000000000000000000000000000000000000000000000000000000000000000000
[12:11:02.596594] EP OUT 0x03 len=0 
[12:11:02.599289] EP IN  0x81 len=64 09a2200000007847845f388330000000000000000000000000000000000000000000000000000000000000000000000000000000000000000000000000000000
[12:11:02.600882] EP OUT 0x03 len=0 
[12:11:02.603259] EP OUT 0x03 len=0 
[12:11:02.605200] EP OUT 0x03 len=0 
[12:11:02.607013] EP OUT 0x03 len=0 
[12:11:02.611291] EP IN  0x81 len=64 09a3200000007837845f288330000000000000000000000000000000000000000000000000000000000000000000000000000000000000000000000000000000
[12:11:02.612522] EP OUT 0x03 len=0 
[12:11:02.615288] EP IN  0x81 len=64 09a6200000007737845e388330000000000000000000000000000000000000000000000000000000000000000000000000000000000000000000000000000000
[12:11:02.616724] EP OUT 0x03 len=0 
[12:11:02.618425] EP OUT 0x03 len=0 
[12:11:02.620412] EP OUT 0x03 len=0 
[12:11:02.622326] EP OUT 0x03 len=0 
[12:11:02.624271] EP OUT 0x03 len=0 
[12:11:02.627300] EP IN  0x81 len=64 09a7200100007847845f388330000000000000000000000000000000000000000000000000000000000000000000000000000000000000000000000000000000
[12:11:02.628559] EP OUT 0x03 len=0 
[12:11:02.631393] EP IN  0x81 len=64 09aa200100007747845f288330000000000000000000000000000000000000000000000000000000000000000000000000000000000000000000000000000000
[12:11:02.632915] EP OUT 0x03 len=0 
[12:11:02.635360] EP OUT 0x03 len=0 
[12:11:02.637298] EP OUT 0x03 len=0 
[12:11:02.639115] EP OUT 0x03 len=0 
[12:11:02.640984] EP OUT 0x03 len=0 
[12:11:02.643370] EP IN  0x81 len=64 09ab200900007747845f288330000000000000000000000000000000000000000000000000000000000000000000000000000000000000000000000000000000
[12:11:02.644627] EP OUT 0x03 len=0 
[12:11:02.647278] EP IN  0x81 len=64 09ae200b00007837845f288330000000000000000000000000000000000000000000000000000000000000000000000000000000000000000000000000000000
[12:11:02.648725] EP OUT 0x03 len=0 
[12:11:02.650573] EP OUT 0x03 len=0 
[12:11:02.652544] EP OUT 0x03 len=0 
[12:11:02.654294] EP OUT 0x03 len=0 
[12:11:02.656194] EP OUT 0x03 len=0 
[12:11:02.659371] EP IN  0x81 len=64 09af200b00007747845f388330000000000000000000000000000000000000000000000000000000000000000000000000000000000000000000000000000000
[12:11:02.660644] EP OUT 0x03 len=0 
[12:11:02.663303] EP IN  0x81 len=64 09b2200b00007837845f388330000000000000000000000000000000000000000000000000000000000000000000000000000000000000000000000000000000
[12:11:02.664882] EP OUT 0x03 len=0 
[12:11:02.667294] EP OUT 0x03 len=0 
[12:11:02.669259] EP OUT 0x03 len=0 
[12:11:02.671091] EP OUT 0x03 len=0 
[12:11:02.675286] EP IN  0x81 len=64 09b3200b00007847845f288330000000000000000000000000000000000000000000000000000000000000000000000000000000000000000000000000000000
[12:11:02.676553] EP OUT 0x03 len=0 
[12:11:02.678420] EP OUT 0x03 len=0 
[12:11:02.680396] EP OUT 0x03 len=0 
[12:11:02.683284] EP IN  0x81 len=64 09b6200b00007837845f288330000000000000000000000000000000000000000000000000000000000000000000000000000000000000000000000000000000
[12:11:02.684400] EP OUT 0x03 len=0 
[12:11:02.686296] EP OUT 0x03 len=0 
[12:11:02.688178] EP OUT 0x03 len=0 
[12:11:02.691320] EP IN  0x81 len=64 09b8200b00007737845f388330000000000000000000000000000000000000000000000000000000000000000000000000000000000000000000000000000000
[12:11:02.692558] EP OUT 0x03 len=0 
[12:11:02.695302] EP IN  0x81 len=64 09ba200b00007847845f288330000000000000000000000000000000000000000000000000000000000000000000000000000000000000000000000000000000
[12:11:02.696757] EP OUT 0x03 len=0 
[12:11:02.698618] EP OUT 0x03 len=0 
[12:11:02.700607] EP OUT 0x03 len=0 
[12:11:02.702476] EP OUT 0x03 len=0 
[12:11:02.704329] EP OUT 0x03 len=0 
[12:11:02.707350] EP IN  0x81 len=64 09bb200b00007747845e288330000000000000000000000000000000000000000000000000000000000000000000000000000000000000000000000000000000
[12:11:02.708658] EP OUT 0x03 len=0 
[12:11:02.711366] EP IN  0x81 len=64 09be200b00007847845f288330000000000000000000000000000000000000000000000000000000000000000000000000000000000000000000000000000000
[12:11:02.712881] EP OUT 0x03 len=0 
[12:11:02.715277] EP OUT 0x03 len=0 
[12:11:02.717271] EP OUT 0x03 len=0 
[12:11:02.719144] EP OUT 0x03 len=0 
[12:11:02.723280] EP IN  0x81 len=64 09bf200900007847845e288330000000000000000000000000000000000000000000000000000000000000000000000000000000000000000000000000000000
[12:11:02.724473] EP OUT 0x03 len=0 
[12:11:02.727368] EP IN  0x81 len=64 09c2200900007847845e288330000000000000000000000000000000000000000000000000000000000000000000000000000000000000000000000000000000
[12:11:02.728695] EP OUT 0x03 len=0 
[12:11:02.730358] EP OUT 0x03 len=0 
[12:11:02.732282] EP OUT 0x03 len=0 
[12:11:02.734078] EP OUT 0x03 len=0 
[12:11:02.736421] EP OUT 0x03 len=0 
[12:11:02.739381] EP IN  0x81 len=64 09c3200900007847845f288330000000000000000000000000000000000000000000000000000000000000000000000000000000000000000000000000000000
[12:11:02.740660] EP OUT 0x03 len=0 
[12:11:02.743390] EP IN  0x81 len=64 09c6200900007847845f288330000000000000000000000000000000000000000000000000000000000000000000000000000000000000000000000000000000
[12:11:02.744858] EP OUT 0x03 len=0 
[12:11:02.747276] EP OUT 0x03 len=0 
[12:11:02.749176] EP OUT 0x03 len=0 
[12:11:02.751010] EP OUT 0x03 len=0 
[12:11:02.755276] EP IN  0x81 len=64 09c7200900007837845f188330000000000000000000000000000000000000000000000000000000000000000000000000000000000000000000000000000000
[12:11:02.756432] EP OUT 0x03 len=0 
[12:11:02.758324] EP OUT 0x03 len=0 
[12:11:02.760273] EP OUT 0x03 len=0 
[12:11:02.763291] EP IN  0x81 len=64 09ca2009000078478460288330000000000000000000000000000000000000000000000000000000000000000000000000000000000000000000000000000000
[12:11:02.764414] EP OUT 0x03 len=0 
[12:11:02.767388] EP IN  0x81 len=64 09cc200100007847845f288330000000000000000000000000000000000000000000000000000000000000000000000000000000000000000000000000000000
[12:11:02.768881] EP OUT 0x03 len=0 
[12:11:02.771249] EP OUT 0x03 len=0 
[12:11:02.773123] EP OUT 0x03 len=0 
[12:11:02.775503] EP OUT 0x03 len=0 
[12:11:02.779403] EP IN  0x81 len=64 09cd200100007747845e288330000000000000000000000000000000000000000000000000000000000000000000000000000000000000000000000000000000
[12:11:02.780639] EP OUT 0x03 len=0 
[12:11:02.783376] EP IN  0x81 len=64 09d0200100007847845f288330000000000000000000000000000000000000000000000000000000000000000000000000000000000000000000000000000000
[12:11:02.784860] EP OUT 0x03 len=0 
[12:11:02.787308] EP OUT 0x03 len=0 
[12:11:02.789250] EP OUT 0x03 len=0 
[12:11:02.791378] EP OUT 0x03 len=0 
[12:11:02.795297] EP IN  0x81 len=64 09d1200100007837845f288330000000000000000000000000000000000000000000000000000000000000000000000000000000000000000000000000000000
[12:11:02.796448] EP OUT 0x03 len=0 
[12:11:02.799291] EP IN  0x81 len=64 09d4200100007837845f288330000000000000000000000000000000000000000000000000000000000000000000000000000000000000000000000000000000
[12:11:02.800896] EP OUT 0x03 len=0 
[12:11:02.803338] EP OUT 0x03 len=0 
[12:11:02.805202] EP OUT 0x03 len=0 
[12:11:02.807144] EP OUT 0x03 len=0 
[12:11:02.811389] EP IN  0x81 len=64 09d5200100007837845f288330000000000000000000000000000000000000000000000000000000000000000000000000000000000000000000000000000000
[12:11:02.812675] EP OUT 0x03 len=0 
[12:11:02.815298] EP IN  0x81 len=64 09d8200100007847845f288330000000000000000000000000000000000000000000000000000000000000000000000000000000000000000000000000000000
[12:11:02.816886] EP OUT 0x03 len=0 
[12:11:02.819300] EP OUT 0x03 len=0 
[12:11:02.821161] EP OUT 0x03 len=0 
[12:11:02.822991] EP OUT 0x03 len=0 
[12:11:02.827315] EP IN  0x81 len=64 09d9200100007837845f288330000000000000000000000000000000000000000000000000000000000000000000000000000000000000000000000000000000
[12:11:02.828582] EP OUT 0x03 len=0 
[12:11:02.831296] EP IN  0x81 len=64 09dc200100007737845f288330000000000000000000000000000000000000000000000000000000000000000000000000000000000000000000000000000000
[12:11:02.832827] EP OUT 0x03 len=0 
[12:11:02.835279] EP OUT 0x03 len=0 
[12:11:02.837160] EP OUT 0x03 len=0 
[12:11:02.839340] EP OUT 0x03 len=0 
[12:11:02.843390] EP IN  0x81 len=64 09dd200000007847845e288330000000000000000000000000000000000000000000000000000000000000000000000000000000000000000000000000000000
[12:11:02.844697] EP OUT 0x03 len=0 
[12:11:02.847388] EP IN  0x81 len=64 09e0200000007737845f288330000000000000000000000000000000000000000000000000000000000000000000000000000000000000000000000000000000
[12:11:02.848873] EP OUT 0x03 len=0 
[12:11:02.851237] EP OUT 0x03 len=0 
[12:11:02.853184] EP OUT 0x03 len=0 
[12:11:02.854995] EP OUT 0x03 len=0 
[12:11:02.859380] EP IN  0x81 len=64 09e1200000007847845f288330000000000000000000000000000000000000000000000000000000000000000000000000000000000000000000000000000000
[12:11:02.860690] EP OUT 0x03 len=0 
[12:11:02.863284] EP IN  0x81 len=64 09e4200000007837845f288330000000000000000000000000000000000000000000000000000000000000000000000000000000000000000000000000000000
[12:11:02.864717] EP OUT 0x03 len=0 
[12:11:02.866504] EP OUT 0x03 len=0 
[12:11:02.868508] EP OUT 0x03 len=0 
[12:11:02.870374] EP OUT 0x03 len=0 
[12:11:02.872230] EP OUT 0x03 len=0 
[12:11:02.875371] EP IN  0x81 len=64 09e5200100007837845f288330000000000000000000000000000000000000000000000000000000000000000000000000000000000000000000000000000000
[12:11:02.876598] EP OUT 0x03 len=0 
[12:11:02.879372] EP IN  0x81 len=64 09e8200100007847845f288330000000000000000000000000000000000000000000000000000000000000000000000000000000000000000000000000000000
[12:11:02.880818] EP OUT 0x03 len=0 
[12:11:02.883326] EP OUT 0x03 len=0 
[12:11:02.885303] EP OUT 0x03 len=0 
[12:11:02.887095] EP OUT 0x03 len=0 
[12:11:02.891370] EP IN  0x81 len=64 09e9200100007837845f188330000000000000000000000000000000000000000000000000000000000000000000000000000000000000000000000000000000
[12:11:02.892609] EP OUT 0x03 len=0 
[12:11:02.895293] EP IN  0x81 len=64 09ec200100007847845f288330000000000000000000000000000000000000000000000000000000000000000000000000000000000000000000000000000000
[12:11:02.896645] EP OUT 0x03 len=0 
[12:11:02.898254] EP OUT 0x03 len=0 
[12:11:02.900384] EP OUT 0x03 len=0 
[12:11:02.902288] EP OUT 0x03 len=0 
[12:11:02.904044] EP OUT 0x03 len=0 
[12:11:02.907287] EP IN  0x81 len=64 09ed200100007837845f288330000000000000000000000000000000000000000000000000000000000000000000000000000000000000000000000000000000
[12:11:02.908519] EP OUT 0x03 len=0 
[12:11:02.911383] EP IN  0x81 len=64 09f0200500007847845e288330000000000000000000000000000000000000000000000000000000000000000000000000000000000000000000000000000000
[12:11:02.912880] EP OUT 0x03 len=0 
[12:11:02.915277] EP OUT 0x03 len=0 
[12:11:02.917262] EP OUT 0x03 len=0 
[12:11:02.919159] EP OUT 0x03 len=0 
[12:11:02.923388] EP IN  0x81 len=64 09f1200500007747845f288330000000000000000000000000000000000000000000000000000000000000000000000000000000000000000000000000000000
[12:11:02.924688] EP OUT 0x03 len=0 
[12:11:02.927371] EP IN  0x81 len=64 09f4200500007947845f288330000000000000000000000000000000000000000000000000000000000000000000000000000000000000000000000000000000
[12:11:02.928874] EP OUT 0x03 len=0 
[12:11:02.931293] EP OUT 0x03 len=0 
[12:11:02.933122] EP OUT 0x03 len=0 
[12:11:02.935330] EP OUT 0x03 len=0 
[12:11:02.939377] EP IN  0x81 len=64 09f5200500007847845f288330000000000000000000000000000000000000000000000000000000000000000000000000000000000000000000000000000000
[12:11:02.940529] EP OUT 0x03 len=0 
[12:11:02.943373] EP IN  0x81 len=64 09f8200500007857875f288330000000000000000000000000000000000000000000000000000000000000000000000000000000000000000000000000000000
[12:11:02.944854] EP OUT 0x03 len=0 
[12:11:02.947335] EP OUT 0x03 len=0 
[12:11:02.949274] EP OUT 0x03 len=0 
[12:11:02.951159] EP OUT 0x03 len=0 
[12:11:02.953036] EP OUT 0x03 len=0 
[12:11:02.955413] EP IN  0x81 len=64 09f92005000079b7875f288330000000000000000000000000000000000000000000000000000000000000000000000000000000000000000000000000000000
[12:11:02.956689] EP OUT 0x03 len=0 
[12:11:02.959398] EP IN  0x81 len=64 09fc2005000079e7875f288330000000000000000000000000000000000000000000000000000000000000000000000000000000000000000000000000000000
[12:11:02.960908] EP OUT 0x03 len=0 
[12:11:02.963264] EP OUT 0x03 len=0 
[12:11:02.965217] EP OUT 0x03 len=0 
[12:11:02.967072] EP OUT 0x03 len=0 
[12:11:02.971280] EP IN  0x81 len=64 09fd2005000079e7875f288330000000000000000000000000000000000000000000000000000000000000000000000000000000000000000000000000000000
[12:11:02.972389] EP OUT 0x03 len=0 
[12:11:02.974313] EP OUT 0x03 len=0 
[12:11:02.976302] EP OUT 0x03 len=0 
[12:11:02.979354] EP IN  0x81 len=64 09002005000073e78760288330000000000000000000000000000000000000000000000000000000000000000000000000000000000000000000000000000000
[12:11:02.980531] EP OUT 0x03 len=0 
[12:11:02.983389] EP IN  0x81 len=64 0902200500006ce7875f288330000000000000000000000000000000000000000000000000000000000000000000000000000000000000000000000000000000
[12:11:02.984845] EP OUT 0x03 len=0 
[12:11:02.986620] EP OUT 0x03 len=0 
[12:11:02.988487] EP OUT 0x03 len=0 
[12:11:02.990422] EP OUT 0x03 len=0 
[12:11:02.992376] EP OUT 0x03 len=0 
[12:11:02.995299] EP IN  0x81 len=64 09032005000067f7875e288330000000000000000000000000000000000000000000000000000000000000000000000000000000000000000000000000000000
[12:11:02.996566] EP OUT 0x03 len=0 
[12:11:02.999290] EP IN  0x81 len=64 09062005000053e7875f288330000000000000000000000000000000000000000000000000000000000000000000000000000000000000000000000000000000
[12:11:03.000876] EP OUT 0x03 len=0 
[12:11:03.003255] EP OUT 0x03 len=0 
[12:11:03.005168] EP OUT 0x03 len=0 
[12:11:03.007031] EP OUT 0x03 len=0 
[12:11:03.011298] EP IN  0x81 len=64 09072005000049f78760288330000000000000000000000000000000000000000000000000000000000000000000000000000000000000000000000000000000
[12:11:03.012529] EP OUT 0x03 len=0 
[12:11:03.015293] EP IN  0x81 len=64 090a2001000036e7875f288330000000000000000000000000000000000000000000000000000000000000000000000000000000000000000000000000000000
[12:11:03.016829] EP OUT 0x03 len=0 
[12:11:03.018651] EP OUT 0x03 len=0 
[12:11:03.020538] EP OUT 0x03 len=0 
[12:11:03.022315] EP OUT 0x03 len=0 
[12:11:03.024277] EP OUT 0x03 len=0 
[12:11:03.027299] EP IN  0x81 len=64 090b2001000031d7875e388330000000000000000000000000000000000000000000000000000000000000000000000000000000000000000000000000000000
[12:11:03.028565] EP OUT 0x03 len=0 
[12:11:03.031381] EP IN  0x81 len=64 090e200000002b27875f288330000000000000000000000000000000000000000000000000000000000000000000000000000000000000000000000000000000
[12:11:03.032858] EP OUT 0x03 len=0 
[12:11:03.035334] EP OUT 0x03 len=0 
[12:11:03.037254] EP OUT 0x03 len=0 
[12:11:03.039072] EP OUT 0x03 len=0 
[12:11:03.043280] EP IN  0x81 len=64 090f2000000029e7865f388330000000000000000000000000000000000000000000000000000000000000000000000000000000000000000000000000000000
[12:11:03.044391] EP OUT 0x03 len=0 
[12:11:03.046213] EP OUT 0x03 len=0 
[12:11:03.048342] EP OUT 0x03 len=0 
[12:11:03.051390] EP IN  0x81 len=64 09122000000028478660288330000000000000000000000000000000000000000000000000000000000000000000000000000000000000000000000000000000
[12:11:03.052712] EP OUT 0x03 len=0 
[12:11:03.055287] EP IN  0x81 len=64 0914200000001f07865f288330000000000000000000000000000000000000000000000000000000000000000000000000000000000000000000000000000000
[12:11:03.056696] EP OUT 0x03 len=0 
[12:11:03.058413] EP OUT 0x03 len=0 
[12:11:03.060384] EP OUT 0x03 len=0 
[12:11:03.062353] EP OUT 0x03 len=0 
[12:11:03.064285] EP OUT 0x03 len=0 
[12:11:03.067358] EP IN  0x81 len=64 0915200000001bc7855e288330000000000000000000000000000000000000000000000000000000000000000000000000000000000000000000000000000000
[12:11:03.068650] EP OUT 0x03 len=0 
[12:11:03.071365] EP IN  0x81 len=64 0918200000000557845e288330000000000000000000000000000000000000000000000000000000000000000000000000000000000000000000000000000000
[12:11:03.072796] EP OUT 0x03 len=0 
[12:11:03.074605] EP OUT 0x03 len=0 
[12:11:03.076532] EP OUT 0x03 len=0 
[12:11:03.078409] EP OUT 0x03 len=0 
[12:11:03.080283] EP OUT 0x03 len=0 
[12:11:03.083310] EP IN  0x81 len=64 091920000000f2668360288330000000000000000000000000000000000000000000000000000000000000000000000000000000000000000000000000000000
[12:11:03.084595] EP OUT 0x03 len=0 
[12:11:03.087280] EP IN  0x81 len=64 091c2000000076267f5f388330000000000000000000000000000000000000000000000000000000000000000000000000000000000000000000000000000000
[12:11:03.088688] EP OUT 0x03 len=0 
[12:11:03.090359] EP OUT 0x03 len=0 
[12:11:03.092273] EP OUT 0x03 len=0 
[12:11:03.094139] EP OUT 0x03 len=0 
[12:11:03.096444] EP OUT 0x03 len=0 
[12:11:03.099291] EP IN  0x81 len=64 091d200000002f367d5f288330000000000000000000000000000000000000000000000000000000000000000000000000000000000000000000000000000000
[12:11:03.100593] EP OUT 0x03 len=0 
[12:11:03.103282] EP IN  0x81 len=64 0920200000004765765f388330000000000000000000000000000000000000000000000000000000000000000000000000000000000000000000000000000000
[12:11:03.104788] EP OUT 0x03 len=0 
[12:11:03.106594] EP OUT 0x03 len=0 
[12:11:03.108551] EP OUT 0x03 len=0 
[12:11:03.110380] EP OUT 0x03 len=0 
[12:11:03.112325] EP OUT 0x03 len=0 
[12:11:03.115312] EP IN  0x81 len=64 092120000000ecf4735f288330000000000000000000000000000000000000000000000000000000000000000000000000000000000000000000000000000000
[12:11:03.116436] EP OUT 0x03 len=0 
[12:11:03.119299] EP IN  0x81 len=64 092420000000f5e36b5f388330000000000000000000000000000000000000000000000000000000000000000000000000000000000000000000000000000000
[12:11:03.120759] EP OUT 0x03 len=0 
[12:11:03.122429] EP OUT 0x03 len=0 
[12:11:03.124268] EP OUT 0x03 len=0 
[12:11:03.126062] EP OUT 0x03 len=0 
[12:11:03.128497] EP OUT 0x03 len=0 
[12:11:03.131385] EP IN  0x81 len=64 092520010000a6a3685f288330000000000000000000000000000000000000000000000000000000000000000000000000000000000000000000000000000000
[12:11:03.132674] EP OUT 0x03 len=0 
[12:11:03.135381] EP IN  0x81 len=64 092820010000d5025e5f288330000000000000000000000000000000000000000000000000000000000000000000000000000000000000000000000000000000
[12:11:03.136811] EP OUT 0x03 len=0 
[12:11:03.138578] EP OUT 0x03 len=0 
[12:11:03.140529] EP OUT 0x03 len=0 
[12:11:03.142325] EP OUT 0x03 len=0 
[12:11:03.144321] EP OUT 0x03 len=0 
[12:11:03.147376] EP IN  0x81 len=64 0929200100009fd25a5f288330000000000000000000000000000000000000000000000000000000000000000000000000000000000000000000000000000000
[12:11:03.148669] EP OUT 0x03 len=0 
[12:11:03.151370] EP IN  0x81 len=64 092c20050000f6814f5f288330000000000000000000000000000000000000000000000000000000000000000000000000000000000000000000000000000000
[12:11:03.152876] EP OUT 0x03 len=0 
[12:11:03.155147] EP OUT 0x03 len=0 
[12:11:03.158408] EP OUT 0x03 len=0 
[12:11:03.160279] EP OUT 0x03 len=0 
[12:11:03.163289] EP IN  0x81 len=64 092d20050000f6b14e5f288330000000000000000000000000000000000000000000000000000000000000000000000000000000000000000000000000000000
[12:11:03.164424] EP OUT 0x03 len=0 
[12:11:03.167365] EP IN  0x81 len=64 0930200500000f724b5f288330000000000000000000000000000000000000000000000000000000000000000000000000000000000000000000000000000000
[12:11:03.168743] EP OUT 0x03 len=0 
[12:11:03.170562] EP OUT 0x03 len=0 
[12:11:03.172403] EP OUT 0x03 len=0 
[12:11:03.174249] EP OUT 0x03 len=0 
[12:11:03.176038] EP OUT 0x03 len=0 
[12:11:03.179311] EP IN  0x81 len=64 09312005000011124b5f288330000000000000000000000000000000000000000000000000000000000000000000000000000000000000000000000000000000
[12:11:03.180603] EP OUT 0x03 len=0 
[12:11:03.183376] EP IN  0x81 len=64 09342005000013724a5f288330000000000000000000000000000000000000000000000000000000000000000000000000000000000000000000000000000000
[12:11:03.184873] EP OUT 0x03 len=0 
[12:11:03.187233] EP OUT 0x03 len=0 
[12:11:03.189166] EP OUT 0x03 len=0 
[12:11:03.190951] EP OUT 0x03 len=0 
[12:11:03.195406] EP IN  0x81 len=64 09352005000014524a5f288330000000000000000000000000000000000000000000000000000000000000000000000000000000000000000000000000000000
[12:11:03.196579] EP OUT 0x03 len=0 
[12:11:03.199297] EP IN  0x81 len=64 0938200500001992495f288330000000000000000000000000000000000000000000000000000000000000000000000000000000000000000000000000000000
[12:11:03.200861] EP OUT 0x03 len=0 
[12:11:03.203259] EP OUT 0x03 len=0 
[12:11:03.205147] EP OUT 0x03 len=0 
[12:11:03.207014] EP OUT 0x03 len=0 
[12:11:03.211297] EP IN  0x81 len=64 0939200500001c82495f288330000000000000000000000000000000000000000000000000000000000000000000000000000000000000000000000000000000
[12:11:03.212573] EP OUT 0x03 len=0 
[12:11:03.215302] EP IN  0x81 len=64 093c200f00001b62495f288330000000000000000000000000000000000000000000000000000000000000000000000000000000000000000000000000000000
[12:11:03.216866] EP OUT 0x03 len=0 
[12:11:03.219280] EP OUT 0x03 len=0 
[12:11:03.221099] EP OUT 0x03 len=0 
[12:11:03.223515] EP OUT 0x03 len=0 
[12:11:03.225306] EP OUT 0x03 len=0 
[12:11:03.231910] EP OUT 0x03 len=0 
[12:11:03.235391] EP IN  0x81 len=64 093d200f00001d52495f388330000000000000000000000000000000000000000000000000000000000000000000000000000000000000000000000000000000
[12:11:03.236704] EP OUT 0x03 len=0 
[12:11:03.239380] EP IN  0x81 len=64 0942200f00004042475f288330000000000000000000000000000000000000000000000000000000000000000000000000000000000000000000000000000000
[12:11:03.240719] EP OUT 0x03 len=0 
[12:11:03.242497] EP OUT 0x03 len=0 
[12:11:03.244508] EP OUT 0x03 len=0 
[12:11:03.246334] EP OUT 0x03 len=0 
[12:11:03.248192] EP OUT 0x03 len=0 
[12:11:03.251416] EP IN  0x81 len=64 0943200f00004ca24660388330000000000000000000000000000000000000000000000000000000000000000000000000000000000000000000000000000000
[12:11:03.252664] EP OUT 0x03 len=0 
[12:11:03.255392] EP IN  0x81 len=64 0946200f00006e32445f288330000000000000000000000000000000000000000000000000000000000000000000000000000000000000000000000000000000
[12:11:03.256870] EP OUT 0x03 len=0 
[12:11:03.259267] EP OUT 0x03 len=0 
[12:11:03.261219] EP OUT 0x03 len=0 
[12:11:03.263069] EP OUT 0x03 len=0 
[12:11:03.267283] EP IN  0x81 len=64 0947200f00007b32435e288330000000000000000000000000000000000000000000000000000000000000000000000000000000000000000000000000000000
[12:11:03.268399] EP OUT 0x03 len=0 
[12:11:03.271327] EP IN  0x81 len=64 094a200f00009de2405e288330000000000000000000000000000000000000000000000000000000000000000000000000000000000000000000000000000000
[12:11:03.272808] EP OUT 0x03 len=0 
[12:11:03.275318] EP OUT 0x03 len=0 
[12:11:03.277247] EP OUT 0x03 len=0 
[12:11:03.279056] EP OUT 0x03 len=0 
[12:11:03.283385] EP IN  0x81 len=64 094b200f0000aa02405f288330000000000000000000000000000000000000000000000000000000000000000000000000000000000000000000000000000000
[12:11:03.284692] EP OUT 0x03 len=0 
[12:11:03.287366] EP IN  0x81 len=64 094e200f0000d2923d5f288330000000000000000000000000000000000000000000000000000000000000000000000000000000000000000000000000000000
[12:11:03.288772] EP OUT 0x03 len=0 
[12:11:03.290635] EP OUT 0x03 len=0 
[12:11:03.292536] EP OUT 0x03 len=0 
[12:11:03.294396] EP OUT 0x03 len=0 
[12:11:03.296227] EP OUT 0x03 len=0 
[12:11:03.299283] EP IN  0x81 len=64 094f20070000dee23c5f388330000000000000000000000000000000000000000000000000000000000000000000000000000000000000000000000000000000
[12:11:03.300471] EP OUT 0x03 len=0 
[12:11:03.302405] EP OUT 0x03 len=0 
[12:11:03.304317] EP OUT 0x03 len=0 
[12:11:03.307293] EP IN  0x81 len=64 095220010000fe123b5f288330000000000000000000000000000000000000000000000000000000000000000000000000000000000000000000000000000000
[12:11:03.308569] EP OUT 0x03 len=0 
[12:11:03.311393] EP IN  0x81 len=64 0954200100000f133a5e288330000000000000000000000000000000000000000000000000000000000000000000000000000000000000000000000000000000
[12:11:03.312764] EP OUT 0x03 len=0 
[12:11:03.314422] EP OUT 0x03 len=0 
[12:11:03.316435] EP OUT 0x03 len=0 
[12:11:03.318428] EP OUT 0x03 len=0 
[12:11:03.320343] EP OUT 0x03 len=0 
[12:11:03.323395] EP IN  0x81 len=64 0955200100001a83395f388330000000000000000000000000000000000000000000000000000000000000000000000000000000000000000000000000000000
[12:11:03.324699] EP OUT 0x03 len=0 
[12:11:03.327373] EP IN  0x81 len=64 09582001000033e3375f288330000000000000000000000000000000000000000000000000000000000000000000000000000000000000000000000000000000
[12:11:03.328837] EP OUT 0x03 len=0 
[12:11:03.331315] EP OUT 0x03 len=0 
[12:11:03.333265] EP OUT 0x03 len=0 
[12:11:03.335161] EP OUT 0x03 len=0 
[12:11:03.336968] EP OUT 0x03 len=0 
[12:11:03.339385] EP IN  0x81 len=64 0959200100003e63375f288330000000000000000000000000000000000000000000000000000000000000000000000000000000000000000000000000000000
[12:11:03.340673] EP OUT 0x03 len=0 
[12:11:03.343275] EP IN  0x81 len=64 095c200000006c03355e288330000000000000000000000000000000000000000000000000000000000000000000000000000000000000000000000000000000
[12:11:03.344781] EP OUT 0x03 len=0 
[12:11:03.346479] EP OUT 0x03 len=0 
[12:11:03.348321] EP OUT 0x03 len=0 
[12:11:03.350283] EP OUT 0x03 len=0 
[12:11:03.352303] EP OUT 0x03 len=0 
[12:11:03.355387] EP IN  0x81 len=64 095d200000009293335e288330000000000000000000000000000000000000000000000000000000000000000000000000000000000000000000000000000000
[12:11:03.356648] EP OUT 0x03 len=0 
[12:11:03.359297] EP IN  0x81 len=64 09602000000022b42d5f288330000000000000000000000000000000000000000000000000000000000000000000000000000000000000000000000000000000
[12:11:03.360801] EP OUT 0x03 len=0 
[12:11:03.362499] EP OUT 0x03 len=0 
[12:11:03.364464] EP OUT 0x03 len=0 
[12:11:03.366371] EP OUT 0x03 len=0 
[12:11:03.368322] EP OUT 0x03 len=0 
[12:11:03.371396] EP IN  0x81 len=64 0961200000006c742b5f288330000000000000000000000000000000000000000000000000000000000000000000000000000000000000000000000000000000
[12:11:03.372662] EP OUT 0x03 len=0 
[12:11:03.375393] EP IN  0x81 len=64 0964200000002f65275f388330000000000000000000000000000000000000000000000000000000000000000000000000000000000000000000000000000000
[12:11:03.376850] EP OUT 0x03 len=0 
[12:11:03.379213] EP OUT 0x03 len=0 
[12:11:03.382352] EP OUT 0x03 len=0 
[12:11:03.384258] EP OUT 0x03 len=0 
[12:11:03.387284] EP IN  0x81 len=64 0965200200005fa5265f288330000000000000000000000000000000000000000000000000000000000000000000000000000000000000000000000000000000
[12:11:03.388406] EP OUT 0x03 len=0 
[12:11:03.390256] EP OUT 0x03 len=0 
[12:11:03.392210] EP OUT 0x03 len=0 
[12:11:03.395307] EP IN  0x81 len=64 096820020000e4c5245e288330000000000000000000000000000000000000000000000000000000000000000000000000000000000000000000000000000000
[12:11:03.396554] EP OUT 0x03 len=0 
[12:11:03.399285] EP IN  0x81 len=64 096a200a00000e26245f388330000000000000000000000000000000000000000000000000000000000000000000000000000000000000000000000000000000
[12:11:03.400839] EP OUT 0x03 len=0 
[12:11:03.403293] EP OUT 0x03 len=0 
[12:11:03.405173] EP OUT 0x03 len=0 
[12:11:03.407013] EP OUT 0x03 len=0 
[12:11:03.411408] EP IN  0x81 len=64 096b200a000027f6235f288330000000000000000000000000000000000000000000000000000000000000000000000000000000000000000000000000000000
[12:11:03.412582] EP OUT 0x03 len=0 
[12:11:03.415291] EP IN  0x81 len=64 096e200a00006956235e388330000000000000000000000000000000000000000000000000000000000000000000000000000000000000000000000000000000
[12:11:03.416812] EP OUT 0x03 len=0 
[12:11:03.418667] EP OUT 0x03 len=0 
[12:11:03.420566] EP OUT 0x03 len=0 
[12:11:03.422324] EP OUT 0x03 len=0 
[12:11:03.424217] EP OUT 0x03 len=0 
[12:11:03.427396] EP IN  0x81 len=64 096f200a00008206235f288330000000000000000000000000000000000000000000000000000000000000000000000000000000000000000000000000000000
[12:11:03.428675] EP OUT 0x03 len=0 
[12:11:03.431401] EP IN  0x81 len=64 0972200a0000d066225e288330000000000000000000000000000000000000000000000000000000000000000000000000000000000000000000000000000000
[12:11:03.432846] EP OUT 0x03 len=0 
[12:11:03.435311] EP OUT 0x03 len=0 
[12:11:03.437232] EP OUT 0x03 len=0 
[12:11:03.439040] EP OUT 0x03 len=0 
[12:11:03.443378] EP IN  0x81 len=64 0973200a0000eb36225f388330000000000000000000000000000000000000000000000000000000000000000000000000000000000000000000000000000000
[12:11:03.444693] EP OUT 0x03 len=0 
[12:11:03.447297] EP IN  0x81 len=64 0976200a00002307225f388330000000000000000000000000000000000000000000000000000000000000000000000000000000000000000000000000000000
[12:11:03.448706] EP OUT 0x03 len=0 
[12:11:03.450582] EP OUT 0x03 len=0 
[12:11:03.452561] EP OUT 0x03 len=0 
[12:11:03.454341] EP OUT 0x03 len=0 
[12:11:03.456186] EP OUT 0x03 len=0 
[12:11:03.459373] EP IN  0x81 len=64 0977200a000034f7215f288330000000000000000000000000000000000000000000000000000000000000000000000000000000000000000000000000000000
[12:11:03.460651] EP OUT 0x03 len=0 
[12:11:03.463298] EP IN  0x81 len=64 097a200a000089c7215f288330000000000000000000000000000000000000000000000000000000000000000000000000000000000000000000000000000000
[12:11:03.464889] EP OUT 0x03 len=0 
[12:11:03.467276] EP OUT 0x03 len=0 
[12:11:03.469213] EP OUT 0x03 len=0 
[12:11:03.470950] EP OUT 0x03 len=0 
[12:11:03.475301] EP IN  0x81 len=64 097b200a0000a3b72160388330000000000000000000000000000000000000000000000000000000000000000000000000000000000000000000000000000000
[12:11:03.476507] EP OUT 0x03 len=0 
[12:11:03.479385] EP IN  0x81 len=64 097e200a0000fba7215f288330000000000000000000000000000000000000000000000000000000000000000000000000000000000000000000000000000000
[12:11:03.480843] EP OUT 0x03 len=0 
[12:11:03.483157] EP OUT 0x03 len=0 
[12:11:03.486329] EP OUT 0x03 len=0 
[12:11:03.488206] EP OUT 0x03 len=0 
[12:11:03.491283] EP IN  0x81 len=64 097f200a000026a8215e288330000000000000000000000000000000000000000000000000000000000000000000000000000000000000000000000000000000
[12:11:03.492516] EP OUT 0x03 len=0 
[12:11:03.495294] EP IN  0x81 len=64 0982200a0000aaa8215f388330000000000000000000000000000000000000000000000000000000000000000000000000000000000000000000000000000000
[12:11:03.496745] EP OUT 0x03 len=0 
[12:11:03.498607] EP OUT 0x03 len=0 
[12:11:03.500504] EP OUT 0x03 len=0 
[12:11:03.502402] EP OUT 0x03 len=0 
[12:11:03.504323] EP OUT 0x03 len=0 
[12:11:03.507371] EP IN  0x81 len=64 0983200a0000eab8215f288330000000000000000000000000000000000000000000000000000000000000000000000000000000000000000000000000000000
[12:11:03.508673] EP OUT 0x03 len=0 
[12:11:03.511397] EP IN  0x81 len=64 0986200a000096f9225f288330000000000000000000000000000000000000000000000000000000000000000000000000000000000000000000000000000000
[12:11:03.512905] EP OUT 0x03 len=0 
[12:11:03.515358] EP OUT 0x03 len=0 
[12:11:03.517292] EP OUT 0x03 len=0 
[12:11:03.519204] EP OUT 0x03 len=0 
[12:11:03.520967] EP OUT 0x03 len=0 
[12:11:03.523280] EP IN  0x81 len=64 0987200a0000d729245f388330000000000000000000000000000000000000000000000000000000000000000000000000000000000000000000000000000000
[12:11:03.524538] EP OUT 0x03 len=0 
[12:11:03.527366] EP IN  0x81 len=64 098a200a0000878a275e288330000000000000000000000000000000000000000000000000000000000000000000000000000000000000000000000000000000
[12:11:03.528816] EP OUT 0x03 len=0 
[12:11:03.530499] EP OUT 0x03 len=0 
[12:11:03.532346] EP OUT 0x03 len=0 
[12:11:03.534306] EP OUT 0x03 len=0 
[12:11:03.536334] EP OUT 0x03 len=0 
[12:11:03.539375] EP IN  0x81 len=64 098b200a0000c0ba285f288330000000000000000000000000000000000000000000000000000000000000000000000000000000000000000000000000000000
[12:11:03.540644] EP OUT 0x03 len=0 
[12:11:03.543365] EP IN  0x81 len=64 098e200200005e4b2d5f288330000000000000000000000000000000000000000000000000000000000000000000000000000000000000000000000000000000
[12:11:03.544840] EP OUT 0x03 len=0 
[12:11:03.547242] EP OUT 0x03 len=0 
[12:11:03.549189] EP OUT 0x03 len=0 
[12:11:03.551037] EP OUT 0x03 len=0 
[12:11:03.555365] EP IN  0x81 len=64 098f20020000954b2f5f288330000000000000000000000000000000000000000000000000000000000000000000000000000000000000000000000000000000
[12:11:03.556660] EP OUT 0x03 len=0 
[12:11:03.559274] EP IN  0x81 len=64 09922002000017ec345e288330000000000000000000000000000000000000000000000000000000000000000000000000000000000000000000000000000000
[12:11:03.560873] EP OUT 0x03 len=0 
[12:11:03.563245] EP OUT 0x03 len=0 
[12:11:03.566481] EP OUT 0x03 len=0 
[12:11:03.568412] EP OUT 0x03 len=0 
[12:11:03.571297] EP IN  0x81 len=64 099320020000336c365f288330000000000000000000000000000000000000000000000000000000000000000000000000000000000000000000000000000000
[12:11:03.572455] EP OUT 0x03 len=0 
[12:11:03.575371] EP IN  0x81 len=64 0996200200009c5c3c5f288330000000000000000000000000000000000000000000000000000000000000000000000000000000000000000000000000000000
[12:11:03.576771] EP OUT 0x03 len=0 
[12:11:03.578583] EP OUT 0x03 len=0 
[12:11:03.580523] EP OUT 0x03 len=0 
[12:11:03.582364] EP OUT 0x03 len=0 
[12:11:03.584335] EP OUT 0x03 len=0 
[12:11:03.587359] EP IN  0x81 len=64 099720020000b6ec3d5e288330000000000000000000000000000000000000000000000000000000000000000000000000000000000000000000000000000000
[12:11:03.588581] EP OUT 0x03 len=0 
[12:11:03.591369] EP IN  0x81 len=64 099a20000000fc0c435f288330000000000000000000000000000000000000000000000000000000000000000000000000000000000000000000000000000000
[12:11:03.592809] EP OUT 0x03 len=0 
[12:11:03.594650] EP OUT 0x03 len=0 
[12:11:03.596420] EP OUT 0x03 len=0 
[12:11:03.598228] EP OUT 0x03 len=0 
[12:11:03.600269] EP OUT 0x03 len=0 
[12:11:03.603284] EP IN  0x81 len=64 099b200000001b0d455f288330000000000000000000000000000000000000000000000000000000000000000000000000000000000000000000000000000000
[12:11:03.604438] EP OUT 0x03 len=0 
[12:11:03.607283] EP IN  0x81 len=64 099e200100003f0d495f288330000000000000000000000000000000000000000000000000000000000000000000000000000000000000000000000000000000
[12:11:03.608795] EP OUT 0x03 len=0 
[12:11:03.610659] EP OUT 0x03 len=0 
[12:11:03.612631] EP OUT 0x03 len=0 
[12:11:03.614385] EP OUT 0x03 len=0 
[12:11:03.616338] EP OUT 0x03 len=0 
[12:11:03.619369] EP IN  0x81 len=64 099f200100004a3d4a5f288330000000000000000000000000000000000000000000000000000000000000000000000000000000000000000000000000000000
[12:11:03.620595] EP OUT 0x03 len=0 
[12:11:03.623380] EP IN  0x81 len=64 09a22001000074bd4d5f288330000000000000000000000000000000000000000000000000000000000000000000000000000000000000000000000000000000
[12:11:03.624873] EP OUT 0x03 len=0 
[12:11:03.627333] EP OUT 0x03 len=0 
[12:11:03.629192] EP OUT 0x03 len=0 
[12:11:03.631034] EP OUT 0x03 len=0 
[12:11:03.635294] EP IN  0x81 len=64 09a320010000831d4f5f288330000000000000000000000000000000000000000000000000000000000000000000000000000000000000000000000000000000
[12:11:03.636547] EP OUT 0x03 len=0 
[12:11:03.639373] EP IN  0x81 len=64 09a6200500009e8d525f288330000000000000000000000000000000000000000000000000000000000000000000000000000000000000000000000000000000
[12:11:03.640696] EP OUT 0x03 len=0 
[12:11:03.642397] EP OUT 0x03 len=0 
[12:11:03.644338] EP OUT 0x03 len=0 
[12:11:03.646175] EP OUT 0x03 len=0 
[12:11:03.648255] EP OUT 0x03 len=0 
[12:11:03.651296] EP IN  0x81 len=64 09a720050000a33d535f288330000000000000000000000000000000000000000000000000000000000000000000000000000000000000000000000000000000
[12:11:03.652554] EP OUT 0x03 len=0 
[12:11:03.655283] EP IN  0x81 len=64 09aa20050000a8bd535f288330000000000000000000000000000000000000000000000000000000000000000000000000000000000000000000000000000000
[12:11:03.656822] EP OUT 0x03 len=0 
[12:11:03.659270] EP OUT 0x03 len=0 
[12:11:03.661205] EP OUT 0x03 len=0 
[12:11:03.663018] EP OUT 0x03 len=0 
[12:11:03.667399] EP IN  0x81 len=64 09ab20050000a9cd535e288330000000000000000000000000000000000000000000000000000000000000000000000000000000000000000000000000000000
[12:11:03.668688] EP OUT 0x03 len=0 
[12:11:03.671289] EP IN  0x81 len=64 09ae20050000aaed535f288330000000000000000000000000000000000000000000000000000000000000000000000000000000000000000000000000000000
[12:11:03.672643] EP OUT 0x03 len=0 
[12:11:03.674398] EP OUT 0x03 len=0 
[12:11:03.676364] EP OUT 0x03 len=0 
[12:11:03.678201] EP OUT 0x03 len=0 
[12:11:03.680386] EP OUT 0x03 len=0 
[12:11:03.683393] EP IN  0x81 len=64 09af20050000aafd5360288330000000000000000000000000000000000000000000000000000000000000000000000000000000000000000000000000000000
[12:11:03.684672] EP OUT 0x03 len=0 
[12:11:03.687399] EP IN  0x81 len=64 09b220050000aafd535f288330000000000000000000000000000000000000000000000000000000000000000000000000000000000000000000000000000000
[12:11:03.688767] EP OUT 0x03 len=0 
[12:11:03.690618] EP OUT 0x03 len=0 
[12:11:03.692477] EP OUT 0x03 len=0 
[12:11:03.694416] EP OUT 0x03 len=0 
[12:11:03.696217] EP OUT 0x03 len=0 
[12:11:03.699289] EP IN  0x81 len=64 09b320050000aaed535f288330000000000000000000000000000000000000000000000000000000000000000000000000000000000000000000000000000000
[12:11:03.700558] EP OUT 0x03 len=0 
[12:11:03.703274] EP IN  0x81 len=64 09b620050000aaed535e288330000000000000000000000000000000000000000000000000000000000000000000000000000000000000000000000000000000
[12:11:03.704666] EP OUT 0x03 len=0 
[12:11:03.706319] EP OUT 0x03 len=0 
[12:11:03.708422] EP OUT 0x03 len=0 
[12:11:03.710363] EP OUT 0x03 len=0 
[12:11:03.712296] EP OUT 0x03 len=0 
[12:11:03.715282] EP IN  0x81 len=64 09b720050000aafd535f388330000000000000000000000000000000000000000000000000000000000000000000000000000000000000000000000000000000
[12:11:03.716510] EP OUT 0x03 len=0 
[12:11:03.718406] EP OUT 0x03 len=0 
[12:11:03.720349] EP OUT 0x03 len=0 
[12:11:03.723397] EP IN  0x81 len=64 09ba20050000aafd535f388330000000000000000000000000000000000000000000000000000000000000000000000000000000000000000000000000000000
[12:11:03.724704] EP OUT 0x03 len=0 
[12:11:03.727364] EP IN  0x81 len=64 09bc200f0000aafd535f288330000000000000000000000000000000000000000000000000000000000000000000000000000000000000000000000000000000
[12:11:03.728701] EP OUT 0x03 len=0 
[12:11:03.730483] EP OUT 0x03 len=0 
[12:11:03.732472] EP OUT 0x03 len=0 
[12:11:03.734342] EP OUT 0x03 len=0 
[12:11:03.736209] EP OUT 0x03 len=0 
[12:11:03.739278] EP IN  0x81 len=64 09bd200f0000aafd535f288330000000000000000000000000000000000000000000000000000000000000000000000000000000000000000000000000000000
[12:11:03.740495] EP OUT 0x03 len=0 
[12:11:03.742306] EP OUT 0x03 len=0 
[12:11:03.744281] EP OUT 0x03 len=0 
[12:11:03.747364] EP IN  0x81 len=64 09c0200f0000a9ed535f288330000000000000000000000000000000000000000000000000000000000000000000000000000000000000000000000000000000
[12:11:03.748497] EP OUT 0x03 len=0 
[12:11:03.751379] EP IN  0x81 len=64 09c2200f0000a8dd535f288330000000000000000000000000000000000000000000000000000000000000000000000000000000000000000000000000000000
[12:11:03.752909] EP OUT 0x03 len=0 
[12:11:03.755221] EP OUT 0x03 len=0 
[12:11:03.757201] EP OUT 0x03 len=0 
[12:11:03.759006] EP OUT 0x03 len=0 
[12:11:03.763297] EP IN  0x81 len=64 09c3200f0000a59d535e288330000000000000000000000000000000000000000000000000000000000000000000000000000000000000000000000000000000
[12:11:03.764593] EP OUT 0x03 len=0 
[12:11:03.767303] EP IN  0x81 len=64 09c6200b0000983d525f288330000000000000000000000000000000000000000000000000000000000000000000000000000000000000000000000000000000
[12:11:03.768881] EP OUT 0x03 len=0 
[12:11:03.771267] EP OUT 0x03 len=0 
[12:11:03.773172] EP OUT 0x03 len=0 
[12:11:03.775301] EP OUT 0x03 len=0 
[12:11:03.779297] EP IN  0x81 len=64 09c7200b000093ed515f288330000000000000000000000000000000000000000000000000000000000000000000000000000000000000000000000000000000
[12:11:03.780434] EP OUT 0x03 len=0 
[12:11:03.783426] EP IN  0x81 len=64 09ca200b000086dd505f288330000000000000000000000000000000000000000000000000000000000000000000000000000000000000000000000000000000
[12:11:03.784872] EP OUT 0x03 len=0 
[12:11:03.787272] EP OUT 0x03 len=0 
[12:11:03.789159] EP OUT 0x03 len=0 
[12:11:03.791058] EP OUT 0x03 len=0 
[12:11:03.795294] EP IN  0x81 len=64 09cb200b0000827d505f288330000000000000000000000000000000000000000000000000000000000000000000000000000000000000000000000000000000
[12:11:03.796592] EP OUT 0x03 len=0 
[12:11:03.799295] EP IN  0x81 len=64 09ce200b0000745d4f5f288330000000000000000000000000000000000000000000000000000000000000000000000000000000000000000000000000000000
[12:11:03.800877] EP OUT 0x03 len=0 
[12:11:03.803304] EP OUT 0x03 len=0 
[12:11:03.805222] EP OUT 0x03 len=0 
[12:11:03.807123] EP OUT 0x03 len=0 
[12:11:03.811279] EP IN  0x81 len=64 09cf200a00006f0d4f60388330000000000000000000000000000000000000000000000000000000000000000000000000000000000000000000000000000000
[12:11:03.812408] EP OUT 0x03 len=0 
[12:11:03.814315] EP OUT 0x03 len=0 
[12:11:03.816319] EP OUT 0x03 len=0 
[12:11:03.819395] EP IN  0x81 len=64 09d2200a0000689d4e5f288330000000000000000000000000000000000000000000000000000000000000000000000000000000000000000000000000000000
[12:11:03.820637] EP OUT 0x03 len=0 
[12:11:03.823294] EP IN  0x81 len=64 09d4200a0000647d4e5f288330000000000000000000000000000000000000000000000000000000000000000000000000000000000000000000000000000000
[12:11:03.824776] EP OUT 0x03 len=0 
[12:11:03.826572] EP OUT 0x03 len=0 
[12:11:03.828541] EP OUT 0x03 len=0 
[12:11:03.830390] EP OUT 0x03 len=0 
[12:11:03.832392] EP OUT 0x03 len=0 
[12:11:03.835329] EP IN  0x81 len=64 09d5200a0000626d4e5f388330000000000000000000000000000000000000000000000000000000000000000000000000000000000000000000000000000000
[12:11:03.836603] EP OUT 0x03 len=0 
[12:11:03.839391] EP IN  0x81 len=64 09d8200a0000614d4e5e288330000000000000000000000000000000000000000000000000000000000000000000000000000000000000000000000000000000
[12:11:03.840891] EP OUT 0x03 len=0 
[12:11:03.843368] EP OUT 0x03 len=0 
[12:11:03.845353] EP OUT 0x03 len=0 
[12:11:03.847090] EP OUT 0x03 len=0 
[12:11:03.851362] EP IN  0x81 len=64 09d920020000604d4e5e288330000000000000000000000000000000000000000000000000000000000000000000000000000000000000000000000000000000
[12:11:03.852705] EP OUT 0x03 len=0 
[12:11:03.855287] EP IN  0x81 len=64 09dc20020000614d4e5e288330000000000000000000000000000000000000000000000000000000000000000000000000000000000000000000000000000000
[12:11:03.856699] EP OUT 0x03 len=0 
[12:11:03.858377] EP OUT 0x03 len=0 
[12:11:03.860370] EP OUT 0x03 len=0 
[12:11:03.862255] EP OUT 0x03 len=0 
[12:11:03.864124] EP OUT 0x03 len=0 
[12:11:03.866011] EP OUT 0x03 len=0 
[12:11:03.871366] EP IN  0x81 len=64 09dd200200005f4d4e5e288330000000000000000000000000000000000000000000000000000000000000000000000000000000000000000000000000000000
[12:11:03.872607] EP OUT 0x03 len=0 
[12:11:03.875278] EP IN  0x81 len=64 09e120020000614d4e5f288330000000000000000000000000000000000000000000000000000000000000000000000000000000000000000000000000000000
[12:11:03.876752] EP OUT 0x03 len=0 
[12:11:03.878635] EP OUT 0x03 len=0 
[12:11:03.880609] EP OUT 0x03 len=0 
[12:11:03.882494] EP OUT 0x03 len=0 
[12:11:03.884256] EP OUT 0x03 len=0 
[12:11:03.887283] EP IN  0x81 len=64 09e220020000615d4e5f288330000000000000000000000000000000000000000000000000000000000000000000000000000000000000000000000000000000
[12:11:03.888439] EP OUT 0x03 len=0 
[12:11:03.891294] EP IN  0x81 len=64 09e520020000690d4f5f288330000000000000000000000000000000000000000000000000000000000000000000000000000000000000000000000000000000
[12:11:03.892785] EP OUT 0x03 len=0 
[12:11:03.894650] EP OUT 0x03 len=0 
[12:11:03.896468] EP OUT 0x03 len=0 
[12:11:03.898472] EP OUT 0x03 len=0 
[12:11:03.900435] EP OUT 0x03 len=0 
[12:11:03.903281] EP IN  0x81 len=64 09e62002000070cd4f5f388330000000000000000000000000000000000000000000000000000000000000000000000000000000000000000000000000000000
[12:11:03.904525] EP OUT 0x03 len=0 
[12:11:03.907371] EP IN  0x81 len=64 09e920020000849d515f288330000000000000000000000000000000000000000000000000000000000000000000000000000000000000000000000000000000
[12:11:03.908816] EP OUT 0x03 len=0 
[12:11:03.911271] EP OUT 0x03 len=0 
[12:11:03.913234] EP OUT 0x03 len=0 
[12:11:03.915124] EP OUT 0x03 len=0 
[12:11:03.917025] EP OUT 0x03 len=0 
[12:11:03.923670] EP OUT 0x03 len=0 
[12:11:03.927377] EP IN  0x81 len=64 09ea20020000897d525f388330000000000000000000000000000000000000000000000000000000000000000000000000000000000000000000000000000000
[12:11:03.928662] EP OUT 0x03 len=0 
[12:11:03.931369] EP IN  0x81 len=64 09ef20000000a62d575f288330000000000000000000000000000000000000000000000000000000000000000000000000000000000000000000000000000000
[12:11:03.932690] EP OUT 0x03 len=0 
[12:11:03.934562] EP OUT 0x03 len=0 
[12:11:03.936538] EP OUT 0x03 len=0 
[12:11:03.938338] EP OUT 0x03 len=0 
[12:11:03.940289] EP OUT 0x03 len=0 
[12:11:03.943388] EP IN  0x81 len=64 09f020000000abfd575f288330000000000000000000000000000000000000000000000000000000000000000000000000000000000000000000000000000000
[12:11:03.944708] EP OUT 0x03 len=0 
[12:11:03.947381] EP IN  0x81 len=64 09f320000000b42d5a5f288330000000000000000000000000000000000000000000000000000000000000000000000000000000000000000000000000000000
[12:11:03.948844] EP OUT 0x03 len=0 
[12:11:03.951322] EP OUT 0x03 len=0 
[12:11:03.953251] EP OUT 0x03 len=0 
[12:11:03.955029] EP OUT 0x03 len=0 
[12:11:03.959277] EP IN  0x81 len=64 09f420000000b7fd5a5f288330000000000000000000000000000000000000000000000000000000000000000000000000000000000000000000000000000000
[12:11:03.960452] EP OUT 0x03 len=0 
[12:11:03.962225] EP OUT 0x03 len=0 
[12:11:03.964243] EP OUT 0x03 len=0 
[12:11:03.967388] EP IN  0x81 len=64 09f720000000bf3d5e5f288330000000000000000000000000000000000000000000000000000000000000000000000000000000000000000000000000000000
[12:11:03.968723] EP OUT 0x03 len=0 
[12:11:03.971365] EP IN  0x81 len=64 09f920000000c28d615f288330000000000000000000000000000000000000000000000000000000000000000000000000000000000000000000000000000000
[12:11:03.972732] EP OUT 0x03 len=0 
[12:11:03.974599] EP OUT 0x03 len=0 
[12:11:03.976509] EP OUT 0x03 len=0 
[12:11:03.978399] EP OUT 0x03 len=0 
[12:11:03.980362] EP OUT 0x03 len=0 
[12:11:03.983361] EP IN  0x81 len=64 09fa20000000c24d635f288330000000000000000000000000000000000000000000000000000000000000000000000000000000000000000000000000000000
[12:11:03.984673] EP OUT 0x03 len=0 
[12:11:03.987346] EP IN  0x81 len=64 09fd20000000aead6a5f388330000000000000000000000000000000000000000000000000000000000000000000000000000000000000000000000000000000
[12:11:03.988795] EP OUT 0x03 len=0 
[12:11:03.990674] EP OUT 0x03 len=0 
[12:11:03.992599] EP OUT 0x03 len=0 
[12:11:03.994488] EP OUT 0x03 len=0 
[12:11:03.996271] EP OUT 0x03 len=0 
[12:11:03.999291] EP IN  0x81 len=64 09fe20000000a09d6c5f388330000000000000000000000000000000000000000000000000000000000000000000000000000000000000000000000000000000
[12:11:04.000616] EP OUT 0x03 len=0 
[12:11:04.003274] EP IN  0x81 len=64 0901200200006cfd725e288330000000000000000000000000000000000000000000000000000000000000000000000000000000000000000000000000000000
[12:11:04.004679] EP OUT 0x03 len=0 
[12:11:04.006320] EP OUT 0x03 len=0 
[12:11:04.008427] EP OUT 0x03 len=0 
[12:11:04.010334] EP OUT 0x03 len=0 
[12:11:04.012287] EP OUT 0x03 len=0 
[12:11:04.015368] EP IN  0x81 len=64 0902200a0000648d745e288330000000000000000000000000000000000000000000000000000000000000000000000000000000000000000000000000000000
[12:11:04.016617] EP OUT 0x03 len=0 
[12:11:04.019304] EP IN  0x81 len=64 0905200a0000632d765e388330000000000000000000000000000000000000000000000000000000000000000000000000000000000000000000000000000000
[12:11:04.020783] EP OUT 0x03 len=0 
[12:11:04.022601] EP OUT 0x03 len=0 
[12:11:04.024580] EP OUT 0x03 len=0 
[12:11:04.026403] EP OUT 0x03 len=0 
[12:11:04.028333] EP OUT 0x03 len=0 
[12:11:04.031278] EP IN  0x81 len=64 0906200a0000648d765f188330000000000000000000000000000000000000000000000000000000000000000000000000000000000000000000000000000000
[12:11:04.032382] EP OUT 0x03 len=0 
[12:11:04.034168] EP OUT 0x03 len=0 
[12:11:04.036268] EP OUT 0x03 len=0 
[12:11:04.039380] EP IN  0x81 len=64 0909200a00007d1d775e288330000000000000000000000000000000000000000000000000000000000000000000000000000000000000000000000000000000
[12:11:04.040542] EP OUT 0x03 len=0 
[12:11:04.043364] EP IN  0x81 len=64 090b200a0000a20d775f488330000000000000000000000000000000000000000000000000000000000000000000000000000000000000000000000000000000
[12:11:04.044773] EP OUT 0x03 len=0 
[12:11:04.046666] EP OUT 0x03 len=0 
[12:11:04.048639] EP OUT 0x03 len=0 
[12:11:04.050523] EP OUT 0x03 len=0 
[12:11:04.052369] EP OUT 0x03 len=0 
[12:11:04.055386] EP IN  0x81 len=64 090c200a0000affd765f288330000000000000000000000000000000000000000000000000000000000000000000000000000000000000000000000000000000
[12:11:04.056700] EP OUT 0x03 len=0 
[12:11:04.059361] EP IN  0x81 len=64 090f200a0000e6bd7360388330000000000000000000000000000000000000000000000000000000000000000000000000000000000000000000000000000000
[12:11:04.060856] EP OUT 0x03 len=0 
[12:11:04.063295] EP OUT 0x03 len=0 
[12:11:04.065258] EP OUT 0x03 len=0 
[12:11:04.067157] EP OUT 0x03 len=0 
[12:11:04.069030] EP OUT 0x03 len=0 
[12:11:04.075680] EP OUT 0x03 len=0 
[12:11:04.079288] EP IN  0x81 len=64 0910200a0000f12d725e288330000000000000000000000000000000000000000000000000000000000000000000000000000000000000000000000000000000
[12:11:04.080425] EP OUT 0x03 len=0 
[12:11:04.082357] EP OUT 0x03 len=0 
[12:11:04.084321] EP OUT 0x03 len=0 
[12:11:04.087394] EP IN  0x81 len=64 0915200a0000f22d6e5f288330000000000000000000000000000000000000000000000000000000000000000000000000000000000000000000000000000000
[12:11:04.088621] EP OUT 0x03 len=0 
[12:11:04.091373] EP IN  0x81 len=64 0917200a0000f2ad6c5f288330000000000000000000000000000000000000000000000000000000000000000000000000000000000000000000000000000000
[12:11:04.092782] EP OUT 0x03 len=0 
[12:11:04.094672] EP OUT 0x03 len=0 
[12:11:04.096464] EP OUT 0x03 len=0 
[12:11:04.098344] EP OUT 0x03 len=0 
[12:11:04.100309] EP OUT 0x03 len=0 
[12:11:04.103281] EP IN  0x81 len=64 0918200a0000f2ed6b5f288330000000000000000000000000000000000000000000000000000000000000000000000000000000000000000000000000000000
[12:11:04.104412] EP OUT 0x03 len=0 
[12:11:04.107373] EP IN  0x81 len=64 091b200a0000f0fd6a5f288330000000000000000000000000000000000000000000000000000000000000000000000000000000000000000000000000000000
[12:11:04.108818] EP OUT 0x03 len=0 
[12:11:04.110682] EP OUT 0x03 len=0 
[12:11:04.112572] EP OUT 0x03 len=0 
[12:11:04.114308] EP OUT 0x03 len=0 
[12:11:04.116305] EP OUT 0x03 len=0 
[12:11:04.119309] EP IN  0x81 len=64 091c200a0000efed6a5f288330000000000000000000000000000000000000000000000000000000000000000000000000000000000000000000000000000000
[12:11:04.120498] EP OUT 0x03 len=0 
[12:11:04.123301] EP IN  0x81 len=64 091f200a0000efbd6a5f288330000000000000000000000000000000000000000000000000000000000000000000000000000000000000000000000000000000
[12:11:04.124849] EP OUT 0x03 len=0 
[12:11:04.127336] EP OUT 0x03 len=0 
[12:11:04.129259] EP OUT 0x03 len=0 
[12:11:04.131124] EP OUT 0x03 len=0 
[12:11:04.135364] EP IN  0x81 len=64 0920200a0000edbd6a60188330000000000000000000000000000000000000000000000000000000000000000000000000000000000000000000000000000000
[12:11:04.136639] EP OUT 0x03 len=0 
[12:11:04.139394] EP IN  0x81 len=64 0923200a0000ebad6a5f288330000000000000000000000000000000000000000000000000000000000000000000000000000000000000000000000000000000
[12:11:04.140769] EP OUT 0x03 len=0 
[12:11:04.142397] EP OUT 0x03 len=0 
[12:11:04.144381] EP OUT 0x03 len=0 
[12:11:04.146161] EP OUT 0x03 len=0 
[12:11:04.148433] EP OUT 0x03 len=0 
[12:11:04.151385] EP IN  0x81 len=64 0924200a0000ebad6a5e288330000000000000000000000000000000000000000000000000000000000000000000000000000000000000000000000000000000
[12:11:04.152723] EP OUT 0x03 len=0 
[12:11:04.155383] EP IN  0x81 len=64 0927200a0000eaad6a5f188330000000000000000000000000000000000000000000000000000000000000000000000000000000000000000000000000000000
[12:11:04.156862] EP OUT 0x03 len=0 
[12:11:04.159289] EP OUT 0x03 len=0 
[12:11:04.161212] EP OUT 0x03 len=0 
[12:11:04.162936] EP OUT 0x03 len=0 
[12:11:04.167390] EP IN  0x81 len=64 0928200a0000e8ad6a5f188330000000000000000000000000000000000000000000000000000000000000000000000000000000000000000000000000000000
[12:11:04.168699] EP OUT 0x03 len=0 
[12:11:04.171365] EP IN  0x81 len=64 092b200a0000ba6d6c60288330000000000000000000000000000000000000000000000000000000000000000000000000000000000000000000000000000000
[12:11:04.172852] EP OUT 0x03 len=0 
[12:11:04.175271] EP OUT 0x03 len=0 
[12:11:04.177224] EP OUT 0x03 len=0 
[12:11:04.179005] EP OUT 0x03 len=0 
[12:11:04.183385] EP IN  0x81 len=64 092c200a0000a47d6d5e288330000000000000000000000000000000000000000000000000000000000000000000000000000000000000000000000000000000
[12:11:04.184721] EP OUT 0x03 len=0 
[12:11:04.187293] EP IN  0x81 len=64 092f200200004f7d715e388330000000000000000000000000000000000000000000000000000000000000000000000000000000000000000000000000000000
[12:11:04.188705] EP OUT 0x03 len=0 
[12:11:04.190407] EP OUT 0x03 len=0 
[12:11:04.192405] EP OUT 0x03 len=0 
[12:11:04.194353] EP OUT 0x03 len=0 
[12:11:04.196271] EP OUT 0x03 len=0 
[12:11:04.199291] EP IN  0x81 len=64 09302002000043dd725e288330000000000000000000000000000000000000000000000000000000000000000000000000000000000000000000000000000000
[12:11:04.200605] EP OUT 0x03 len=0 
[12:11:04.203274] EP IN  0x81 len=64 09332000000041ed745e288330000000000000000000000000000000000000000000000000000000000000000000000000000000000000000000000000000000
[12:11:04.204767] EP OUT 0x03 len=0 
[12:11:04.206636] EP OUT 0x03 len=0 
[12:11:04.208610] EP OUT 0x03 len=0 
[12:11:04.210444] EP OUT 0x03 len=0 
[12:11:04.212363] EP OUT 0x03 len=0 
[12:11:04.215275] EP IN  0x81 len=64 09342000000042dd755f288330000000000000000000000000000000000000000000000000000000000000000000000000000000000000000000000000000000
[12:11:04.216569] EP OUT 0x03 len=0 
[12:11:04.219392] EP IN  0x81 len=64 09372000000045cd795f288330000000000000000000000000000000000000000000000000000000000000000000000000000000000000000000000000000000
[12:11:04.220760] EP OUT 0x03 len=0 
[12:11:04.222434] EP OUT 0x03 len=0 
[12:11:04.224310] EP OUT 0x03 len=0 
[12:11:04.226095] EP OUT 0x03 len=0 
[12:11:04.228515] EP OUT 0x03 len=0 
[12:11:04.231387] EP IN  0x81 len=64 09382000000045dd7b5f188330000000000000000000000000000000000000000000000000000000000000000000000000000000000000000000000000000000
[12:11:04.232673] EP OUT 0x03 len=0 
[12:11:04.235335] EP IN  0x81 len=64 093b20000000893b8a5f388330000000000000000000000000000000000000000000000000000000000000000000000000000000000000000000000000000000
[12:11:04.236831] EP OUT 0x03 len=0 
[12:11:04.239275] EP OUT 0x03 len=0 
[12:11:04.241239] EP OUT 0x03 len=0 
[12:11:04.243062] EP OUT 0x03 len=0 
[12:11:04.247383] EP IN  0x81 len=64 093c2000000068d98e5f288330000000000000000000000000000000000000000000000000000000000000000000000000000000000000000000000000000000
[12:11:04.248694] EP OUT 0x03 len=0 
[12:11:04.251282] EP IN  0x81 len=64 093f20000000cce7875e288330000000000000000000000000000000000000000000000000000000000000000000000000000000000000000000000000000000
[12:11:04.252909] EP OUT 0x03 len=0 
[12:11:04.255208] EP OUT 0x03 len=0 
[12:11:04.258455] EP OUT 0x03 len=0 
[12:11:04.260335] EP OUT 0x03 len=0 
[12:11:04.263298] EP IN  0x81 len=64 0940200000004527825e288330000000000000000000000000000000000000000000000000000000000000000000000000000000000000000000000000000000
[12:11:04.264593] EP OUT 0x03 len=0 
[12:11:04.267291] EP IN  0x81 len=64 0943200000009797845f388330000000000000000000000000000000000000000000000000000000000000000000000000000000000000000000000000000000
[12:11:04.268868] EP OUT 0x03 len=0 
[12:11:04.271247] EP OUT 0x03 len=0 
[12:11:04.273238] EP OUT 0x03 len=0 
[12:11:04.275111] EP OUT 0x03 len=0 
[12:11:04.279378] EP IN  0x81 len=64 0944200000008167845f188330000000000000000000000000000000000000000000000000000000000000000000000000000000000000000000000000000000
[12:11:04.280687] EP OUT 0x03 len=0 
[12:11:04.283277] EP IN  0x81 len=64 0947200000008467845f288330000000000000000000000000000000000000000000000000000000000000000000000000000000000000000000000000000000
[12:11:04.284854] EP OUT 0x03 len=0 
[12:11:04.287190] EP OUT 0x03 len=0 
[12:11:04.290338] EP OUT 0x03 len=0 
[12:11:04.292291] EP OUT 0x03 len=0 
[12:11:04.295319] EP IN  0x81 len=64 0948200000008467845f288330000000000000000000000000000000000000000000000000000000000000000000000000000000000000000000000000000000
[12:11:04.296477] EP OUT 0x03 len=0 
[12:11:04.299272] EP IN  0x81 len=64 094b200000008367845f288330000000000000000000000000000000000000000000000000000000000000000000000000000000000000000000000000000000
[12:11:04.300898] EP OUT 0x03 len=0 
[12:11:04.303321] EP OUT 0x03 len=0 
[12:11:04.305235] EP OUT 0x03 len=0 
[12:11:04.307053] EP OUT 0x03 len=0 
[12:11:04.311388] EP IN  0x81 len=64 094c200000008467845f288330000000000000000000000000000000000000000000000000000000000000000000000000000000000000000000000000000000
[12:11:04.312687] EP OUT 0x03 len=0 
[12:11:04.315296] EP IN  0x81 len=64 094f200000008367845e288330000000000000000000000000000000000000000000000000000000000000000000000000000000000000000000000000000000
[12:11:04.316865] EP OUT 0x03 len=0 
[12:11:04.319351] EP OUT 0x03 len=0 
[12:11:04.321146] EP OUT 0x03 len=0 
[12:11:04.323283] EP OUT 0x03 len=0 
[12:11:04.327293] EP IN  0x81 len=64 0950200000008377845f288330000000000000000000000000000000000000000000000000000000000000000000000000000000000000000000000000000000
[12:11:04.328587] EP OUT 0x03 len=0 
[12:11:04.331369] EP IN  0x81 len=64 0953200000008467845f288330000000000000000000000000000000000000000000000000000000000000000000000000000000000000000000000000000000
[12:11:04.332672] EP OUT 0x03 len=0 
[12:11:04.334502] EP OUT 0x03 len=0 
[12:11:04.336478] EP OUT 0x03 len=0 
[12:11:04.338278] EP OUT 0x03 len=0 
[12:11:04.340184] EP OUT 0x03 len=0 
[12:11:04.342020] EP OUT 0x03 len=0 
[12:11:04.347381] EP IN  0x81 len=64 0954200000008367845f288330000000000000000000000000000000000000000000000000000000000000000000000000000000000000000000000000000000
[12:11:04.348665] EP OUT 0x03 len=0 
[12:11:04.351363] EP IN  0x81 len=64 0958200000008367845f288330000000000000000000000000000000000000000000000000000000000000000000000000000000000000000000000000000000
[12:11:04.352874] EP OUT 0x03 len=0 
[12:11:04.355315] EP OUT 0x03 len=0 
[12:11:04.357298] EP OUT 0x03 len=0 
[12:11:04.359422] EP OUT 0x03 len=0 
[12:11:04.363285] EP IN  0x81 len=64 0959200000008467845f288330000000000000000000000000000000000000000000000000000000000000000000000000000000000000000000000000000000
[12:11:04.364420] EP OUT 0x03 len=0 
[12:11:04.366255] EP OUT 0x03 len=0 
[12:11:04.368338] EP OUT 0x03 len=0 
[12:11:04.371373] EP IN  0x81 len=64 095c200a00008367845f288330000000000000000000000000000000000000000000000000000000000000000000000000000000000000000000000000000000
[12:11:04.372703] EP OUT 0x03 len=0 
[12:11:04.375363] EP IN  0x81 len=64 095e200a00008467845f288330000000000000000000000000000000000000000000000000000000000000000000000000000000000000000000000000000000
[12:11:04.376824] EP OUT 0x03 len=0 
[12:11:04.379352] EP OUT 0x03 len=0 
[12:11:04.381296] EP OUT 0x03 len=0 
[12:11:04.383189] EP OUT 0x03 len=0 
[12:11:04.385076] EP OUT 0x03 len=0 
[12:11:04.391730] EP OUT 0x03 len=0 
[12:11:04.395274] EP IN  0x81 len=64 095f200a00008367845e288330000000000000000000000000000000000000000000000000000000000000000000000000000000000000000000000000000000
[12:11:04.396474] EP OUT 0x03 len=0 
[12:11:04.398262] EP OUT 0x03 len=0 
[12:11:04.400311] EP OUT 0x03 len=0 
[12:11:04.403279] EP IN  0x81 len=64 0964200a00008477845e188330000000000000000000000000000000000000000000000000000000000000000000000000000000000000000000000000000000
[12:11:04.404472] EP OUT 0x03 len=0 
[12:11:04.407281] EP IN  0x81 len=64 0966200a00008487845f188330000000000000000000000000000000000000000000000000000000000000000000000000000000000000000000000000000000
[12:11:04.408820] EP OUT 0x03 len=0 
[12:11:04.410666] EP OUT 0x03 len=0 
[12:11:04.412596] EP OUT 0x03 len=0 
[12:11:04.414431] EP OUT 0x03 len=0 
[12:11:04.416378] EP OUT 0x03 len=0 
[12:11:04.419280] EP IN  0x81 len=64 0967200a00008467845f288330000000000000000000000000000000000000000000000000000000000000000000000000000000000000000000000000000000
[12:11:04.420453] EP OUT 0x03 len=0 
[12:11:04.422331] EP OUT 0x03 len=0 
[12:11:04.424303] EP OUT 0x03 len=0 
[12:11:04.427400] EP IN  0x81 len=64 096a200a00008367845f188330000000000000000000000000000000000000000000000000000000000000000000000000000000000000000000000000000000
[12:11:04.428693] EP OUT 0x03 len=0 
[12:11:04.431388] EP IN  0x81 len=64 096c200a00008467845f388330000000000000000000000000000000000000000000000000000000000000000000000000000000000000000000000000000000
[12:11:04.432782] EP OUT 0x03 len=0 
[12:11:04.434397] EP OUT 0x03 len=0 
[12:11:04.436453] EP OUT 0x03 len=0 
[12:11:04.438247] EP OUT 0x03 len=0 
[12:11:04.440279] EP OUT 0x03 len=0 
[12:11:04.443389] EP IN  0x81 len=64 096d200a00008467845f288330000000000000000000000000000000000000000000000000000000000000000000000000000000000000000000000000000000
[12:11:04.444711] EP OUT 0x03 len=0 
[12:11:04.447376] EP IN  0x81 len=64 0970200a00008367845e288330000000000000000000000000000000000000000000000000000000000000000000000000000000000000000000000000000000
[12:11:04.448887] EP OUT 0x03 len=0 
[12:11:04.451335] EP OUT 0x03 len=0 
[12:11:04.453295] EP OUT 0x03 len=0 
[12:11:04.455099] EP OUT 0x03 len=0 
[12:11:04.459373] EP IN  0x81 len=64 0971200a00008477845f388330000000000000000000000000000000000000000000000000000000000000000000000000000000000000000000000000000000
[12:11:04.460614] EP OUT 0x03 len=0 
[12:11:04.463293] EP IN  0x81 len=64 0974200a00008467845e388330000000000000000000000000000000000000000000000000000000000000000000000000000000000000000000000000000000
[12:11:04.464882] EP OUT 0x03 len=0 
[12:11:04.467358] EP OUT 0x03 len=0 
[12:11:04.469345] EP OUT 0x03 len=0 
[12:11:04.471071] EP OUT 0x03 len=0 
[12:11:04.475285] EP IN  0x81 len=64 0975200a00008477845f288330000000000000000000000000000000000000000000000000000000000000000000000000000000000000000000000000000000
[12:11:04.476568] EP OUT 0x03 len=0 
[12:11:04.478475] EP OUT 0x03 len=0 
[12:11:04.480242] EP OUT 0x03 len=0 
[12:11:04.483372] EP IN  0x81 len=64 0978200a00008467845f388330000000000000000000000000000000000000000000000000000000000000000000000000000000000000000000000000000000
[12:11:04.484697] EP OUT 0x03 len=0 
[12:11:04.487282] EP IN  0x81 len=64 097a200a00008367845f288330000000000000000000000000000000000000000000000000000000000000000000000000000000000000000000000000000000
[12:11:04.488900] EP OUT 0x03 len=0 
[12:11:04.491269] EP OUT 0x03 len=0 
[12:11:04.493181] EP OUT 0x03 len=0 
[12:11:04.495049] EP OUT 0x03 len=0 
[12:11:04.499291] EP IN  0x81 len=64 097b200a00008467845f288330000000000000000000000000000000000000000000000000000000000000000000000000000000000000000000000000000000
[12:11:04.500602] EP OUT 0x03 len=0 
[12:11:04.503272] EP IN  0x81 len=64 097e200a00008467845f288330000000000000000000000000000000000000000000000000000000000000000000000000000000000000000000000000000000
[12:11:04.504893] EP OUT 0x03 len=0 
[12:11:04.507267] EP OUT 0x03 len=0 
[12:11:04.510420] EP OUT 0x03 len=0 
[12:11:04.512300] EP OUT 0x03 len=0 
[12:11:04.515280] EP IN  0x81 len=64 097f200a00008467845f288330000000000000000000000000000000000000000000000000000000000000000000000000000000000000000000000000000000
[12:11:04.516460] EP OUT 0x03 len=0 
[12:11:04.518385] EP OUT 0x03 len=0 
[12:11:04.520298] EP OUT 0x03 len=0 
[12:11:04.523382] EP IN  0x81 len=64 0982200a00008467845f288330000000000000000000000000000000000000000000000000000000000000000000000000000000000000000000000000000000
[12:11:04.524679] EP OUT 0x03 len=0 
[12:11:04.527398] EP IN  0x81 len=64 0984200a00008367845f288330000000000000000000000000000000000000000000000000000000000000000000000000000000000000000000000000000000
[12:11:04.528862] EP OUT 0x03 len=0 
[12:11:04.531336] EP OUT 0x03 len=0 
[12:11:04.533338] EP OUT 0x03 len=0 
[12:11:04.535215] EP OUT 0x03 len=0 
[12:11:04.537011] EP OUT 0x03 len=0 
[12:11:04.543763] EP OUT 0x03 len=0 
[12:11:04.547266] EP IN  0x81 len=64 0985200a00008467845f288330000000000000000000000000000000000000000000000000000000000000000000000000000000000000000000000000000000
[12:11:04.548469] EP OUT 0x03 len=0 
[12:11:04.550543] EP OUT 0x03 len=0 
[12:11:04.552459] EP OUT 0x03 len=0 
[12:11:04.555293] EP IN  0x81 len=64 098a200a00008377845e388330000000000000000000000000000000000000000000000000000000000000000000000000000000000000000000000000000000
[12:11:04.556423] EP OUT 0x03 len=0 
[12:11:04.558238] EP OUT 0x03 len=0 
[12:11:04.560315] EP OUT 0x03 len=0 
[12:11:04.563287] EP IN  0x81 len=64 098c200200008467845e388330000000000000000000000000000000000000000000000000000000000000000000000000000000000000000000000000000000
[12:11:04.564586] EP OUT 0x03 len=0 
[12:11:04.567377] EP IN  0x81 len=64 098e200000008367845f288330000000000000000000000000000000000000000000000000000000000000000000000000000000000000000000000000000000
[12:11:04.568903] EP OUT 0x03 len=0 
[12:11:04.571290] EP OUT 0x03 len=0 
[12:11:04.573226] EP OUT 0x03 len=0 
[12:11:04.575017] EP OUT 0x03 len=0 
[12:11:04.579273] EP IN  0x81 len=64 098f200000008367845f288330000000000000000000000000000000000000000000000000000000000000000000000000000000000000000000000000000000
[12:11:04.580459] EP OUT 0x03 len=0 
[12:11:04.582226] EP OUT 0x03 len=0 
[12:11:04.584324] EP OUT 0x03 len=0 
[12:11:04.587281] EP IN  0x81 len=64 0992200000008367845f288330000000000000000000000000000000000000000000000000000000000000000000000000000000000000000000000000000000
[12:11:04.588426] EP OUT 0x03 len=0 
[12:11:04.590186] EP OUT 0x03 len=0 
[12:11:04.592300] EP OUT 0x03 len=0 
[12:11:04.595306] EP IN  0x81 len=64 0994200000008367845e288330000000000000000000000000000000000000000000000000000000000000000000000000000000000000000000000000000000
[12:11:04.596565] EP OUT 0x03 len=0 
[12:11:04.599294] EP IN  0x81 len=64 0996200000008367845f388330000000000000000000000000000000000000000000000000000000000000000000000000000000000000000000000000000000
[12:11:04.600869] EP OUT 0x03 len=0 
[12:11:04.603315] EP OUT 0x03 len=0 
[12:11:04.605207] EP OUT 0x03 len=0 
[12:11:04.607115] EP OUT 0x03 len=0 
[12:11:04.611390] EP IN  0x81 len=64 0997200000008367845f288330000000000000000000000000000000000000000000000000000000000000000000000000000000000000000000000000000000
[12:11:04.612693] EP OUT 0x03 len=0 
[12:11:04.615281] EP IN  0x81 len=64 099a200000008477845f288330000000000000000000000000000000000000000000000000000000000000000000000000000000000000000000000000000000
[12:11:04.616669] EP OUT 0x03 len=0 
[12:11:04.618275] EP OUT 0x03 len=0 
[12:11:04.620231] EP OUT 0x03 len=0 
[12:11:04.622423] EP OUT 0x03 len=0 
[12:11:04.624201] EP OUT 0x03 len=0 
[12:11:04.627282] EP IN  0x81 len=64 099b200000008377845f288330000000000000000000000000000000000000000000000000000000000000000000000000000000000000000000000000000000
[12:11:04.628454] EP OUT 0x03 len=0 
[12:11:04.630238] EP OUT 0x03 len=0 
[12:11:04.632256] EP OUT 0x03 len=0 
[12:11:04.635306] EP IN  0x81 len=64 099e200000008477845f388330000000000000000000000000000000000000000000000000000000000000000000000000000000000000000000000000000000
[12:11:04.636593] EP OUT 0x03 len=0 
[12:11:04.639370] EP IN  0x81 len=64 09a0200000008477845f288330000000000000000000000000000000000000000000000000000000000000000000000000000000000000000000000000000000
[12:11:04.640700] EP OUT 0x03 len=0 
[12:11:04.642374] EP OUT 0x03 len=0 
[12:11:04.644398] EP OUT 0x03 len=0 
[12:11:04.646267] EP OUT 0x03 len=0 
[12:11:04.648151] EP OUT 0x03 len=0 
[12:11:04.650029] EP OUT 0x03 len=0 
[12:11:04.655275] EP IN  0x81 len=64 09a1200000008477845f388330000000000000000000000000000000000000000000000000000000000000000000000000000000000000000000000000000000
[12:11:04.656527] EP OUT 0x03 len=0 
[12:11:04.659372] EP IN  0x81 len=64 09a5200200008377845f288330000000000000000000000000000000000000000000000000000000000000000000000000000000000000000000000000000000
[12:11:04.660694] EP OUT 0x03 len=0 
[12:11:04.663278] EP IN  0x81 len=64 09a6200200008377845f288330000000000000000000000000000000000000000000000000000000000000000000000000000000000000000000000000000000
[12:11:04.664736] EP OUT 0x03 len=0 
[12:11:04.666474] EP OUT 0x03 len=0 
[12:11:04.668463] EP OUT 0x03 len=0 
[12:11:04.670286] EP OUT 0x03 len=0 
[12:11:04.672141] EP OUT 0x03 len=0 
[12:11:04.674024] EP OUT 0x03 len=0 
[12:11:04.679308] EP IN  0x81 len=64 09a7200200008467845f288330000000000000000000000000000000000000000000000000000000000000000000000000000000000000000000000000000000
[12:11:04.680575] EP OUT 0x03 len=0 
[12:11:04.683298] EP IN  0x81 len=64 09ab200200008467845f388330000000000000000000000000000000000000000000000000000000000000000000000000000000000000000000000000000000
[12:11:04.684905] EP OUT 0x03 len=0 
[12:11:04.687219] EP OUT 0x03 len=0 
[12:11:04.689131] EP OUT 0x03 len=0 
[12:11:04.691410] EP OUT 0x03 len=0 
[12:11:04.695302] EP IN  0x81 len=64 09ac200200008367845f288330000000000000000000000000000000000000000000000000000000000000000000000000000000000000000000000000000000
[12:11:04.696459] EP OUT 0x03 len=0 
[12:11:04.699274] EP IN  0x81 len=64 09af200200008567845e288330000000000000000000000000000000000000000000000000000000000000000000000000000000000000000000000000000000
[12:11:04.700929] EP OUT 0x03 len=0 
[12:11:04.703269] EP OUT 0x03 len=0 
[12:11:04.705137] EP OUT 0x03 len=0 
[12:11:04.707006] EP OUT 0x03 len=0 
[12:11:04.711384] EP IN  0x81 len=64 09b0200a00008367845e288330000000000000000000000000000000000000000000000000000000000000000000000000000000000000000000000000000000
[12:11:04.712676] EP OUT 0x03 len=0 
[12:11:04.715304] EP IN  0x81 len=64 09b3200a00008377845f288330000000000000000000000000000000000000000000000000000000000000000000000000000000000000000000000000000000
[12:11:04.716862] EP OUT 0x03 len=0 
[12:11:04.719339] EP OUT 0x03 len=0 
[12:11:04.721243] EP OUT 0x03 len=0 
[12:11:04.723152] EP OUT 0x03 len=0 
[12:11:04.725009] EP OUT 0x03 len=0 
[12:11:04.727363] EP IN  0x81 len=64 09b4200a00008467845f288330000000000000000000000000000000000000000000000000000000000000000000000000000000000000000000000000000000
[12:11:04.728534] EP OUT 0x03 len=0 
[12:11:04.731290] EP IN  0x81 len=64 09b7200a00008377845f288330000000000000000000000000000000000000000000000000000000000000000000000000000000000000000000000000000000
[12:11:04.732808] EP OUT 0x03 len=0 
[12:11:04.735357] EP OUT 0x03 len=0 
[12:11:04.737224] EP OUT 0x03 len=0 
[12:11:04.739391] EP OUT 0x03 len=0 
[12:11:04.743373] EP IN  0x81 len=64 09b8200a00008277845f388330000000000000000000000000000000000000000000000000000000000000000000000000000000000000000000000000000000
[12:11:04.744676] EP OUT 0x03 len=0 
[12:11:04.747377] EP IN  0x81 len=64 09bb200a00008367845e288330000000000000000000000000000000000000000000000000000000000000000000000000000000000000000000000000000000
[12:11:04.748884] EP OUT 0x03 len=0 
[12:11:04.751356] EP OUT 0x03 len=0 
[12:11:04.753338] EP OUT 0x03 len=0 
[12:11:04.755090] EP OUT 0x03 len=0 
[12:11:04.759399] EP IN  0x81 len=64 09bc200a00008477845f288330000000000000000000000000000000000000000000000000000000000000000000000000000000000000000000000000000000
[12:11:04.760704] EP OUT 0x03 len=0 
[12:11:04.763274] EP IN  0x81 len=64 09bf200a00008467845f388330000000000000000000000000000000000000000000000000000000000000000000000000000000000000000000000000000000
[12:11:04.764765] EP OUT 0x03 len=0 
[12:11:04.766607] EP OUT 0x03 len=0 
[12:11:04.768601] EP OUT 0x03 len=0 
[12:11:04.770443] EP OUT 0x03 len=0 
[12:11:04.772245] EP OUT 0x03 len=0 
[12:11:04.775377] EP IN  0x81 len=64 09c0200a00008457845f288330000000000000000000000000000000000000000000000000000000000000000000000000000000000000000000000000000000
[12:11:04.776597] EP OUT 0x03 len=0 
[12:11:04.779387] EP IN  0x81 len=64 09c3200a00008467845e288330000000000000000000000000000000000000000000000000000000000000000000000000000000000000000000000000000000
[12:11:04.780880] EP OUT 0x03 len=0 
[12:11:04.783321] EP OUT 0x03 len=0 
[12:11:04.785247] EP OUT 0x03 len=0 
[12:11:04.787060] EP OUT 0x03 len=0 
[12:11:04.791370] EP IN  0x81 len=64 09c4200a00008367845f388330000000000000000000000000000000000000000000000000000000000000000000000000000000000000000000000000000000
[12:11:04.792619] EP OUT 0x03 len=0 
[12:11:04.795303] EP IN  0x81 len=64 09c7200a00008477845f288330000000000000000000000000000000000000000000000000000000000000000000000000000000000000000000000000000000
[12:11:04.796693] EP OUT 0x03 len=0 
[12:11:04.798310] EP OUT 0x03 len=0 
[12:11:04.800388] EP OUT 0x03 len=0 
[12:11:04.802252] EP OUT 0x03 len=0 
[12:11:04.804028] EP OUT 0x03 len=0 
[12:11:04.807274] EP IN  0x81 len=64 09c8200a00008477845f288330000000000000000000000000000000000000000000000000000000000000000000000000000000000000000000000000000000
[12:11:04.808550] EP OUT 0x03 len=0 
[12:11:04.810450] EP OUT 0x03 len=0 
[12:11:04.812448] EP OUT 0x03 len=0 
[12:11:04.815293] EP IN  0x81 len=64 09cb200a00008467845f388330000000000000000000000000000000000000000000000000000000000000000000000000000000000000000000000000000000
[12:11:04.816579] EP OUT 0x03 len=0 
[12:11:04.819379] EP IN  0x81 len=64 09cd200a00008467845f288330000000000000000000000000000000000000000000000000000000000000000000000000000000000000000000000000000000
[12:11:04.820785] EP OUT 0x03 len=0 
[12:11:04.822560] EP OUT 0x03 len=0 
[12:11:04.824532] EP OUT 0x03 len=0 
[12:11:04.826440] EP OUT 0x03 len=0 
[12:11:04.828400] EP OUT 0x03 len=0 
[12:11:04.831389] EP IN  0x81 len=64 09ce200a00008377845f388330000000000000000000000000000000000000000000000000000000000000000000000000000000000000000000000000000000
[12:11:04.832603] EP OUT 0x03 len=0 
[12:11:04.835277] EP IN  0x81 len=64 09d1200a00008467845e288330000000000000000000000000000000000000000000000000000000000000000000000000000000000000000000000000000000
[12:11:04.836851] EP OUT 0x03 len=0 
[12:11:04.838505] EP OUT 0x03 len=0 
[12:11:04.840387] EP OUT 0x03 len=0 
[12:11:04.842302] EP OUT 0x03 len=0 
[12:11:04.844333] EP OUT 0x03 len=0 
[12:11:04.847379] EP IN  0x81 len=64 09d2200a00008367845e288330000000000000000000000000000000000000000000000000000000000000000000000000000000000000000000000000000000
[12:11:04.848686] EP OUT 0x03 len=0 
[12:11:04.851375] EP IN  0x81 len=64 09d5200a000084678460388330000000000000000000000000000000000000000000000000000000000000000000000000000000000000000000000000000000
[12:11:04.852885] EP OUT 0x03 len=0 
[12:11:04.855248] EP OUT 0x03 len=0 
[12:11:04.857175] EP OUT 0x03 len=0 
[12:11:04.858990] EP OUT 0x03 len=0 
[12:11:04.863294] EP IN  0x81 len=64 09d6200a00008367845f288330000000000000000000000000000000000000000000000000000000000000000000000000000000000000000000000000000000
[12:11:04.864598] EP OUT 0x03 len=0 
[12:11:04.867386] EP IN  0x81 len=64 09d9200a00008477845f288330000000000000000000000000000000000000000000000000000000000000000000000000000000000000000000000000000000
[12:11:04.868910] EP OUT 0x03 len=0 
[12:11:04.871170] EP OUT 0x03 len=0 
[12:11:04.874428] EP OUT 0x03 len=0 
[12:11:04.876355] EP OUT 0x03 len=0 
[12:11:04.879288] EP IN  0x81 len=64 09da200a00008467845f188330000000000000000000000000000000000000000000000000000000000000000000000000000000000000000000000000000000
[12:11:04.880423] EP OUT 0x03 len=0 
[12:11:04.882261] EP OUT 0x03 len=0 
[12:11:04.884327] EP OUT 0x03 len=0 
[12:11:04.887399] EP IN  0x81 len=64 09dd200a00008367845f288330000000000000000000000000000000000000000000000000000000000000000000000000000000000000000000000000000000
[12:11:04.888640] EP OUT 0x03 len=0 
[12:11:04.891349] EP IN  0x81 len=64 09df200a000083678460288330000000000000000000000000000000000000000000000000000000000000000000000000000000000000000000000000000000
[12:11:04.892796] EP OUT 0x03 len=0 
[12:11:04.894689] EP OUT 0x03 len=0 
[12:11:04.896520] EP OUT 0x03 len=0 
[12:11:04.898405] EP OUT 0x03 len=0 
[12:11:04.900381] EP OUT 0x03 len=0 
[12:11:04.903272] EP IN  0x81 len=64 09e0200a00008367845e288330000000000000000000000000000000000000000000000000000000000000000000000000000000000000000000000000000000
[12:11:04.904454] EP OUT 0x03 len=0 
[12:11:04.906154] EP OUT 0x03 len=0 
[12:11:04.908305] EP OUT 0x03 len=0 
[12:11:04.911393] EP IN  0x81 len=64 09e3200a00008367845f288330000000000000000000000000000000000000000000000000000000000000000000000000000000000000000000000000000000
[12:11:04.912630] EP OUT 0x03 len=0 
[12:11:04.915267] EP IN  0x81 len=64 09e5200a00008377845f288330000000000000000000000000000000000000000000000000000000000000000000000000000000000000000000000000000000
[12:11:04.916852] EP OUT 0x03 len=0 
[12:11:04.919328] EP OUT 0x03 len=0 
[12:11:04.921212] EP OUT 0x03 len=0 
[12:11:04.923095] EP OUT 0x03 len=0 
[12:11:04.927377] EP IN  0x81 len=64 09e6200a00008467845f388330000000000000000000000000000000000000000000000000000000000000000000000000000000000000000000000000000000
[12:11:04.928675] EP OUT 0x03 len=0 
[12:11:04.931364] EP IN  0x81 len=64 09e9200a00008267845e188330000000000000000000000000000000000000000000000000000000000000000000000000000000000000000000000000000000
[12:11:04.932737] EP OUT 0x03 len=0 
[12:11:04.934531] EP OUT 0x03 len=0 
[12:11:04.936488] EP OUT 0x03 len=0 
[12:11:04.938241] EP OUT 0x03 len=0 
[12:11:04.940141] EP OUT 0x03 len=0 
[12:11:04.943271] EP IN  0x81 len=64 09ea200a00008367845f288330000000000000000000000000000000000000000000000000000000000000000000000000000000000000000000000000000000
[12:11:04.944567] EP OUT 0x03 len=0 
[12:11:04.947282] EP IN  0x81 len=64 09ed200a00008467845f288330000000000000000000000000000000000000000000000000000000000000000000000000000000000000000000000000000000
[12:11:04.948701] EP OUT 0x03 len=0 
[12:11:04.950538] EP OUT 0x03 len=0 
[12:11:04.952519] EP OUT 0x03 len=0 
[12:11:04.954268] EP OUT 0x03 len=0 
[12:11:04.956156] EP OUT 0x03 len=0 
[12:11:04.958010] EP OUT 0x03 len=0 
[12:11:04.963287] EP IN  0x81 len=64 09ee200a00008467845f288330000000000000000000000000000000000000000000000000000000000000000000000000000000000000000000000000000000
[12:11:04.964592] EP OUT 0x03 len=0 
[12:11:04.967379] EP IN  0x81 len=64 09f2200a00008467845f288330000000000000000000000000000000000000000000000000000000000000000000000000000000000000000000000000000000
[12:11:04.968883] EP OUT 0x03 len=0 
[12:11:04.971290] EP OUT 0x03 len=0 
[12:11:04.973270] EP OUT 0x03 len=0 
[12:11:04.975145] EP OUT 0x03 len=0 
[12:11:04.979276] EP IN  0x81 len=64 09f3200a00008367845f388330000000000000000000000000000000000000000000000000000000000000000000000000000000000000000000000000000000
[12:11:04.980462] EP OUT 0x03 len=0 
[12:11:04.982281] EP OUT 0x03 len=0 
[12:11:04.984377] EP OUT 0x03 len=0 
[12:11:04.987279] EP IN  0x81 len=64 09f6200000008367845f288330000000000000000000000000000000000000000000000000000000000000000000000000000000000000000000000000000000
[12:11:04.988416] EP OUT 0x03 len=0 
[12:11:04.990263] EP OUT 0x03 len=0 
[12:11:04.992262] EP OUT 0x03 len=0 
[12:11:04.995308] EP IN  0x81 len=64 09f8200000008357845f288330000000000000000000000000000000000000000000000000000000000000000000000000000000000000000000000000000000
[12:11:04.996591] EP OUT 0x03 len=0 
[12:11:04.999278] EP IN  0x81 len=64 09fa200000008367845f288330000000000000000000000000000000000000000000000000000000000000000000000000000000000000000000000000000000
[12:11:05.000862] EP OUT 0x03 len=0 
[12:11:05.003319] EP OUT 0x03 len=0 
[12:11:05.005209] EP OUT 0x03 len=0 
[12:11:05.007127] EP OUT 0x03 len=0 
[12:11:05.011398] EP IN  0x81 len=64 09fb200000008467845f388330000000000000000000000000000000000000000000000000000000000000000000000000000000000000000000000000000000
[12:11:05.012699] EP OUT 0x03 len=0 
[12:11:05.015271] EP IN  0x81 len=64 09fe200100008467845f288330000000000000000000000000000000000000000000000000000000000000000000000000000000000000000000000000000000
[12:11:05.016697] EP OUT 0x03 len=0 
[12:11:05.018334] EP OUT 0x03 len=0 
[12:11:05.020328] EP OUT 0x03 len=0 
[12:11:05.022015] EP OUT 0x03 len=0 
[12:11:05.024368] EP OUT 0x03 len=0 
[12:11:05.027389] EP IN  0x81 len=64 09ff200100008477845f288330000000000000000000000000000000000000000000000000000000000000000000000000000000000000000000000000000000
[12:11:05.028677] EP OUT 0x03 len=0 
[12:11:05.031390] EP IN  0x81 len=64 0902200100008467845f288330000000000000000000000000000000000000000000000000000000000000000000000000000000000000000000000000000000
[12:11:05.032884] EP OUT 0x03 len=0 
[12:11:05.035346] EP OUT 0x03 len=0 
[12:11:05.037239] EP OUT 0x03 len=0 
[12:11:05.039036] EP OUT 0x03 len=0 
[12:11:05.043390] EP IN  0x81 len=64 0903200100008477845f288330000000000000000000000000000000000000000000000000000000000000000000000000000000000000000000000000000000
[12:11:05.044712] EP OUT 0x03 len=0 
[12:11:05.047376] EP IN  0x81 len=64 0906200100008467845f288330000000000000000000000000000000000000000000000000000000000000000000000000000000000000000000000000000000
[12:11:05.048886] EP OUT 0x03 len=0 
[12:11:05.051364] EP OUT 0x03 len=0 
[12:11:05.053342] EP OUT 0x03 len=0 
[12:11:05.054984] EP OUT 0x03 len=0 
[12:11:05.059389] EP IN  0x81 len=64 0907200100008377845f288330000000000000000000000000000000000000000000000000000000000000000000000000000000000000000000000000000000
[12:11:05.060720] EP OUT 0x03 len=0 
[12:11:05.063283] EP IN  0x81 len=64 090a200500008467845e288330000000000000000000000000000000000000000000000000000000000000000000000000000000000000000000000000000000
[12:11:05.064775] EP OUT 0x03 len=0 
[12:11:05.066498] EP OUT 0x03 len=0 
[12:11:05.068501] EP OUT 0x03 len=0 
[12:11:05.070381] EP OUT 0x03 len=0 
[12:11:05.072269] EP OUT 0x03 len=0 
[12:11:05.075299] EP IN  0x81 len=64 090b200500008377845f288330000000000000000000000000000000000000000000000000000000000000000000000000000000000000000000000000000000
[12:11:05.076520] EP OUT 0x03 len=0 
[12:11:05.079394] EP IN  0x81 len=64 090e200500008267845e288330000000000000000000000000000000000000000000000000000000000000000000000000000000000000000000000000000000
[12:11:05.080874] EP OUT 0x03 len=0 
[12:11:05.083338] EP OUT 0x03 len=0 
[12:11:05.085308] EP OUT 0x03 len=0 
[12:11:05.087089] EP OUT 0x03 len=0 
[12:11:05.091357] EP IN  0x81 len=64 090f200500008367845f288330000000000000000000000000000000000000000000000000000000000000000000000000000000000000000000000000000000
[12:11:05.092623] EP OUT 0x03 len=0 
[12:11:05.095286] EP IN  0x81 len=64 09122005000084678460288330000000000000000000000000000000000000000000000000000000000000000000000000000000000000000000000000000000
[12:11:05.096781] EP OUT 0x03 len=0 
[12:11:05.098473] EP OUT 0x03 len=0 
[12:11:05.100464] EP OUT 0x03 len=0 
[12:11:05.102466] EP OUT 0x03 len=0 
[12:11:05.104387] EP OUT 0x03 len=0 
[12:11:05.107341] EP IN  0x81 len=64 0913200500008557845f288330000000000000000000000000000000000000000000000000000000000000000000000000000000000000000000000000000000
[12:11:05.108639] EP OUT 0x03 len=0 
[12:11:05.111354] EP IN  0x81 len=64 0916200500008467845f288330000000000000000000000000000000000000000000000000000000000000000000000000000000000000000000000000000000
[12:11:05.112843] EP OUT 0x03 len=0 
[12:11:05.115287] EP OUT 0x03 len=0 
[12:11:05.117263] EP OUT 0x03 len=0 
[12:11:05.119145] EP OUT 0x03 len=0 
[12:11:05.120972] EP OUT 0x03 len=0 
[12:11:05.123386] EP IN  0x81 len=64 0917200500008477845f288330000000000000000000000000000000000000000000000000000000000000000000000000000000000000000000000000000000
[12:11:05.124573] EP OUT 0x03 len=0 
[12:11:05.127292] EP IN  0x81 len=64 091a200500008367845f288330000000000000000000000000000000000000000000000000000000000000000000000000000000000000000000000000000000
[12:11:05.128837] EP OUT 0x03 len=0 
[12:11:05.130512] EP OUT 0x03 len=0 
[12:11:05.132352] EP OUT 0x03 len=0 
[12:11:05.134315] EP OUT 0x03 len=0 
[12:11:05.136309] EP OUT 0x03 len=0 
[12:11:05.139392] EP IN  0x81 len=64 091b200500008367845f288330000000000000000000000000000000000000000000000000000000000000000000000000000000000000000000000000000000
[12:11:05.140697] EP OUT 0x03 len=0 
[12:11:05.143299] EP IN  0x81 len=64 091e200500008367845f288330000000000000000000000000000000000000000000000000000000000000000000000000000000000000000000000000000000
[12:11:05.144829] EP OUT 0x03 len=0 
[12:11:05.146677] EP OUT 0x03 len=0 
[12:11:05.148653] EP OUT 0x03 len=0 
[12:11:05.150540] EP OUT 0x03 len=0 
[12:11:05.152423] EP OUT 0x03 len=0 
[12:11:05.155373] EP IN  0x81 len=64 091f200500008467845e288330000000000000000000000000000000000000000000000000000000000000000000000000000000000000000000000000000000
[12:11:05.156656] EP OUT 0x03 len=0 
[12:11:05.159378] EP IN  0x81 len=64 0922200500008477845f288330000000000000000000000000000000000000000000000000000000000000000000000000000000000000000000000000000000
[12:11:05.160895] EP OUT 0x03 len=0 
[12:11:05.163158] EP OUT 0x03 len=0 
[12:11:05.166436] EP OUT 0x03 len=0 
[12:11:05.168419] EP OUT 0x03 len=0 
[12:11:05.171288] EP IN  0x81 len=64 0923200500008477845f288330000000000000000000000000000000000000000000000000000000000000000000000000000000000000000000000000000000
[12:11:05.172427] EP OUT 0x03 len=0 
[12:11:05.174248] EP OUT 0x03 len=0 
[12:11:05.176325] EP OUT 0x03 len=0 
[12:11:05.179366] EP IN  0x81 len=64 0926200500008367845f288330000000000000000000000000000000000000000000000000000000000000000000000000000000000000000000000000000000
[12:11:05.180654] EP OUT 0x03 len=0 
[12:11:05.183299] EP IN  0x81 len=64 0928200500008377845f288330000000000000000000000000000000000000000000000000000000000000000000000000000000000000000000000000000000
[12:11:05.184870] EP OUT 0x03 len=0 
[12:11:05.187225] EP OUT 0x03 len=0 
[12:11:05.189180] EP OUT 0x03 len=0 
[12:11:05.191062] EP OUT 0x03 len=0 
[12:11:05.195304] EP IN  0x81 len=64 0929200500008367845f388330000000000000000000000000000000000000000000000000000000000000000000000000000000000000000000000000000000
[12:11:05.196587] EP OUT 0x03 len=0 
[12:11:05.199271] EP IN  0x81 len=64 092c200500008377845f288330000000000000000000000000000000000000000000000000000000000000000000000000000000000000000000000000000000
[12:11:05.200695] EP OUT 0x03 len=0 
[12:11:05.202355] EP OUT 0x03 len=0 
[12:11:05.204298] EP OUT 0x03 len=0 
[12:11:05.205950] EP OUT 0x03 len=0 
[12:11:05.208343] EP OUT 0x03 len=0 
[12:11:05.211377] EP IN  0x81 len=64 092d200100008367845f288330000000000000000000000000000000000000000000000000000000000000000000000000000000000000000000000000000000
[12:11:05.212692] EP OUT 0x03 len=0 
[12:11:05.215286] EP IN  0x81 len=64 0930200100008477845f288330000000000000000000000000000000000000000000000000000000000000000000000000000000000000000000000000000000
[12:11:05.216868] EP OUT 0x03 len=0 
[12:11:05.219325] EP OUT 0x03 len=0 
[12:11:05.221189] EP OUT 0x03 len=0 
[12:11:05.223053] EP OUT 0x03 len=0 
[12:11:05.227383] EP IN  0x81 len=64 0931200100008467845e288330000000000000000000000000000000000000000000000000000000000000000000000000000000000000000000000000000000
[12:11:05.228667] EP OUT 0x03 len=0 
[12:11:05.231376] EP IN  0x81 len=64 0934200300008367845e288330000000000000000000000000000000000000000000000000000000000000000000000000000000000000000000000000000000
[12:11:05.232918] EP OUT 0x03 len=0 
[12:11:05.235360] EP OUT 0x03 len=0 
[12:11:05.237204] EP OUT 0x03 len=0 
[12:11:05.239338] EP OUT 0x03 len=0 
[12:11:05.243374] EP IN  0x81 len=64 0935200300008367845f288330000000000000000000000000000000000000000000000000000000000000000000000000000000000000000000000000000000
[12:11:05.244690] EP OUT 0x03 len=0 
[12:11:05.247360] EP IN  0x81 len=64 0938200b00008367845f288330000000000000000000000000000000000000000000000000000000000000000000000000000000000000000000000000000000
[12:11:05.248782] EP OUT 0x03 len=0 
[12:11:05.250646] EP OUT 0x03 len=0 
[12:11:05.252633] EP OUT 0x03 len=0 
[12:11:05.254392] EP OUT 0x03 len=0 
[12:11:05.256369] EP OUT 0x03 len=0 
[12:11:05.259371] EP IN  0x81 len=64 0939200b00008477845e288330000000000000000000000000000000000000000000000000000000000000000000000000000000000000000000000000000000
[12:11:05.260697] EP OUT 0x03 len=0 
[12:11:05.263302] EP IN  0x81 len=64 093c200b00008467845f288330000000000000000000000000000000000000000000000000000000000000000000000000000000000000000000000000000000
[12:11:05.264893] EP OUT 0x03 len=0 
[12:11:05.267347] EP OUT 0x03 len=0 
[12:11:05.269340] EP OUT 0x03 len=0 
[12:11:05.271056] EP OUT 0x03 len=0 
[12:11:05.275280] EP IN  0x81 len=64 093d200b00008467845f288330000000000000000000000000000000000000000000000000000000000000000000000000000000000000000000000000000000
[12:11:05.276561] EP OUT 0x03 len=0 
[12:11:05.278437] EP OUT 0x03 len=0 
[12:11:05.280193] EP OUT 0x03 len=0 
[12:11:05.283382] EP IN  0x81 len=64 0940200b00008477845e288330000000000000000000000000000000000000000000000000000000000000000000000000000000000000000000000000000000
[12:11:05.284667] EP OUT 0x03 len=0 
[12:11:05.287275] EP IN  0x81 len=64 0942200b00008467845f288330000000000000000000000000000000000000000000000000000000000000000000000000000000000000000000000000000000
[12:11:05.288854] EP OUT 0x03 len=0 
[12:11:05.291333] EP OUT 0x03 len=0 
[12:11:05.293277] EP OUT 0x03 len=0 
[12:11:05.295107] EP OUT 0x03 len=0 
[12:11:05.299292] EP IN  0x81 len=64 0943200b00008467845e288330000000000000000000000000000000000000000000000000000000000000000000000000000000000000000000000000000000
[12:11:05.300575] EP OUT 0x03 len=0 
[12:11:05.303270] EP IN  0x81 len=64 0946200a00008467845f288330000000000000000000000000000000000000000000000000000000000000000000000000000000000000000000000000000000
[12:11:05.304804] EP OUT 0x03 len=0 
[12:11:05.306677] EP OUT 0x03 len=0 
[12:11:05.308374] EP OUT 0x03 len=0 
[12:11:05.310279] EP OUT 0x03 len=0 
[12:11:05.312311] EP OUT 0x03 len=0 
[12:11:05.315275] EP IN  0x81 len=64 0947200a00008467845f288330000000000000000000000000000000000000000000000000000000000000000000000000000000000000000000000000000000
[12:11:05.316510] EP OUT 0x03 len=0 
[12:11:05.318424] EP OUT 0x03 len=0 
[12:11:05.320391] EP OUT 0x03 len=0 
[12:11:05.323387] EP IN  0x81 len=64 094a200a000084778460188330000000000000000000000000000000000000000000000000000000000000000000000000000000000000000000000000000000
[12:11:05.324680] EP OUT 0x03 len=0 
[12:11:05.327361] EP IN  0x81 len=64 094c200a00008367845f388330000000000000000000000000000000000000000000000000000000000000000000000000000000000000000000000000000000
[12:11:05.328829] EP OUT 0x03 len=0 
[12:11:05.331380] EP OUT 0x03 len=0 
[12:11:05.333348] EP OUT 0x03 len=0 
[12:11:05.335230] EP OUT 0x03 len=0 
[12:11:05.337079] EP OUT 0x03 len=0 
[12:11:05.343811] EP OUT 0x03 len=0 
[12:11:05.347274] EP IN  0x81 len=64 094d200a00008367845f288330000000000000000000000000000000000000000000000000000000000000000000000000000000000000000000000000000000
[12:11:05.348517] EP OUT 0x03 len=0 
[12:11:05.350404] EP OUT 0x03 len=0 
[12:11:05.352439] EP OUT 0x03 len=0 
[12:11:05.355296] EP IN  0x81 len=64 0952200a000082678460288330000000000000000000000000000000000000000000000000000000000000000000000000000000000000000000000000000000
[12:11:05.356434] EP OUT 0x03 len=0 
[12:11:05.358300] EP OUT 0x03 len=0 
[12:11:05.360292] EP OUT 0x03 len=0 
[12:11:05.363286] EP IN  0x81 len=64 0954200200008477845e288330000000000000000000000000000000000000000000000000000000000000000000000000000000000000000000000000000000
[12:11:05.364599] EP OUT 0x03 len=0 
[12:11:05.367379] EP IN  0x81 len=64 0956200200008367845f288330000000000000000000000000000000000000000000000000000000000000000000000000000000000000000000000000000000
[12:11:05.368886] EP OUT 0x03 len=0 
[12:11:05.371227] EP OUT 0x03 len=0 
[12:11:05.373217] EP OUT 0x03 len=0 
[12:11:05.375413] EP OUT 0x03 len=0 
[12:11:05.379296] EP IN  0x81 len=64 0957200200008467845f388330000000000000000000000000000000000000000000000000000000000000000000000000000000000000000000000000000000
[12:11:05.380493] EP OUT 0x03 len=0 
[12:11:05.382231] EP OUT 0x03 len=0 
[12:11:05.384289] EP OUT 0x03 len=0 
[12:11:05.387279] EP IN  0x81 len=64 095a200200008477845f288330000000000000000000000000000000000000000000000000000000000000000000000000000000000000000000000000000000
[12:11:05.388419] EP OUT 0x03 len=0 
[12:11:05.390248] EP OUT 0x03 len=0 
[12:11:05.392271] EP OUT 0x03 len=0 
[12:11:05.395298] EP IN  0x81 len=64 095c200200008377845f288330000000000000000000000000000000000000000000000000000000000000000000000000000000000000000000000000000000
[12:11:05.396487] EP OUT 0x03 len=0 
[12:11:05.399275] EP IN  0x81 len=64 095e200200008377845f288330000000000000000000000000000000000000000000000000000000000000000000000000000000000000000000000000000000
[12:11:05.400783] EP OUT 0x03 len=0 
[12:11:05.402519] EP OUT 0x03 len=0 
[12:11:05.404412] EP OUT 0x03 len=0 
[12:11:05.406213] EP OUT 0x03 len=0 
[12:11:05.408274] EP OUT 0x03 len=0 
[12:11:05.411368] EP IN  0x81 len=64 095f200200008367845f288330000000000000000000000000000000000000000000000000000000000000000000000000000000000000000000000000000000
[12:11:05.412555] EP OUT 0x03 len=0 
[12:11:05.415278] EP IN  0x81 len=64 0962200200008367845f288330000000000000000000000000000000000000000000000000000000000000000000000000000000000000000000000000000000
[12:11:05.416678] EP OUT 0x03 len=0 
[12:11:05.418298] EP OUT 0x03 len=0 
[12:11:05.420388] EP OUT 0x03 len=0 
[12:11:05.422242] EP OUT 0x03 len=0 
[12:11:05.424266] EP OUT 0x03 len=0 
[12:11:05.427360] EP IN  0x81 len=64 0963200200008367845e288330000000000000000000000000000000000000000000000000000000000000000000000000000000000000000000000000000000
[12:11:05.428607] EP OUT 0x03 len=0 
[12:11:05.431385] EP IN  0x81 len=64 0966200200008367845e288330000000000000000000000000000000000000000000000000000000000000000000000000000000000000000000000000000000
[12:11:05.432901] EP OUT 0x03 len=0 
[12:11:05.435288] EP OUT 0x03 len=0 
[12:11:05.437153] EP OUT 0x03 len=0 
[12:11:05.439011] EP OUT 0x03 len=0 
[12:11:05.443372] EP IN  0x81 len=64 0967200200008377845f288330000000000000000000000000000000000000000000000000000000000000000000000000000000000000000000000000000000
[12:11:05.444700] EP OUT 0x03 len=0 
[12:11:05.447377] EP IN  0x81 len=64 096a200200008377845f288330000000000000000000000000000000000000000000000000000000000000000000000000000000000000000000000000000000
[12:11:05.448874] EP OUT 0x03 len=0 
[12:11:05.451363] EP OUT 0x03 len=0 
[12:11:05.453335] EP OUT 0x03 len=0 
[12:11:05.455019] EP OUT 0x03 len=0 
[12:11:05.459363] EP IN  0x81 len=64 096b200200008457845f288330000000000000000000000000000000000000000000000000000000000000000000000000000000000000000000000000000000
[12:11:05.460574] EP OUT 0x03 len=0 
[12:11:05.463278] EP IN  0x81 len=64 096e200200008367845f188330000000000000000000000000000000000000000000000000000000000000000000000000000000000000000000000000000000
[12:11:05.464770] EP OUT 0x03 len=0 
[12:11:05.466505] EP OUT 0x03 len=0 
[12:11:05.468474] EP OUT 0x03 len=0 
[12:11:05.470309] EP OUT 0x03 len=0 
[12:11:05.472320] EP OUT 0x03 len=0 
[12:11:05.475296] EP IN  0x81 len=64 096f200200008377845f288330000000000000000000000000000000000000000000000000000000000000000000000000000000000000000000000000000000
[12:11:05.476507] EP OUT 0x03 len=0 
[12:11:05.479299] EP IN  0x81 len=64 0972200200008467845f288330000000000000000000000000000000000000000000000000000000000000000000000000000000000000000000000000000000
[12:11:05.480823] EP OUT 0x03 len=0 
[12:11:05.483378] EP OUT 0x03 len=0 
[12:11:05.485356] EP OUT 0x03 len=0 
[12:11:05.487180] EP OUT 0x03 len=0 
[12:11:05.491305] EP IN  0x81 len=64 0973200200008367845f288330000000000000000000000000000000000000000000000000000000000000000000000000000000000000000000000000000000
[12:11:05.492536] EP OUT 0x03 len=0 
[12:11:05.495289] EP IN  0x81 len=64 0976200200008477845f288330000000000000000000000000000000000000000000000000000000000000000000000000000000000000000000000000000000
[12:11:05.496708] EP OUT 0x03 len=0 
[12:11:05.498393] EP OUT 0x03 len=0 
[12:11:05.500460] EP OUT 0x03 len=0 
[12:11:05.502469] EP OUT 0x03 len=0 
[12:11:05.504411] EP OUT 0x03 len=0 
[12:11:05.507365] EP IN  0x81 len=64 0977200200008377845f288330000000000000000000000000000000000000000000000000000000000000000000000000000000000000000000000000000000
[12:11:05.508679] EP OUT 0x03 len=0 
[12:11:05.511374] EP IN  0x81 len=64 097a200200008367845e288330000000000000000000000000000000000000000000000000000000000000000000000000000000000000000000000000000000
[12:11:05.512841] EP OUT 0x03 len=0 
[12:11:05.515287] EP OUT 0x03 len=0 
[12:11:05.517262] EP OUT 0x03 len=0 
[12:11:05.519156] EP OUT 0x03 len=0 
[12:11:05.520984] EP OUT 0x03 len=0 
[12:11:05.527649] EP OUT 0x03 len=0 
[12:11:05.531374] EP IN  0x81 len=64 097b200200008477845f288330000000000000000000000000000000000000000000000000000000000000000000000000000000000000000000000000000000
[12:11:05.532531] EP OUT 0x03 len=0 
[12:11:05.535361] EP IN  0x81 len=64 0980200200008467845f288330000000000000000000000000000000000000000000000000000000000000000000000000000000000000000000000000000000
[12:11:05.536794] EP OUT 0x03 len=0 
[12:11:05.538606] EP OUT 0x03 len=0 
[12:11:05.540597] EP OUT 0x03 len=0 
[12:11:05.542442] EP OUT 0x03 len=0 
[12:11:05.544385] EP OUT 0x03 len=0 
[12:11:05.547370] EP IN  0x81 len=64 09812002000083678460288330000000000000000000000000000000000000000000000000000000000000000000000000000000000000000000000000000000
[12:11:05.548690] EP OUT 0x03 len=0 
[12:11:05.551368] EP IN  0x81 len=64 0984200200008367845e288330000000000000000000000000000000000000000000000000000000000000000000000000000000000000000000000000000000
[12:11:05.552881] EP OUT 0x03 len=0 
[12:11:05.555275] EP OUT 0x03 len=0 
[12:11:05.557254] EP OUT 0x03 len=0 
[12:11:05.559030] EP OUT 0x03 len=0 
[12:11:05.563268] EP IN  0x81 len=64 0985200200008467845f288330000000000000000000000000000000000000000000000000000000000000000000000000000000000000000000000000000000
[12:11:05.564461] EP OUT 0x03 len=0 
[12:11:05.566186] EP OUT 0x03 len=0 
[12:11:05.568279] EP OUT 0x03 len=0 
[12:11:05.571353] EP IN  0x81 len=64 0988200800008467845f288330000000000000000000000000000000000000000000000000000000000000000000000000000000000000000000000000000000
[12:11:05.572475] EP OUT 0x03 len=0 
[12:11:05.575271] EP IN  0x81 len=64 098a200800008467845f288330000000000000000000000000000000000000000000000000000000000000000000000000000000000000000000000000000000
[12:11:05.576762] EP OUT 0x03 len=0 
[12:11:05.578641] EP OUT 0x03 len=0 
[12:11:05.580603] EP OUT 0x03 len=0 
[12:11:05.582477] EP OUT 0x03 len=0 
[12:11:05.584478] EP OUT 0x03 len=0 
[12:11:05.587276] EP IN  0x81 len=64 098b200800008367845f288330000000000000000000000000000000000000000000000000000000000000000000000000000000000000000000000000000000
[12:11:05.588528] EP OUT 0x03 len=0 
[12:11:05.590403] EP OUT 0x03 len=0 
[12:11:05.592333] EP OUT 0x03 len=0 
[12:11:05.595282] EP IN  0x81 len=64 098e202800008367845f288330000000000000000000000000000000000000000000000000000000000000000000000000000000000000000000000000000000
[12:11:05.596563] EP OUT 0x03 len=0 
[12:11:05.599296] EP IN  0x81 len=64 0990202800008377845f288330000000000000000000000000000000000000000000000000000000000000000000000000000000000000000000000000000000
[12:11:05.600774] EP OUT 0x03 len=0 
[12:11:05.602383] EP OUT 0x03 len=0 
[12:11:05.604348] EP OUT 0x03 len=0 
[12:11:05.606206] EP OUT 0x03 len=0 
[12:11:05.608074] EP OUT 0x03 len=0 
[12:11:05.611301] EP IN  0x81 len=64 0991202800008367845f388330000000000000000000000000000000000000000000000000000000000000000000000000000000000000000000000000000000
[12:11:05.612491] EP OUT 0x03 len=0 
[12:11:05.615276] EP IN  0x81 len=64 0994202800008467845f188330000000000000000000000000000000000000000000000000000000000000000000000000000000000000000000000000000000
[12:11:05.616895] EP OUT 0x03 len=0 
[12:11:05.619304] EP OUT 0x03 len=0 
[12:11:05.621074] EP OUT 0x03 len=0 
[12:11:05.623523] EP OUT 0x03 len=0 
[12:11:05.625408] EP OUT 0x03 len=0 
[12:11:05.632188] EP OUT 0x03 len=0 
[12:11:05.635379] EP IN  0x81 len=64 0999202a00008467845f288330000000000000000000000000000000000000000000000000000000000000000000000000000000000000000000000000000000
[12:11:05.636648] EP OUT 0x03 len=0 
[12:11:05.639275] EP IN  0x81 len=64 099a202a00008377845f288330000000000000000000000000000000000000000000000000000000000000000000000000000000000000000000000000000000
[12:11:05.640797] EP OUT 0x03 len=0 
[12:11:05.642623] EP OUT 0x03 len=0 
[12:11:05.644584] EP OUT 0x03 len=0 
[12:11:05.646300] EP OUT 0x03 len=0 
[12:11:05.648208] EP OUT 0x03 len=0 
[12:11:05.651382] EP IN  0x81 len=64 099b202a00008367845f288330000000000000000000000000000000000000000000000000000000000000000000000000000000000000000000000000000000
[12:11:05.652727] EP OUT 0x03 len=0 
[12:11:05.655359] EP IN  0x81 len=64 099e202a00008367845f388330000000000000000000000000000000000000000000000000000000000000000000000000000000000000000000000000000000
[12:11:05.656795] EP OUT 0x03 len=0 
[12:11:05.658460] EP OUT 0x03 len=0 
[12:11:05.660326] EP OUT 0x03 len=0 
[12:11:05.662022] EP OUT 0x03 len=0 
[12:11:05.664338] EP OUT 0x03 len=0 
[12:11:05.667375] EP IN  0x81 len=64 099f202a00008377845f288330000000000000000000000000000000000000000000000000000000000000000000000000000000000000000000000000000000
[12:11:05.668688] EP OUT 0x03 len=0 
[12:11:05.671375] EP IN  0x81 len=64 09a2202a00008367845f388330000000000000000000000000000000000000000000000000000000000000000000000000000000000000000000000000000000
[12:11:05.672877] EP OUT 0x03 len=0 
[12:11:05.675158] EP OUT 0x03 len=0 
[12:11:05.678534] EP OUT 0x03 len=0 
[12:11:05.680262] EP OUT 0x03 len=0 
[12:11:05.683377] EP IN  0x81 len=64 09a3202a00008357845f388330000000000000000000000000000000000000000000000000000000000000000000000000000000000000000000000000000000
[12:11:05.684717] EP OUT 0x03 len=0 
[12:11:05.687287] EP IN  0x81 len=64 09a6202a00008467845f288330000000000000000000000000000000000000000000000000000000000000000000000000000000000000000000000000000000
[12:11:05.688869] EP OUT 0x03 len=0 
[12:11:05.691332] EP OUT 0x03 len=0 
[12:11:05.693193] EP OUT 0x03 len=0 
[12:11:05.695038] EP OUT 0x03 len=0 
[12:11:05.699286] EP IN  0x81 len=64 09a7202a00008367845e388330000000000000000000000000000000000000000000000000000000000000000000000000000000000000000000000000000000
[12:11:05.700596] EP OUT 0x03 len=0 
[12:11:05.703272] EP IN  0x81 len=64 09aa202a00008367845f188330000000000000000000000000000000000000000000000000000000000000000000000000000000000000000000000000000000
[12:11:05.704878] EP OUT 0x03 len=0 
[12:11:05.707336] EP OUT 0x03 len=0 
[12:11:05.709253] EP OUT 0x03 len=0 
[12:11:05.711145] EP OUT 0x03 len=0 
[12:11:05.715299] EP IN  0x81 len=64 09ab202a00008367845e288330000000000000000000000000000000000000000000000000000000000000000000000000000000000000000000000000000000
[12:11:05.716606] EP OUT 0x03 len=0 
[12:11:05.719379] EP IN  0x81 len=64 09ae202a00008477845e288330000000000000000000000000000000000000000000000000000000000000000000000000000000000000000000000000000000
[12:11:05.720799] EP OUT 0x03 len=0 
[12:11:05.722450] EP OUT 0x03 len=0 
[12:11:05.724297] EP OUT 0x03 len=0 
[12:11:05.726082] EP OUT 0x03 len=0 
[12:11:05.728528] EP OUT 0x03 len=0 
[12:11:05.731369] EP IN  0x81 len=64 09af202a00008367845e388330000000000000000000000000000000000000000000000000000000000000000000000000000000000000000000000000000000
[12:11:05.732587] EP OUT 0x03 len=0 
[12:11:05.735399] EP IN  0x81 len=64 09b2202a00008367845f288330000000000000000000000000000000000000000000000000000000000000000000000000000000000000000000000000000000
[12:11:05.736847] EP OUT 0x03 len=0 
[12:11:05.738673] EP OUT 0x03 len=0 
[12:11:05.740673] EP OUT 0x03 len=0 
[12:11:05.742483] EP OUT 0x03 len=0 
[12:11:05.744383] EP OUT 0x03 len=0 
[12:11:05.747375] EP IN  0x81 len=64 09b3202a00008367845f288330000000000000000000000000000000000000000000000000000000000000000000000000000000000000000000000000000000
[12:11:05.748576] EP OUT 0x03 len=0 
[12:11:05.751293] EP IN  0x81 len=64 09b6202a00008367845f388330000000000000000000000000000000000000000000000000000000000000000000000000000000000000000000000000000000
[12:11:05.752885] EP OUT 0x03 len=0 
[12:11:05.755266] EP OUT 0x03 len=0 
[12:11:05.758529] EP OUT 0x03 len=0 
[12:11:05.760391] EP OUT 0x03 len=0 
[12:11:05.763279] EP IN  0x81 len=64 09b7202a00008367845e388330000000000000000000000000000000000000000000000000000000000000000000000000000000000000000000000000000000
[12:11:05.764560] EP OUT 0x03 len=0 
[12:11:05.766416] EP OUT 0x03 len=0 
[12:11:05.768385] EP OUT 0x03 len=0 
[12:11:05.771363] EP IN  0x81 len=64 09ba202a00008367845f288330000000000000000000000000000000000000000000000000000000000000000000000000000000000000000000000000000000
[12:11:05.772654] EP OUT 0x03 len=0 
[12:11:05.775353] EP IN  0x81 len=64 09bc202200008477845f288330000000000000000000000000000000000000000000000000000000000000000000000000000000000000000000000000000000
[12:11:05.776922] EP OUT 0x03 len=0 
[12:11:05.779279] EP OUT 0x03 len=0 
[12:11:05.781318] EP OUT 0x03 len=0 
[12:11:05.783166] EP OUT 0x03 len=0 
[12:11:05.785004] EP OUT 0x03 len=0 
[12:11:05.791676] EP OUT 0x03 len=0 
[12:11:05.795354] EP IN  0x81 len=64 09bd202200008367845e288330000000000000000000000000000000000000000000000000000000000000000000000000000000000000000000000000000000
[12:11:05.796528] EP OUT 0x03 len=0 
[12:11:05.799274] EP IN  0x81 len=64 09c2200000008367845f288330000000000000000000000000000000000000000000000000000000000000000000000000000000000000000000000000000000
[12:11:05.800874] EP OUT 0x03 len=0 
[12:11:05.803327] EP OUT 0x03 len=0 
[12:11:05.805195] EP OUT 0x03 len=0 
[12:11:05.807097] EP OUT 0x03 len=0 
[12:11:05.811386] EP IN  0x81 len=64 09c3200000008367845f288330000000000000000000000000000000000000000000000000000000000000000000000000000000000000000000000000000000
[12:11:05.812675] EP OUT 0x03 len=0 
[12:11:05.815294] EP IN  0x81 len=64 09c6200000008467845f188330000000000000000000000000000000000000000000000000000000000000000000000000000000000000000000000000000000
[12:11:05.816852] EP OUT 0x03 len=0 
[12:11:05.819348] EP OUT 0x03 len=0 
[12:11:05.821157] EP OUT 0x03 len=0 
[12:11:05.823333] EP OUT 0x03 len=0 
[12:11:05.827380] EP IN  0x81 len=64 09c7200000008367845f288330000000000000000000000000000000000000000000000000000000000000000000000000000000000000000000000000000000
[12:11:05.828674] EP OUT 0x03 len=0 
[12:11:05.831367] EP IN  0x81 len=64 09ca200000008467845f388330000000000000000000000000000000000000000000000000000000000000000000000000000000000000000000000000000000
[12:11:05.832691] EP OUT 0x03 len=0 
[12:11:05.834527] EP OUT 0x03 len=0 
[12:11:05.836495] EP OUT 0x03 len=0 
[12:11:05.838362] EP OUT 0x03 len=0 
[12:11:05.840323] EP OUT 0x03 len=0 
[12:11:05.843368] EP IN  0x81 len=64 09cb200000008357845f388330000000000000000000000000000000000000000000000000000000000000000000000000000000000000000000000000000000
[12:11:05.844686] EP OUT 0x03 len=0 
[12:11:05.847301] EP IN  0x81 len=64 09ce200000008477845e288330000000000000000000000000000000000000000000000000000000000000000000000000000000000000000000000000000000
[12:11:05.848896] EP OUT 0x03 len=0 
[12:11:05.851360] EP OUT 0x03 len=0 
[12:11:05.853341] EP OUT 0x03 len=0 
[12:11:05.855164] EP OUT 0x03 len=0 
[12:11:05.857050] EP OUT 0x03 len=0 
[12:11:05.859276] EP IN  0x81 len=64 09cf200000008477845e388330000000000000000000000000000000000000000000000000000000000000000000000000000000000000000000000000000000
[12:11:05.860538] EP OUT 0x03 len=0 
[12:11:05.862298] EP OUT 0x03 len=0 
[12:11:05.864226] EP OUT 0x03 len=0 
[12:11:05.867374] EP IN  0x81 len=64 09d2200000008477845f288330000000000000000000000000000000000000000000000000000000000000000000000000000000000000000000000000000000
[12:11:05.868582] EP OUT 0x03 len=0 
[12:11:05.871376] EP IN  0x81 len=64 09d4200000008467845e388330000000000000000000000000000000000000000000000000000000000000000000000000000000000000000000000000000000
[12:11:05.872875] EP OUT 0x03 len=0 
[12:11:05.875265] EP OUT 0x03 len=0 
[12:11:05.877160] EP OUT 0x03 len=0 
[12:11:05.879024] EP OUT 0x03 len=0 
[12:11:05.883357] EP IN  0x81 len=64 09d5200000008367845f288330000000000000000000000000000000000000000000000000000000000000000000000000000000000000000000000000000000
[12:11:05.884675] EP OUT 0x03 len=0 
[12:11:05.887287] EP IN  0x81 len=64 09d8200000008367845f288330000000000000000000000000000000000000000000000000000000000000000000000000000000000000000000000000000000
[12:11:05.888872] EP OUT 0x03 len=0 
[12:11:05.891325] EP OUT 0x03 len=0 
[12:11:05.893243] EP OUT 0x03 len=0 
[12:11:05.895116] EP OUT 0x03 len=0 
[12:11:05.899284] EP IN  0x81 len=64 09d9200000008367845f288330000000000000000000000000000000000000000000000000000000000000000000000000000000000000000000000000000000
[12:11:05.900586] EP OUT 0x03 len=0 
[12:11:05.903267] EP IN  0x81 len=64 09dc200000008467845f288330000000000000000000000000000000000000000000000000000000000000000000000000000000000000000000000000000000
[12:11:05.904763] EP OUT 0x03 len=0 
[12:11:05.906441] EP OUT 0x03 len=0 
[12:11:05.908462] EP OUT 0x03 len=0 
[12:11:05.910349] EP OUT 0x03 len=0 
[12:11:05.912313] EP OUT 0x03 len=0 
[12:11:05.915378] EP IN  0x81 len=64 09dd200000008477845f288330000000000000000000000000000000000000000000000000000000000000000000000000000000000000000000000000000000
[12:11:05.916695] EP OUT 0x03 len=0 
[12:11:05.919382] EP IN  0x81 len=64 09e0200100008367845f288330000000000000000000000000000000000000000000000000000000000000000000000000000000000000000000000000000000
[12:11:05.920805] EP OUT 0x03 len=0 
[12:11:05.922690] EP OUT 0x03 len=0 
[12:11:05.924654] EP OUT 0x03 len=0 
[12:11:05.926485] EP OUT 0x03 len=0 
[12:11:05.928432] EP OUT 0x03 len=0 
[12:11:05.931297] EP IN  0x81 len=64 09e1200100008467845f288330000000000000000000000000000000000000000000000000000000000000000000000000000000000000000000000000000000
[12:11:05.932544] EP OUT 0x03 len=0 
[12:11:05.935365] EP IN  0x81 len=64 09e4200900008377845f288330000000000000000000000000000000000000000000000000000000000000000000000000000000000000000000000000000000
[12:11:05.936867] EP OUT 0x03 len=0 
[12:11:05.938534] EP OUT 0x03 len=0 
[12:11:05.940391] EP OUT 0x03 len=0 
[12:11:05.942343] EP OUT 0x03 len=0 
[12:11:05.944347] EP OUT 0x03 len=0 
[12:11:05.947306] EP IN  0x81 len=64 09e5200900008467845f388330000000000000000000000000000000000000000000000000000000000000000000000000000000000000000000000000000000
[12:11:05.948593] EP OUT 0x03 len=0 
[12:11:05.951384] EP IN  0x81 len=64 09e8200d00008377845f188330000000000000000000000000000000000000000000000000000000000000000000000000000000000000000000000000000000
[12:11:05.952883] EP OUT 0x03 len=0 
[12:11:05.955298] EP OUT 0x03 len=0 
[12:11:05.957251] EP OUT 0x03 len=0 
[12:11:05.959087] EP OUT 0x03 len=0 
[12:11:05.963288] EP IN  0x81 len=64 09e9200f00008467845f288330000000000000000000000000000000000000000000000000000000000000000000000000000000000000000000000000000000
[12:11:05.964582] EP OUT 0x03 len=0 
[12:11:05.967267] EP IN  0x81 len=64 09ec200f00008377845f288330000000000000000000000000000000000000000000000000000000000000000000000000000000000000000000000000000000
[12:11:05.968852] EP OUT 0x03 len=0 
[12:11:05.971229] EP OUT 0x03 len=0 
[12:11:05.974512] EP OUT 0x03 len=0 
[12:11:05.976285] EP OUT 0x03 len=0 
[12:11:05.979375] EP IN  0x81 len=64 09ed200f00008377845f288330000000000000000000000000000000000000000000000000000000000000000000000000000000000000000000000000000000
[12:11:05.980634] EP OUT 0x03 len=0 
[12:11:05.983294] EP IN  0x81 len=64 09f0200f00008477845f288330000000000000000000000000000000000000000000000000000000000000000000000000000000000000000000000000000000
[12:11:05.984858] EP OUT 0x03 len=0 
[12:11:05.987188] EP OUT 0x03 len=0 
[12:11:05.989130] EP OUT 0x03 len=0 
[12:11:05.991017] EP OUT 0x03 len=0 
[12:11:05.995294] EP IN  0x81 len=64 09f1200f00008367845f288330000000000000000000000000000000000000000000000000000000000000000000000000000000000000000000000000000000
[12:11:05.996585] EP OUT 0x03 len=0 
[12:11:05.999288] EP IN  0x81 len=64 09f4200f00008467845f288330000000000000000000000000000000000000000000000000000000000000000000000000000000000000000000000000000000
[12:11:06.000902] EP OUT 0x03 len=0 
[12:11:06.003360] EP OUT 0x03 len=0 
[12:11:06.005064] EP OUT 0x03 len=0 
[12:11:06.007347] EP OUT 0x03 len=0 
[12:11:06.011389] EP IN  0x81 len=64 09f5200f00008367845f288330000000000000000000000000000000000000000000000000000000000000000000000000000000000000000000000000000000
[12:11:06.012613] EP OUT 0x03 len=0 
[12:11:06.015280] EP IN  0x81 len=64 09f8200f00008467845f188330000000000000000000000000000000000000000000000000000000000000000000000000000000000000000000000000000000
[12:11:06.016914] EP OUT 0x03 len=0 
[12:11:06.019290] EP OUT 0x03 len=0 
[12:11:06.021151] EP OUT 0x03 len=0 
[12:11:06.023571] EP OUT 0x03 len=0 
[12:11:06.025377] EP OUT 0x03 len=0 
[12:11:06.032259] EP OUT 0x02 len=8 0791000100000000
[12:11:06.032547] EP OUT 0x03 len=0 
[12:11:06.035275] EP IN  0x81 len=64 09fd200f00008377845f288330000000000000000000000000000000000000000000000000000000000000000000000000000000000000000000000000000000
[12:11:06.035756] EP IN  0x82 len=9 0701000100f8000000
[12:11:06.037118] EP OUT 0x02 len=8 1691000100000000
[12:11:06.037368] EP OUT 0x03 len=0 
[12:11:06.038649] EP IN  0x82 len=32 1601000100f8000000000000000000007e0100002d0000000000000000000000
[12:11:06.039904] EP OUT 0x02 len=12 0b9100070004000000000000
[12:11:06.040231] EP OUT 0x03 len=0 
[12:11:06.043377] EP IN  0x81 len=64 09fe200f00008467845f388330000000000000000000000000000000000000000000000000000000000000000000000000000000000000000000000000000000
[12:11:06.043903] EP IN  0x82 len=8 0b01000700f80000
[12:11:06.045305] EP OUT 0x02 len=22 15910001000e00000002e139650548c8e039650548c8
[12:11:06.045582] EP OUT 0x03 len=0 
[12:11:06.051372] EP IN  0x81 len=64 0900200f00008467845f288330000000000000000000000000000000000000000000000000000000000000000000000000000000000000000000000000000000
[12:11:06.052325] EP IN  0x82 len=17 1501000100f800000104013d1769aba93c
[12:11:06.053684] EP OUT 0x03 len=0 
[12:11:06.059359] EP IN  0x81 len=64 0902200f000084678460288330000000000000000000000000000000000000000000000000000000000000000000000000000000000000000000000000000000
[12:11:07.152059] EP OUT 0x02 len=25 1591000200110000004eef6eabea288ec5cfb35e433244a886
[12:11:07.153062] EP OUT 0x03 len=0 
[12:11:07.159531] EP IN  0x81 len=64 090d200500008367845f188330000000000000000000000000000000000000000000000000000000000000000000000000000000000000000000000000000000
[12:11:07.160727] EP IN  0x82 len=25 1501000200f80000011f0ba9fa44e28c95d172a12e3307cdf7
[12:11:07.162693] EP OUT 0x03 len=0 
[12:11:07.167450] EP IN  0x81 len=64 0911200500008467845f288330000000000000000000000000000000000000000000000000000000000000000000000000000000000000000000000000000000
[12:11:08.248838] EP OUT 0x02 len=9 159100030001000000
[12:11:08.249582] EP OUT 0x03 len=0 
[12:11:08.255663] EP IN  0x81 len=64 091c200000009a47845e688230000000000000000000000000000000000000000000000000000000000000000000000000000000000000000000000000000000
[12:11:08.256825] EP IN  0x82 len=9 1501000300f8000001
[12:11:08.258679] EP OUT 0x03 len=0 
[12:11:08.263419] EP IN  0x81 len=64 091d200000009947845e688230000000000000000000000000000000000000000000000000000000000000000000000000000000000000000000000000000000
[12:11:09.365619] EP OUT 0x02 len=12 099100070004000000000000
[12:11:09.366276] EP OUT 0x03 len=0 
[12:11:09.371411] EP IN  0x81 len=64 092d200000009747845e688230000000000000000000000000000000000000000000000000000000000000000000000000000000000000000000000000000000
[12:11:09.372378] EP IN  0x82 len=8 0901000700f80000
[12:11:09.374216] EP OUT 0x02 len=12 0c9100020004000027000000
[12:11:09.374631] EP OUT 0x03 len=0 
[12:11:09.379347] EP IN  0x81 len=64 092e200000009757845e688230000000000000000000000000000000000000000000000000000000000000000000000000000000000000000000000000000000
[12:11:09.380698] EP IN  0x82 len=12 0c01000200f8000000000000
[12:11:09.382302] EP OUT 0x03 len=0 
[12:11:09.387422] EP IN  0x81 len=64 0930200100009757845e788230000000000000000000000000000000000000000000000000000000000000000000000000000000000000000000000000000000
[12:11:10.496333] EP OUT 0x02 len=16 0291000400080000407e000080300100
[12:11:10.497285] EP OUT 0x03 len=0 
[12:11:10.503413] EP IN  0x81 len=64 09402002000092f7835e588230000000000000000000000000000000000000000000000000000000000000000000000000000000000000000000000000000000
[12:11:10.504677] EP IN  0x82 len=64 0201000400f80000400000008030010001add99a555665a0000aa0000ae2200ee2200e9aadd99aadd90aa5500aa5502ff6622ff6620affff82f7815636613886
[12:11:10.506468] EP OUT 0x03 len=0 
[12:11:10.511421] EP IN  0x81 len=64 09432002000092e7835e488230000000000000000000000000000000000000000000000000000000000000000000000000000000000000000000000000000000
[12:11:10.513050] EP IN  0x82 len=16 5fffffffffffffffffffffffffffffff
[12:11:10.515084] EP OUT 0x02 len=12 0391000c0004000001000000
[12:11:10.515465] EP OUT 0x03 len=0 
[12:11:10.519356] EP IN  0x81 len=64 09452002000092f7835e588230000000000000000000000000000000000000000000000000000000000000000000000000000000000000000000000000000000
[12:11:10.520001] EP IN  0x82 len=8 0301000c00f80000
[12:11:10.521669] EP OUT 0x02 len=12 0a9100020004000003000000
[12:11:10.522052] EP OUT 0x03 len=0 
[12:11:10.527410] EP IN  0x81 len=64 09472000000092f7835e588230000000000000000000000000000000000000000000000000000000000000000000000000000000000000000000000000000000
[12:11:10.529229] EP IN  0x82 len=8 0a01000200f80000
[12:11:10.532021] EP OUT 0x02 len=12 099100070004000001000000
[12:11:10.532487] EP OUT 0x03 len=0 
[12:11:10.539500] EP IN  0x82 len=8 0901000700f80000
[12:11:10.541459] EP OUT 0x02 len=16 0291000400080000407e0000c0300100
[12:11:10.541882] EP OUT 0x03 len=0 
[12:11:10.547354] EP IN  0x81 len=64 094c2000000091f7835e588230000000000000000000000000000000000000000000000000000000000000000000000000000000000000000000000000000000
[12:11:10.548060] EP IN  0x82 len=64 0201000400f8000040000000c030010001add99a555665a0000aa0000ae2200ee2200e9aadd99aadd90aa5500aa5502ff6622ff6620affff337882c4555f0e46
[12:11:10.549678] EP OUT 0x03 len=0 
[12:11:10.555377] EP IN  0x81 len=64 094e200000009207845e588230000000000000000000000000000000000000000000000000000000000000000000000000000000000000000000000000000000
[12:11:10.556748] EP IN  0x82 len=16 62ffffffffffffffffffffffffffffff
[12:11:10.558678] EP OUT 0x03 len=0 
[12:11:10.563374] EP IN  0x81 len=64 0950200000009207845e588230000000000000000000000000000000000000000000000000000000000000000000000000000000000000000000000000000000
[12:11:11.640776] EP OUT 0x02 len=16 0291000400080000407e000040c01f00
[12:11:11.641458] EP OUT 0x03 len=0 
[12:11:11.647428] EP IN  0x81 len=64 0956200020005ab7855f588230000000000000000000000000000000000000000000000000000000000000000000000000000000000000000000000000000000
[12:11:11.648453] EP IN  0x82 len=64 0201000400f800004000000040c01f00ffffffffffffffffffffffffffffffffffffffffffffffffffffffffffffffffffffffffffffffffffffffffffffffff
[12:11:11.650001] EP OUT 0x03 len=0 
[12:11:11.655401] EP IN  0x81 len=64 095b2000000065b7855e688230000000000000000000000000000000000000000000000000000000000000000000000000000000000000000000000000000000
[12:11:11.656794] EP IN  0x82 len=16 ffffffffffffffffffffffffffffffff
[12:11:11.658497] EP OUT 0x03 len=0 
[12:11:11.663449] EP IN  0x81 len=64 095d2000000069a7855e688230000000000000000000000000000000000000000000000000000000000000000000000000000000000000000000000000000000
[12:11:12.763370] EP OUT 0x02 len=16 0291000400080000107e000040300100
[12:11:12.764143] EP OUT 0x03 len=0 
[12:11:12.771595] EP IN  0x82 len=32 0201000400f800001000000040300100e8c1ca41bffed93a8a6714bb5c1432bb
[12:11:12.773475] EP OUT 0x03 len=0 
[12:11:12.779402] EP IN  0x81 len=64 096d20000000c321545f588230000000000000000000000000000000000000000000000000000000000000000000000000000000000000000000000000000000
[12:11:13.899533] EP OUT 0x02 len=16 0291000400080000187e000000310100
[12:11:13.900263] EP OUT 0x03 len=0 
[12:11:13.907153] EP IN  0x82 len=40 0201000400f8000018000000003101000000000000000000000000004d414e3dc63ae43d31611d41
[12:11:13.908964] EP OUT 0x03 len=0 
[12:11:15.007972] EP OUT 0x02 len=8 1191000300000000
[12:11:15.008704] EP OUT 0x03 len=0 
[12:11:15.015674] EP IN  0x82 len=37 1101000300f8000001c0030000e7d01c3b7922a03a0ae89c4258a00b420ae89c4158a00b41
[12:11:15.017383] EP OUT 0x03 len=0 
[12:11:15.023365] EP IN  0x81 len=64 0991200400005893335f688230000000000000000000000000000000000000000000000000000000000000000000000000000000000000000000000000000000
[12:11:16.151537] EP OUT 0x02 len=16 0291000400080000207e000060300100
[12:11:16.152240] EP OUT 0x03 len=0 
[12:11:16.159429] EP IN  0x82 len=48 0201000400f800002000000060300100ffffffffffffffffffffffffffffffffffffffffffffffffffffffffffffffff
[12:11:16.161379] EP OUT 0x03 len=0 
[12:11:16.167374] EP IN  0x81 len=64 09a720040000dce2385e588230000000000000000000000000000000000000000000000000000000000000000000000000000000000000000000000000000000
[12:11:17.263074] EP OUT 0x02 len=28 0a9100080014000001ffffffffffffffff3500460000000000000000
[12:11:17.264171] EP OUT 0x03 len=0 
[12:11:17.271820] EP IN  0x82 len=8 0a01000800f80000
[12:11:17.273935] EP OUT 0x03 len=0 
[12:11:17.279448] EP IN  0x81 len=64 09ba20000000a1e7835e588230000000000000000000000000000000000000000000000000000000000000000000000000000000000000000000000000000000
[12:11:18.391448] EP OUT 0x02 len=8 1191000100000000
[12:11:18.392275] EP OUT 0x03 len=0 
[12:11:18.399397] EP IN  0x82 len=12 1101000100f8000003000000
[12:11:18.401085] EP OUT 0x03 len=0 
[12:11:19.441339] EP OUT 0x02 len=12 0c9100040004000027000000
[12:11:19.442224] EP OUT 0x03 len=0 
[12:11:19.449413] EP IN  0x82 len=12 0c01000400f8000000000000
[12:11:19.451332] EP OUT 0x03 len=0 
[12:11:19.455353] EP IN  0x81 len=64 09ce20000000f875785e58823800001e404e000c00bc2a1f01caede50022159b327a1aff808e040a309fb60cf7fe000000000000000000000000000000000000
[12:11:20.576344] EP OUT 0x02 len=12 0391000a0004000009000000
[12:11:20.577077] EP OUT 0x03 len=0 
[12:11:20.583372] EP IN  0x81 len=64 09e22000000091d2c75e58823800001e7b42000c00dcf71b014423df00e9ce9a60fb6bff50042f0a90402d0cfefe000000000000000000000000000000000000
[12:11:20.584333] EP IN  0x82 len=8 0301000a00f80000
[12:11:20.586095] EP OUT 0x03 len=0 
[12:11:20.591379] EP IN  0x81 len=64 09e3200000008e82c75e6882380000047b02000c0000000000000000000000000000000000000000000000000000000000000000000000000000000000000000
[12:11:21.652221] EP OUT 0x01 len=128 02608101101e008101101e000000000000608101101e008101101e0000000000000000000000000000000000000000000000000000000000000000000000000002528101101e0000000000000000000000528101101e000000000000000000000000000000000000000000000000000000000000000000000000000000000000
[12:11:21.660973] EP OUT 0x02 len=8 1091000100000000
[12:11:21.661641] EP OUT 0x03 len=0 
[12:11:21.667365] EP IN  0x81 len=64 09e92000000040aadf5f68823800001e8236000c003e8c1b01bbeadf000f879a905a62ffa052fa09a05da00cf6fe000000000000000000000000000000000000
[12:11:21.705298] EP IN  0x82 len=20 1001000100f80000020104020c00000000020300
[12:11:21.707507] EP OUT 0x01 len=0 
[12:11:21.707766] EP OUT 0x03 len=0 
[12:11:21.711345] EP IN  0x81 len=64 09f6200000004479e25e58823800001eb336000c000a001b010f74df00c2779a2c1873ff404add09a068a10cfcfe000000000000000000000000000000000000
[12:11:22.773230] EP OUT 0x01 len=0 
[12:11:22.773964] EP OUT 0x02 len=8 0191000c00000000
[12:11:22.774612] EP OUT 0x03 len=0 
[12:11:22.779378] EP IN  0x81 len=64 09fb20000000cb4b305e68823800001eb54a000c0048f11901bee5e000d9fc9ace8d72ff80d3e4091016c50c01ff000000000000000000000000000000000000
[12:11:22.780245] EP IN  0x82 len=12 0101000c00f8000061125010
[12:11:22.782071] EP OUT 0x01 len=0 
[12:11:22.782374] EP OUT 0x03 len=0 
[12:11:22.787339] EP IN  0x81 len=64 09fc20000000cc4b305f68823800001eb72a000c00c0ef1901e7e5e00007fd9aaa9371ff408de409f09ac60cfcfe000000000000000000000000000000000000
[12:11:23.905681] EP OUT 0x02 len=8 1891000100000000
[12:11:23.906480] EP OUT 0x03 len=0 
[12:11:23.911411] EP IN  0x81 len=64 090c20000000038c345e68823800001ee54e000c0048911a01142ee100c1189b16a066ff807b030a60ee8f0cf7fe000000000000000000000000000000000000
[12:11:23.912372] EP IN  0x82 len=16 1801000100f80000000040f000006000
[12:11:23.914041] EP OUT 0x03 len=0 
[12:11:23.919334] EP IN  0x81 len=64 091120000000199c355e58823800001ef72e000c004c8d1a016f2de100dd169bb69764ffb00afd0970a1920cf6fe000000000000000000000000000000000000
[12:11:25.022321] EP OUT 0x01 len=256 02637b01b01d0050013018000000000000637b01b01d004501801700000000000000000000000000000000000000000000000000000000000000000000000000025550013018000000000000000000000055450180170000000000000000000000000000000000000000000000000000000000000000000000000000000000000256652d70a00000000000000000000000565a25c09f0000000000000000000000000000000000000000000000000000000000000000000000000000000000000257563510dd0300000000000000000000574b31601c030000000000000000000000000000000000000000000000000000000000000000000000000000000000
[12:11:25.036577] EP OUT 0x03 len=0 
[12:11:25.043404] EP IN  0x81 len=64 0921200000009977835f68823800001e2343000c00c6b62101c1bfe100a0de9b54fa81ffa0a1fd0920f6ec0bf5fe000000000000000000000000000000000000
[12:11:25.045318] EP OUT 0x03 len=0 
[12:11:25.052519] EP OUT 0x03 len=0 
[12:11:25.054723] EP OUT 0x03 len=0 
[12:11:25.059347] EP IN  0x81 len=64 0928200000009987835e68823000001e3c33000c00d28121011ab7e1008ec99bf816a6ffc012400a2023110df9fe000000000000000000000000000000000000
[12:11:25.061585] EP OUT 0x01 len=256 0928200000009987835e68823000001e3c33000c00d28121011ab7e1008ec99bf816a6ffc012400a2023110df9fe0000000000000000000000000000000000000269f608605b02f158209e00000000000069eb08b01a02f158209e00000000000000000000000000000000000000000000000000000000000000000000000000025b0649209e00000000000000000000005b0649209e000000000000000000000000000000000000000000000000000000000000000000000000000000000000025ce25c209e00000000000000000000005ce25c209e000000000000000000000000000000000000000000000000000000000000000000000000000000000000
[12:11:25.076608] EP OUT 0x03 len=0 
[12:11:25.084848] EP OUT 0x03 len=0 
[12:11:25.091284] EP IN  0x81 len=64 0930200000009967835e68823100001e5b43000c00da5b2201a2c7e100a6d19b71c281ff400c2d0a7067ce0bfffe000000000000000000000000000000000000
[12:11:25.093272] EP OUT 0x03 len=0 
[12:11:25.099283] EP IN  0x81 len=64 0932200400009977835d68823000001e6343000c00701a220116e8e10075cd9b83ce9cff604c1b0a8027f30afffe000000000000000000000000000000000000
[12:11:25.101540] EP OUT 0x01 len=256 0932200400009977835d68823000001e6343000c00701a220116e8e10075cd9b83ce9cff604c1b0a8027f30afffe000000000000000000000000000000000000026efd48b09a00d300b01a0000000000006efd48b09a00d300b01a000000000000000000000000000000000000000000000000000000000000000000000000000250f700b01a000000000000000000000050f700b01a0000000000000000000000000000000000000000000000000000000000000000000000000000000000000251f400b01a000000000000000000000051f400b01a000000000000000000000000000000000000000000000000000000000000000000000000000000000000
[12:11:25.116625] EP OUT 0x03 len=0 
[12:11:25.123315] EP IN  0x81 len=64 0939200400009977835e68823200001e7e43000c002e412101e9e2e10075c29ba6b75cffd0079e0ad01ca90cf8fe000000000000000000000000000000000000
[12:11:25.125211] EP OUT 0x03 len=0 
[12:11:25.131309] EP IN  0x81 len=64 093a200400009977835e68823100001e8243000c006a232101bed0e10030c39b10765bff40078e0a0019ed0cf8fe000000000000000000000000000000000000
[12:11:25.133947] EP OUT 0x03 len=0 
[12:11:25.139309] EP IN  0x81 len=64 093c200400009987835e68823000001e8943000c005cfe200184b4e1004ac09b36f556ffc069650a20703e0df8fe000000000000000000000000000000000000
[12:11:25.141275] EP OUT 0x01 len=256 093c200400009987835e68823000001e8943000c005cfe200184b4e1004ac09b36f556ffc069650a20703e0df8fe0000000000000000000000000000000000000263d300b01a00e800b01a00000000000063d300b01a00e800b01a000000000000000000000000000000000000000000000000000000000000000000000000000255eb00b01a000000000000000000000055eb00b01a0000000000000000000000000000000000000000000000000000000000000000000000000000000000000256cd00b01a000000000000000000000056cd00b01a000000000000000000000000000000000000000000000000000000000000000000000000000000000000
[12:11:25.156589] EP OUT 0x03 len=0 
[12:11:25.159359] EP IN  0x81 len=64 093e200400009977835e68823800001e9143000c009cf02001d49de100deba9bc45739ff90af260a90273f0df7fe000000000000000000000000000000000000
[12:11:25.161991] EP OUT 0x01 len=0 
[12:11:25.162271] EP OUT 0x03 len=0 
[12:11:25.167324] EP IN  0x81 len=64 0943200400009987835f58823200001ea443000c007af920017088e10050b59b301663ffa0cef5098062820cf7fe000000000000000000000000000000000000
[12:11:25.169512] EP OUT 0x01 len=0 
[12:11:25.169823] EP OUT 0x03 len=0 
[12:11:25.175313] EP IN  0x81 len=64 0945200400009977835e68823100001eac43000c0098ee20016a88e10033b59b2e558fff30da110a70186a0cf7fe000000000000000000000000000000000000
[12:11:25.178258] EP OUT 0x01 len=0 
[12:11:25.178543] EP OUT 0x03 len=0 
[12:11:25.183335] EP IN  0x81 len=64 0947200400009a77835e68823800001eb333000c0048e22001198ae10040b59b98b9bdff60383a0ac06e870cf7fe000000000000000000000000000000000000
[12:11:25.185306] EP OUT 0x03 len=0 
[12:11:25.191289] EP IN  0x81 len=64 0949200400009877835e58823800001ebb43000c00c8d620017e8fe10073b59bc095d5ff80c8570a6014b10cfffe000000000000000000000000000000000000
[12:11:25.193540] EP OUT 0x03 len=0 
[12:11:25.199325] EP IN  0x81 len=64 094b200400009a77835f68823800001ec343000c0070d720010e9ce100c8b59b0fa5ceff70665b0ac069dc0cfffe000000000000000000000000000000000000
[12:11:25.200996] EP OUT 0x03 len=0 
[12:11:25.208514] EP OUT 0x03 len=0 
[12:11:25.211088] EP OUT 0x03 len=0 
[12:11:25.215316] EP IN  0x81 len=64 094f200400009877835f58823800001ed243000c00941a210156bfe100b7ba9b9e0e92ff10c4580a8033fa0cf9fe000000000000000000000000000000000000
[12:11:25.217161] EP OUT 0x03 len=0 
[12:11:25.223327] EP IN  0x81 len=64 0951200400009877835e68823800001eda43000c00a84d210107d1e10010c09b048078ffc042540a70fbd20cfcfe000000000000000000000000000000000000
[12:11:25.225258] EP OUT 0x03 len=0 
[12:11:25.232263] EP OUT 0x03 len=0 
[12:11:25.235319] EP IN  0x81 len=64 0953200400009877835e68823800001ee133000c009c792101d9dfe10074c59b38576cffc02e430a500aaa0cfcfe000000000000000000000000000000000000
[12:11:25.236722] EP OUT 0x03 len=0 
[12:11:25.239166] EP OUT 0x03 len=0 
[12:11:25.243325] EP IN  0x81 len=64 0956200000009777835f58823800001eed43000c00d6ba210116f8e100adcc9bfa8d75ffe065260af0c40e0cfafe000000000000000000000000000000000000
[12:11:25.244812] EP OUT 0x03 len=0 
[12:11:25.246974] EP OUT 0x03 len=0 
[12:11:25.251309] EP IN  0x81 len=64 0958200000009677835e68823800001ef543000c00d6af2101e808e2008ecc9b3c7d90fff0e8020af018280cfafe000000000000000000000000000000000000
[12:11:25.252794] EP OUT 0x03 len=0 
[12:11:25.254809] EP OUT 0x03 len=0 
[12:11:25.256845] EP OUT 0x03 len=0 
[12:11:25.259335] EP IN  0x81 len=64 095a200000009477835e58823800001efc33000c00acc821015f10e200b6c99b7d2e98ff6057ea0930044b0cfbfe000000000000000000000000000000000000
[12:11:25.260682] EP OUT 0x03 len=0 
[12:11:25.262651] EP OUT 0x03 len=0 
[12:11:25.264734] EP OUT 0x03 len=0 
[12:11:25.267324] EP IN  0x81 len=64 095c200000009277835e58823800001e0444000c002ee121018218e200a5c59b42c77bff109f0a0ac0d9150cfbfe000000000000000000000000000000000000
[12:11:25.268741] EP OUT 0x03 len=0 
[12:11:25.270699] EP OUT 0x03 len=0 
[12:11:25.272684] EP OUT 0x03 len=0 
[12:11:25.275301] EP IN  0x81 len=64 095e200000009377835f68823800001e0c44000c00f0d52101fd23e200a1c19b4e9a6bff2099280ad0eaf50bfbfe000000000000000000000000000000000000
[12:11:25.276771] EP OUT 0x03 len=0 
[12:11:25.278731] EP OUT 0x03 len=0 
[12:11:25.280680] EP OUT 0x03 len=0 
[12:11:25.283302] EP IN  0x81 len=64 0960200000009277835f68823800001e1334000c0080bb2101412fe20066bd9b56f476ff70a0370a7074040cfbfe000000000000000000000000000000000000
[12:11:25.284758] EP OUT 0x03 len=0 
[12:11:25.286693] EP OUT 0x03 len=0 
[12:11:25.288587] EP OUT 0x03 len=0 
[12:11:25.291242] EP IN  0x81 len=64 0962200000009277835f68823800001e1b44000c00e89d21018b35e200c0b89bfa0e7cff90f33e0ab0c7370cf9fe000000000000000000000000000000000000
[12:11:25.292714] EP OUT 0x03 len=0 
[12:11:25.294600] EP OUT 0x03 len=0 
[12:11:25.296571] EP OUT 0x03 len=0 
[12:11:25.299251] EP IN  0x81 len=64 0964200000009177835e68823800001e2344000c00c28721013631e200b4b69b241979ff20a94b0a0084760cf9fe000000000000000000000000000000000000
[12:11:25.300500] EP OUT 0x03 len=0 
[12:11:25.302196] EP OUT 0x03 len=0 
[12:11:25.304532] EP OUT 0x03 len=0 
[12:11:25.307257] EP IN  0x81 len=64 0966200000009287835e58823800001e2a34000c006e7c2101f228e200d4b79bcff783ff608b5b0a7065b10cfafe000000000000000000000000000000000000
[12:11:25.308638] EP OUT 0x03 len=0 
[12:11:25.310540] EP OUT 0x03 len=0 
[12:11:25.312582] EP OUT 0x03 len=0 
[12:11:25.315258] EP IN  0x81 len=64 0968200000009177835e68823800001e3244000c004c7d2101511de20079bb9b454b96ff10b9590aa097df0cfafe000000000000000000000000000000000000
[12:11:25.316583] EP OUT 0x03 len=0 
[12:11:25.318480] EP OUT 0x03 len=0 
[12:11:25.320466] EP OUT 0x01 len=128 0968200000009177835e68823800001e3244000c004c7d2101511de20079bb9b454b96ff10b9590aa097df0cfafe00000000000000000000000000000000000002584909609a0100000000000000000000584909609a010000000000000000000000000000000000000000000000000000000000000000000000000000000000
[12:11:25.328505] EP OUT 0x03 len=0 
[12:11:25.330675] EP OUT 0x03 len=0 
[12:11:25.335314] EP IN  0x81 len=64 096a200000009177835f68823800001e3a44000c00288e21011617e200f2bd9b1bae91ff405b450ad005660cfafe000000000000000000000000000000000000
[12:11:25.336708] EP OUT 0x03 len=0 
[12:11:25.338777] EP OUT 0x03 len=0 
[12:11:25.340741] EP OUT 0x03 len=0 
[12:11:25.343327] EP IN  0x81 len=64 096f200400009277835d68823000001e4d44000c00eab921011b16e2005fbe9b573ea7ff60570a0ac0d30e0cfcfe000000000000000000000000000000000000
[12:11:25.345031] EP OUT 0x03 len=0 
[12:11:25.347660] EP OUT 0x03 len=0 
[12:11:25.350194] EP OUT 0x01 len=256 096f200400009277835d68823000001e4d44000c00eab921011b16e2005fbe9b573ea7ff60570a0ac0d30e0cfcfe000000000000000000000000000000000000026a6d29009a063421e0980900000000006a6d29009a063421e09809000000000000000000000000000000000000000000000000000000000000000000000000025c3421e09809000000000000000000005c3421e098090000000000000000000000000000000000000000000000000000000000000000000000000000000000025d0149005a06000000000000000000005d0149005a060000000000000000000000000000000000000000000000000000000000000000000000000000000000
[12:11:25.367257] EP IN  0x81 len=64 0976200400009277835e68823100001e6844000c00ecc72101e504e20085bf9b18f741ff107e540a201ca90cf7fe000000000000000000000000000000000000
[12:11:25.368977] EP OUT 0x03 len=0 
[12:11:25.371618] EP OUT 0x03 len=0 
[12:11:25.373827] EP OUT 0x03 len=0 
[12:11:25.379279] EP IN  0x81 len=64 0977200400009177835e68823100001e6c44000c004ccb2101fffce1002cbf9b54f939ffb0fc5d0a90dab50cf8fe000000000000000000000000000000000000
[12:11:25.381153] EP OUT 0x03 len=0 
[12:11:25.387298] EP IN  0x81 len=64 097a200400009277835e68823800001e7744000c0028d2210125e8e10010bc9b381433ff200a430a10d9960cf8fe000000000000000000000000000000000000
[12:11:25.388819] EP OUT 0x01 len=256 097a200400009277835e68823800001e7744000c0028d2210125e8e10010bc9b381433ff200a430a10d9960cf8fe0000000000000000000000000000000000000260ef80301a0395f1439d42000000000060ef80301a0395b9401d0d0000000000000000000000000000000000000000000000000000000000000000000000000252684d471d520000000000000000000052683d41dd0f00000000000000000000000000000000000000000000000000000000000000000000000000000000000253684d471d520000000000000000000053683d41dd0f0000000000000000000000000000000000000000000000000000000000000000000000000000000000
[12:11:25.404504] EP OUT 0x03 len=0 
[12:11:25.407312] EP IN  0x81 len=64 097c200400009287835e68823800001e7f44000c0054cd21016cdce100d0b89b24a13fff109a2e0a20956b0cf8fe000000000000000000000000000000000000
[12:11:25.408743] EP OUT 0x03 len=0 
[12:11:25.410719] EP OUT 0x03 len=0 
[12:11:25.412566] EP OUT 0x03 len=0 
[12:11:25.415323] EP IN  0x81 len=64 0981200400009277835e68823100001e9244000c0084ba2101ebcfe1007eb49b8ed28dffb0064d0ae09f730cf3fe000000000000000000000000000000000000
[12:11:25.416745] EP OUT 0x03 len=0 
[12:11:25.418589] EP OUT 0x03 len=0 
[12:11:25.420491] EP OUT 0x03 len=0 
[12:11:25.423321] EP IN  0x81 len=64 0983200400009277835e68823000001e9a44000c00d0ae210115d0e10037b49b2b92aeff5091640ab0908e0cf6fe000000000000000000000000000000000000
[12:11:25.424763] EP OUT 0x01 len=256 0983200400009277835e68823000001e9a44000c00d0ae210115d0e10037b49b2b92aeff5091640ab0908e0cf6fe00000000000000000000000000000000000002660b8595123665f505184e0000000000660b2191d20a652901180f000000000000000000000000000000000000000000000000000000000000000000000000025886758756710000000000000000000058865d81d6130000000000000000000000000000000000000000000000000000000000000000000000000000000000025986758756710000000000000000000059865d81d6130000000000000000000000000000000000000000000000000000000000000000000000000000000000
[12:11:25.440504] EP OUT 0x03 len=0 
[12:11:25.443036] EP OUT 0x03 len=0 
[12:11:25.447336] EP IN  0x81 len=64 098a200400009277835d68823100001eb544000c00c4812101dff7e10012bd9b74efc4ff802e890ab069870cfafe000000000000000000000000000000000000
[12:11:25.449042] EP OUT 0x03 len=0 
[12:11:25.451493] EP OUT 0x03 len=0 
[12:11:25.453462] EP OUT 0x03 len=0 
[12:11:25.459314] EP IN  0x81 len=64 098b200000009177835e58823100001eb834000c00e27c2101f7fde1001abe9b60d55cffd0e0fa0910d26e0cfefe000000000000000000000000000000000000
[12:11:25.461098] EP OUT 0x01 len=256 098b200000009177835e58823100001eb834000c00e27c2101f7fde1001abe9b60d55cffd0e0fa0910d26e0cfefe000000000000000000000000000000000000026ce00810590162b1a2142a00000000006ce0081059016265a0d405000000000000000000000000000000000000000000000000000000000000000000000000025e5f2df39513000000000000000000005e5f89f095030000000000000000000000000000000000000000000000000000000000000000000000000000000000025f56b1979b09000000000000000000005f5621919b020000000000000000000000000000000000000000000000000000000000000000000000000000000000
[12:11:25.476500] EP OUT 0x03 len=0 
[12:11:25.484035] EP OUT 0x03 len=0 
[12:11:25.487260] EP IN  0x81 len=64 0993200000009077835e68823200001ed744000c00246e21016e25e20087c79bf7c9b2ffb0320e0a4020bb0cfcfe000000000000000000000000000000000000
[12:11:25.489203] EP OUT 0x03 len=0 
[12:11:25.491967] EP OUT 0x03 len=0 
[12:11:25.495311] EP IN  0x81 len=64 0995200000009077835e68823100001edf44000c00629421012831e200b9c39b120064ff8032e90920ed880cfcfe000000000000000000000000000000000000
[12:11:25.496930] EP OUT 0x01 len=256 0995200000009077835e68823100001edf44000c00629421012831e200b9c39b120064ff8032e90920ed880cfcfe00000000000000000000000000000000000002616ecd3455462f69719a490000000000616ed530d50c2f41705a0d000000000000000000000000000000000000000000000000000000000000000000000000025377c13255630000000000000000000053777930d50e00000000000000000000000000000000000000000000000000000000000000000000000000000000000254326162d815000000000000000000005432716018040000000000000000000000000000000000000000000000000000000000000000000000000000000000
[12:11:25.512546] EP OUT 0x03 len=0 
[12:11:25.515223] EP IN  0x81 len=64 0997200000008f87835f68823800001ee634000c0034b521012c3ce20039c19b24df68ff20530b0ae0a67c0cfcfe000000000000000000000000000000000000
[12:11:25.516793] EP OUT 0x03 len=0 
[12:11:25.518920] EP OUT 0x03 len=0 
[12:11:25.523317] EP IN  0x81 len=64 099c200000008e77835e68823200001efa44000c00f83422019616e20067c69b4ab143ffd030e709c0d8f20cf5fe000000000000000000000000000000000000
[12:11:25.524756] EP OUT 0x03 len=0 
[12:11:25.526614] EP OUT 0x03 len=0 
[12:11:25.528561] EP OUT 0x03 len=0 
[12:11:25.530654] EP OUT 0x03 len=0 
[12:11:25.535359] EP IN  0x81 len=64 099e200000008f77835e58823000001e0245000c0038852201bbfae10028ce9b081d80ff003c3a0aa086aa0cf5fe000000000000000000000000000000000000
[12:11:25.536900] EP OUT 0x01 len=256 099e200000008f77835e58823000001e0245000c0038852201bbfae10028ce9b081d80ff003c3a0aa086aa0cf5fe0000000000000000000000000000000000000266386db253035c4520d901000000000066386db093005c0120190000000000000000000000000000000000000000000000000000000000000000000000000002582f29c01b0200000000000000000000582f01c01b00000000000000000000000000000000000000000000000000000000000000000000000000000000000002594d25909b0000000000000000000000594d01901b000000000000000000000000000000000000000000000000000000000000000000000000000000000000
[12:11:25.552446] EP OUT 0x03 len=0 
[12:11:25.555327] EP IN  0x81 len=64 09a1200400008f67835f68823800001e0d45000c0004b322013ce7e100dcd49bb0b5d3ff90dc530ad08e210cf3fe000000000000000000000000000000000000
[12:11:25.556932] EP OUT 0x03 len=0 
[12:11:25.559407] EP OUT 0x03 len=0 
[12:11:25.563319] EP IN  0x81 len=64 09a6200400008e77835e58823200001e2045000c002c032301dee3e1000ace9b8ecf6bfff077490a20d36e0bfafe000000000000000000000000000000000000
[12:11:25.564905] EP OUT 0x03 len=0 
[12:11:25.567625] EP OUT 0x03 len=0 
[12:11:25.569681] EP OUT 0x03 len=0 
[12:11:25.575307] EP IN  0x81 len=64 09a8200400008f77835e68823000001e2845000c0080e42201b0e4e10052cb9b944231ff10084e0af049860bfcfe000000000000000000000000000000000000
[12:11:25.577012] EP OUT 0x01 len=256 09a8200400008f77835e68823000001e2845000c0080e42201b0e4e10052cb9b944231ff10084e0af049860bfcfe000000000000000000000000000000000000026cb00980d902ad11a11a1100000000006cb001801900ad35a05a03000000000000000000000000000000000000000000000000000000000000000000000000025ea101d01a00000000000000000000005ea101d01a000000000000000000000000000000000000000000000000000000000000000000000000000000000000025fa175311b14000000000000000000005fa14530db030000000000000000000000000000000000000000000000000000000000000000000000000000000000
[12:11:25.592482] EP OUT 0x03 len=0 
[12:11:25.599826] EP OUT 0x03 len=0 
[12:11:25.603245] EP IN  0x81 len=64 09b0200400008e77835e58823200001e4745000c0058d62101ffd0e10035be9b7d019dff6043860a90ae8d0cf6fe000000000000000000000000000000000000
[12:11:25.604959] EP OUT 0x03 len=0 
[12:11:25.607628] EP OUT 0x03 len=0 
[12:11:25.609646] EP OUT 0x03 len=0 
[12:11:25.615336] EP IN  0x81 len=64 09b2200400008e77835e58823000001e4e45000c00aca02101b0d1e10058bc9bae2fa7ff206a640a00c3bb0cfafe000000000000000000000000000000000000
[12:11:25.617045] EP OUT 0x01 len=256 09b2200400008e77835e58823000001e4e45000c00aca02101b0d1e10058bc9bae2fa7ff206a640a00c3bb0cfafe0000000000000000000000000000000000000262dd01601b00bc09b09905000000000062dd01601b00bc09b099010000000000000000000000000000000000000000000000000000000000000000000000000254b3e59098040000000000000000000054b33190580100000000000000000000000000000000000000000000000000000000000000000000000000000000000255c5115199000000000000000000000055c53d5099000000000000000000000000000000000000000000000000000000000000000000000000000000000000
[12:11:25.632494] EP OUT 0x03 len=0 
[12:11:25.635308] EP IN  0x81 len=64 09b5200400008f77835e68823800001e5a45000c0078672101d2d5e100ecbd9ba386b8fff070520a50e70d0d01ff000000000000000000000000000000000000
[12:11:25.636803] EP OUT 0x03 len=0 
[12:11:25.639207] EP OUT 0x03 len=0 
[12:11:25.643323] EP IN  0x81 len=64 09ba200400008e87835e68823200001e6d45000c00349f21010ee4e10038ca9b15d291ff0033250ac0eb790df7fe000000000000000000000000000000000000
[12:11:25.644937] EP OUT 0x03 len=0 
[12:11:25.647696] EP OUT 0x03 len=0 
[12:11:25.649966] EP OUT 0x03 len=0 
[12:11:25.655329] EP IN  0x81 len=64 09bc200400008e77835e68823000001e7545000c00e0f321014aede10023d39bbbfc82ff8001130a20d8540df7fe000000000000000000000000000000000000
[12:11:25.657220] EP OUT 0x01 len=256 09bc200400008e77835e68823000001e7545000c00e0f321014aede10023d39bbbfc82ff8001130a20d8540df7fe0000000000000000000000000000000000000268b6015019008a01a01e00000000000068b6015019008a01a01e00000000000000000000000000000000000000000000000000000000000000000000000000025ad77d01d805000000000000000000005ad75d0098010000000000000000000000000000000000000000000000000000000000000000000000000000000000025bc565709b00000000000000000000005bc521709b000000000000000000000000000000000000000000000000000000000000000000000000000000000000
[12:11:25.672594] EP OUT 0x03 len=0 
[12:11:25.679921] EP OUT 0x03 len=0 
[12:11:25.683304] EP IN  0x81 len=64 09c4200000008c77835e68823200001e9345000c00c0cf22013cfbe100f4e59b970983ff907bed092080e00bfafe000000000000000000000000000000000000
[12:11:25.684970] EP OUT 0x03 len=0 
[12:11:25.687591] EP OUT 0x03 len=0 
[12:11:25.689976] EP OUT 0x03 len=0 
[12:11:25.695295] EP IN  0x81 len=64 09c6200000008c77835e68823000001e9b45000c004cd82201a5ffe100cbe19bee0c6aff30000d0ae0cf9a0b01ff000000000000000000000000000000000000
[12:11:25.697426] EP OUT 0x01 len=256 09c6200000008c77835e68823000001e9b45000c004cd82201a5ffe100cbe19bee0c6aff30000d0ae0cf9a0b01ff000000000000000000000000000000000000026eecdd51591eb901a11a0c00000000006eec75e05a060f3de05a0600000000000000000000000000000000000000000000000000000000000000000000000002503365605b0e00000000000000000000503365e09a0600000000000000000000000000000000000000000000000000000000000000000000000000000000000251c545f1db0700000000000000000000510071405b040000000000000000000000000000000000000000000000000000000000000000000000000000000000
[12:11:25.712571] EP OUT 0x03 len=0 
[12:11:25.720204] EP OUT 0x03 len=0 
[12:11:25.723334] EP IN  0x81 len=64 09cf200000008a67835e58823100001ebe45000c00647f220148e1e100e4d59b27ac9fff501c9a0af0c07c0cf7fe000000000000000000000000000000000000
[12:11:25.724854] EP OUT 0x03 len=0 
[12:11:25.727658] EP OUT 0x03 len=0 
[12:11:25.729862] EP OUT 0x03 len=0 
[12:11:25.735320] EP IN  0x81 len=64 09d0200000008937835e68823000001ec135000c00987c22011edce100a4d69b52999dffd0848a0a20689f0cf7fe000000000000000000000000000000000000
[12:11:25.737014] EP OUT 0x01 len=256 09d0200000008937835e68823000001ec135000c00987c22011edce100a4d69b52999dffd0848a0a20689f0cf7fe0000000000000000000000000000000000000264f47c3019079cd5f0dc07000000000064f47cb01d089c71f19c0c00000000000000000000000000000000000000000000000000000000000000000000000002568d91b19d0b00000000000000000000568da9b25d12000000000000000000000000000000000000000000000000000000000000000000000000000000000002578a91319c0700000000000000000000578aad325c0c0000000000000000000000000000000000000000000000000000000000000000000000000000000000
[12:11:25.752438] EP OUT 0x03 len=0 
[12:11:25.755272] EP IN  0x81 len=64 09d3200000008347825e68823800001ecd45000c00bc9f2201e1c7e10051de9bb6edbcfff0ba630a4088e30cf9fe000000000000000000000000000000000000
[12:11:25.757090] EP OUT 0x03 len=0 
[12:11:25.759492] EP OUT 0x03 len=0 
[12:11:25.763356] EP IN  0x81 len=64 09d82000000063277f5e58823200001ee045000c00e2fb220103b9e100cced9be96c87ff70300f0ac01e780bf6fe000000000000000000000000000000000000
[12:11:25.764915] EP OUT 0x03 len=0 
[12:11:25.767557] EP OUT 0x03 len=0 
[12:11:25.769644] EP OUT 0x03 len=0 
[12:11:25.775323] EP IN  0x81 len=64 09da2000000050877b5f68823000001ee845000c00eadb220116c0e10017f09ba2959bff407aec09b01ea90bf8fe000000000000000000000000000000000000
[12:11:25.777068] EP OUT 0x01 len=256 09da2000000050877b5f68823000001ee845000c00eadb220116c0e10017f09ba2959bff407aec09b01ea90bf8fe000000000000000000000000000000000000026ad4b1205d08dbc9b05d0900000000006a81a9201d0ddbe9335c1f000000000000000000000000000000000000000000000000000000000000000000000000025cd771511d08000000000000000000005cae91555d250000000000000000000000000000000000000000000000000000000000000000000000000000000000025db651215d08000000000000000000005dd618241d280000000000000000000000000000000000000000000000000000000000000000000000000000000000
[12:11:25.792506] EP OUT 0x03 len=0 
[12:11:25.799797] EP OUT 0x03 len=0 
[12:11:25.803279] EP IN  0x81 len=64 09e22004000043f7585e68823200001e0636000c00e84722019e67e100b6eb9b469f84ff0079690aa0308e0cf6fe000000000000000000000000000000000000
[12:11:25.804789] EP OUT 0x03 len=0 
[12:11:25.807585] EP OUT 0x03 len=0 
[12:11:25.811319] EP IN  0x81 len=64 09e4200400004b974e5e68823000001e0e46000c00c8112201144de10023ea9ba16f8bffd033720a20f8a50c04ff000000000000000000000000000000000000
[12:11:25.812944] EP OUT 0x01 len=256 09e4200400004b974e5e68823000001e0e46000c00c8112201144de10023ea9ba16f8bffd033720a20f8a50c04ff00000000000000000000000000000000000002609ff5101e11ec7d309c0400000000006045e911de1b9361305c070000000000000000000000000000000000000000000000000000000000000000000000000252631d301c060000000000000000000052573930dc0900000000000000000000000000000000000000000000000000000000000000000000000000000000000253b95500d8040000000000000000000053756130dc060000000000000000000000000000000000000000000000000000000000000000000000000000000000
[12:11:25.828424] EP OUT 0x03 len=0 
[12:11:25.830760] EP OUT 0x03 len=0 
[12:11:25.835329] EP IN  0x81 len=64 09eb200400001cf8225f68823100001e2946000c0090442101aa1ee100b6dc9b586db3ffa0058f0ab024c30cfefe000000000000000000000000000000000000
[12:11:25.836748] EP OUT 0x03 len=0 
[12:11:25.838904] EP OUT 0x03 len=0 
[12:11:25.843362] EP IN  0x81 len=64 09ec2004000022d8225e68823100001e2d46000c006c3b2101c91be100b1e29bfd43f2ff7065c0095015ff0cfcfe000000000000000000000000000000000000
[12:11:25.844873] EP OUT 0x03 len=0 
[12:11:25.847030] EP OUT 0x03 len=0 
[12:11:25.849360] EP OUT 0x01 len=256 09ec2004000022d8225e68823100001e2d46000c006c3b2101c91be100b1e29bfd43f2ff7065c0095015ff0cfcfe00000000000000000000000000000000000002669381501d067db1319b2d00000000006693dd50dd087db1319b2d00000000000000000000000000000000000000000000000000000000000000000000000002587db1319b2d00000000000000000000587db1319b2d000000000000000000000000000000000000000000000000000000000000000000000000000000000002596229311830000000000000000000005962293118300000000000000000000000000000000000000000000000000000000000000000000000000000000000
[12:11:25.864567] EP OUT 0x03 len=0 
[12:11:25.871936] EP OUT 0x03 len=0 
[12:11:25.875318] EP IN  0x81 len=64 09f320040000ea17225e68823100001e4846000c0056292301c56be10054099c28224aff20fb710a00f8bf0cfafe000000000000000000000000000000000000
[12:11:25.876768] EP OUT 0x03 len=0 
[12:11:25.878805] EP OUT 0x03 len=0 
[12:11:25.880892] EP OUT 0x03 len=0 
[12:11:25.888297] EP OUT 0x01 len=256 09f320040000ea17225e68823100001e4846000c0056292301c56be10054099c28224aff20fb710a00f8bf0cfafe000000000000000000000000000000000000026c295d029816059db19c0a00000000006c295dc25c26059d211d20000000000000000000000000000000000000000000000000000000000000000000000000025e2fc941d710000000000000000000005e2fc9319c1c0000000000000000000000000000000000000000000000000000000000000000000000000000000000025f2fc941d710000000000000000000005f2fc9319c1c0000000000000000000000000000000000000000000000000000000000000000000000000000000000
[12:11:25.904569] EP OUT 0x03 len=0 
[12:11:25.911743] EP OUT 0x03 len=0 
[12:11:25.918661] EP OUT 0x03 len=0 
[12:11:25.923350] EP IN  0x81 len=64 090020000000c8c7215e68823000001e7a46000c00eade2301fa83e10034029cd06f5eff105da10ad053f20bf7fe000000000000000000000000000000000000
[12:11:25.924937] EP OUT 0x01 len=256 090020000000c8c7215e68823000001e7a46000c00eade2301fa83e10034029cd06f5eff105da10ad053f20bf7fe000000000000000000000000000000000000026235ed12171c063db09d0000000000006235ed12171cf24cb09d000000000000000000000000000000000000000000000000000000000000000000000000000254c57d8056030000000000000000000054fe4880560300000000000000000000000000000000000000000000000000000000000000000000000000000000000255c57d8056030000000000000000000055fe488056030000000000000000000000000000000000000000000000000000000000000000000000000000000000
[12:11:25.940419] EP OUT 0x03 len=0 
[12:11:25.943261] EP IN  0x81 len=64 090220000000c8d7215e68823800001e8136000c0032aa23011e84e10072fc9bc8b260ff307e170ae0a9d80bf7fe000000000000000000000000000000000000
[12:11:25.945341] EP OUT 0x03 len=0 
[12:11:25.951320] EP IN  0x81 len=64 090720000000d4d7215e68823100001e9546000c00cee822015a94e1004df59bdedfcafff0dc160ab032550c01ff000000000000000000000000000000000000
[12:11:25.952794] EP OUT 0x03 len=0 
[12:11:25.955319] EP IN  0x81 len=64 090920000000e0d7215e68823000001e9c46000c00a0c522019296e100f4f69b17f996ff401ea40a50b6bf0cfbfe000000000000000000000000000000000000
[12:11:25.956980] EP OUT 0x03 len=0 
[12:11:25.959667] EP OUT 0x03 len=0 
[12:11:25.962144] EP OUT 0x01 len=256 090920000000e0d7215e68823000001e9c46000c00a0c522019296e100f4f69b17f996ff401ea40a50b6bf0cfbfe0000000000000000000000000000000000000268a1ad6059042d55805603000000000068a1ad2058041959805603000000000000000000000000000000000000000000000000000000000000000000000000025ad775909803000000000000000000005ae3609098030000000000000000000000000000000000000000000000000000000000000000000000000000000000025b9b3de01906000000000000000000005b9b3de019060000000000000000000000000000000000000000000000000000000000000000000000000000000000
[12:11:25.979253] EP IN  0x81 len=64 090f20000000ecd7215e68823200001eb346000c00cc8a2201a596e100ddf59b5a7284ffe0c81f0aa0dbb40cf9fe000000000000000000000000000000000000
[12:11:25.980914] EP OUT 0x03 len=0 
[12:11:25.983025] EP OUT 0x03 len=0 
[12:11:25.987359] EP IN  0x81 len=64 091020000000edc7215e68823200001eb746000c001c852201cd98e1006df69b70d782ff0012180a2054b20cfcfe000000000000000000000000000000000000
[12:11:25.989075] EP OUT 0x03 len=0 
[12:11:25.996710] EP OUT 0x01 len=256 091020000000edc7215e68823200001eb746000c001c852201cd98e1006df69b70d782ff0012180a2054b20cfcfe000000000000000000000000000000000000026da4cd70da0f9b59f0db0800000000006da4cd70da0f9b59f0db08000000000000000000000000000000000000000000000000000000000000000000000000025fad41f09b06000000000000000000005fad41f09b0600000000000000000000000000000000000000000000000000000000000000000000000000000000000250fa08509c060000000000000000000050e608509c060000000000000000000000000000000000000000000000000000000000000000000000000000000000
[12:11:26.012565] EP OUT 0x03 len=0 
[12:11:26.015252] EP OUT 0x03 len=0 
[12:11:26.019250] EP IN  0x81 len=64 0919200400001cd8215e68823200001eda46000c00bc96220135ade10071f49b78647aff402e160a206cb60bfefe000000000000000000000000000000000000
[12:11:26.020880] EP OUT 0x03 len=0 
[12:11:26.023703] EP OUT 0x03 len=0 
[12:11:26.025629] EP OUT 0x03 len=0 
[12:11:26.031355] EP IN  0x81 len=64 091a2004000025c8215f68823100001edd36000c00588e220114aee1003cf29bb99280ffb043300a00916c0bfefe000000000000000000000000000000000000
[12:11:26.033089] EP OUT 0x01 len=256 091a2004000025c8215f68823100001edd36000c00588e220114aee1003cf29bb99280ffb043300a00916c0bfefe0000000000000000000000000000000000000262773d40da04865d105d05000000000062773d40da04865db01c050000000000000000000000000000000000000000000000000000000000000000000000000254fa08309b010000000000000000000054e600e01d0000000000000000000000000000000000000000000000000000000000000000000000000000000000000255aa49505c020000000000000000000055aa49c01c030000000000000000000000000000000000000000000000000000000000000000000000000000000000
[12:11:26.048540] EP OUT 0x03 len=0 
[12:11:26.055958] EP OUT 0x03 len=0 
[12:11:26.059300] EP IN  0x81 len=64 09222004000073c8215e58823100001efc46000c00acd821019a47e10058ee9b2a5699ff8065710af06fe90cf8fe000000000000000000000000000000000000
[12:11:26.060699] EP OUT 0x03 len=0 
[12:11:26.062896] EP OUT 0x03 len=0 
[12:11:26.067310] EP IN  0x81 len=64 0924200400007cc8215e68823000001e0447000c00dcd521012c34e1007bec9bb3329aff30d3430aa085e90cf8fe000000000000000000000000000000000000
[12:11:26.069099] EP OUT 0x01 len=256 0924200400007cc8215e68823000001e0447000c00dcd521012c34e1007bec9bb3329aff30d3430aa085e90cf8fe00000000000000000000000000000000000002689b29e099019b316059050000000000689b29909c009b31605905000000000000000000000000000000000000000000000000000000000000000000000000025a9b31605905000000000000000000005a9b316059050000000000000000000000000000000000000000000000000000000000000000000000000000000000025b963d90d906000000000000000000005b967190d9060000000000000000000000000000000000000000000000000000000000000000000000000000000000
[12:11:26.084554] EP OUT 0x03 len=0 
[12:11:26.092357] EP OUT 0x03 len=0 
[12:11:26.095288] EP IN  0x81 len=64 092c2004000095d8215e68823100001e2347000c00e0e021014347e10076f09b4798a8ffa0d7260a203eca0cf5fe000000000000000000000000000000000000
[12:11:26.096890] EP OUT 0x03 len=0 
[12:11:26.099489] EP OUT 0x03 len=0 
[12:11:26.103320] EP IN  0x81 len=64 092d2004000096d8215e68823000001e2527000c0040e52101c04be1002ef19b1811abff50ed350aa028d60cf5fe000000000000000000000000000000000000
[12:11:26.105208] EP OUT 0x01 len=256 092d2004000096d8215e68823000001e2527000c0040e52101c04be1002ef19b1811abff50ed350aa028d60cf5fe000000000000000000000000000000000000026ef754909906e87ce05c0400000000006ef78c909906e87ce05c040000000000000000000000000000000000000000000000000000000000000000000000000250e88c90db020000000000000000000050999590db0200000000000000000000000000000000000000000000000000000000000000000000000000000000000251e88c90db020000000000000000000051999590db020000000000000000000000000000000000000000000000000000000000000000000000000000000000
[12:11:26.120508] EP OUT 0x03 len=0 
[12:11:26.128369] EP OUT 0x03 len=0 
[12:11:26.131224] EP IN  0x81 len=64 09352004000096d8215e68823100001e4327000c0022622201348ee100c1fe9bc29081ffc05e450a60b8ae0cfafe000000000000000000000000000000000000
[12:11:26.132785] EP OUT 0x03 len=0 
[12:11:26.134784] EP OUT 0x03 len=0 
[12:11:26.136700] EP OUT 0x03 len=0 
[12:11:26.139337] EP IN  0x81 len=64 09362004000096d8215d68823000001e4747000c001c7222015995e1006a009c3ed46bff702b460ab0a59a0cfafe000000000000000000000000000000000000
[12:11:26.141055] EP OUT 0x01 len=256 09362004000096d8215d68823000001e4747000c001c7222015995e1006a009c3ed46bff702b460ab0a59a0cfafe0000000000000000000000000000000000000264df7410dd05df60101d04000000000064df7410dd05df60101d040000000000000000000000000000000000000000000000000000000000000000000000000256dc70b05c030000000000000000000056dc70b05c0300000000000000000000000000000000000000000000000000000000000000000000000000000000000257dc68101d040000000000000000000057dc68101d040000000000000000000000000000000000000000000000000000000000000000000000000000000000
[12:11:26.156560] EP OUT 0x03 len=0 
[12:11:26.163860] EP OUT 0x03 len=0 
[12:11:26.167239] EP IN  0x81 len=64 093d2000000097d8215e78823200001e6447000c0076b522017499e100ea089cee15aeff9056260ae00f530cf8fe000000000000000000000000000000000000
[12:11:26.168964] EP OUT 0x03 len=0 
[12:11:26.171614] EP OUT 0x03 len=0 
[12:11:26.173798] EP OUT 0x03 len=0 
[12:11:26.179259] EP IN  0x81 len=64 093f2000000096c8215f58823100001e6a27000c00b0cd22012c8de100000a9c317aa4ff20f23a0a203e260cf9fe000000000000000000000000000000000000
[12:11:26.181097] EP OUT 0x01 len=256 093f2000000096c8215f58823100001e6a27000c00b0cd22012c8de100000a9c317aa4ff20f23a0a203e260cf9fe0000000000000000000000000000000000000269dc08905b02d90860d901000000000069dc00b01d00d908601c03000000000000000000000000000000000000000000000000000000000000000000000000025ba131f09b04000000000000000000005ba131309c020000000000000000000000000000000000000000000000000000000000000000000000000000000000025cd900701d00000000000000000000005c5131c05c030000000000000000000000000000000000000000000000000000000000000000000000000000000000
[12:11:26.196553] EP OUT 0x03 len=0 
[12:11:26.199229] EP IN  0x81 len=64 09422000000096d8215e58823800001e7527000c0094cb2201a684e1008c069cbe2393ff90034c0a20b5f40bf9fe000000000000000000000000000000000000
[12:11:26.200732] EP OUT 0x03 len=0 
[12:11:26.203078] EP OUT 0x03 len=0 
[12:11:26.207324] EP IN  0x81 len=64 0947200000009cc8215f68823200001e8827000c0034a022010882e10063029cd88981ffe07e530a0021930cfbfe000000000000000000000000000000000000
[12:11:26.208803] EP OUT 0x03 len=0 
[12:11:26.210768] EP OUT 0x03 len=0 
[12:11:26.212881] EP OUT 0x03 len=0 
[12:11:26.220278] EP OUT 0x01 len=256 0947200000009cc8215f68823200001e8827000c0034a022010882e10063029cd88981ffe07e530a0021930cfbfe000000000000000000000000000000000000026ed908309b01692db0a00000000000006ef108101b02d900201d0000000000000000000000000000000000000000000000000000000000000000000000000002505a35501d0400000000000000000000505a15b09d0400000000000000000000000000000000000000000000000000000000000000000000000000000000000251482da05b0300000000000000000000514809b0dd040000000000000000000000000000000000000000000000000000000000000000000000000000000000
[12:11:26.236482] EP OUT 0x03 len=0 
[12:11:26.239333] EP IN  0x81 len=64 094e20000000a6d8215e78823800001ea547000c00bed32201d17ee100800a9c0ab292ffa001010ab0b7360cf7fe000000000000000000000000000000000000
[12:11:26.240963] EP OUT 0x03 len=0 
[12:11:26.243413] EP OUT 0x03 len=0 
[12:11:26.247341] EP IN  0x81 len=64 095120040000a8d8215d58823200001eaf27000c00b40e2301d281e100d0099c9c0cabff6064170ac056f10bf9fe000000000000000000000000000000000000
[12:11:26.249034] EP OUT 0x03 len=0 
[12:11:26.251659] EP OUT 0x03 len=0 
[12:11:26.253889] EP OUT 0x03 len=0 
[12:11:26.259313] EP IN  0x81 len=64 095320040000a9d8215e58823100001eb747000c00640b23014b82e100ad089c269d92ffb098210ab0e40f0cfafe000000000000000000000000000000000000
[12:11:26.261206] EP OUT 0x01 len=256 095320040000a9d8215e58823100001eb747000c00640b23014b82e100ad089c269d92ffb098210ab0e40f0cfafe0000000000000000000000000000000000000263fa00001c000001801c00000000000063003d309c0000093099020000000000000000000000000000000000000000000000000000000000000000000000000255480980d90100000000000000000000554831005904000000000000000000000000000000000000000000000000000000000000000000000000000000000002560c0900990100000000000000000000562a490019040000000000000000000000000000000000000000000000000000000000000000000000000000000000
[12:11:26.276572] EP OUT 0x03 len=0 
[12:11:26.283887] EP OUT 0x03 len=0 
[12:11:26.287336] EP IN  0x81 len=64 095b20040000a9c8215e68823200001ed747000c0032ef2201fe57e100b8069c5ef976ff40cb690aa094820cf8fe000000000000000000000000000000000000
[12:11:26.289042] EP OUT 0x03 len=0 
[12:11:26.291598] EP OUT 0x03 len=0 
[12:11:26.293971] EP OUT 0x03 len=0 
[12:11:26.299295] EP IN  0x81 len=64 095d20040000a9d8215e58823100001edd27000c0016ed22019a4ee1003c069cb40b7fff50804e0a30266d0ceffe000000000000000000000000000000000000
[12:11:26.301208] EP OUT 0x01 len=256 095d20040000a9d8215e58823100001edd27000c0016ed22019a4ee1003c069cb40b7fff50804e0a30266d0ceffe000000000000000000000000000000000000026809399099005135905904000000000068275590d902f100b01d00000000000000000000000000000000000000000000000000000000000000000000000000025a3349901904000000000000000000005a00099099010000000000000000000000000000000000000000000000000000000000000000000000000000000000025b2151609903000000000000000000005bfa086059010000000000000000000000000000000000000000000000000000000000000000000000000000000000
[12:11:26.316481] EP OUT 0x03 len=0 
[12:11:26.323996] EP OUT 0x03 len=0 
[12:11:26.327311] EP IN  0x81 len=64 096520040000a8d8215e68823200001efe47000c0088df22017454e100030c9c2bb9b8ff50285b0a40abc00cfcfe000000000000000000000000000000000000
[12:11:26.328860] EP OUT 0x03 len=0 
[12:11:26.331724] EP OUT 0x03 len=0 
[12:11:26.333801] EP OUT 0x03 len=0 
[12:11:26.339322] EP IN  0x81 len=64 096720040000a3c8215e68823100001e0328000c0048e92201c85be100130e9c280aadff70e56c0a5028d50cfcfe000000000000000000000000000000000000
[12:11:26.341274] EP OUT 0x01 len=256 096720040000a3c8215e68823100001e0328000c0048e92201c85be100130e9c280aadff70e56c0a5028d50cfcfe000000000000000000000000000000000000026dfa54b017020901401e0000000000006df400a01e000601401e00000000000000000000000000000000000000000000000000000000000000000000000000025f0301701800000000000000000000005ff100301c00000000000000000000000000000000000000000000000000000000000000000000000000000000000002500301b01a000000000000000000000050f400201d000000000000000000000000000000000000000000000000000000000000000000000000000000000000
[12:11:26.356544] EP OUT 0x03 len=0 
[12:11:26.364299] EP OUT 0x03 len=0 
[12:11:26.367320] EP IN  0x81 len=64 096f2000000083d8215e68823200001e2448000c007ef32201ca91e100dc1e9c52428bff2049250ae0ba250cfcfe000000000000000000000000000000000000
[12:11:26.369223] EP OUT 0x03 len=0 
[12:11:26.372070] EP OUT 0x03 len=0 
[12:11:26.375316] EP IN  0x81 len=64 09712000000081d8215e68823100001e2a28000c0034ec22014595e100b21e9c1a1583ff2000260aa0ae5b0cf9fe000000000000000000000000000000000000
[12:11:26.377394] EP OUT 0x01 len=256 09712000000081d8215e68823100001e2a28000c0034ec22014595e100b21e9c1a1583ff2000260aa0ae5b0cf9fe0000000000000000000000000000000000000262fd00401e00fa00301c00000000000062f700401e000001301c000000000000000000000000000000000000000000000000000000000000000000000000000254fd00401e000000000000000000000054f100401e0000000000000000000000000000000000000000000000000000000000000000000000000000000000000255fd00501d000000000000000000000055f100501d000000000000000000000000000000000000000000000000000000000000000000000000000000000000
[12:11:26.392550] EP OUT 0x03 len=0 
[12:11:26.400467] EP OUT 0x03 len=0 
[12:11:26.403299] EP IN  0x81 len=64 0979200000006dc8215e78823100001e4828000c001ac622015e8de100f7149c649a7fff30933e0ac0986b0cfffe000000000000000000000000000000000000
[12:11:26.404923] EP OUT 0x03 len=0 
[12:11:26.407831] EP OUT 0x03 len=0 
[12:11:26.411298] EP IN  0x81 len=64 097a2000000066d8215d68823000001e4c48000c00e0b622016788e100eb139c96197fff50023e0a702e870cfffe000000000000000000000000000000000000
[12:11:26.413224] EP OUT 0x01 len=256 097a2000000066d8215d68823000001e4c48000c00e0b622016788e100eb139c96197fff50023e0a702e870cfffe000000000000000000000000000000000000026700013019000901401e00000000000067f100301c00f100401e000000000000000000000000000000000000000000000000000000000000000000000000000259fa00b01d000000000000000000000059f100b01d000000000000000000000000000000000000000000000000000000000000000000000000000000000000025afa00401e00000000000000000000005af700401e000000000000000000000000000000000000000000000000000000000000000000000000000000000000
[12:11:26.428540] EP OUT 0x03 len=0 
[12:11:26.431262] EP IN  0x81 len=64 097c2000000056d8215e68823800001e5448000c0018a52201bd77e1009e129ca2b08dffa0ad330ab034d70cfffe000000000000000000000000000000000000
[12:11:26.433009] EP OUT 0x03 len=0 
[12:11:26.435589] EP OUT 0x03 len=0 
[12:11:26.437613] EP OUT 0x03 len=0 
[12:11:26.443323] EP IN  0x81 len=64 09812000000002c8215e58823100001e6728000c0054e32201a148e100cf159c7868ccffb06d410ab0a1f90cfffe000000000000000000000000000000000000
[12:11:26.444786] EP OUT 0x03 len=0 
[12:11:26.447324] EP IN  0x81 len=64 098420000000bbd7215e68823800001e7328000c00d8fc2201e93ae100ea1f9c58ebcaff00733f0a10a4c60cfffe000000000000000000000000000000000000
[12:11:26.449114] EP OUT 0x01 len=256 098420000000bbd7215e68823800001e7328000c00d8fc2201e93ae100ea1f9c58ebcaff00733f0a10a4c60cfffe000000000000000000000000000000000000026dfa00401e005001a01e0000000000006df700401e005031b05c03000000000000000000000000000000000000000000000000000000000000000000000000025f5001a01e00000000000000000000005f5031b05c03000000000000000000000000000000000000000000000000000000000000000000000000000000000002503e01001b0000000000000000000000503e2900db020000000000000000000000000000000000000000000000000000000000000000000000000000000000
[12:11:26.464559] EP OUT 0x03 len=0 
[12:11:26.472210] EP OUT 0x03 len=0 
[12:11:26.475296] EP IN  0x81 len=64 098a20040000bea6245e68823100001e8c48000c00c42c23016f6be1001e239ca90e9bff5096c209707edc0bfbfe000000000000000000000000000000000000
[12:11:26.476738] EP OUT 0x03 len=0 
[12:11:26.478866] EP OUT 0x03 len=0 
[12:11:26.480915] EP OUT 0x03 len=0 
[12:11:26.487879] EP OUT 0x01 len=256 098a20040000bea6245e68823100001e8c48000c00c42c23016f6be1001e239ca90e9bff5096c209707edc0bfbfe00000000000000000000000000000000000002630001501d00432d305a050000000000634401501d003709305a0500000000000000000000000000000000000000000000000000000000000000000000000002553129601a070000000000000000000055732d601a07000000000000000000000000000000000000000000000000000000000000000000000000000000000002563129601a070000000000000000000056732d601a070000000000000000000000000000000000000000000000000000000000000000000000000000000000
[12:11:26.504445] EP OUT 0x03 len=0 
[12:11:26.507289] EP IN  0x81 len=64 0991200400008845345e68823800001ea638000c0040cd23017b87e100f82a9c4e1f49ff30999c0ab0a06d0cfbfe000000000000000000000000000000000000
[12:11:26.508723] EP OUT 0x03 len=0 
[12:11:26.510652] EP OUT 0x03 len=0 
[12:11:26.512520] EP OUT 0x03 len=0 
[12:11:26.515325] EP IN  0x81 len=64 09942004000060b5375e78823100001eb028000c00fe022401af5ce100de2f9caced68ff005bb80ad0acaa0cf7fe000000000000000000000000000000000000
[12:11:26.516889] EP OUT 0x03 len=0 
[12:11:26.519587] EP OUT 0x03 len=0 
[12:11:26.521626] EP OUT 0x03 len=0 
[12:11:26.527319] EP IN  0x81 len=64 09962004000054553a5e68823000001eb848000c00843024017d39e100892f9ca47c79ff403b890a60cda10cfbfe000000000000000000000000000000000000
[12:11:26.529005] EP OUT 0x01 len=256 09962004000054553a5e68823000001eb848000c00843024017d39e100892f9ca47c79ff403b890a60cda10cfbfe0000000000000000000000000000000000000269074960da06f59ce01803000000000069074960da06f59cf05804000000000000000000000000000000000000000000000000000000000000000000000000025bec84b0d807000000000000000000005bec84b0d8070000000000000000000000000000000000000000000000000000000000000000000000000000000000025cec84b0d807000000000000000000005cec84b0d8070000000000000000000000000000000000000000000000000000000000000000000000000000000000
[12:11:26.544431] EP OUT 0x03 len=0 
[12:11:26.547331] EP IN  0x81 len=64 0999200400004d253e5d68823800001ec328000c00606e2401f222e100032d9c828f7cff70e6390af0c0570cfefe000000000000000000000000000000000000
[12:11:26.548956] EP OUT 0x03 len=0 
[12:11:26.551458] EP OUT 0x03 len=0 
[12:11:26.555340] EP IN  0x81 len=64 099e200400004a35465e68823100001ed618000c00d89e2401b73de100ae2a9c5c0bb4ffe0785d0ad032350cfafe000000000000000000000000000000000000
[12:11:26.557054] EP OUT 0x03 len=0 
[12:11:26.559709] EP OUT 0x03 len=0 
[12:11:26.561922] EP OUT 0x03 len=0 
[12:11:26.567321] EP IN  0x81 len=64 09a0200400004bd5485f68823000001ede48000c0060a524012350e1004e2a9c8e30daff1098860a7085550cf5fe000000000000000000000000000000000000
[12:11:26.569446] EP OUT 0x01 len=256 09a0200400004bd5485f68823000001ede48000c0060a524012350e1004e2a9c8e30daff1098860a7085550cf5fe000000000000000000000000000000000000026fec701099041c4920180400000000006fec70109904e96870190200000000000000000000000000000000000000000000000000000000000000000000000002510a61f097030000000000000000000051e600c01a00000000000000000000000000000000000000000000000000000000000000000000000000000000000002520a61f097030000000000000000000052e600c01a000000000000000000000000000000000000000000000000000000000000000000000000000000000000
[12:11:26.584556] EP OUT 0x03 len=0 
[12:11:26.592341] EP OUT 0x03 len=0 
[12:11:26.595286] EP IN  0x81 len=64 09a9200400006955535e68823100001e0129000c00d8aa240140b2e100972c9cca1c75ff70ee650ae026be0cf5fe000000000000000000000000000000000000
[12:11:26.597112] EP OUT 0x03 len=0 
[12:11:26.600008] EP OUT 0x03 len=0 
[12:11:26.603295] EP IN  0x81 len=64 09aa200400006e05555e58823000001e0439000c00e4b0240193b7e100f82d9cde6c6aff805a630aa088cf0cf5fe000000000000000000000000000000000000
[12:11:26.605300] EP OUT 0x01 len=256 09aa200400006e05555e58823000001e0439000c00e4b0240193b7e100f82d9cde6c6aff805a630aa088cf0cf5fe0000000000000000000000000000000000000265e658b01802f548c05701000000000065e658b01802f548c0570100000000000000000000000000000000000000000000000000000000000000000000000002578651109d0000000000000000000000578661109d00000000000000000000000000000000000000000000000000000000000000000000000000000000000002588651109d0000000000000000000000588661109d000000000000000000000000000000000000000000000000000000000000000000000000000000000000
[12:11:26.620518] EP OUT 0x03 len=0 
[12:11:26.623038] EP OUT 0x03 len=0 
[12:11:26.627325] EP IN  0x81 len=64 09b12000000023966c5e68823100001e2149000c009c77250100f8e100fa349ce8589cff00f0f9097019b20cf2fe000000000000000000000000000000000000
[12:11:26.628933] EP OUT 0x03 len=0 
[12:11:26.631695] EP OUT 0x03 len=0 
[12:11:26.633739] EP OUT 0x03 len=0 
[12:11:26.639341] EP IN  0x81 len=64 09b2200000005506715e78823100001e2329000c00dc8d25014affe10034349cf2a6a6ff90c9f409f0d88a0cf2fe000000000000000000000000000000000000
[12:11:26.641113] EP OUT 0x01 len=256 09b2200000005506715e78823100001e2329000c00dc8d25014affe10034349cf2a6a6ff90c9f409f0d88a0cf2fe000000000000000000000000000000000000026be76c909b009e39909b0000000000006be77c901b029351e09d00000000000000000000000000000000000000000000000000000000000000000000000000025d8969009e00000000000000000000005d897d009e000000000000000000000000000000000000000000000000000000000000000000000000000000000000025e8f3d909b00000000000000000000005e3f45609c000000000000000000000000000000000000000000000000000000000000000000000000000000000000
[12:11:26.656539] EP OUT 0x03 len=0 
[12:11:26.659246] EP IN  0x81 len=64 09b52000000069f7825e58823800001e2f29000c0000e62501ac3fe200ae299c96537dffc06b0e0a60e19e0bfafe000000000000000000000000000000000000
[12:11:26.661349] EP OUT 0x03 len=0 
[12:11:26.668168] EP OUT 0x03 len=0 
[12:11:26.671343] EP IN  0x81 len=64 09bc200000007267835e68823100001e4a49000c0004a4240137eee20064f59bf06281ff907e790a4016e20bf6fe000000000000000000000000000000000000
[12:11:26.672977] EP OUT 0x03 len=0 
[12:11:26.675460] EP OUT 0x03 len=0 
[12:11:26.678273] EP OUT 0x01 len=256 09bc200000007267835e68823100001e4a49000c0004a4240137eee20064f59bf06281ff907e790a4016e20bf6fe00000000000000000000000000000000000002607d35909b009635d09e000000000000604b4d609c00966dd09e0000000000000000000000000000000000000000000000000000000000000000000000000002528035909b0000000000000000000000529c3d909b00000000000000000000000000000000000000000000000000000000000000000000000000000000000002538335b09d0000000000000000000000538341b09d000000000000000000000000000000000000000000000000000000000000000000000000000000000000
[12:11:26.692549] EP OUT 0x03 len=0 
[12:11:26.699954] EP OUT 0x03 len=0 
[12:11:26.703298] EP IN  0x81 len=64 09c2200000007267835f68823100001e6349000c00ec25240162bae2003ef19b3fa198ff40866e0a70d6800cf7fe000000000000000000000000000000000000
[12:11:26.704881] EP OUT 0x03 len=0 
[12:11:26.707680] EP OUT 0x03 len=0 
[12:11:26.710040] EP OUT 0x03 len=0 
[12:11:26.715327] EP IN  0x81 len=64 09c5200000007267835e68823000001e6c29000c00883424012b9be2005df49be17490ffd0f84a0a20ab700cfafe000000000000000000000000000000000000
[12:11:26.717074] EP OUT 0x01 len=256 09c5200000007267835e68823000001e6c29000c00883424012b9be2005df49be17490ffd0f84a0a20ab700cfafe0000000000000000000000000000000000000265e300a01e008d1d609c000000000000659c25a09e008d35609c000000000000000000000000000000000000000000000000000000000000000000000000000257901df09c0000000000000000000000579039f09c00000000000000000000000000000000000000000000000000000000000000000000000000000000000002588c15909b0000000000000000000000588c15909b000000000000000000000000000000000000000000000000000000000000000000000000000000000000
[12:11:26.732493] EP OUT 0x03 len=0 
[12:11:26.739970] EP OUT 0x03 len=0 
[12:11:26.743306] EP IN  0x81 len=64 09cd200000007267835e68823200001e8d49000c0072c8230139a5e20097ef9b48f8f5fe6094c40a10bc300bfafe000000000000000000000000000000000000
[12:11:26.744771] EP OUT 0x03 len=0 
[12:11:26.746895] EP OUT 0x03 len=0 
[12:11:26.749046] EP OUT 0x03 len=0 
[12:11:26.756357] EP OUT 0x01 len=256 09cd200000007267835e68823200001e8d49000c0072c8230139a5e20097ef9b48f8f5fe6094c40a10bc300bfafe000000000000000000000000000000000000026be900801d007555b09d0000000000006bab01801d007555b09d00000000000000000000000000000000000000000000000000000000000000000000000000025d7519709e00000000000000000000005d7519709e000000000000000000000000000000000000000000000000000000000000000000000000000000000000025eba01401e00000000000000000000005eba01401e000000000000000000000000000000000000000000000000000000000000000000000000000000000000
[12:11:26.772553] EP OUT 0x03 len=0 
[12:11:26.779931] EP OUT 0x03 len=0 
[12:11:26.786993] EP OUT 0x03 len=0 
[12:11:26.791286] EP IN  0x81 len=64 09d9200000007367835e58823000001ebb49000c00f44022017cb7e10070ef9be3aad6ffb028ec09f07aaf0cf9fe000000000000000000000000000000000000
[12:11:26.793123] EP OUT 0x01 len=256 09d9200000007367835e58823000001ebb49000c00f44022017cb7e10070ef9be3aad6ffb028ec09f07aaf0cf9fe00000000000000000000000000000000000002619001101e009001101e000000000000618401101e009001101e0000000000000000000000000000000000000000000000000000000000000000000000000002539009209b0100000000000000000000539009209b01000000000000000000000000000000000000000000000000000000000000000000000000000000000002543d09909a0500000000000000000000543d09909a050000000000000000000000000000000000000000000000000000000000000000000000000000000000
[12:11:26.808476] EP OUT 0x03 len=0 
[12:11:26.811314] EP IN  0x81 len=64 09db200000007267835f58823800001ec129000c00805d2201ababe10027e79b6914e7fff0fae709c0b0950cf9fe000000000000000000000000000000000000
[12:11:26.813035] EP OUT 0x03 len=0 
[12:11:26.815782] EP OUT 0x03 len=0 
[12:11:26.818045] EP OUT 0x03 len=0 
[12:11:26.823325] EP IN  0x81 len=64 09e0200100007177835e58823100001ed429000c00f6892201df8ce10053de9b1313c8ff90fd210a00372b0cfafe000000000000000000000000000000000000
[12:11:26.824846] EP OUT 0x03 len=0 
[12:11:26.827320] EP IN  0x81 len=64 09e3200100007267835e68823800001edf29000c008cb12201e6a8e1000edd9b182491ff1066160af053050cf7fe000000000000000000000000000000000000
[12:11:26.828871] EP OUT 0x01 len=256 09e3200100007267835e68823800001edf29000c008cb12201e6a8e1000edd9b182491ff1066160af053050cf7fe00000000000000000000000000000000000002674025a0990afe7c209b040000000000674025a0990afe7c209b040000000000000000000000000000000000000000000000000000000000000000000000000259fe7c209b040000000000000000000059fe7c209b040000000000000000000000000000000000000000000000000000000000000000000000000000000000025afb88f05a03000000000000000000005afb88f05a030000000000000000000000000000000000000000000000000000000000000000000000000000000000
[12:11:26.844569] EP OUT 0x03 len=0 
[12:11:26.846956] EP OUT 0x03 len=0 
[12:11:26.851336] EP IN  0x81 len=64 09e9200100007267835e68823100001ef849000c00a47c220100fde100d1e79b32fc69ff8041a10a5069380cfafe000000000000000000000000000000000000
[12:11:26.852962] EP OUT 0x03 len=0 
[12:11:26.855557] EP OUT 0x03 len=0 
[12:11:26.859328] EP IN  0x81 len=64 09ea200100007377835e68823100001efa29000c00e06f220112ffe10004ea9bb48375ffe089950a6095600cfcfe000000000000000000000000000000000000
[12:11:26.860774] EP OUT 0x03 len=0 
[12:11:26.862640] EP OUT 0x03 len=0 
[12:11:26.864709] EP OUT 0x01 len=256 09ea200100007377835e68823100001efa29000c00e06f220112ffe10004ea9bb48375ffe089950a6095600cfcfe000000000000000000000000000000000000026df294e09808f268601a0400000000006df294e09808f268601a04000000000000000000000000000000000000000000000000000000000000000000000000025ff264901702000000000000000000005ff26490170200000000000000000000000000000000000000000000000000000000000000000000000000000000000250f2649017020000000000000000000050f2649017020000000000000000000000000000000000000000000000000000000000000000000000000000000000
[12:11:26.880584] EP OUT 0x03 len=0 
[12:11:26.883340] EP IN  0x81 len=64 09f1200100007267835e78823100001e174a000c003c19220134d5e1009afb9b3f3889ff309f170ad0bfef0cf7fe000000000000000000000000000000000000
[12:11:26.884970] EP OUT 0x03 len=0 
[12:11:26.887526] EP OUT 0x03 len=0 
[12:11:26.889804] EP OUT 0x03 len=0 
[12:11:26.895256] EP IN  0x81 len=64 09f2200100007277835e68823100001e192a000c0062172201e1d0e100b0fa9b968e87ffd00d1a0a608fec0cf9fe000000000000000000000000000000000000
[12:11:26.896742] EP OUT 0x03 len=0 
[12:11:26.899300] EP IN  0x81 len=64 09f5200100007267835e68823800001e242a000c0092192201b0b5e100adf39b5b0d97ffb085eb09b099f40cf9fe000000000000000000000000000000000000
[12:11:26.900919] EP OUT 0x01 len=256 09f5200100007267835e68823800001e242a000c0092192201b0b5e100adf39b5b0d97ffb085eb09b099f40cf9fe0000000000000000000000000000000000000263ec50209b00ec58101902000000000063ec50209b00ec581019020000000000000000000000000000000000000000000000000000000000000000000000000255ec5490da010000000000000000000055ec5490da0100000000000000000000000000000000000000000000000000000000000000000000000000000000000256ec08d059010000000000000000000056ec08d059010000000000000000000000000000000000000000000000000000000000000000000000000000000000
[12:11:26.916528] EP OUT 0x03 len=0 
[12:11:26.919004] EP OUT 0x03 len=0 
[12:11:26.923336] EP IN  0x81 len=64 09fb200100007377835e68823200001e3d4a000c0060e12201f96fe1004be49ba0d0e4ffd0b3f7091000200df7fe000000000000000000000000000000000000
[12:11:26.924781] EP OUT 0x03 len=0 
[12:11:26.927194] EP OUT 0x03 len=0 
[12:11:26.931339] EP IN  0x81 len=64 09fc200100007277835d58823100001e3f2a000c006ef622015c6ae10074e39b7572efff20d9f209d0b41d0df7fe000000000000000000000000000000000000
[12:11:26.932795] EP OUT 0x03 len=0 
[12:11:26.934649] EP OUT 0x03 len=0 
[12:11:26.936639] EP OUT 0x01 len=256 09fc200100007277835d58823100001e3f2a000c006ef622015c6ae10074e39b7572efff20d9f209d0b41d0df7fe0000000000000000000000000000000000000268fb44205801f200d01900000000000068fb44205801f200d01900000000000000000000000000000000000000000000000000000000000000000000000000025aec00c01700000000000000000000005aec00c017000000000000000000000000000000000000000000000000000000000000000000000000000000000000025bec00001a00000000000000000000005bec00001a000000000000000000000000000000000000000000000000000000000000000000000000000000000000
[12:11:26.952577] EP OUT 0x03 len=0 
[12:11:26.955327] EP IN  0x81 len=64 0903200100007367835f68823100001e5c4a000c00fca62301b514e1001be29bc815ccffc049f1096096e50cfbfe000000000000000000000000000000000000
[12:11:26.956913] EP OUT 0x03 len=0 
[12:11:26.959425] EP OUT 0x03 len=0 
[12:11:26.963252] EP IN  0x81 len=64 0904200100007267835f58823200001e5e2a000c0090a72301860be100f5e29b045ecaff1011e9095093dc0cfbfe000000000000000000000000000000000000
[12:11:26.964891] EP OUT 0x03 len=0 
[12:11:26.966799] EP OUT 0x03 len=0 
[12:11:26.969169] EP OUT 0x01 len=192 0904200100007267835f58823200001e5e2a000c0090a72301860be100f5e29b045ecaff1011e9095093dc0cfbfe000000000000000000000000000000000000026df200501800ec00e0150000000000006df200501800ec00e01500000000000000000000000000000000000000000000000000000000000000000000000000025fec00501800000000000000000000005fec005018000000000000000000000000000000000000000000000000000000000000000000000000000000000000
[12:11:26.980429] EP OUT 0x03 len=0 
[12:11:26.983313] EP IN  0x81 len=64 0906200000007277835f68823000001e664a000c00c8a5230154e6e000fee59b4612c2ffb02ae809408a850cfbfe000000000000000000000000000000000000
[12:11:26.985009] EP OUT 0x01 len=0 
[12:11:26.985247] EP OUT 0x03 len=0 
[12:11:26.987817] EP OUT 0x03 len=0 
[12:11:26.990273] EP OUT 0x01 len=0 
[12:11:26.990499] EP OUT 0x03 len=0 
[12:11:26.995315] EP IN  0x81 len=64 090b200000007267835e68823100001e792a000c00f812230104b2e0003fe59b408366ff1032290a809e860bf8fe000000000000000000000000000000000000
[12:11:26.996915] EP OUT 0x01 len=0 
[12:11:26.997145] EP OUT 0x03 len=0 
[12:11:26.999660] EP OUT 0x03 len=0 
[12:11:27.001532] EP OUT 0x03 len=0 
[12:11:27.007324] EP IN  0x81 len=64 090e200000007277835d58823800001e842a000c0006992201daa3e000dfe39b0ca558ff80285f0a9026610bf8fe000000000000000000000000000000000000
[12:11:27.008642] EP OUT 0x03 len=0 
[12:11:27.015323] EP IN  0x81 len=64 0911200000007277835e58823800001e902a000c0068652201f091e00005e59ba0714aff70f3be0a3098a90cf5fe000000000000000000000000000000000000
[12:11:27.016661] EP OUT 0x03 len=0 
[12:11:27.018878] EP OUT 0x03 len=0 
[12:11:27.020829] EP OUT 0x03 len=0 
[12:11:27.027821] EP OUT 0x03 len=0 
[12:11:27.031321] EP IN  0x81 len=64 0913200000007267835f68823800001e973a000c00f4662201be60e0004aed9ba2c63eff3031bb0a104de70cf8fe000000000000000000000000000000000000
[12:11:27.032721] EP OUT 0x03 len=0 
[12:11:27.034940] EP OUT 0x03 len=0 
[12:11:27.039223] EP IN  0x81 len=64 0917200000007277835e68823800001ea72a000c00deb72201ff37e000aae79becdc72ff204ced09000e520bf9fe000000000000000000000000000000000000
[12:11:27.040566] EP OUT 0x03 len=0 
[12:11:27.042306] EP OUT 0x03 len=0 
[12:11:27.044600] EP OUT 0x03 len=0 
[12:11:27.047326] EP IN  0x81 len=64 0919200100007277835e68823800001eaf4a000c00bc2e23010d94e000ebcf9be8b63affe00ff009609dfc0af6fe000000000000000000000000000000000000
[12:11:27.048634] EP OUT 0x03 len=0 
[12:11:27.050538] EP OUT 0x03 len=0 
[12:11:27.052435] EP OUT 0x03 len=0 
[12:11:27.055301] EP IN  0x81 len=64 091b200100007267835e68823800001eb64a000c008c8623016aefe000ccbf9b04db4bff80293f0af0b40b0af6fe000000000000000000000000000000000000
[12:11:27.056679] EP OUT 0x03 len=0 
[12:11:27.058469] EP OUT 0x03 len=0 
[12:11:27.060400] EP OUT 0x03 len=0 
[12:11:27.063320] EP IN  0x81 len=64 091d200100007277835e68823800001ebe4a000c00b85123014c44e100cab29be24e46ff20ffa50a90346a0afffe000000000000000000000000000000000000
[12:11:27.064634] EP OUT 0x03 len=0 
[12:11:27.066491] EP OUT 0x03 len=0 
[12:11:27.068376] EP OUT 0x03 len=0 
[12:11:27.071206] EP IN  0x81 len=64 091f200100007277835e68823800001ec64a000c0068a62201745ee10058ad9b904e55ff3061d30a80f15f0bfffe000000000000000000000000000000000000
[12:11:27.072562] EP OUT 0x03 len=0 
[12:11:27.074294] EP OUT 0x03 len=0 
[12:11:27.076493] EP OUT 0x03 len=0 
[12:11:27.079216] EP IN  0x81 len=64 0921200100007267835e68823800001ecd4a000c00cefc21011054e10096ab9babe88dff305ed90aa025810cf4fe000000000000000000000000000000000000
[12:11:27.080491] EP OUT 0x03 len=0 
[12:11:27.082190] EP OUT 0x03 len=0 
[12:11:27.084467] EP OUT 0x03 len=0 
[12:11:27.087242] EP IN  0x81 len=64 0923200100007267835e68823800001ed54a000c00b0712101e841e100dea79b4165c1ff2046af0a40a85d0df4fe000000000000000000000000000000000000
[12:11:27.088512] EP OUT 0x03 len=0 
[12:11:27.090221] EP OUT 0x03 len=0 
[12:11:27.092428] EP OUT 0x03 len=0 
[12:11:27.095287] EP IN  0x81 len=64 0925200100007267835e68823800001edd4a000c00cc302101fd3ee1008da19b4a97beffa0af5b0a00e3ad0df6fe000000000000000000000000000000000000
[12:11:27.096582] EP OUT 0x03 len=0 
[12:11:27.098394] EP OUT 0x03 len=0 
[12:11:27.100369] EP OUT 0x03 len=0 
[12:11:27.103233] EP IN  0x81 len=64 0927200100007267835e68823800001ee44a000c00b41f21014c44e100999c9bd417abfff0e3120aa0a6a30df6fe000000000000000000000000000000000000
[12:11:27.104498] EP OUT 0x03 len=0 
[12:11:27.106204] EP OUT 0x03 len=0 
[12:11:27.108440] EP OUT 0x03 len=0 
[12:11:27.111246] EP IN  0x81 len=64 0929200100007277835e68823800001eec4a000c00901e2101bc4ae100049a9bbcf391ff6007d7096048740df6fe000000000000000000000000000000000000
[12:11:27.112501] EP OUT 0x03 len=0 
[12:11:27.114232] EP OUT 0x03 len=0 
[12:11:27.116463] EP OUT 0x03 len=0 
[12:11:27.119243] EP IN  0x81 len=64 092b200100007267835f58823800001ef44a000c00f81a21011f4ce1000a9b9bde4497ff1098b90990053e0df6fe000000000000000000000000000000000000
[12:11:27.120499] EP OUT 0x03 len=0 
[12:11:27.122206] EP OUT 0x03 len=0 
[12:11:27.124543] EP OUT 0x01 len=192 092b200100007267835f58823800001ef44a000c00f81a21011f4ce1000a9b9bde4497ff1098b90990053e0df6fe00000000000000000000000000000000000002510641201a1f00000000000000000000510641201a1f000000000000000000000000000000000000000000000000000000000000000000000000000000000002520641201a1f00000000000000000000520641201a1f0000000000000000000000000000000000000000000000000000000000000000000000000000000000
[12:11:27.136449] EP OUT 0x03 len=0 
[12:11:27.139276] EP IN  0x81 len=64 092d200100007277835e68823800001efb4a000c00cc0f21012148e100599d9b39a9affff0acb609a0f9280df9fe000000000000000000000000000000000000
[12:11:27.140582] EP OUT 0x03 len=0 
[12:11:27.142467] EP OUT 0x03 len=0 
[12:11:27.144366] EP OUT 0x03 len=0 
[12:11:27.147199] EP IN  0x81 len=64 0932200100007267835e58823000001e0f2b000c0008162101643ae100fd9e9bdd84ceff507ebe09a00f770df7fe000000000000000000000000000000000000
[12:11:27.148441] EP OUT 0x03 len=0 
[12:11:27.150111] EP OUT 0x03 len=0 
[12:11:27.152359] EP OUT 0x03 len=0 
[12:11:27.155265] EP IN  0x81 len=64 0934200100007267835e58823800001e163b000c0044382101cf35e100769e9bb151b7ff4002dd09102a710df7fe000000000000000000000000000000000000
[12:11:27.156685] EP OUT 0x01 len=256 0934200100007267835e58823800001e163b000c0044382101cf35e100769e9bb151b7ff4002dd09102a710df7fe0000000000000000000000000000000000000265c1dc32192318dd91d908000000000065c1dc32192318dd91d9080000000000000000000000000000000000000000000000000000000000000000000000000257066141180400000000000000000000570661411804000000000000000000000000000000000000000000000000000000000000000000000000000000000002581249a05b0400000000000000000000581249a05b040000000000000000000000000000000000000000000000000000000000000000000000000000000000
[12:11:27.172433] EP OUT 0x03 len=0 
[12:11:27.175261] EP IN  0x81 len=64 0936200100007377835d58823800001e1e4b000c00585e2101ab2ae100eb9f9bbccfabffc08be30920374a0dfcfe000000000000000000000000000000000000
[12:11:27.176575] EP OUT 0x03 len=0 
[12:11:27.178309] EP OUT 0x03 len=0 
[12:11:27.180581] EP OUT 0x03 len=0 
[12:11:27.183201] EP IN  0x81 len=64 093b200000007477835e68823200001e324b000c00a86d21016afae00073ac9b9aea74ff803c2a0a100bd40bfffe000000000000000000000000000000000000
[12:11:27.184420] EP OUT 0x03 len=0 
[12:11:27.186080] EP OUT 0x03 len=0 
[12:11:27.188389] EP OUT 0x03 len=0 
[12:11:27.191247] EP IN  0x81 len=64 093d200000007277835e58823000001e394b000c00b8372101bce6e0003aaf9b3a0c3cff40fe420ac080310cf9fe000000000000000000000000000000000000
[12:11:27.192631] EP OUT 0x01 len=256 093d200000007277835e58823000001e394b000c00b8372101bce6e0003aaf9b3a0c3cff40fe420ac080310cf9fe000000000000000000000000000000000000026aee08a098010009a0980100000000006aee08a098010009a09801000000000000000000000000000000000000000000000000000000000000000000000000025c3301401800000000000000000000005c33014018000000000000000000000000000000000000000000000000000000000000000000000000000000000000025d4809b09a01000000000000000000005d4809b09a010000000000000000000000000000000000000000000000000000000000000000000000000000000000
[12:11:27.208423] EP OUT 0x03 len=0 
[12:11:27.210300] EP OUT 0x03 len=0 
[12:11:27.215248] EP IN  0x81 len=64 0944200000007377835e68823100001e544b000c005c0f21018761e000b8b79bd4b51efff027950ae04ec00cf9fe000000000000000000000000000000000000
[12:11:27.216490] EP OUT 0x03 len=0 
[12:11:27.219252] EP IN  0x81 len=64 0945200000007377835d58823100001e584b000c004c2f2101294ae000cdb99bccb032ff40647b0a80db980cfcfe000000000000000000000000000000000000
[12:11:27.220508] EP OUT 0x03 len=0 
[12:11:27.222248] EP OUT 0x03 len=0 
[12:11:27.224484] EP OUT 0x03 len=0 
[12:11:27.227269] EP IN  0x81 len=64 0946200000007267835e68823000001e5c4b000c002c592101e03ce000c3b99b72744fff90cb520ae04f220cfffe000000000000000000000000000000000000
[12:11:27.228687] EP OUT 0x01 len=256 0946200000007267835e68823000001e5c4b000c002c592101e03ce000c3b99b72744fff90cb520ae04f220cfffe0000000000000000000000000000000000000260330140180033e5901921000000000060330140180033e5901921000000000000000000000000000000000000000000000000000000000000000000000000025233c1901921000000000000000000005233c1901921000000000000000000000000000000000000000000000000000000000000000000000000000000000002534ef1d0582100000000000000000000534ef1d058210000000000000000000000000000000000000000000000000000000000000000000000000000000000
[12:11:27.244538] EP OUT 0x03 len=0 
[12:11:27.246491] EP OUT 0x03 len=0 
[12:11:27.251337] EP IN  0x81 len=64 094d200100007377835f58823100001e774b000c00fe6322014bbce00015939b1e9274ff70ed720a702d050bfafe000000000000000000000000000000000000
[12:11:27.252713] EP OUT 0x03 len=0 
[12:11:27.255219] EP IN  0x81 len=64 094e200100007267835e58823100001e7b4b000c00584d220129cfe00011919bce9579ff8017960aa0b9320bfcfe000000000000000000000000000000000000
[12:11:27.256546] EP OUT 0x03 len=0 
[12:11:27.258365] EP OUT 0x03 len=0 
[12:11:27.260125] EP OUT 0x03 len=0 
[12:11:27.263290] EP IN  0x81 len=64 094f200100007277835e68823000001e7e3b000c00be34220108dde00070909bd95780fff052820af07a570bfcfe000000000000000000000000000000000000
[12:11:27.264783] EP OUT 0x01 len=256 094f200100007277835e68823000001e7e3b000c00be34220108dde00070909bd95780fff052820af07a570bfcfe000000000000000000000000000000000000026669a131591b4e8170980200000000006669a131591b4e817098020000000000000000000000000000000000000000000000000000000000000000000000000258332d0059040000000000000000000058332d00590400000000000000000000000000000000000000000000000000000000000000000000000000000000000259332d0059040000000000000000000059332d0059040000000000000000000000000000000000000000000000000000000000000000000000000000000000
[12:11:27.280531] EP OUT 0x03 len=0 
[12:11:27.282614] EP OUT 0x03 len=0 
[12:11:27.287310] EP IN  0x81 len=64 0956200100007277835e68823100001e994b000c00be582101eb0fe10056979b20fcbeffe0028f0a80b9590dfafe000000000000000000000000000000000000
[12:11:27.288755] EP OUT 0x03 len=0 
[12:11:27.291225] EP IN  0x81 len=64 0957200100007267835e68823100001e9d4b000c0090522101c915e100f0999b477bb8ffa0c8530a90fa610df8fe000000000000000000000000000000000000
[12:11:27.292637] EP OUT 0x03 len=0 
[12:11:27.294492] EP OUT 0x03 len=0 
[12:11:27.296461] EP OUT 0x03 len=0 
[12:11:27.299321] EP IN  0x81 len=64 0958200100007267835f68823000001ea14b000c00e4512101981ce100d09c9bab39b0ff80ec450a30d3590df8fe000000000000000000000000000000000000
[12:11:27.300842] EP OUT 0x01 len=256 0958200100007267835f68823000001ea14b000c00e4512101981ce100d09c9bab39b0ff80ec450a30d3590df8fe000000000000000000000000000000000000026c3319609901421d109b0000000000006c3319609901421d109b00000000000000000000000000000000000000000000000000000000000000000000000000025e9529009e00000000000000000000005e9549009e000000000000000000000000000000000000000000000000000000000000000000000000000000000000025fb635809a00000000000000000000005fb659809c000000000000000000000000000000000000000000000000000000000000000000000000000000000000
[12:11:27.316520] EP OUT 0x03 len=0 
[12:11:27.318654] EP OUT 0x03 len=0 
[12:11:27.323334] EP IN  0x81 len=64 095f200100007277835f68823200001ebc4b000c00406021016030e10081ac9baab391ff700ba0094020db0cf9fe000000000000000000000000000000000000
[12:11:27.324789] EP OUT 0x03 len=0 
[12:11:27.327221] EP IN  0x81 len=64 0960200100007267835e58823100001ec04b000c00a6602101632de100daac9bda7896ff00179d095098da0cf9fe000000000000000000000000000000000000
[12:11:27.328618] EP OUT 0x03 len=0 
[12:11:27.330513] EP OUT 0x03 len=0 
[12:11:27.332589] EP OUT 0x03 len=0 
[12:11:27.335335] EP IN  0x81 len=64 0961200100007267835f58823100001ec44b000c00786321014729e100deac9b35789aff8052a909c018e30cf9fe000000000000000000000000000000000000
[12:11:27.336860] EP OUT 0x01 len=256 0961200100007267835f58823100001ec44b000c00786321014729e100deac9b35789aff8052a909c018e30cf9fe0000000000000000000000000000000000000261f600c01900ad21809c00000000000061f664809c00ad31809c0000000000000000000000000000000000000000000000000000000000000000000000000002539835f09e0000000000000000000000539861f09e00000000000000000000000000000000000000000000000000000000000000000000000000000000000002549e21809c0000000000000000000000549e35809c000000000000000000000000000000000000000000000000000000000000000000000000000000000000
[12:11:27.352535] EP OUT 0x03 len=0 
[12:11:27.354882] EP OUT 0x03 len=0 
[12:11:27.359299] EP IN  0x81 len=64 0968200100007267835e68823200001ede3b000c0060d72101fbf4e0008aac9b6bd794ff70fe020af034200d00ff000000000000000000000000000000000000
[12:11:27.360962] EP OUT 0x03 len=0 
[12:11:27.363525] EP OUT 0x03 len=0 
[12:11:27.367300] EP IN  0x81 len=64 0969200100007277835f68823100001ee24b000c0088ed210116e8e00096ad9b8c328fff607f0f0ab083130d00ff000000000000000000000000000000000000
[12:11:27.368746] EP OUT 0x03 len=0 
[12:11:27.370706] EP OUT 0x03 len=0 
[12:11:27.373004] EP OUT 0x01 len=256 0969200100007277835f68823100001ee24b000c0088ed210116e8e00096ad9b8c328fff607f0f0ab083130d00ff00000000000000000000000000000000000002668c1d809c009819909e000000000000668c31809c009825909e000000000000000000000000000000000000000000000000000000000000000000000000000258c90850cd0f00000000000000000000588f2d50cd0f000000000000000000000000000000000000000000000000000000000000000000000000000000000002591a35601b1e00000000000000000000591a35601b1e0000000000000000000000000000000000000000000000000000000000000000000000000000000000
[12:11:27.388545] EP OUT 0x03 len=0 
[12:11:27.396051] EP OUT 0x03 len=0 
[12:11:27.399249] EP IN  0x81 len=64 0970200000007377835d68823100001efd4b000c00b2c821010594e000e1bc9bbc5399ffa0d6550a606f190cfbfe000000000000000000000000000000000000
[12:11:27.400673] EP OUT 0x03 len=0 
[12:11:27.402911] EP OUT 0x03 len=0 
[12:11:27.405006] EP OUT 0x03 len=0 
[12:11:27.412058] EP OUT 0x01 len=256 0970200000007377835d68823100001efd4b000c00b2c821010594e000e1bc9bbc5399ffa0d6550a606f190cfbfe000000000000000000000000000000000000026cc1dc72da1e1a4581d90300000000006cc1dc72da1e1a4581d903000000000000000000000000000000000000000000000000000000000000000000000000025e1a4581d903000000000000000000005e1a4581d9030000000000000000000000000000000000000000000000000000000000000000000000000000000000025f2641e0dc04000000000000000000005f2641e0dc040000000000000000000000000000000000000000000000000000000000000000000000000000000000
[12:11:27.428514] EP OUT 0x03 len=0 
[12:11:27.431265] EP IN  0x81 len=64 0978200000007277835e68823800001e1c4c000c0044e320011c27e00065c99bb42f1dff20e3580a0004710cfcfe000000000000000000000000000000000000
[12:11:27.432881] EP OUT 0x03 len=0 
[12:11:27.435593] EP OUT 0x03 len=0 
[12:11:27.437612] EP OUT 0x03 len=0 
[12:11:27.443296] EP IN  0x81 len=64 097b200000007277835e68823200001e284c000c006c3621011b1fe000bdc99b623c13ff00f00a0ac073220cfdfe000000000000000000000000000000000000
[12:11:27.444704] EP OUT 0x03 len=0 
[12:11:27.447306] EP IN  0x81 len=64 097e200100007277835f68823000001e333c000c0014c821017376e000c6b59b20a034ff3005bf09a0798f0bfefe000000000000000000000000000000000000
[12:11:27.449094] EP OUT 0x01 len=256 097e200100007277835f68823000001e333c000c0014c821017376e000c6b59b20a034ff3005bf09a0798f0bfefe00000000000000000000000000000000000002622c218099015c19f01b020000000000622c218099015c19f01b0200000000000000000000000000000000000000000000000000000000000000000000000002545c19f01b0200000000000000000000545c19f01b02000000000000000000000000000000000000000000000000000000000000000000000000000000000002554709f01b0200000000000000000000554709f01b020000000000000000000000000000000000000000000000000000000000000000000000000000000000
[12:11:27.464543] EP OUT 0x03 len=0 
[12:11:27.466854] EP OUT 0x03 len=0 
[12:11:27.471244] EP IN  0x81 len=64 0984200100007377835e58823100001e4a3c000c00a0d62101f2f3e00057a59b0f4c85ff00d4a50ae0eab90bf9fe000000000000000000000000000000000000
[12:11:27.472800] EP OUT 0x03 len=0 
[12:11:27.474981] EP OUT 0x03 len=0 
[12:11:27.479351] EP IN  0x81 len=64 0985200100007367835e68823100001e4e4c000c003aa12101fcfae00078a39b5cb982ff2029b00a00551c0cf9fe000000000000000000000000000000000000
[12:11:27.481040] EP OUT 0x03 len=0 
[12:11:27.483623] EP OUT 0x03 len=0 
[12:11:27.486111] EP OUT 0x01 len=256 0985200100007367835e68823100001e4e4c000c003aa12101fcfae00078a39b5cb982ff2029b00a00551c0cf9fe00000000000000000000000000000000000002686229601b036279115a1d0000000000686229601b036279115a1d000000000000000000000000000000000000000000000000000000000000000000000000025a47f9d09a1d000000000000000000005a47f9d09a1d0000000000000000000000000000000000000000000000000000000000000000000000000000000000025b47f9d09a1d000000000000000000005b47f9d09a1d0000000000000000000000000000000000000000000000000000000000000000000000000000000000
[12:11:27.503301] EP IN  0x81 len=64 098c200100007267835d68823100001e694c000c0002f120011cf0e0009ba29b73d0bdffb011060a00414a0dfefe000000000000000000000000000000000000
[12:11:27.505014] EP OUT 0x03 len=0 
[12:11:27.507553] EP OUT 0x03 len=0 
[12:11:27.509772] EP OUT 0x03 len=0 
[12:11:27.515311] EP IN  0x81 len=64 098d200100007267835e58823100001e6d4c000c0024f320014df1e0002ba39b13c8b4ff7080e80960923c0dfffe000000000000000000000000000000000000
[12:11:27.516790] EP OUT 0x03 len=0 
[12:11:27.519286] EP IN  0x81 len=64 0990200100007277835e68823800001e783c000c00940321011df3e000e8a59bd2af9dffb0829f0990cb040dfdfe000000000000000000000000000000000000
[12:11:27.521062] EP OUT 0x01 len=256 0990200100007277835e68823800001e783c000c00940321011df3e000e8a59bd2af9dffb0829f0990cb040dfdfe000000000000000000000000000000000000026e6e91811918473140da0300000000006e6e91811918473140da0300000000000000000000000000000000000000000000000000000000000000000000000002505c2510da0100000000000000000000505c2510da01000000000000000000000000000000000000000000000000000000000000000000000000000000000002515625809901000000000000000000005156258099010000000000000000000000000000000000000000000000000000000000000000000000000000000000
[12:11:27.536493] EP OUT 0x03 len=0 
[12:11:27.538913] EP OUT 0x03 len=0 
[12:11:27.543242] EP IN  0x81 len=64 0996200100007367835e68823200001e8f3c000c0096f7200130e7e00076aa9b87aaa9ff00e6ea099009240df9fe000000000000000000000000000000000000
[12:11:27.544718] EP OUT 0x03 len=0 
[12:11:27.547104] EP OUT 0x03 len=0 
[12:11:27.551299] EP IN  0x81 len=64 0997200100007277835e68823200001e934c000c002efb200151e3e00071ab9bf2d8c0ffc044dd09b010380df9fe000000000000000000000000000000000000
[12:11:27.552736] EP OUT 0x03 len=0 
[12:11:27.554678] EP OUT 0x03 len=0 
[12:11:27.557006] EP OUT 0x01 len=256 0997200100007277835e68823200001e934c000c002efb200151e3e00071ab9bf2d8c0ffc044dd09b010380df9fe00000000000000000000000000000000000002635c198099014701b01c000000000000635c198099014701b01c0000000000000000000000000000000000000000000000000000000000000000000000000002556201c01b0000000000000000000000556201c01b00000000000000000000000000000000000000000000000000000000000000000000000000000000000002566219509c0000000000000000000000566219509c000000000000000000000000000000000000000000000000000000000000000000000000000000000000
[12:11:27.572550] EP OUT 0x03 len=0 
[12:11:27.580002] EP OUT 0x03 len=0 
[12:11:27.583304] EP IN  0x81 len=64 099e200000007277835e68823200001eae4c000c00526f2101a0a3e000c4b89b58c373ff20291d0a7067de0cf7fe000000000000000000000000000000000000
[12:11:27.584851] EP OUT 0x03 len=0 
[12:11:27.587085] EP OUT 0x03 len=0 
[12:11:27.589145] EP OUT 0x01 len=192 099e200000007277835e68823200001eae4c000c00526f2101a0a3e000c4b89b58c373ff20291d0a7067de0cf7fe00000000000000000000000000000000000002685001401a006801c01b000000000000685001401a006801c01b00000000000000000000000000000000000000000000000000000000000000000000000000025a6801801900000000000000000000005a68018019000000000000000000000000000000000000000000000000000000000000000000000000000000000000
[12:11:27.603297] EP IN  0x81 len=64 09a1200000007277835f68823100001eba4c000c00d63921019f85e000b9c09b08a27cff407a430a404a180cf9fe000000000000000000000000000000000000
[12:11:27.605180] EP OUT 0x01 len=0 
[12:11:27.605441] EP OUT 0x03 len=0 
[12:11:27.608140] EP OUT 0x03 len=0 
[12:11:27.610668] EP OUT 0x01 len=0 
[12:11:27.610927] EP OUT 0x03 len=0 
[12:11:27.615320] EP IN  0x81 len=64 09a6200000007277835e68823100001ecd4c000c00f8bd2001672ee0000ecc9b12c75fff00e55a0ae01ecf0bf5fe000000000000000000000000000000000000
[12:11:27.616992] EP OUT 0x01 len=0 
[12:11:27.617257] EP OUT 0x03 len=0 
[12:11:27.619740] EP OUT 0x03 len=0 
[12:11:27.621750] EP OUT 0x03 len=0 
[12:11:27.627299] EP IN  0x81 len=64 09a9200000007267835f68823800001ed83c000c00f49720019812e000ddcc9b1ef653ff303b770a606d3b0cfbfe000000000000000000000000000000000000
[12:11:27.628774] EP OUT 0x03 len=0 
[12:11:27.631319] EP IN  0x81 len=64 09ac200000007377835d58823800001ee44c000c00fca7200152dfdf006bd59bac7236fff0b2480af09abb0cfefe000000000000000000000000000000000000
[12:11:27.632826] EP OUT 0x03 len=0 
[12:11:27.635639] EP OUT 0x03 len=0 
[12:11:27.637752] EP OUT 0x03 len=0 
[12:11:27.643306] EP IN  0x81 len=64 09ad200000007277835e68823800001ee84c000c0014b720018acedf0097d79be00c40ffa0e61f0a30b19b0cfefe000000000000000000000000000000000000
[12:11:27.644767] EP OUT 0x03 len=0 
[12:11:27.647308] EP IN  0x81 len=64 09b0200000007267835e68823800001ef34c000c003c0a210174e3df0024cd9ba0d055ffa000cf09f0985b0bfefe000000000000000000000000000000000000
[12:11:27.648794] EP OUT 0x03 len=0 
[12:11:27.650912] EP OUT 0x03 len=0 
[12:11:27.655228] EP IN  0x81 len=64 09b1200000007377835e68823800001ef74c000c00a02e21012e0ae000a2c39b1a4a49ff806cd60910fd1f0bfdfe000000000000000000000000000000000000
[12:11:27.656670] EP OUT 0x03 len=0 
[12:11:27.658502] EP OUT 0x03 len=0 
[12:11:27.660472] EP OUT 0x03 len=0 
[12:11:27.663290] EP IN  0x81 len=64 09b3200100007277835e68823800001eff4c000c00f06e2101a250e0008db59b10922dff80b5f6093014b50bf7fe000000000000000000000000000000000000
[12:11:27.664795] EP OUT 0x03 len=0 
[12:11:27.666741] EP OUT 0x03 len=0 
[12:11:27.668719] EP OUT 0x03 len=0 
[12:11:27.671309] EP IN  0x81 len=64 09b5200100007377835e68823800001e063d000c00b68d21017986e000f7ac9b22b54fff60a24f0aa08e210bf7fe000000000000000000000000000000000000
[12:11:27.672770] EP OUT 0x03 len=0 
[12:11:27.674631] EP OUT 0x03 len=0 
[12:11:27.676634] EP OUT 0x03 len=0 
[12:11:27.679315] EP IN  0x81 len=64 09b7200100007387835d68823800001e0e4d000c002051210130aee00076a99b60796fff9051810af0b5b20bf1fe000000000000000000000000000000000000
[12:11:27.680834] EP OUT 0x03 len=0 
[12:11:27.682733] EP OUT 0x03 len=0 
[12:11:27.684803] EP OUT 0x01 len=128 09b7200100007387835d68823800001e0e4d000c002051210130aee00076a99b60796fff9051810af0b5b20bf1fe000000000000000000000000000000000000025cc908500d0e000000000000000000005cc908500d0e0000000000000000000000000000000000000000000000000000000000000000000000000000000000
[12:11:27.692388] EP OUT 0x03 len=0 
[12:11:27.695245] EP IN  0x81 len=64 09b9200100007277835d58823800001e164d000c00fcf3200113bae000fca89b4fb69dff30e2a10ad0917c0cf1fe000000000000000000000000000000000000
[12:11:27.696722] EP OUT 0x03 len=0 
[12:11:27.698872] EP OUT 0x03 len=0 
[12:11:27.700663] EP OUT 0x03 len=0 
[12:11:27.703304] EP IN  0x81 len=64 09bd200100007277835d68823000001e254d000c00c270200156b2e00036aa9bc98ed0ff3059780a1038600df9fe000000000000000000000000000000000000
[12:11:27.704737] EP OUT 0x03 len=0 
[12:11:27.706686] EP OUT 0x03 len=0 
[12:11:27.708571] EP OUT 0x03 len=0 
[12:11:27.711269] EP IN  0x81 len=64 09bf200100007277835e58823800001e2d4d000c005463200143b6e00070a99ba19ecbff60cf240ac07b620df9fe000000000000000000000000000000000000
[12:11:27.712699] EP OUT 0x01 len=256 09bf200100007277835e58823800001e2d4d000c005463200143b6e00070a99ba19ecbff60cf240ac07b620df9fe000000000000000000000000000000000000026f83d5a45a1cc1dc72da1e00000000006f83d5a45a1cc1dc72da1e000000000000000000000000000000000000000000000000000000000000000000000000025123f5a25a12000000000000000000005123f5a25a12000000000000000000000000000000000000000000000000000000000000000000000000000000000002522ce5d1da0700000000000000000000522ce5d1da070000000000000000000000000000000000000000000000000000000000000000000000000000000000
[12:11:27.728382] EP OUT 0x03 len=0 
[12:11:27.730482] EP OUT 0x03 len=0 
[12:11:27.735281] EP IN  0x81 len=64 09c6200100007277835e58823200001e484d000c00dc7f2001b0abe00072b09b025da6ffb01bb609b08fe50cf4fe000000000000000000000000000000000000
[12:11:27.736614] EP OUT 0x03 len=0 
[12:11:27.739303] EP IN  0x81 len=64 09c7200100007377835f68823100001e4c4d000c00f07c200192a5e0007eb09b6c2aacffa0eba1092045ee0cf4fe000000000000000000000000000000000000
[12:11:27.740735] EP OUT 0x03 len=0 
[12:11:27.742547] EP OUT 0x03 len=0 
[12:11:27.744575] EP OUT 0x03 len=0 
[12:11:27.747287] EP IN  0x81 len=64 09c8200100007267835e68823000001e4f3d000c00e07d2001d7a0e00039b09b71f9b3fff0e1010ae00d0a0df4fe000000000000000000000000000000000000
[12:11:27.748679] EP OUT 0x01 len=256 09c8200100007267835e68823000001e4f3d000c00e07d2001d7a0e00039b09b71f9b3fff0e1010ae00d0a0df4fe00000000000000000000000000000000000002650e09c05b020209a0da010000000000650e09c05b020209a0da0100000000000000000000000000000000000000000000000000000000000000000000000002570209a0da0100000000000000000000570209a0da01000000000000000000000000000000000000000000000000000000000000000000000000000000000002581409e0990100000000000000000000581409e099010000000000000000000000000000000000000000000000000000000000000000000000000000000000
[12:11:27.764547] EP OUT 0x03 len=0 
[12:11:27.766693] EP OUT 0x03 len=0 
[12:11:27.771312] EP IN  0x81 len=64 09cf200100007267835f58823100001e6a4d000c002cc52001c96ce00095b19bbd37a3ff60722c0a60e1e30cf7fe000000000000000000000000000000000000
[12:11:27.772864] EP OUT 0x03 len=0 
[12:11:27.774948] EP OUT 0x03 len=0 
[12:11:27.776643] EP OUT 0x03 len=0 
[12:11:27.779285] EP IN  0x81 len=64 09d0200000007267835e68823100001e6e4d000c00bac020013662e00003b49b65b394fff07ed2094033cb0cf7fe000000000000000000000000000000000000
[12:11:27.780725] EP OUT 0x03 len=0 
[12:11:27.782685] EP OUT 0x03 len=0 
[12:11:27.784698] EP OUT 0x01 len=256 09d0200000007267835e68823100001e6e4d000c00bac020013662e00003b49b65b394fff07ed2094033cb0cf7fe000000000000000000000000000000000000026b4709f01b026229601b0300000000006b4709f01b026229601b03000000000000000000000000000000000000000000000000000000000000000000000000025d5c01e1590a000000000000000000005d5c01e1590a0000000000000000000000000000000000000000000000000000000000000000000000000000000000025e5cd5e0590a000000000000000000005e5cd5e0590a0000000000000000000000000000000000000000000000000000000000000000000000000000000000
[12:11:27.800407] EP OUT 0x03 len=0 
[12:11:27.803293] EP IN  0x81 len=64 09d7200000007477835e58823100001e894d000c00ec3120018d1ce000a0c29bec1e60ff20723d0a8049420cf9fe000000000000000000000000000000000000
[12:11:27.804780] EP OUT 0x03 len=0 
[12:11:27.806961] EP OUT 0x03 len=0 
[12:11:27.811303] EP IN  0x81 len=64 09d8200000007277835f68823100001e8d4d000c005c192001920de00060c49b8a365fff90ab490ac00e350cf7fe000000000000000000000000000000000000
[12:11:27.812779] EP OUT 0x03 len=0 
[12:11:27.814794] EP OUT 0x03 len=0 
[12:11:27.816756] EP OUT 0x03 len=0 
[12:11:27.819307] EP IN  0x81 len=64 09da200000007377835e68823000001e943d000c0088fa1f016dfadf0082c69be2ef52ff10ff4a0a405a580cf7fe000000000000000000000000000000000000
[12:11:27.820926] EP OUT 0x01 len=256 09da200000007377835e68823000001e943d000c0088fa1f016dfadf0082c69be2ef52ff10ff4a0a405a580cf7fe000000000000000000000000000000000000026147f9d09a1d6e9181191800000000006147f9d09a1d6e9181191800000000000000000000000000000000000000000000000000000000000000000000000002535c1161db0800000000000000000000535c1161db080000000000000000000000000000000000000000000000000000000000000000000000000000000000025462a5b09902000000000000000000005462a5b099020000000000000000000000000000000000000000000000000000000000000000000000000000000000
[12:11:27.836465] EP OUT 0x03 len=0 
[12:11:27.838667] EP OUT 0x03 len=0 
[12:11:27.843293] EP IN  0x81 len=64 09e1200000007267835f68823200001eaf4d000c0024c52001b8e4df003ac49b8ae231ff0080d409807cb50bfefe000000000000000000000000000000000000
[12:11:27.844770] EP OUT 0x03 len=0 
[12:11:27.846985] EP OUT 0x03 len=0 
[12:11:27.851308] EP IN  0x81 len=64 09e2200000007267835e58823200001eb34d000c00c0f4200130fedf00d1bd9ba8e742ffd045e309a041890bfefe000000000000000000000000000000000000
[12:11:27.852923] EP OUT 0x03 len=0 
[12:11:27.854947] EP OUT 0x03 len=0 
[12:11:27.857043] EP OUT 0x01 len=256 09e2200000007267835e58823200001eb34d000c00c0f4200130fedf00d1bd9ba8e742ffd045e309a041890bfefe00000000000000000000000000000000000002665c2510da015c198099010000000000665c2510da015c1980990100000000000000000000000000000000000000000000000000000000000000000000000002585c2580990000000000000000000000585c25809900000000000000000000000000000000000000000000000000000000000000000000000000000000000002595625509c0000000000000000000000595625509c000000000000000000000000000000000000000000000000000000000000000000000000000000000000
[12:11:27.875218] EP IN  0x81 len=64 09e9200100007287835e68823200001ece4d000c00d8232101d276e00098ae9b7a656eff3047840ab0681c0cf7fe000000000000000000000000000000000000
[12:11:27.876768] EP OUT 0x03 len=0 
[12:11:27.879030] EP OUT 0x03 len=0 
[12:11:27.883295] EP IN  0x81 len=64 09ea200100007377835e68823200001ed24d000c00e2162101d47ee00062ae9b84cc7aff9095830ae00f6c0cf7fe000000000000000000000000000000000000
[12:11:27.884764] EP OUT 0x03 len=0 
[12:11:27.886766] EP OUT 0x03 len=0 
[12:11:27.888908] EP OUT 0x03 len=0 
[12:11:27.896254] EP OUT 0x01 len=256 09ea200100007377835e68823200001ed24d000c00e2162101d47ee00062ae9b84cc7aff9095830ae00f6c0cf7fe000000000000000000000000000000000000026b6201c01b007801801d0000000000006b6201c01b007801801d00000000000000000000000000000000000000000000000000000000000000000000000000025d3601601900000000000000000000005d36016019000000000000000000000000000000000000000000000000000000000000000000000000000000000000025e9601601900000000000000000000005e96016019000000000000000000000000000000000000000000000000000000000000000000000000000000000000
[12:11:27.912571] EP OUT 0x03 len=0 
[12:11:27.915303] EP IN  0x81 len=64 09f1200100007377835e68823800001eed4d000c00b8b920015196e00011b29b671fafff303c240ac02ec90cfbfe000000000000000000000000000000000000
[12:11:27.916801] EP OUT 0x01 len=0 
[12:11:27.917012] EP OUT 0x03 len=0 
[12:11:27.919515] EP OUT 0x03 len=0 
[12:11:27.922069] EP OUT 0x01 len=0 
[12:11:27.922335] EP OUT 0x03 len=0 
[12:11:27.927335] EP IN  0x81 len=64 09f4200100007367835e78823200001ef84d000c00b6972001c599e0003fb39ba7cbb1ff3070de0980c0c80cfbfe000000000000000000000000000000000000
[12:11:27.929051] EP OUT 0x01 len=0 
[12:11:27.929314] EP OUT 0x03 len=0 
[12:11:27.932214] EP OUT 0x03 len=0 
[12:11:27.935312] EP IN  0x81 len=64 09f7200100007367835e68823000001e044e000c00688420011298e000c6b49b5f7dbeff40e7c209f0c7da0cfafe000000000000000000000000000000000000
[12:11:27.936952] EP OUT 0x01 len=64 09f7200100007367835e68823000001e044e000c00688420011298e000c6b49b5f7dbeff40e7c209f0c7da0cfafe000000000000000000000000000000000000
[12:11:27.940520] EP OUT 0x03 len=0 
[12:11:27.942945] EP OUT 0x03 len=0 
[12:11:27.947334] EP IN  0x81 len=64 09f9200100007377835e68823800001e0b3e000c00487920016994e000b6b49bf105bcff304dc5090008f30cf4fe000000000000000000000000000000000000
[12:11:27.948925] EP OUT 0x03 len=0 
[12:11:27.951538] EP OUT 0x03 len=0 
[12:11:27.953564] EP OUT 0x03 len=0 
[12:11:27.959301] EP IN  0x81 len=64 09fc200100007377835e68823800001e174e000c00326e20017c8ce000b7b49b7ffab0ffe096da09f085290df7fe000000000000000000000000000000000000
[12:11:27.960850] EP OUT 0x01 len=256 09fc200100007377835e68823800001e174e000c00326e20017c8ce000b7b49b7ffab0ffe096da09f085290df7fe0000000000000000000000000000000000000262909d749b1bc1dc421b1e000000000062909d749b1bc1dc421b1e00000000000000000000000000000000000000000000000000000000000000000000000002543041731b1200000000000000000000543041731b12000000000000000000000000000000000000000000000000000000000000000000000000000000000002553901a21b0800000000000000000000553901a21b080000000000000000000000000000000000000000000000000000000000000000000000000000000000
[12:11:27.976551] EP OUT 0x03 len=0 
[12:11:27.984090] EP OUT 0x03 len=0 
[12:11:27.987232] EP IN  0x81 len=64 0904200000007477835e78823200001e364e000c00f0a92001e24ce0009cc49be59498ff600c0a0a6091d40cfbfe000000000000000000000000000000000000
[12:11:27.988978] EP OUT 0x03 len=0 
[12:11:27.991536] EP OUT 0x03 len=0 
[12:11:27.995338] EP IN  0x81 len=64 0906200000007277835d68823100001e3d3e000c001ca420010138e0002bc99b577c8fff707f920ab0242c0cf7fe000000000000000000000000000000000000
[12:11:27.997193] EP OUT 0x01 len=256 0906200000007277835d68823100001e3d3e000c001ca420010138e0002bc99b577c8fff707f920ab0242c0cf7fe00000000000000000000000000000000000002673341b09d053921509a010000000000673341b09d053921509a0100000000000000000000000000000000000000000000000000000000000000000000000002590f2d705b0200000000000000000000590f2d705b020000000000000000000000000000000000000000000000000000000000000000000000000000000000025a2109b09a01000000000000000000005a2109b09a010000000000000000000000000000000000000000000000000000000000000000000000000000000000
[12:11:28.012558] EP OUT 0x03 len=0 
[12:11:28.020169] EP OUT 0x03 len=0 
[12:11:28.023308] EP IN  0x81 len=64 090d200000007267835e68823200001e584e000c0070ed1f019ed2df00efd29bc89433ffb0a7c609d033300cf8fe000000000000000000000000000000000000
[12:11:28.024839] EP OUT 0x03 len=0 
[12:11:28.027565] EP OUT 0x03 len=0 
[12:11:28.031291] EP IN  0x81 len=64 090f200000007267835d58823100001e604e000c0014f41f01c6bbdf002dd69b9c442dffc0023f0a9018a00cfbfe000000000000000000000000000000000000
[12:11:28.032913] EP OUT 0x01 len=256 090f200000007267835d58823100001e604e000c0014f41f01c6bbdf002dd69b9c442dffc0023f0a9018a00cfbfe000000000000000000000000000000000000026c691dc09c005415509a0000000000006c691dc09c005415509a00000000000000000000000000000000000000000000000000000000000000000000000000025e6f2d301c03000000000000000000005e6f2d301c030000000000000000000000000000000000000000000000000000000000000000000000000000000000025f692db1da09000000000000000000005f692db1da090000000000000000000000000000000000000000000000000000000000000000000000000000000000
[12:11:28.048573] EP OUT 0x03 len=0 
[12:11:28.051081] EP OUT 0x03 len=0 
[12:11:28.055326] EP IN  0x81 len=64 0916200100007367835e68823200001e7b4e000c00866e21011a14e00028c29b78d137ffd0d6ee09e097e00bf9fe000000000000000000000000000000000000
[12:11:28.056983] EP OUT 0x03 len=0 
[12:11:28.059625] EP OUT 0x03 len=0 
[12:11:28.061803] EP OUT 0x03 len=0 
[12:11:28.067307] EP IN  0x81 len=64 0917200100007277835e68823100001e7f4e000c005ca72101152ae000d4bc9bea6750ff1022240a90f8050bf9fe000000000000000000000000000000000000
[12:11:28.068881] EP OUT 0x01 len=256 0917200100007277835e68823100001e7f4e000c005ca72101152ae000d4bc9bea6750ff1022240a90f8050bf9fe00000000000000000000000000000000000002625421a15b1d7b71515a150000000000625421a15b1d7b71515a1500000000000000000000000000000000000000000000000000000000000000000000000002547b71515a1500000000000000000000547b71515a1500000000000000000000000000000000000000000000000000000000000000000000000000000000000255693d31dc080000000000000000000055693d31dc080000000000000000000000000000000000000000000000000000000000000000000000000000000000
[12:11:28.084553] EP OUT 0x03 len=0 
[12:11:28.092110] EP OUT 0x03 len=0 
[12:11:28.095320] EP IN  0x81 len=64 091f200100007277835f68823100001e9d4e000c008ed720017c86e00042ad9b94e6c6ffe094b30a40c6cb0cfafe000000000000000000000000000000000000
[12:11:28.097012] EP OUT 0x03 len=0 
[12:11:28.099764] EP OUT 0x03 len=0 
[12:11:28.103269] EP IN  0x81 len=64 0921200100007267835e68823000001ea54e000c00beb12001348be0002aac9b09a3e0ffd0af860a0062100dfafe000000000000000000000000000000000000
[12:11:28.104975] EP OUT 0x01 len=256 0921200100007267835e68823000001ea54e000c00beb12001348be0002aac9b09a3e0ffd0af860a0062100dfafe0000000000000000000000000000000000000268692de01a02691d509a01000000000068692de01a02691d509a01000000000000000000000000000000000000000000000000000000000000000000000000025a692d509a00000000000000000000005a692d509a000000000000000000000000000000000000000000000000000000000000000000000000000000000000025b692d509a00000000000000000000005b692d509a000000000000000000000000000000000000000000000000000000000000000000000000000000000000
[12:11:28.120537] EP OUT 0x03 len=0 
[12:11:28.123311] EP IN  0x81 len=64 0923200100007277835f68823800001ead4e000c003c922001bf91e000e9ab9b0e1de0ffc0ee320af02c160dfbfe000000000000000000000000000000000000
[12:11:28.124802] EP OUT 0x03 len=0 
[12:11:28.127624] EP OUT 0x03 len=0 
[12:11:28.129806] EP OUT 0x03 len=0 
[12:11:28.135315] EP IN  0x81 len=64 0928200100007467835e68823100001ec04e000c00e27f200170a3e00083b09b01c5b1ff707eaf09b0a10c0df4fe000000000000000000000000000000000000
[12:11:28.136938] EP OUT 0x03 len=0 
[12:11:28.144051] EP OUT 0x01 len=256 0928200100007467835e68823100001ec04e000c00e27f200170a3e00083b09b01c5b1ff707eaf09b0a10c0df4fe000000000000000000000000000000000000026e6f01901c009b01b01f0000000000006e6f01901c009b01b01f0000000000000000000000000000000000000000000000000000000000000000000000000002509b01b01f0000000000000000000000509b01b01f00000000000000000000000000000000000000000000000000000000000000000000000000000000000002515901901b0000000000000000000000515901901b000000000000000000000000000000000000000000000000000000000000000000000000000000000000
[12:11:28.160561] EP OUT 0x03 len=0 
[12:11:28.168157] EP OUT 0x01 len=0 
[12:11:28.168415] EP OUT 0x03 len=0 
[12:11:28.175905] EP OUT 0x01 len=0 
[12:11:28.176159] EP OUT 0x03 len=0 
[12:11:28.179310] EP IN  0x81 len=64 0935200100007367835e68823800001ef24e000c00de3821017d64e000efbc9ba176a2ff10d0110aa0360e0df6fe000000000000000000000000000000000000
[12:11:28.180952] EP OUT 0x01 len=0 
[12:11:28.181199] EP OUT 0x03 len=0 
[12:11:28.183655] EP OUT 0x03 len=0 
[12:11:28.187309] EP IN  0x81 len=64 0936200100007267835e68823800001ef64e000c00684521019253e00053c09bdab29dfff0631b0a30abe90cf6fe000000000000000000000000000000000000
[12:11:28.189099] EP OUT 0x01 len=64 0936200100007267835e68823800001ef64e000c00684521019253e00053c09bdab29dfff0631b0a30abe90cf6fe000000000000000000000000000000000000
[12:11:28.192471] EP OUT 0x03 len=0 
[12:11:28.194936] EP OUT 0x03 len=0 
[12:11:28.199293] EP IN  0x81 len=64 0938200000007367835e68823800001efd4e000c00304e21012036e00009c69b93418cff60c6280a601c8a0cf9fe000000000000000000000000000000000000
[12:11:28.200914] EP OUT 0x03 len=0 
[12:11:28.203497] EP OUT 0x03 len=0 
[12:11:28.205774] EP OUT 0x03 len=0 
[12:11:28.211312] EP IN  0x81 len=64 093b200000007267835e68823800001e094f000c00840b2101141ae00047c99bdc846affc04d320ac081f70bfafe000000000000000000000000000000000000
[12:11:28.212950] EP OUT 0x01 len=256 093b200000007267835e68823800001e094f000c00840b2101141ae00047c99bdc846affc04d320ac081f70bfafe0000000000000000000000000000000000000255b305a4dd1b0000000000000000000055b305a4dd1b00000000000000000000000000000000000000000000000000000000000000000000000000000000000256db1c731d1e0000000000000000000056db1c731d1e000000000000000000000000000000000000000000000000000000000000000000000000000000000002575301a5dd1200000000000000000000575301a5dd120000000000000000000000000000000000000000000000000000000000000000000000000000000000
[12:11:28.228518] EP OUT 0x03 len=0 
[12:11:28.235875] EP OUT 0x03 len=0 
[12:11:28.239260] EP IN  0x81 len=64 0943200000007277835e58823100001e273f000c00861821010ac0df00b0d19b64a306ff20112e0aa048f10bf9fe000000000000000000000000000000000000
[12:11:28.240944] EP OUT 0x03 len=0 
[12:11:28.243695] EP OUT 0x03 len=0 
[12:11:28.245861] EP OUT 0x03 len=0 
[12:11:28.251307] EP IN  0x81 len=64 0945200100007367835e68823800001e2f4f000c00a483210196e3df004fc99be6b607ffb0a44a0a704db20bf5fe000000000000000000000000000000000000
[12:11:28.252929] EP OUT 0x01 len=256 0945200100007367835e68823800001e2f4f000c00a483210196e3df004fc99be6b607ffb0a44a0a704db20bf5fe000000000000000000000000000000000000026a5651e09f005c2d809c0000000000006a5651e09f005c2d809c00000000000000000000000000000000000000000000000000000000000000000000000000025c5c2d809c00000000000000000000005c5c2d809c000000000000000000000000000000000000000000000000000000000000000000000000000000000000025d3221a09d00000000000000000000005d3221a09d000000000000000000000000000000000000000000000000000000000000000000000000000000000000
[12:11:28.268568] EP OUT 0x03 len=0 
[12:11:28.275726] EP OUT 0x03 len=0 
[12:11:28.279318] EP IN  0x81 len=64 094d200100007377835e68823200001e4e4f000c00e8aa21016e69e0008cb59b903da8ffe0abdd0ab0c4ef0bfbfe000000000000000000000000000000000000
[12:11:28.280948] EP OUT 0x03 len=0 
[12:11:28.283596] EP OUT 0x03 len=0 
[12:11:28.285740] EP OUT 0x03 len=0 
[12:11:28.291293] EP IN  0x81 len=64 094f200100007377835e58823000001e564f000c00065a21016275e0009eb59bdcb0bcff402ebe0ac078770cfbfe000000000000000000000000000000000000
[12:11:28.292864] EP OUT 0x01 len=256 094f200100007377835e58823000001e564f000c00065a21016275e0009eb59bdcb0bcff402ebe0ac078770cfbfe00000000000000000000000000000000000002608c19f09e009229609e000000000000608c19f09e009229609e0000000000000000000000000000000000000000000000000000000000000000000000000002529229609e0000000000000000000000529229609e00000000000000000000000000000000000000000000000000000000000000000000000000000000000002538ce1e05c0a00000000000000000000538ce1e05c0a0000000000000000000000000000000000000000000000000000000000000000000000000000000000
[12:11:28.308523] EP OUT 0x03 len=0 
[12:11:28.316019] EP OUT 0x03 len=0 
[12:11:28.319212] EP IN  0x81 len=64 0957200100007377835e68823200001e744f000c00e8db20014c8ce000fab59be10e97ff404ac309b0d2250dfbfe000000000000000000000000000000000000
[12:11:28.320748] EP OUT 0x03 len=0 
[12:11:28.323120] EP OUT 0x03 len=0 
[12:11:28.327327] EP IN  0x81 len=64 0959200100007367835e58823000001e7c4f000c00e6e620011690e000b9b89bbdba9eff40b1b9091029100dfbfe000000000000000000000000000000000000
[12:11:28.328952] EP OUT 0x01 len=256 0959200100007367835e58823000001e7c4f000c00e6e620011690e000b9b89bbdba9eff40b1b9091029100dfbfe00000000000000000000000000000000000002667775d15d1d8c19615e0a0000000000667775d15d1d8c19615e0a00000000000000000000000000000000000000000000000000000000000000000000000002588c19615e0a00000000000000000000588c19615e0a00000000000000000000000000000000000000000000000000000000000000000000000000000000000259929db05c030000000000000000000059929db05c030000000000000000000000000000000000000000000000000000000000000000000000000000000000
[12:11:28.344556] EP OUT 0x03 len=0 
[12:11:28.347258] EP IN  0x81 len=64 095b200100007377835e68823800001e844f000c00b4ed20012290e00091ba9b06faaeff30c3bd09c0defb0cfbfe000000000000000000000000000000000000
[12:11:28.349054] EP OUT 0x03 len=0 
[12:11:28.351682] EP OUT 0x03 len=0 
[12:11:28.353890] EP OUT 0x03 len=0 
[12:11:28.359297] EP IN  0x81 len=64 0960200100007377835e58823100001e974f000c0020e920016889e0000cb99bb909aeffb08ae0090014070dfafe000000000000000000000000000000000000
[12:11:28.360733] EP OUT 0x03 len=0 
[12:11:28.363313] EP IN  0x81 len=64 0963200100007377835f78823800001ea24f000c004a052101e07de00027ba9b815db4ffd0d6020a20f4170df7fe000000000000000000000000000000000000
[12:11:28.365098] EP OUT 0x01 len=256 0963200100007377835f78823800001ea24f000c004a052101e07de00027ba9b815db4ffd0d6020a20f4170df7fe000000000000000000000000000000000000026c8629809c008c29809c0000000000006c8629809c008c29809c00000000000000000000000000000000000000000000000000000000000000000000000000025e8629509f00000000000000000000005e8629509f000000000000000000000000000000000000000000000000000000000000000000000000000000000000025f8629509f00000000000000000000005f8629509f000000000000000000000000000000000000000000000000000000000000000000000000000000000000
[12:11:28.380536] EP OUT 0x03 len=0 
[12:11:28.388416] EP OUT 0x03 len=0 
[12:11:28.391218] EP IN  0x81 len=64 096a200000007377835e58823100001ebd4f000c00862121011e2fe000a9c99b45198fff90b2380a3076920cfafe000000000000000000000000000000000000
[12:11:28.392887] EP OUT 0x03 len=0 
[12:11:28.395092] EP OUT 0x03 len=0 
[12:11:28.399305] EP IN  0x81 len=64 096b200000007377835e68823000001ec14f000c008c1221017823e000c1cb9b8fb184ff007f340aa079290cfafe000000000000000000000000000000000000
[12:11:28.400912] EP OUT 0x01 len=256 096b200000007377835e68823000001ec14f000c008c1221017823e000c1cb9b8fb184ff007f340aa079290cfafe00000000000000000000000000000000000002629219509f007701801f000000000000629219509f007701801f0000000000000000000000000000000000000000000000000000000000000000000000000002549e01601e0000000000000000000000549e01601e00000000000000000000000000000000000000000000000000000000000000000000000000000000000002559801c01e0000000000000000000000559801c01e000000000000000000000000000000000000000000000000000000000000000000000000000000000000
[12:11:28.416510] EP OUT 0x03 len=0 
[12:11:28.418913] EP OUT 0x03 len=0 
[12:11:28.423319] EP IN  0x81 len=64 0972200000007267835f68823200001edc4f000c00e86d2001a9c1df0041d59b96d046ff405d3d0a40611a0cfbfe000000000000000000000000000000000000
[12:11:28.424893] EP OUT 0x01 len=0 
[12:11:28.425096] EP OUT 0x03 len=0 
[12:11:28.427712] EP OUT 0x03 len=0 
[12:11:28.430105] EP OUT 0x01 len=0 
[12:11:28.435295] EP IN  0x81 len=64 0973200000007367835e58823200001ee04f000c006860200111b7df00c1d59b6aa448ff5047400a7071340cfbfe000000000000000000000000000000000000
[12:11:28.436819] EP OUT 0x01 len=0 
[12:11:28.437022] EP OUT 0x03 len=0 
[12:11:28.444308] EP OUT 0x03 len=0 
[12:11:28.447309] EP IN  0x81 len=64 0978200000007377835e68823800001ef34f000c00c49e20017482df00e9dd9bfeee4bff90b31b0ab09ca00cf4fe000000000000000000000000000000000000
[12:11:28.448918] EP OUT 0x03 len=0 
[12:11:28.451654] EP OUT 0x03 len=0 
[12:11:28.453764] EP OUT 0x03 len=0 
[12:11:28.459296] EP IN  0x81 len=64 0979200000007377835e68823800001ef74f000c0018c520019b83df00cedd9bc67651ffd0c7fb09c059340cf6fe000000000000000000000000000000000000
[12:11:28.460850] EP OUT 0x03 len=0 
[12:11:28.467692] EP OUT 0x03 len=0 
[12:11:28.471317] EP IN  0x81 len=64 097c200100007377835e68823800001e0240000c00983f2101c6d4df00eccf9b101c4effa000f4095003990bfafe000000000000000000000000000000000000
[12:11:28.472912] EP OUT 0x03 len=0 
[12:11:28.475046] EP OUT 0x03 len=0 
[12:11:28.479339] EP IN  0x81 len=64 097f200100007377835e68823800001e0e40000c007cc621012d38e00012c59bcc7f33ff8087560ad08d2d0bf6fe000000000000000000000000000000000000
[12:11:28.481085] EP OUT 0x01 len=256 097f200100007377835e68823800001e0e40000c007cc621012d38e00012c59bcc7f33ff8087560ad08d2d0bf6fe00000000000000000000000000000000000002575801501b0000000000000000000000575801501b00000000000000000000000000000000000000000000000000000000000000000000000000000000000002584009c05a0400000000000000000000584009c05a04000000000000000000000000000000000000000000000000000000000000000000000000000000000002597c25f09a0500000000000000000000597c25f09a050000000000000000000000000000000000000000000000000000000000000000000000000000000000
[12:11:28.496539] EP OUT 0x03 len=0 
[12:11:28.503983] EP OUT 0x03 len=0 
[12:11:28.507274] EP IN  0x81 len=64 0986200100007377835e58823100001e2940000c00f0382101cc8ee000bac49ba90da3ffe0678a0af0f9d80cfbfe000000000000000000000000000000000000
[12:11:28.508702] EP OUT 0x03 len=0 
[12:11:28.510747] EP OUT 0x03 len=0 
[12:11:28.512768] EP OUT 0x03 len=0 
[12:11:28.520144] EP OUT 0x01 len=256 0986200100007377835e58823100001e2940000c00f0382101cc8ee000bac49ba90da3ffe0678a0af0f9d80cfbfe000000000000000000000000000000000000026b431dd09907016150db0300000000006b431dd09907016150db03000000000000000000000000000000000000000000000000000000000000000000000000025dfe68909d06000000000000000000005dfe68909d060000000000000000000000000000000000000000000000000000000000000000000000000000000000025e9a5dd49c2f000000000000000000005e9a5dd49c2f0000000000000000000000000000000000000000000000000000000000000000000000000000000000
[12:11:28.536507] EP OUT 0x03 len=0 
[12:11:28.543751] EP OUT 0x03 len=0 
[12:11:28.550597] EP OUT 0x03 len=0 
[12:11:28.555334] EP IN  0x81 len=64 0992200100007277835e68823100001e5740000c00daf82001347be00054c39b7840c4ff00b5b409b0bde90cf9fe000000000000000000000000000000000000
[12:11:28.557188] EP OUT 0x01 len=256 0992200100007277835e68823100001e5740000c00daf82001347be00054c39b7840c4ff00b5b409b0bde90cf9fe00000000000000000000000000000000000002606439051d3c1f5504d72d0000000000606439051d3c1f5504d72d00000000000000000000000000000000000000000000000000000000000000000000000002524fc557121800000000000000000000524fc557121800000000000000000000000000000000000000000000000000000000000000000000000000000000000253582df214240000000000000000000053582df214240000000000000000000000000000000000000000000000000000000000000000000000000000000000
[12:11:28.572536] EP OUT 0x03 len=0 
[12:11:28.580192] EP OUT 0x03 len=0 
[12:11:28.583251] EP IN  0x81 len=64 0999200100007277835f68823200001e7240000c00260c21015d6ce000eac49bced5bdff90bcfa0900dcfd0cfafe000000000000000000000000000000000000
[12:11:28.584996] EP OUT 0x03 len=0 
[12:11:28.587648] EP OUT 0x03 len=0 
[12:11:28.589970] EP OUT 0x03 len=0 
[12:11:28.595310] EP IN  0x81 len=64 099b200100007367835e68823100001e7930000c00060c21015661e000bec89b532cb6fff0ca7f0a606be20cf8fe000000000000000000000000000000000000
[12:11:28.597080] EP OUT 0x01 len=256 099b200100007367835e68823100001e7930000c00060c21015661e000bec89b532cb6fff0ca7f0a606be20cf8fe00000000000000000000000000000000000002658291459653ef08c09a010000000000658291459653ef08c09a010000000000000000000000000000000000000000000000000000000000000000000000000257ef08005a010000000000000000000057ef08005a0100000000000000000000000000000000000000000000000000000000000000000000000000000000000258646df09a000000000000000000000058646df09a000000000000000000000000000000000000000000000000000000000000000000000000000000000000
[12:11:28.612548] EP OUT 0x03 len=0 
[12:11:28.615288] EP IN  0x81 len=64 099e200000007367835e68823800001e8540000c005cde2001ac49e0007ccf9b168498ff109dbb0a907c890cf8fe000000000000000000000000000000000000
[12:11:28.616816] EP OUT 0x03 len=0 
[12:11:28.619231] EP OUT 0x03 len=0 
[12:11:28.623321] EP IN  0x81 len=64 09a3200000007377835e58823200001e9840000c004c7a2001982fe00014d49bb69537ff40580d0a30e0800cf8fe000000000000000000000000000000000000
[12:11:28.624882] EP OUT 0x03 len=0 
[12:11:28.626798] EP OUT 0x03 len=0 
[12:11:28.628810] EP OUT 0x03 len=0 
[12:11:28.636026] EP OUT 0x01 len=256 09a3200000007377835e58823200001e9840000c004c7a2001982fe00014d49bb69537ff40580d0a30e0800cf8fe000000000000000000000000000000000000026b5239551b0785a1e0981200000000006b5239551b0785a1e09812000000000000000000000000000000000000000000000000000000000000000000000000025d7659021751000000000000000000005d76590217510000000000000000000000000000000000000000000000000000000000000000000000000000000000025e2b0531da36000000000000000000005e2b0531da360000000000000000000000000000000000000000000000000000000000000000000000000000000000
[12:11:28.652539] EP OUT 0x03 len=0 
[12:11:28.659753] EP OUT 0x03 len=0 
[12:11:28.666605] EP OUT 0x03 len=0 
[12:11:28.671323] EP IN  0x81 len=64 09af200000007277835e68823000001ec640000c000c811f0189a3df00efcd9b8ead89ff705f990af000b30cf6fe000000000000000000000000000000000000
[12:11:28.673161] EP OUT 0x01 len=256 09af200000007277835e68823000001ec640000c000c811f0189a3df00efcd9b8ead89ff705f990af000b30cf6fe00000000000000000000000000000000000002615e858058042b75c097010000000000615e858058042b75c0970100000000000000000000000000000000000000000000000000000000000000000000000002535835e0580100000000000000000000535835e05801000000000000000000000000000000000000000000000000000000000000000000000000000000000002542b21809b0000000000000000000000542b21809b000000000000000000000000000000000000000000000000000000000000000000000000000000000000
[12:11:28.688559] EP OUT 0x03 len=0 
[12:11:28.695826] EP OUT 0x03 len=0 
[12:11:28.699307] EP IN  0x81 len=64 09b6200000007267835e68823200001ee140000c003acc1f0178bfdf0074c89b4e988eff409ea90990e7a70bfbfe000000000000000000000000000000000000
[12:11:28.700800] EP OUT 0x03 len=0 
[12:11:28.702930] EP OUT 0x03 len=0 
[12:11:28.707316] EP IN  0x81 len=64 09b8200100007367835e58823000001ee940000c00e6282001980fe000a2c29b384347ff30534c0a705ec40bf9fe000000000000000000000000000000000000
[12:11:28.709068] EP OUT 0x01 len=256 09b8200100007367835e58823000001ee940000c00e6282001980fe000a2c29b384347ff30534c0a705ec40bf9fe0000000000000000000000000000000000000267a93dc09a009401001a00000000000067a93dc09a009401001a0000000000000000000000000000000000000000000000000000000000000000000000000002599401001a0000000000000000000000599401001a000000000000000000000000000000000000000000000000000000000000000000000000000000000000025aa9c9609a0c000000000000000000005aa9c9609a0c0000000000000000000000000000000000000000000000000000000000000000000000000000000000
[12:11:28.724487] EP OUT 0x03 len=0 
[12:11:28.732366] EP OUT 0x03 len=0 
[12:11:28.735242] EP IN  0x81 len=64 09c0200100007367835e58823100001e0731000c00a0ee1f012edee00044dc9b020153ff50e28b0ac001e50c01ff000000000000000000000000000000000000
[12:11:28.736756] EP OUT 0x03 len=0 
[12:11:28.739374] EP OUT 0x03 len=0 
[12:11:28.741617] EP OUT 0x03 len=0 
[12:11:28.747345] EP IN  0x81 len=64 09c1200100007277835e58823000001e0b41000c0044df1f017fd9e000a9dd9b0a6d5cff00f7610a20df0a0dfffe000000000000000000000000000000000000
[12:11:28.748967] EP OUT 0x01 len=256 09c1200100007277835e58823000001e0b41000c0044df1f017fd9e000a9dd9b0a6d5cff00f7610a20df0a0dfffe000000000000000000000000000000000000026d9d09205b07bb4d305a0300000000006d9d09205b07bb4d305a03000000000000000000000000000000000000000000000000000000000000000000000000025f9d09705901000000000000000000005f9d09705901000000000000000000000000000000000000000000000000000000000000000000000000000000000002509d0970590100000000000000000000509d097059010000000000000000000000000000000000000000000000000000000000000000000000000000000000
[12:11:28.764568] EP OUT 0x03 len=0 
[12:11:28.771936] EP OUT 0x03 len=0 
[12:11:28.775300] EP IN  0x81 len=64 09c9200100007267835e68823100001e2a41000c003c1320012e94e000b5da9bc3629effa090950990c9f00cf8fe000000000000000000000000000000000000
[12:11:28.776780] EP OUT 0x03 len=0 
[12:11:28.779026] EP OUT 0x03 len=0 
[12:11:28.783331] EP IN  0x81 len=64 09cb200100007277835e58823000001e3241000c00963b2001b188e000ebd89b1777b6ff5054a609e007e70cf8fe000000000000000000000000000000000000
[12:11:28.785189] EP OUT 0x01 len=256 09cb200100007277835e58823000001e3241000c00963b2001b188e000ebd89b1777b6ff5054a609e007e70cf8fe0000000000000000000000000000000000000263c1c91099003c09805a04000000000063c1c91099003c09805a040000000000000000000000000000000000000000000000000000000000000000000000000255e5e5b05a050000000000000000000055e5e5b05a0500000000000000000000000000000000000000000000000000000000000000000000000000000000000256e5e5b05a050000000000000000000056e5e5b05a050000000000000000000000000000000000000000000000000000000000000000000000000000000000
[12:11:28.800529] EP OUT 0x03 len=0 
[12:11:28.808223] EP OUT 0x03 len=0 
[12:11:28.811251] EP IN  0x81 len=64 09d3200100007277835e48823100001e5041000c000ee12001c086e000abda9b0e88f6ff20bff90910e96e0dfcfe000000000000000000000000000000000000
[12:11:28.812738] EP OUT 0x03 len=0 
[12:11:28.815204] EP OUT 0x03 len=0 
[12:11:28.819307] EP IN  0x81 len=64 09d4200100007277835e48823000001e5441000c00080621016a85e0001bde9b0a2bf2fff02efe09c034710dfcfe000000000000000000000000000000000000
[12:11:28.820963] EP OUT 0x01 len=256 09d4200100007277835e48823000001e5441000c00080621016a85e0001bde9b0a2bf2fff02efe09c034710dfcfe0000000000000000000000000000000000000269c14db05a05e869111916000000000069c14db05a05e869111916000000000000000000000000000000000000000000000000000000000000000000000000025ba219549d2f000000000000000000005ba219549d2f0000000000000000000000000000000000000000000000000000000000000000000000000000000000025c99f1821d31000000000000000000005c99f1821d310000000000000000000000000000000000000000000000000000000000000000000000000000000000
[12:11:28.836531] EP OUT 0x03 len=0 
[12:11:28.839307] EP IN  0x81 len=64 09d6200100007377835e48823800001e5c41000c0000562101ae7de0009be69b29c3ebfff0a4ee09f0ff5f0dfefe000000000000000000000000000000000000
[12:11:28.840963] EP OUT 0x03 len=0 
[12:11:28.843617] EP OUT 0x03 len=0 
[12:11:28.845912] EP OUT 0x03 len=0 
[12:11:28.851318] EP IN  0x81 len=64 09db200100007367835e48823200001e6f41000c0090ed21018149e00092fa9b1aefc3ffe0c4ff09700dca0c00ff000000000000000000000000000000000000
[12:11:28.852891] EP OUT 0x03 len=0 
[12:11:28.860076] EP OUT 0x01 len=256 09db200100007367835e48823200001e6f41000c0090ed21018149e00092fa9b1aefc3ffe0c4ff09700dca0c00ff000000000000000000000000000000000000026e36edc45c27279d84172c00000000006e36edc45c27279d84172c00000000000000000000000000000000000000000000000000000000000000000000000002505781d8121800000000000000000000505781d81218000000000000000000000000000000000000000000000000000000000000000000000000000000000002516071725527000000000000000000005160717255270000000000000000000000000000000000000000000000000000000000000000000000000000000000
[12:11:28.876504] EP OUT 0x03 len=0 
[12:11:28.883804] EP OUT 0x03 len=0 
[12:11:28.891010] EP OUT 0x03 len=0 
[12:11:28.895256] EP IN  0x81 len=64 09e8200000007377835e58823000001ea141000c004cf0200181b4df0045069c6c8251ff600b750ad06cec0bf6fe000000000000000000000000000000000000
[12:11:28.897200] EP OUT 0x01 len=256 09e8200000007377835e58823000001ea141000c004cf0200181b4df0045069c6c8251ff600b750ad06cec0bf6fe00000000000000000000000000000000000002638a49c5d655eb08709c040000000000638a49c5d655eb08709c040000000000000000000000000000000000000000000000000000000000000000000000000255d085b09a000000000000000000000055d085b09a000000000000000000000000000000000000000000000000000000000000000000000000000000000000025666b5e1d41e000000000000000000005666b5e1d41e0000000000000000000000000000000000000000000000000000000000000000000000000000000000
[12:11:28.912546] EP OUT 0x03 len=0 
[12:11:28.920180] EP OUT 0x03 len=0 
[12:11:28.923223] EP IN  0x81 len=64 09ee200000007377835e68823200001eb841000c009e572101e357df0040069c89a8e5ff50c6480a5080f00cfafe000000000000000000000000000000000000
[12:11:28.924799] EP OUT 0x03 len=0 
[12:11:28.927066] EP OUT 0x03 len=0 
[12:11:28.931338] EP IN  0x81 len=64 09f0200000007277835d58823100001ec041000c00bc8721011b3edf0022109c7fdcfbff7090690a206de30cf8fe000000000000000000000000000000000000
[12:11:28.932981] EP OUT 0x01 len=256 09f0200000007277835d58823100001ec041000c00bc8721011b3edf0022109c7fdcfbff7090690a206de30cf8fe00000000000000000000000000000000000002685ab1d51b078d9d6099120000000000685ab1d51b078d9d609912000000000000000000000000000000000000000000000000000000000000000000000000025a7e3582574d000000000000000000005a7e3582574d0000000000000000000000000000000000000000000000000000000000000000000000000000000000025b3305b1da35000000000000000000005b3305b1da350000000000000000000000000000000000000000000000000000000000000000000000000000000000
[12:11:28.948557] EP OUT 0x03 len=0 
[12:11:28.956218] EP OUT 0x03 len=0 
[12:11:28.959233] EP IN  0x81 len=64 09f7200400007277835e58823200001edb41000c00b00a22019924e000f1ed9b4194b1ff8013ca09d0f45f0b01ff000000000000000000000000000000000000
[12:11:28.961021] EP OUT 0x03 len=0 
[12:11:28.963693] EP OUT 0x03 len=0 
[12:11:28.965963] EP OUT 0x03 len=0 
[12:11:28.971341] EP IN  0x81 len=64 09f9200400007287835e68823000001ee241000c00f8112201986ce00000e39b52e891ff904b230af0848b0b01ff000000000000000000000000000000000000
[12:11:28.973103] EP OUT 0x01 len=256 09f9200400007287835e68823000001ee241000c00f8112201986ce00000e39b52e891ff904b230af0848b0b01ff000000000000000000000000000000000000026e6695005904337540580100000000006e66950059043375405801000000000000000000000000000000000000000000000000000000000000000000000000025033754058010000000000000000000050337540580100000000000000000000000000000000000000000000000000000000000000000000000000000000000251eb79a05c060000000000000000000051eb79a05c060000000000000000000000000000000000000000000000000000000000000000000000000000000000
[12:11:28.988534] EP OUT 0x03 len=0 
[12:11:28.995772] EP OUT 0x03 len=0 
[12:11:28.999294] EP IN  0x81 len=64 0901200400007287835e68823200001e0142000c0008eb2001bffbe00049c49bb64d29fff0b9da0aa004830df1fe000000000000000000000000000000000000
[12:11:29.000759] EP OUT 0x03 len=0 
[12:11:29.002883] EP OUT 0x03 len=0 
[12:11:29.004924] EP OUT 0x03 len=0 
[12:11:29.012270] EP OUT 0x01 len=256 0901200400007287835e68823200001e0142000c0008eb2001bffbe00049c49bb64d29fff0b9da0aa004830df1fe0000000000000000000000000000000000000264dc8d201b089c09709c04000000000064dc8d201b089c09709c0400000000000000000000000000000000000000000000000000000000000000000000000002569c09709c0400000000000000000000569c09709c0400000000000000000000000000000000000000000000000000000000000000000000000000000000000257b1c5e05a0c0000000000000000000057b1c5e05a0c0000000000000000000000000000000000000000000000000000000000000000000000000000000000
[12:11:29.028491] EP OUT 0x03 len=0 
[12:11:29.035854] EP OUT 0x03 len=0 
[12:11:29.042633] EP OUT 0x03 len=0 
[12:11:29.047325] EP IN  0x81 len=64 090d200400007377835e58823000001e2f42000c00c213210160c9e00029c59b368196ff6004100a700bde0cf4fe000000000000000000000000000000000000
[12:11:29.049046] EP OUT 0x01 len=256 090d200400007377835e58823000001e2f42000c00c213210160c9e00029c59b368196ff6004100a700bde0cf4fe000000000000000000000000000000000000026ae269a0db07a509a01c0400000000006ae269a0db07a509a01c04000000000000000000000000000000000000000000000000000000000000000000000000025ca509a01c04000000000000000000005ca509a01c040000000000000000000000000000000000000000000000000000000000000000000000000000000000025dc44df0d903000000000000000000005dc44df0d9030000000000000000000000000000000000000000000000000000000000000000000000000000000000
[12:11:29.064545] EP OUT 0x03 len=0 
[12:11:29.067288] EP IN  0x81 len=64 090f200400007377835e58823800001e3742000c00063c2101b2cae00055c69bb23b9fffa06e2a0a609ccd0cf6fe000000000000000000000000000000000000
[12:11:29.069091] EP OUT 0x03 len=0 
[12:11:29.071805] EP OUT 0x03 len=0 
[12:11:29.075214] EP IN  0x81 len=64 0914200000007277835f58823100001e4a42000c005c572101a8d9e000ced29bb2ff75ffb06a320af0cb400cfbfe000000000000000000000000000000000000
[12:11:29.076818] EP OUT 0x03 len=0 
[12:11:29.079647] EP OUT 0x03 len=0 
[12:11:29.081855] EP OUT 0x03 len=0 
[12:11:29.087243] EP IN  0x81 len=64 0916200000007387835e58823000001e5242000c000854210182e0e0000ad89b48785cff50af130ac03d4f0cfbfe000000000000000000000000000000000000
[12:11:29.088962] EP OUT 0x01 len=256 0916200000007387835e58823000001e5242000c000854210182e0e0000ad89b48785cff50af130ac03d4f0cfbfe0000000000000000000000000000000000000260c309701b04c909901c04000000000060c309701b04c909901c040000000000000000000000000000000000000000000000000000000000000000000000000252eddd105b040000000000000000000052eddd105b0400000000000000000000000000000000000000000000000000000000000000000000000000000000000253eddd105b040000000000000000000053eddd105b040000000000000000000000000000000000000000000000000000000000000000000000000000000000
[12:11:29.104543] EP OUT 0x03 len=0 
[12:11:29.111922] EP OUT 0x03 len=0 
[12:11:29.115325] EP IN  0x81 len=64 091e200000007277835e58823100001e7032000c00201621018eefe00046dc9bf56487ff60452f0a10194c0cfafe000000000000000000000000000000000000
[12:11:29.116759] EP OUT 0x03 len=0 
[12:11:29.118903] EP OUT 0x03 len=0 
[12:11:29.123337] EP IN  0x81 len=64 0920200000007277835e58823000001e7842000c007c072101c3e8e000badd9b12b288ff009d2d0a908c910cf9fe000000000000000000000000000000000000
[12:11:29.125076] EP OUT 0x01 len=256 0920200000007277835e58823000001e7842000c007c072101c3e8e000badd9b12b288ff009d2d0a908c910cf9fe0000000000000000000000000000000000000266c951001a02d045109b0a000000000066c951001a02d045109b0a0000000000000000000000000000000000000000000000000000000000000000000000000258bd01b01a000000000000000000000058bd01b01a0000000000000000000000000000000000000000000000000000000000000000000000000000000000000259bd01b01a000000000000000000000059bd01b01a000000000000000000000000000000000000000000000000000000000000000000000000000000000000
[12:11:29.140535] EP OUT 0x03 len=0 
[12:11:29.148226] EP OUT 0x03 len=0 
[12:11:29.151219] EP IN  0x81 len=64 0927200000007277835f68823100001e9342000c001c4d2101beb9e000cee69b9adc87ff90bfe60920daa60cf6fe000000000000000000000000000000000000
[12:11:29.152843] EP OUT 0x03 len=0 
[12:11:29.155121] EP OUT 0x03 len=0 
[12:11:29.159298] EP IN  0x81 len=64 0929200000007077835e68823000001e9b42000c00b65a210154c0e00046e49b72467effa081c50940ced40bfafe000000000000000000000000000000000000
[12:11:29.160922] EP OUT 0x01 len=256 0929200000007077835e68823000001e9b42000c00b65a210154c0e00046e49b72467effa081c50940ced40bfafe000000000000000000000000000000000000026cc9f1301c06cd2da05b0400000000006cc9f1301c06cd2da05b04000000000000000000000000000000000000000000000000000000000000000000000000025eea09d09c04000000000000000000005eea09d09c040000000000000000000000000000000000000000000000000000000000000000000000000000000000025fd301b01a00000000000000000000005fd301b01a000000000000000000000000000000000000000000000000000000000000000000000000000000000000
[12:11:29.176573] EP OUT 0x03 len=0 
[12:11:29.184379] EP OUT 0x03 len=0 
[12:11:29.187226] EP IN  0x81 len=64 0931200400002377835e58823100001eb932000c0034e120019cbee00007e19b1d5782ff203a770a60dcde0bf4fe000000000000000000000000000000000000
[12:11:29.188951] EP OUT 0x03 len=0 
[12:11:29.191534] EP OUT 0x03 len=0 
[12:11:29.195334] EP IN  0x81 len=64 0932200400000177835e58823000001ebd42000c0094b0200102b2e00016e19b30ef89ff90347a0a3011080cf4fe000000000000000000000000000000000000
[12:11:29.197177] EP OUT 0x01 len=256 0932200400000177835e58823000001ebd42000c0094b0200102b2e00016e19b30ef89ff90347a0a3011080cf4fe0000000000000000000000000000000000000261ea5dc05c06ed09f0dc04000000000061ea5dc05c06ed09f0dc040000000000000000000000000000000000000000000000000000000000000000000000000253d88d409b000000000000000000000053d88d409b00000000000000000000000000000000000000000000000000000000000000000000000000000000000002543f09b0da0400000000000000000000543f09b0da040000000000000000000000000000000000000000000000000000000000000000000000000000000000
[12:11:29.212567] EP OUT 0x03 len=0 
[12:11:29.220263] EP OUT 0x03 len=0 
[12:11:29.223317] EP IN  0x81 len=64 09392004000074f4825f58823200001ed842000c00604e1f011141e0007cd89b326ca8ffa0926f0ab0a3130df7fe000000000000000000000000000000000000
[12:11:29.224901] EP OUT 0x03 len=0 
[12:11:29.227277] EP OUT 0x03 len=0 
[12:11:29.231335] EP IN  0x81 len=64 093b20040000a8d3825e58823100001ee042000c009e011f01d62ee000a6d29bda6894ff00204b0ad0ce2b0df9fe000000000000000000000000000000000000
[12:11:29.232967] EP OUT 0x01 len=256 093b20040000a8d3825e58823100001ee042000c009e011f01d62ee000a6d29bda6894ff00204b0ad0ce2b0df9fe0000000000000000000000000000000000000266bd3970db073361e05a06000000000066bd3970db073361e05a060000000000000000000000000000000000000000000000000000000000000000000000000258006d401b040000000000000000000058006d401b0400000000000000000000000000000000000000000000000000000000000000000000000000000000000259cf85e0da030000000000000000000059cf85e0da030000000000000000000000000000000000000000000000000000000000000000000000000000000000
[12:11:29.248584] EP OUT 0x03 len=0 
[12:11:29.256209] EP OUT 0x03 len=0 
[12:11:29.259320] EP IN  0x81 len=64 0942200400002cb1875e58823200001efb42000c007ca31e01c62ee0004ccd9b983b37ffe0c6030ac08e340df5fe000000000000000000000000000000000000
[12:11:29.261041] EP OUT 0x03 len=0 
[12:11:29.263664] EP OUT 0x03 len=0 
[12:11:29.265737] EP OUT 0x03 len=0 
[12:11:29.271355] EP IN  0x81 len=64 09442004000028c1875d58823000001e0233000c00569a1e01ba24e000eed59b461204ffd03e0c0a3004e70cf5fe000000000000000000000000000000000000
[12:11:29.273198] EP OUT 0x01 len=256 09442004000028c1875d58823000001e0233000c00569a1e01ba24e000eed59b461204ffd03e0c0a3004e70cf5fe000000000000000000000000000000000000026cf484005907c9e9135b1f00000000006cf484005907c9bd109b05000000000000000000000000000000000000000000000000000000000000000000000000025ec9e9135b1f000000000000000000005ec9bd109b050000000000000000000000000000000000000000000000000000000000000000000000000000000000025f9c01365c25000000000000000000005f9c19311c070000000000000000000000000000000000000000000000000000000000000000000000000000000000
[12:11:29.288557] EP OUT 0x03 len=0 
[12:11:29.291308] EP IN  0x81 len=64 09472000000022c1875e58823800001e0e43000c0058671e0156e4df00d0eb9bc2b57bffa02bc0096024180cf0fe000000000000000000000000000000000000
[12:11:29.293050] EP OUT 0x03 len=0 
[12:11:29.295815] EP OUT 0x03 len=0 
[12:11:29.299230] EP IN  0x81 len=64 094c200000001ec1875e58823200001e2143000c00ac631e011eb6df0025f69b943992ff402eb6099043790cf7fe000000000000000000000000000000000000
[12:11:29.300906] EP OUT 0x03 len=0 
[12:11:29.303434] EP OUT 0x03 len=0 
[12:11:29.307316] EP IN  0x81 len=64 094e200000001cc1875e58823000001e2943000c0060661e01aab9df0006f09b09dea4ff6058a90930322d0cf5fe000000000000000000000000000000000000
[12:11:29.308938] EP OUT 0x01 len=256 094e200000001cc1875e58823000001e2943000c0060661e01aab9df0006f09b09dea4ff6058a90930322d0cf5fe00000000000000000000000000000000000002624529631c0bee4cf0dc040000000000624581a05b08ee4cf0dc040000000000000000000000000000000000000000000000000000000000000000000000000254ee4cf0dc040000000000000000000054ee4cf0dc04000000000000000000000000000000000000000000000000000000000000000000000000000000000002554531a098030000000000000000000055ee08a098030000000000000000000000000000000000000000000000000000000000000000000000000000000000
[12:11:29.324527] EP OUT 0x03 len=0 
[12:11:29.327188] EP OUT 0x03 len=0 
[12:11:29.331308] EP IN  0x81 len=64 0955200000001cc1875e58823100001e4443000c004c001e0106a9df000be29b3bf8a8ff70490a0a40ab960cf6fe000000000000000000000000000000000000
[12:11:29.333000] EP OUT 0x03 len=0 
[12:11:29.335792] EP OUT 0x03 len=0 
[12:11:29.337786] EP OUT 0x03 len=0 
[12:11:29.343300] EP IN  0x81 len=64 0956200000001dc1875e58823100001e4843000c002cf61d01299adf0090e39b8c68baff30fe250a306eac0cf6fe000000000000000000000000000000000000
[12:11:29.344938] EP OUT 0x01 len=256 0956200000001dc1875e58823100001e4843000c002cf61d01299adf0090e39b8c68baff30fe250a306eac0cf6fe0000000000000000000000000000000000000268ea69f05c08dba110db01000000000068ea69f05c08dba1005a01000000000000000000000000000000000000000000000000000000000000000000000000025a0d39209d04000000000000000000005a1635209d040000000000000000000000000000000000000000000000000000000000000000000000000000000000025b0d39209d04000000000000000000005b1635209d040000000000000000000000000000000000000000000000000000000000000000000000000000000000
[12:11:29.360562] EP OUT 0x03 len=0 
[12:11:29.368203] EP OUT 0x03 len=0 
[12:11:29.371286] EP IN  0x81 len=64 095e200000001cc1875e68823100001e6643000c00d2fd1d018b45df0099ed9b62c973ffa05acc0950af000cf4fe000000000000000000000000000000000000
[12:11:29.373127] EP OUT 0x03 len=0 
[12:11:29.375718] EP OUT 0x03 len=0 
[12:11:29.377887] EP OUT 0x03 len=0 
[12:11:29.383290] EP IN  0x81 len=64 0960200400001ce1875e58823000001e6c23000c0060c81d01b358df005fe79b0f4c87ffb040a2092025b00bf9fe000000000000000000000000000000000000
[12:11:29.384941] EP OUT 0x01 len=256 0960200400001ce1875e58823000001e6c23000c0060c81d01b358df005fe79b0f4c87ffb040a2092025b00bf9fe000000000000000000000000000000000000026e608d615c268ac5611c2700000000006ed299605c073155609c0700000000000000000000000000000000000000000000000000000000000000000000000002509601021c2000000000000000000000509659001c060000000000000000000000000000000000000000000000000000000000000000000000000000000000025187dd119b1c00000000000000000000518755105b050000000000000000000000000000000000000000000000000000000000000000000000000000000000
[12:11:29.400525] EP OUT 0x03 len=0 
[12:11:29.403299] EP IN  0x81 len=64 0963200400001d61885e58823800001e7823000c0080621d01a39adf00f1d09bea6c41ff60b5dc09e036440bf6fe000000000000000000000000000000000000
[12:11:29.404858] EP OUT 0x03 len=0 
[12:11:29.407099] EP OUT 0x03 len=0 
[12:11:29.411229] EP IN  0x81 len=64 0968200400001c118a5e58823100001e8b23000c00c87f1c0192bddf0087bb9b002e32ffa0be760a7061cd0cf7fe000000000000000000000000000000000000
[12:11:29.412619] EP OUT 0x03 len=0 
[12:11:29.414524] EP OUT 0x03 len=0 
[12:11:29.416506] EP OUT 0x03 len=0 
[12:11:29.419291] EP IN  0x81 len=64 096a200400001ce18a5e58823000001e9433000c00e20a1c019a9cdf00e1b39bf2c95fff10c3820ad031550df7fe000000000000000000000000000000000000
[12:11:29.420817] EP OUT 0x01 len=256 096a200400001ce18a5e58823000001e9433000c00e20a1c019a9cdf00e1b39bf2c95fff10c3820ad031550df7fe00000000000000000000000000000000000002637be9401b036029305c02000000000063fb40409c00fe08c059010000000000000000000000000000000000000000000000000000000000000000000000000255d84d10db010000000000000000000055d84d809b00000000000000000000000000000000000000000000000000000000000000000000000000000000000002567539305a010000000000000000000056fb08305a010000000000000000000000000000000000000000000000000000000000000000000000000000000000
[12:11:29.436534] EP OUT 0x03 len=0 
[12:11:29.444418] EP OUT 0x03 len=0 
[12:11:29.447240] EP IN  0x81 len=64 0972200400001dd18e5e58823100001eb123000c00b0601b01322edf0093a59b0f7680ff708fbc096001840df9fe000000000000000000000000000000000000
[12:11:29.449022] EP OUT 0x03 len=0 
[12:11:29.451561] EP OUT 0x03 len=0 
[12:11:29.455235] EP IN  0x81 len=64 0973200400001d218f5d58823000001eb543000c00fc671b01a825df0036a89b13b093ffa0bdc80920cc790df9fe000000000000000000000000000000000000
[12:11:29.457106] EP OUT 0x01 len=256 0973200400001d218f5d58823000001eb543000c00fc671b01a825df0036a89b13b093ffa0bdc80920cc790df9fe00000000000000000000000000000000000002680709309903752dd09b030000000000681009309903fe08d09b03000000000000000000000000000000000000000000000000000000000000000000000000025ad501801b00000000000000000000005ad501101c000000000000000000000000000000000000000000000000000000000000000000000000000000000000025bc325505d05000000000000000000005bc325505d050000000000000000000000000000000000000000000000000000000000000000000000000000000000
[12:11:29.472457] EP OUT 0x03 len=0 
[12:11:29.474703] EP OUT 0x03 len=0 
[12:11:29.479229] EP IN  0x81 len=64 097a200400001dc18f5e58823200001ed243000c009c9e1b01f522df0067c19b064ca9ffa0c1d70900890f0df6fe000000000000000000000000000000000000
[12:11:29.480808] EP OUT 0x03 len=0 
[12:11:29.487643] EP OUT 0x03 len=0 
[12:11:29.491201] EP IN  0x81 len=64 097b200400001dd18f5e68823100001ed423000c0008a91b010526df00ecc39bddf69cfff06bd109902d000df6fe000000000000000000000000000000000000
[12:11:29.492626] EP OUT 0x01 len=256 097b200400001dd18f5e68823100001ed423000c0008a91b010526df00ecc39bddf69cfff06bd109902d000df6fe000000000000000000000000000000000000026d010950dd04f200d0190000000000006d0a0950dd04fb00601a00000000000000000000000000000000000000000000000000000000000000000000000000025ff200301a00000000000000000000005ffb00c01a0000000000000000000000000000000000000000000000000000000000000000000000000000000000000250f200c01a000000000000000000000050fb00c01a000000000000000000000000000000000000000000000000000000000000000000000000000000000000
[12:11:29.508404] EP OUT 0x03 len=0 
[12:11:29.511230] EP IN  0x81 len=64 097e200000001dd18f5e58823800001edf23000c002ced1b01f538df0076d29b0f7b83ff706abb09403ea90cf6fe000000000000000000000000000000000000
[12:11:29.512642] EP OUT 0x03 len=0 
[12:11:29.514938] EP OUT 0x03 len=0 
[12:11:29.519259] EP IN  0x81 len=64 0983200000001ed18f5e68823200001ef433000c00a42d1c018369df00b4d29b7145abffe0ad7009400a6b0cf8fe000000000000000000000000000000000000
[12:11:29.520729] EP OUT 0x03 len=0 
[12:11:29.522821] EP OUT 0x03 len=0 
[12:11:29.527258] EP IN  0x81 len=64 0985200000001de18f5e58823000001efa23000c0040571c012677df007acd9bf53382fff0748d09804d3f0cf6fe000000000000000000000000000000000000
[12:11:29.528818] EP OUT 0x01 len=256 0985200000001de18f5e58823000001efa23000c0040571c012677df007acd9bf53382fff0748d09804d3f0cf6fe00000000000000000000000000000000000002637931f0da072b61609a060000000000637931f0da072b61609a0600000000000000000000000000000000000000000000000000000000000000000000000002552b61609a0600000000000000000000552b61609a0600000000000000000000000000000000000000000000000000000000000000000000000000000000000256f878c01a040000000000000000000056f878c01a040000000000000000000000000000000000000000000000000000000000000000000000000000000000
[12:11:29.544619] EP OUT 0x03 len=0 
[12:11:29.547006] EP OUT 0x03 len=0 
[12:11:29.551306] EP IN  0x81 len=64 098c200000001dd18f5e68823100001e1744000c00407e1c0156b7df0018b89b19cf80fff0f7080ac061ed0cf7fe000000000000000000000000000000000000
[12:11:29.553040] EP OUT 0x03 len=0 
[12:11:29.555622] EP OUT 0x03 len=0 
[12:11:29.557639] EP OUT 0x03 len=0 
[12:11:29.563366] EP IN  0x81 len=64 098d200000001ed18f5e58823100001e1924000c0000831c0194b3df0022b89b9c0488fff07c100a8016140dfafe000000000000000000000000000000000000
[12:11:29.565062] EP OUT 0x01 len=256 098d200000001ed18f5e58823100001e1924000c0000831c0194b3df0022b89b9c0488fff07c100a8016140dfafe0000000000000000000000000000000000000269ec78b0d806ec68b01c08000000000069ec78b0d806ec68b01c28000000000000000000000000000000000000000000000000000000000000000000000000025bc5bdd09a05000000000000000000005bc5e9d3da1f0000000000000000000000000000000000000000000000000000000000000000000000000000000000025cc5bdd09a05000000000000000000005cc5e9d3da1f0000000000000000000000000000000000000000000000000000000000000000000000000000000000
[12:11:29.580617] EP OUT 0x03 len=0 
[12:11:29.588054] EP OUT 0x03 len=0 
[12:11:29.591308] EP IN  0x81 len=64 0995200000001d11915e58823100001e3934000c00b85b1d01324ddf00e6cf9b777c9affb053b10950bb230cf8fe000000000000000000000000000000000000
[12:11:29.593028] EP OUT 0x03 len=0 
[12:11:29.595541] EP OUT 0x03 len=0 
[12:11:29.597773] EP OUT 0x03 len=0 
[12:11:29.603230] EP IN  0x81 len=64 0997200400001ec1915e68823000001e3f24000c00825a1d01c257df0065cd9baeaac3ff609d8509f0c6920bf8fe000000000000000000000000000000000000
[12:11:29.604800] EP OUT 0x01 len=256 0997200400001ec1915e68823000001e3f24000c00825a1d01c257df0065cd9baeaac3ff609d8509f0c6920bf8fe000000000000000000000000000000000000026f38d5f01b05e954a0160200000000006f38f5f4db183b55305e070000000000000000000000000000000000000000000000000000000000000000000000000251e608b0d8010000000000000000000051e608109d0300000000000000000000000000000000000000000000000000000000000000000000000000000000000252e60830da010000000000000000000052e60830db010000000000000000000000000000000000000000000000000000000000000000000000000000000000
[12:11:29.620538] EP OUT 0x03 len=0 
[12:11:29.628152] EP OUT 0x03 len=0 
[12:11:29.631323] EP IN  0x81 len=64 099f200400001d21945e58823100001e6044000c0094bd1c014dd7df0082a29bde7249fff05d670a10ef2e0cf7fe000000000000000000000000000000000000
[12:11:29.632841] EP OUT 0x03 len=0 
[12:11:29.635599] EP OUT 0x03 len=0 
[12:11:29.639336] EP IN  0x81 len=64 09a1200400001d51945e68823000001e6624000c00f27a1c013fdcdf007c9b9b6cb477ff803c260ae075990cf7fe000000000000000000000000000000000000
[12:11:29.640999] EP OUT 0x01 len=256 09a1200400001d51945e68823000001e6624000c00f27a1c013fdcdf007c9b9b6cb477ff803c260ae075990cf7fe0000000000000000000000000000000000000264e600401b00ec00701b000000000000641731f0db025c1d409d000000000000000000000000000000000000000000000000000000000000000000000000000256e600801a0000000000000000000000566521d0da0100000000000000000000000000000000000000000000000000000000000000000000000000000000000257e101d01a0000000000000000000000575c1dd09a000000000000000000000000000000000000000000000000000000000000000000000000000000000000
[12:11:29.656597] EP OUT 0x03 len=0 
[12:11:29.664394] EP OUT 0x03 len=0 
[12:11:29.667316] EP IN  0x81 len=64 09a9200400001d31955d58823100001e8424000c00b6071c0167afdf00d18b9b7a056fffd081f109d087770dfbfe000000000000000000000000000000000000
[12:11:29.668937] EP OUT 0x03 len=0 
[12:11:29.671663] EP OUT 0x03 len=0 
[12:11:29.673851] EP OUT 0x03 len=0 
[12:11:29.679345] EP IN  0x81 len=64 09aa200400001d31955d58823000001e8844000c0022101c0188abdf00ff8c9b16a474ffd02ee20960d76d0df8fe000000000000000000000000000000000000
[12:11:29.681068] EP OUT 0x01 len=256 09aa200400001d31955d58823000001e8844000c0022101c0188abdf00ff8c9b16a474ffd02ee20960d76d0df8fe0000000000000000000000000000000000000269714130db025c4d205c0700000000006971a9315b0d5cb9211c27000000000000000000000000000000000000000000000000000000000000000000000000025b8651205c07000000000000000000005b86c9211c270000000000000000000000000000000000000000000000000000000000000000000000000000000000025c9259c01b06000000000000000000005c9201c21b200000000000000000000000000000000000000000000000000000000000000000000000000000000000
[12:11:29.696568] EP OUT 0x03 len=0 
[12:11:29.704011] EP OUT 0x03 len=0 
[12:11:29.707262] EP IN  0x81 len=64 09b2200400001e51955d58823100001ea944000c00ec871c0140acdf008da59b2eac78ffc0fbd609a044390df8fe000000000000000000000000000000000000
[12:11:29.708850] EP OUT 0x03 len=0 
[12:11:29.711608] EP OUT 0x03 len=0 
[12:11:29.713918] EP OUT 0x03 len=0 
[12:11:29.719297] EP IN  0x81 len=64 09b4200400001d51955f58823000001eb034000c008cab1c0114a9df009aad9ba4d468ffc052cf09e0e4190df6fe000000000000000000000000000000000000
[12:11:29.720913] EP OUT 0x01 len=256 09b4200400001d51955f58823000001eb034000c008cab1c0114a9df009aad9ba4d468ffc052cf09e0e4190df6fe000000000000000000000000000000000000026e7151b05c036b01d01a0000000000006e71c5b15c0c6b39d0da0100000000000000000000000000000000000000000000000000000000000000000000000002505c01f01b0000000000000000000000505c29f05b02000000000000000000000000000000000000000000000000000000000000000000000000000000000002517101001c0000000000000000000000517125d0da010000000000000000000000000000000000000000000000000000000000000000000000000000000000
[12:11:29.736514] EP OUT 0x03 len=0 
[12:11:29.739315] EP IN  0x81 len=64 09b7200000001d61955f68823800001eba24000c008ae91c0104a8df0052ba9b3e7f39ffd060fb0920bcb30cf7fe000000000000000000000000000000000000
[12:11:29.741012] EP OUT 0x03 len=0 
[12:11:29.743888] EP OUT 0x03 len=0 
[12:11:29.747324] EP IN  0x81 len=64 09bc200000001e51955e58823100001ecd24000c00443a1d0102b3df0015c69b888c50ff00ebcd09b0475e0cf5fe000000000000000000000000000000000000
[12:11:29.748905] EP OUT 0x03 len=0 
[12:11:29.750761] EP OUT 0x03 len=0 
[12:11:29.752651] EP OUT 0x03 len=0 
[12:11:29.755321] EP IN  0x81 len=64 09be200000001d51955e68823000001ed544000c00d4641d0102b4df000bc89b867f71ff8086c909902e220cf5fe000000000000000000000000000000000000
[12:11:29.757056] EP OUT 0x01 len=256 09be200000001d51955e68823000001ed544000c00d4641d0102b4df000bc89b867f71ff8086c909902e220cf5fe00000000000000000000000000000000000002636b01a01d00cc01901c000000000000636b39a09d007131909c000000000000000000000000000000000000000000000000000000000000000000000000000255c92d909b000000000000000000000055c92d909b0000000000000000000000000000000000000000000000000000000000000000000000000000000000000256ba09205a010000000000000000000056ba09205a010000000000000000000000000000000000000000000000000000000000000000000000000000000000
[12:11:29.772563] EP OUT 0x03 len=0 
[12:11:29.780407] EP OUT 0x03 len=0 
[12:11:29.787969] EP OUT 0x03 len=0 
[12:11:29.791290] EP IN  0x81 len=64 09c6200000001c01955e58823100001ef424000c0058ac1d0129a4df00e9c69b1bf8a6ff50741b0ab024db0cf8fe000000000000000000000000000000000000
[12:11:29.793022] EP OUT 0x01 len=256 09c6200000001c01955e58823100001ef424000c0058ac1d0129a4df00e9c69b1bf8a6ff50741b0ab024db0cf8fe0000000000000000000000000000000000000268bd01601d00a61d409900000000000068bd01601d00a61d409900000000000000000000000000000000000000000000000000000000000000000000000000025aa621409900000000000000000000005aa6214099000000000000000000000000000000000000000000000000000000000000000000000000000000000000025ba621409900000000000000000000005ba6214099000000000000000000000000000000000000000000000000000000000000000000000000000000000000
[12:11:29.808577] EP OUT 0x03 len=0 
[12:11:29.816304] EP OUT 0x03 len=0 
[12:11:29.819236] EP IN  0x81 len=64 09cf200000001ea1945e68823100001e1625000c00386a1e01e28ddf0093dc9b65af90ff0014600940cad40bfefe000000000000000000000000000000000000
[12:11:29.820915] EP OUT 0x03 len=0 
[12:11:29.823888] EP OUT 0x03 len=0 
[12:11:29.827304] EP IN  0x81 len=64 09d0200400001da1945e68823000001e1a45000c002a801e01e29bdf00bed89bb70998ffb012560950baff0bf4fe000000000000000000000000000000000000
[12:11:29.828975] EP OUT 0x01 len=256 09d0200400001da1945e68823000001e1a45000c002a801e01e29bdf00bed89bb70998ffb012560950baff0bf4fe000000000000000000000000000000000000026ea0194099006501601b0000000000006ea0194099006501601b0000000000000000000000000000000000000000000000000000000000000000000000000002506501601b0000000000000000000000506501601b00000000000000000000000000000000000000000000000000000000000000000000000000000000000002515601301b0000000000000000000000515601301b000000000000000000000000000000000000000000000000000000000000000000000000000000000000
[12:11:29.844562] EP OUT 0x03 len=0 
[12:11:29.852443] EP OUT 0x03 len=0 
[12:11:29.855244] EP IN  0x81 len=64 09d8200400001ea1945e58823100001e3925000c00a0581e01b8d7df009ebe9ba4af4cfff09e7f0ab085780cf9fe000000000000000000000000000000000000
[12:11:29.856868] EP OUT 0x03 len=0 
[12:11:29.859000] EP OUT 0x03 len=0 
[12:11:29.863345] EP IN  0x81 len=64 09d9200400001ea1945e58823000001e3d45000c009c391e0110d3df00cabb9b804b51ff0038870ab0f5a60cf9fe000000000000000000000000000000000000
[12:11:29.865264] EP OUT 0x01 len=256 09d9200400001ea1945e58823000001e3d45000c009c391e0110d3df00cabb9b804b51ff0038870ab0f5a60cf9fe0000000000000000000000000000000000000264802960db0655a9125c09000000000064802960db0655a9125c0900000000000000000000000000000000000000000000000000000000000000000000000002565599309b0300000000000000000000565599309b03000000000000000000000000000000000000000000000000000000000000000000000000000000000002575599309b0300000000000000000000575599309b030000000000000000000000000000000000000000000000000000000000000000000000000000000000
[12:11:29.880556] EP OUT 0x03 len=0 
[12:11:29.888624] EP OUT 0x03 len=0 
[12:11:29.895916] EP OUT 0x03 len=0 
[12:11:29.903200] EP OUT 0x01 len=256 0268ef84f1da0204a9d15903000000000068ef84f1da0204a9d15903000000000000000000000000000000000000000000000000000000000000000000000000026a0d4521190604e5901e2800000000006a0d4521190604e5901e09000000000000000000000000000000000000000000000000000000000000000000000000025ce3e9b35c1f000000000000000000005c10f5b05c060000000000000000000000000000000000000000000000000000000000000000000000000000000000025db681d55d25000000000000000000005db601d15d080000000000000000000000000000000000000000000000000000000000000000000000000000000000
[12:11:29.920513] EP OUT 0x03 len=0 
[12:11:29.928417] EP OUT 0x03 len=0 
[12:11:29.931312] EP IN  0x81 len=64 09eb200400001da1945f68823200001e8225000c00e04f1e019c76df001ad89b3a657dffe0dd3e0a2024330df7fe000000000000000000000000000000000000
[12:11:29.932960] EP OUT 0x03 len=0 
[12:11:29.935955] EP OUT 0x03 len=0 
[12:11:29.939319] EP IN  0x81 len=64 09ec200400001da1945d58823100001e8645000c004c641e012273df002fde9bd30581ff10ec070a800f1a0df7fe000000000000000000000000000000000000
[12:11:29.941080] EP OUT 0x01 len=256 09ec200400001da1945d58823100001e8645000c004c641e012273df002fde9bd30581ff10ec070a800f1a0df7fe000000000000000000000000000000000000026f5651d71d19ed08901a0f00000000006f5615d15d06ed08901a0f000000000000000000000000000000000000000000000000000000000000000000000000025131d9901a0d000000000000000000005131d9901a0d00000000000000000000000000000000000000000000000000000000000000000000000000000000000252615db1180f0000000000000000000052615db1180f0000000000000000000000000000000000000000000000000000000000000000000000000000000000
[12:11:29.956559] EP OUT 0x03 len=0 
[12:11:29.959309] EP IN  0x81 len=64 09ee200400001db1945e58823800001e8d45000c00b8951e01cc6fdf002be99b92c09cff90b6460ac0c0e20cfafe000000000000000000000000000000000000
[12:11:29.961079] EP OUT 0x03 len=0 
[12:11:29.963812] EP OUT 0x03 len=0 
[12:11:29.967308] EP IN  0x81 len=64 09f3200000001ea1945e58823100001ea015000c00a4ae1e019c65df0055f89b3604e5fff09b6d09102a6f0ceffe000000000000000000000000000000000000
[12:11:29.968980] EP OUT 0x03 len=0 
[12:11:29.971642] EP OUT 0x03 len=0 
[12:11:29.973642] EP OUT 0x03 len=0 
[12:11:29.979290] EP IN  0x81 len=64 09f5200000001ea1945e68823000001ea845000c0032ce1e017a5bdf00b8f69bbef5d2ff200db609b05d740cf0fe000000000000000000000000000000000000
[12:11:29.981141] EP OUT 0x01 len=256 09f5200000001ea1945e68823000001ea845000c0032ce1e017a5bdf00b8f69bbef5d2ff200db609b05d740cf0fe00000000000000000000000000000000000002642e65701905f2fc80d8050000000000642e65701905f2fc80d805000000000000000000000000000000000000000000000000000000000000000000000000025625b5b05805000000000000000000005625b5b05805000000000000000000000000000000000000000000000000000000000000000000000000000000000002573775b09c0000000000000000000000573775e098000000000000000000000000000000000000000000000000000000000000000000000000000000000000
[12:11:29.996556] EP OUT 0x03 len=0 
[12:11:30.004093] EP OUT 0x03 len=0 
[12:11:30.007294] EP IN  0x81 len=64 09fd200000001ea1945e58823100001ec945000c0020d71e016658df00e1e89bd20d78ffc03ff509e02d7f0cf8fe000000000000000000000000000000000000
[12:11:30.008967] EP OUT 0x03 len=0 
[12:11:30.011491] EP OUT 0x03 len=0 
[12:11:30.015321] EP IN  0x81 len=64 09ff200000001eb1945e58823000001ecf25000c00e8e51e016c4cdf0077ea9ba7f394ff8075250af0a6b80cf5fe000000000000000000000000000000000000
[12:11:30.016884] EP OUT 0x01 len=256 09ff200000001eb1945e58823000001ecf25000c00e8e51e016c4cdf0077ea9ba7f394ff8075250af0a6b80cf5fe00000000000000000000000000000000000002698f35111d0ea491011e270000000000698521815806a44900de08000000000000000000000000000000000000000000000000000000000000000000000000025bb0b9a11d20000000000000000000005bb051a05d070000000000000000000000000000000000000000000000000000000000000000000000000000000000025ca1a1b19c1c000000000000000000005ca14db01c060000000000000000000000000000000000000000000000000000000000000000000000000000000000
[12:11:30.032553] EP OUT 0x03 len=0 
[12:11:30.040464] EP OUT 0x03 len=0 
[12:11:30.043238] EP IN  0x81 len=64 0907200400001eb1945e68823100001eed25000c006c4b1f010414df005afd9b4690a1ffb01bac09a0b7e30bfafe000000000000000000000000000000000000
[12:11:30.044858] EP OUT 0x03 len=0 
[12:11:30.047220] EP OUT 0x03 len=0 
[12:11:30.051301] EP IN  0x81 len=64 0908200400001db1945e68823100001ef145000c00d2481f010b18df001afb9b88b6bdffe0e7a00980ab040cfafe000000000000000000000000000000000000
[12:11:30.052948] EP OUT 0x01 len=256 0908200400001db1945e68823100001ef145000c00d2481f010b18df001afb9b88b6bdffe0e7a00980ab040cfafe000000000000000000000000000000000000026e95d9e0dc038935b09c0000000000006e952de09c008901b01c0000000000000000000000000000000000000000000000000000000000000000000000000002507a2dd09d000000000000000000000050ef00d01d00000000000000000000000000000000000000000000000000000000000000000000000000000000000002518f21b09c000000000000000000000051cb00b01c000000000000000000000000000000000000000000000000000000000000000000000000000000000000
[12:11:30.068554] EP OUT 0x03 len=0 
[12:11:30.076372] EP OUT 0x03 len=0 
[12:11:30.079302] EP IN  0x81 len=64 0910200400001da1955e58823100001e1026000c00baba1e01f255df0051d59b62b94dff70276c0ae004670cf6fe000000000000000000000000000000000000
[12:11:30.081100] EP OUT 0x03 len=0 
[12:11:30.083576] EP OUT 0x03 len=0 
[12:11:30.085674] EP OUT 0x03 len=0 
[12:11:30.091298] EP IN  0x81 len=64 0911200400001d01965e58823000001e1446000c0088951e016d50df00f2cf9b50b94bffe056730a6064960cf6fe000000000000000000000000000000000000
[12:11:30.092922] EP OUT 0x01 len=256 0911200400001d01965e58823000001e1446000c0088951e016d50df00f2cf9b50b94bffe056730a6064960cf6fe0000000000000000000000000000000000000264d400e01f00d100301e00000000000064d400e01f00d100301e000000000000000000000000000000000000000000000000000000000000000000000000000256d100301e000000000000000000000056d100301e0000000000000000000000000000000000000000000000000000000000000000000000000000000000000257d400701d000000000000000000000057d400701d000000000000000000000000000000000000000000000000000000000000000000000000000000000000
[12:11:30.108560] EP OUT 0x03 len=0 
[12:11:30.116233] EP OUT 0x03 len=0 
[12:11:30.119315] EP IN  0x81 len=64 091a2004000026319a5e58823100001e3626000c0084c11d01ee11df0060b39b340b9dff8015060a4002270df5fe000000000000000000000000000000000000
[12:11:30.120911] EP OUT 0x03 len=0 
[12:11:30.123667] EP OUT 0x03 len=0 
[12:11:30.125596] EP OUT 0x03 len=0 
[12:11:30.131331] EP IN  0x81 len=64 091b2004000028b19a5e68823000001e3a46000c0060b71d010c10df00acb39b9881a8ff6031000a302e240df3fe000000000000000000000000000000000000
[12:11:30.133057] EP OUT 0x01 len=256 091b2004000028b19a5e68823000001e3a46000c0060b71d010c10df00acb39b9881a8ff6031000a302e240df3fe000000000000000000000000000000000000026ac100f01e00da68309b0000000000006ac100f01e00da68309b00000000000000000000000000000000000000000000000000000000000000000000000000025cda68309b00000000000000000000005cda68309b000000000000000000000000000000000000000000000000000000000000000000000000000000000000025def58009b00000000000000000000005def58009b000000000000000000000000000000000000000000000000000000000000000000000000000000000000
[12:11:30.148550] EP OUT 0x03 len=0 
[12:11:30.155817] EP OUT 0x03 len=0 
[12:11:30.159288] EP IN  0x81 len=64 09232004000034519d5e58823200001e5b46000c00f8641d017639df00aabe9b59349affe04beb09b0d2ff0cf8fe000000000000000000000000000000000000
[12:11:30.160768] EP OUT 0x03 len=0 
[12:11:30.163074] EP OUT 0x03 len=0 
[12:11:30.167320] EP IN  0x81 len=64 09252004000036c19d5d58823000001e6026000c0078611d01123adf00bfc29bd27b8bff1088f6093015f80cf8fe000000000000000000000000000000000000
[12:11:30.169236] EP OUT 0x01 len=256 09252004000036c19d5d58823000001e6026000c0078611d01123adf00bfc29bd27b8bff1088f6093015f80cf8fe0000000000000000000000000000000000000260e608309b07fc70001b04000000000060e608309b07fc70001b040000000000000000000000000000000000000000000000000000000000000000000000000252fc70001b040000000000000000000052fc70001b0400000000000000000000000000000000000000000000000000000000000000000000000000000000000253f978d01a030000000000000000000053f978d01a030000000000000000000000000000000000000000000000000000000000000000000000000000000000
[12:11:30.184562] EP OUT 0x03 len=0 
[12:11:30.187302] EP IN  0x81 len=64 09272000000038519e5e68823800001e6846000c00805c1d013234df007aca9b7eb785ff908bfc09f050eb0cf8fe000000000000000000000000000000000000
[12:11:30.189101] EP OUT 0x03 len=0 
[12:11:30.191519] EP OUT 0x03 len=0 
[12:11:30.193818] EP OUT 0x03 len=0 
[12:11:30.199307] EP IN  0x81 len=64 092c200000003d619f5e58823100001e7b26000c00201a1d019115df0088d79be172adff50a0d109400dcb0cf5fe000000000000000000000000000000000000
[12:11:30.200756] EP OUT 0x03 len=0 
[12:11:30.203294] EP IN  0x81 len=64 092f200000004391a05e58823800001e8726000c00281e1d0128f0de002fd59bb285ccffc09e7b0920276c0cf7fe000000000000000000000000000000000000
[12:11:30.204982] EP OUT 0x01 len=256 092f200000004391a05e58823800001e8726000c00281e1d0128f0de002fd59bb285ccffc09e7b0920276c0cf7fe0000000000000000000000000000000000000266f084c05807d6c9e01b06000000000066f084c05807d6e9e35b1f0000000000000000000000000000000000000000000000000000000000000000000000000258a905019d070000000000000000000058a99d055d2500000000000000000000000000000000000000000000000000000000000000000000000000000000000259a905019d070000000000000000000059a99d055d250000000000000000000000000000000000000000000000000000000000000000000000000000000000
[12:11:30.220504] EP OUT 0x03 len=0 
[12:11:30.223084] EP OUT 0x03 len=0 
[12:11:30.227326] EP IN  0x81 len=64 0935200000005291a35e68823100001ea046000c00d6391d016df2de00e1c29bce9d57fff058cb097046c70cf8fe000000000000000000000000000000000000
[12:11:30.228870] EP OUT 0x03 len=0 
[12:11:30.231626] EP OUT 0x03 len=0 
[12:11:30.233504] EP OUT 0x03 len=0 
[12:11:30.240581] EP OUT 0x01 len=256 0935200000005291a35e68823100001ea046000c00d6391d016df2de00e1c29bce9d57fff058cb097046c70cf8fe000000000000000000000000000000000000026c529530dd03ea08f0d80100000000006c52b5339d0bea00201e00000000000000000000000000000000000000000000000000000000000000000000000000025eea0870da01000000000000000000005eea08405c020000000000000000000000000000000000000000000000000000000000000000000000000000000000025fea08b05901000000000000000000005f5235e05b020000000000000000000000000000000000000000000000000000000000000000000000000000000000
[12:11:30.256537] EP OUT 0x03 len=0 
[12:11:30.264058] EP OUT 0x03 len=0 
[12:11:30.267238] EP IN  0x81 len=64 093e200000008bb1ad5e68823100001ec246000c0044d71d0109b1de008ad29b8b0b9dffc0adfc09409cae0bf5fe000000000000000000000000000000000000
[12:11:30.269028] EP OUT 0x03 len=0 
[12:11:30.271690] EP OUT 0x03 len=0 
[12:11:30.274053] EP OUT 0x03 len=0 
[12:11:30.279329] EP IN  0x81 len=64 094020040000a041b05e58823000001ec826000c00a0bb1d0194c7de007acd9b373adfff409aba09d0c9630bf7fe000000000000000000000000000000000000
[12:11:30.281220] EP OUT 0x01 len=256 094020040000a041b05e58823000001ec826000c00a0bb1d0194c7de007acd9b373adfff409aba09d0c9630bf7fe0000000000000000000000000000000000000261f940005801881db0d801000000000061f940405c026d25509e0000000000000000000000000000000000000000000000000000000000000000000000000002538821909a0200000000000000000000537621909a0200000000000000000000000000000000000000000000000000000000000000000000000000000000000254f508f0dd050000000000000000000054f508f0dd050000000000000000000000000000000000000000000000000000000000000000000000000000000000
[12:11:30.296557] EP OUT 0x03 len=0 
[12:11:30.303927] EP OUT 0x03 len=0 
[12:11:30.307276] EP IN  0x81 len=64 0948200400001272bd5f58823100001ee946000c001e381d019725df00baad9b0aa246ff301f5b0aa044fc0cf0fe000000000000000000000000000000000000
[12:11:30.308749] EP OUT 0x03 len=0 
[12:11:30.310839] EP OUT 0x03 len=0 
[12:11:30.312916] EP OUT 0x03 len=0 
[12:11:30.320218] EP OUT 0x01 len=256 0948200400001272bd5f58823100001ee946000c001e381d019725df00baad9b0aa246ff301f5b0aa044fc0cf0fe000000000000000000000000000000000000026667bd321d0a1f41315d0800000000006667bd429c0d1f41311d270000000000000000000000000000000000000000000000000000000000000000000000000258101dd19c060000000000000000000058a3c5d11c200000000000000000000000000000000000000000000000000000000000000000000000000000000000025910f9e09b05000000000000000000005994d9e19b1c0000000000000000000000000000000000000000000000000000000000000000000000000000000000
[12:11:30.336502] EP OUT 0x03 len=0 
[12:11:30.343840] EP OUT 0x03 len=0 
[12:11:30.350660] EP OUT 0x03 len=0 
[12:11:30.355330] EP IN  0x81 len=64 0954200400003a92c15e58823000001e1747000c00cc391d0124cfde00adae9bfbcb8eff70ecf809d0a4110df9fe000000000000000000000000000000000000
[12:11:30.357199] EP OUT 0x01 len=256 0954200400003a92c15e58823000001e1747000c00cc391d0124cfde00adae9bfbcb8eff70ecf809d0a4110df9fe000000000000000000000000000000000000026b22f5f09a000d31009d0000000000006b22f5105c030d31009d00000000000000000000000000000000000000000000000000000000000000000000000000025d013de09b00000000000000000000005d013de05b020000000000000000000000000000000000000000000000000000000000000000000000000000000000025e0101e01b00000000000000000000005e8235e09b000000000000000000000000000000000000000000000000000000000000000000000000000000000000
[12:11:30.372555] EP OUT 0x03 len=0 
[12:11:30.380113] EP OUT 0x03 len=0 
[12:11:30.383274] EP IN  0x81 len=64 095b200400003bb2c15e68823200001e3247000c00b4631d017aeede0074c39bc03990ff601e140af0b9c40cf2fe000000000000000000000000000000000000
[12:11:30.385065] EP OUT 0x03 len=0 
[12:11:30.387711] EP OUT 0x03 len=0 
[12:11:30.390040] EP OUT 0x03 len=0 
[12:11:30.395317] EP IN  0x81 len=64 095d200000003cc2c15e68823100001e3727000c00da631d0156f5de008fc69b080d58ff0083df09a0a7a70cf5fe000000000000000000000000000000000000
[12:11:30.397097] EP OUT 0x01 len=256 095d200000003cc2c15e68823100001e3727000c00da631d0156f5de008fc69b080d58ff0083df09a0a7a70cf5fe000000000000000000000000000000000000026043e1b01b0d4065909a0400000000006043e1b01b0d4065909a04000000000000000000000000000000000000000000000000000000000000000000000000025207a5a01905000000000000000000005207a5a0190500000000000000000000000000000000000000000000000000000000000000000000000000000000000253f88c801b050000000000000000000053f88c801b050000000000000000000000000000000000000000000000000000000000000000000000000000000000
[12:11:30.412555] EP OUT 0x03 len=0 
[12:11:30.415307] EP IN  0x81 len=64 0960200000003dc2c15e58823800001e4327000c00a4551d019607df0044ce9b562543ff501af409d0a04a0cf8fe000000000000000000000000000000000000
[12:11:30.416920] EP OUT 0x03 len=0 
[12:11:30.419573] EP OUT 0x03 len=0 
[12:11:30.421810] EP OUT 0x03 len=0 
[12:11:30.427292] EP IN  0x81 len=64 0965200000003cc2c15e58823200001e5627000c00647c1d011303df00e6d49b9b00c6ffa087bb09e0af780cf6fe000000000000000000000000000000000000
[12:11:30.428829] EP OUT 0x03 len=0 
[12:11:30.436133] EP OUT 0x01 len=256 0965200000003cc2c15e58823200001e5627000c00647c1d011303df00e6d49b9b00c6ffa087bb09e0af780cf6fe00000000000000000000000000000000000002664981009a0097d1d0d9050000000000664981009a0097d1d0d9050000000000000000000000000000000000000000000000000000000000000000000000000258c808a099030000000000000000000058c808a0990300000000000000000000000000000000000000000000000000000000000000000000000000000000000259c800701c000000000000000000000059c800701c000000000000000000000000000000000000000000000000000000000000000000000000000000000000
[12:11:30.452528] EP OUT 0x03 len=0 
[12:11:30.459823] EP OUT 0x03 len=0 
[12:11:30.466829] EP OUT 0x03 len=0 
[12:11:30.471323] EP IN  0x81 len=64 0972200400003cb2c15e58823000001e8a47000c0050311e016ee0de00dccf9b3372c0ffb096a20950e1480cf9fe000000000000000000000000000000000000
[12:11:30.473230] EP OUT 0x01 len=256 0972200400003cb2c15e58823000001e8a47000c0050311e016ee0de00dccf9b3372c0ffb096a20950e1480cf9fe000000000000000000000000000000000000026c0701901d000701701c0000000000006c0701901d000701701c00000000000000000000000000000000000000000000000000000000000000000000000000025edd00801b00000000000000000000005edd00801b000000000000000000000000000000000000000000000000000000000000000000000000000000000000025fc800101c00000000000000000000005fc800101c000000000000000000000000000000000000000000000000000000000000000000000000000000000000
[12:11:30.488552] EP OUT 0x03 len=0 
[12:11:30.496428] EP OUT 0x03 len=0 
[12:11:30.499297] EP IN  0x81 len=64 0979200400003cc2c15f58823100001ea327000c005e1c1e018b1fdf0076bb9b8a324cfff0112f0a10a43a0cf7fe000000000000000000000000000000000000
[12:11:30.500765] EP OUT 0x03 len=0 
[12:11:30.502905] EP OUT 0x03 len=0 
[12:11:30.505122] EP OUT 0x03 len=0 
[12:11:30.512501] EP OUT 0x01 len=256 0979200400003cc2c15f58823100001ea327000c005e1c1e018b1fdf0076bb9b8a324cfff0112f0a10a43a0cf7fe0000000000000000000000000000000000000262dd00201b00c800801a00000000000062dd00201b00c800801a000000000000000000000000000000000000000000000000000000000000000000000000000254c800801a000000000000000000000054c800801a0000000000000000000000000000000000000000000000000000000000000000000000000000000000000255f508509a010000000000000000000055f508509a010000000000000000000000000000000000000000000000000000000000000000000000000000000000
[12:11:30.528530] EP OUT 0x03 len=0 
[12:11:30.536325] EP OUT 0x03 len=0 
[12:11:30.539305] EP IN  0x81 len=64 0983200400003ba2c15e58823100001ec927000c00ce091e01f21cdf0040b39b78828aff006e080a7098570df2fe000000000000000000000000000000000000
[12:11:30.540978] EP OUT 0x03 len=0 
[12:11:30.543467] EP OUT 0x03 len=0 
[12:11:30.547331] EP IN  0x81 len=64 0984200400003bb2c15e68823000001ecd47000c00841a1e01021bdf006db59b075792ff9000030ae0fb4d0df2fe000000000000000000000000000000000000
[12:11:30.549115] EP OUT 0x01 len=256 0984200400003bb2c15e68823000001ecd47000c00841a1e01021bdf006db59b075792ff9000030ae0fb4d0df2fe0000000000000000000000000000000000000268723980da08f184509a04000000000068723980da08f184509a04000000000000000000000000000000000000000000000000000000000000000000000000025af184509a04000000000000000000005af184509a040000000000000000000000000000000000000000000000000000000000000000000000000000000000025bee8c205a03000000000000000000005bee8c205a030000000000000000000000000000000000000000000000000000000000000000000000000000000000
[12:11:30.564535] EP OUT 0x03 len=0 
[12:11:30.572405] EP OUT 0x03 len=0 
[12:11:30.575231] EP IN  0x81 len=64 098c200400002d62c05e68823100001eec27000c009a2e1e01e60cdf0041cf9be0f484ffd00bf9092096d80cfefe000000000000000000000000000000000000
[12:11:30.576806] EP OUT 0x03 len=0 
[12:11:30.579134] EP OUT 0x03 len=0 
[12:11:30.583283] EP IN  0x81 len=64 098d2000000029e2bf5e58823000001ef047000c00fc281e01f309df0080d39b7a787dffd0d6f909008dcb0cfefe000000000000000000000000000000000000
[12:11:30.584877] EP OUT 0x01 len=256 098d2000000029e2bf5e58823000001ef047000c00fc281e01f309df0080d39b7a787dffd0d6f909008dcb0cfefe000000000000000000000000000000000000026e94f1339d420a19a4995400000000006e94b9301d0d0ad9a0990f00000000000000000000000000000000000000000000000000000000000000000000000002500a8585d23500000000000000000000500a2181d20a000000000000000000000000000000000000000000000000000000000000000000000000000000000002510a8585d23500000000000000000000510a2181d20a0000000000000000000000000000000000000000000000000000000000000000000000000000000000
[12:11:30.600547] EP OUT 0x03 len=0 
[12:11:30.608319] EP OUT 0x03 len=0 
[12:11:30.611231] EP IN  0x81 len=64 0995200000000e22bd5e58823100001e0e28000c00822b1e019affde007de69b8d7ba2ffa0fcdc0910b8600cf2fe000000000000000000000000000000000000
[12:11:30.612744] EP OUT 0x03 len=0 
[12:11:30.615013] EP OUT 0x03 len=0 
[12:11:30.619296] EP IN  0x81 len=64 0996200000000c02bd5e68823000001e1248000c00902f1e0158fbde00b1e69bf1e7b3ff80bed109f0ba4a0cf2fe000000000000000000000000000000000000
[12:11:30.620936] EP OUT 0x01 len=256 0996200000000c02bd5e68823000001e1248000c00902f1e0158fbde00b1e69bf1e7b3ff80bed109f0ba4a0cf2fe00000000000000000000000000000000000002645b4523d53546654056240000000000645b89209508df084056060000000000000000000000000000000000000000000000000000000000000000000000000256df08f0d7040000000000000000000056df08c0190200000000000000000000000000000000000000000000000000000000000000000000000000000000000257df080099010000000000000000000057df080099010000000000000000000000000000000000000000000000000000000000000000000000000000000000
[12:11:30.636523] EP OUT 0x03 len=0 
[12:11:30.639306] EP IN  0x81 len=64 09982000000008a2bc5e58823800001e1a48000c005c361e01e0f8de00b4e39b8bcbd8ff50eb230af07f570cfffe000000000000000000000000000000000000
[12:11:30.641030] EP OUT 0x03 len=0 
[12:11:30.643658] EP OUT 0x03 len=0 
[12:11:30.646030] EP OUT 0x03 len=0 
[12:11:30.651310] EP IN  0x81 len=64 099d200000000232bc5e58823100001e2d28000c00886d1e01a9dbde0056e09b20566effe0e1d90900ab2c0df8fe000000000000000000000000000000000000
[12:11:30.653025] EP OUT 0x03 len=0 
[12:11:30.660348] EP OUT 0x01 len=256 099d200000000232bc5e58823100001e2d28000c00886d1e01a9dbde0056e09b20566effe0e1d90900ab2c0df8fe0000000000000000000000000000000000000269679950970155a9879b09000000000069ee085097015559819b02000000000000000000000000000000000000000000000000000000000000000000000000025b4ce9b5981c000000000000000000005b4ce5b018050000000000000000000000000000000000000000000000000000000000000000000000000000000000025c6dcd241546000000000000000000005c6dd520d50c0000000000000000000000000000000000000000000000000000000000000000000000000000000000
[12:11:30.676578] EP OUT 0x03 len=0 
[12:11:30.683817] EP OUT 0x03 len=0 
[12:11:30.690954] EP OUT 0x03 len=0 
[12:11:30.695227] EP IN  0x81 len=64 09a720040000fd91bb5e58823100001e5548000c0038301f016ad1de0090e99b1eeb9cff70837d09f020610bf4fe000000000000000000000000000000000000
[12:11:30.697159] EP OUT 0x01 len=256 09a720040000fd91bb5e58823100001e5548000c0038301f016ad1de0090e99b1eeb9cff70837d09f020610bf4fe000000000000000000000000000000000000026e791d33d76c61c1b0980500000000006e798d30171761299098010000000000000000000000000000000000000000000000000000000000000000000000000250376da253030000000000000000000050376d709a0200000000000000000000000000000000000000000000000000000000000000000000000000000000000251cb08d25d050000000000000000000051cb9cd05d050000000000000000000000000000000000000000000000000000000000000000000000000000000000
[12:11:30.712570] EP OUT 0x03 len=0 
[12:11:30.720344] EP OUT 0x03 len=0 
[12:11:30.723218] EP IN  0x81 len=64 09b120040000f231ba5e68823100001e7a28000c00b2911e014011df0055c89b8c1572ff800f990af0761d0df4fe000000000000000000000000000000000000
[12:11:30.724760] EP OUT 0x03 len=0 
[12:11:30.726999] EP OUT 0x03 len=0 
[12:11:30.731325] EP IN  0x81 len=64 09b220040000eff1b95e58823100001e7e48000c00e87f1e019e0bdf00acc59b0d0c8cffe0c37a0a1051200df4fe000000000000000000000000000000000000
[12:11:30.733055] EP OUT 0x01 len=256 09b220040000eff1b95e58823100001e7e48000c00e87f1e019e0bdf00acc59b0d0c8cffe0c37a0a1051200df4fe0000000000000000000000000000000000000263658d129d091475d11a03000000000063658d129d091475d11a0300000000000000000000000000000000000000000000000000000000000000000000000002551d3191db0300000000000000000000551d3191db03000000000000000000000000000000000000000000000000000000000000000000000000000000000002560e11711a0300000000000000000000560e11711a030000000000000000000000000000000000000000000000000000000000000000000000000000000000
[12:11:30.748541] EP OUT 0x03 len=0 
[12:11:30.750852] EP OUT 0x03 len=0 
[12:11:30.755309] EP IN  0x81 len=64 09b920040000e161b85e58823200001e9a38000c0068a01e014808df000fc89bc2cf7cff80c7e5099077250df5fe000000000000000000000000000000000000
[12:11:30.757055] EP OUT 0x03 len=0 
[12:11:30.759525] EP OUT 0x03 len=0 
[12:11:30.761623] EP OUT 0x03 len=0 
[12:11:30.767300] EP IN  0x81 len=64 09ba20040000e231b85e68823100001e9c28000c00c0a31e01070bdf00d1c99ba88c6dff3080cd09a0172e0df5fe000000000000000000000000000000000000
[12:11:30.768932] EP OUT 0x01 len=256 09ba20040000e231b85e68823100001e9c28000c00c0a31e01070bdf00d1c99ba88c6dff3080cd09a0172e0df5fe000000000000000000000000000000000000026920e5901a11f74c501b0a00000000006920e5905a032625505b02000000000000000000000000000000000000000000000000000000000000000000000000025bf74c501b0a000000000000000000005b2625505b020000000000000000000000000000000000000000000000000000000000000000000000000000000000025caf1d919a0f000000000000000000005caf39901a030000000000000000000000000000000000000000000000000000000000000000000000000000000000
[12:11:30.784513] EP OUT 0x03 len=0 
[12:11:30.792043] EP OUT 0x03 len=0 
[12:11:30.795221] EP IN  0x81 len=64 09c220000000d821b75e58823100001ebd48000c00de341f01f039df00e1e99be2d096ffd0e3df09809ffa0cfafe000000000000000000000000000000000000
[12:11:30.796961] EP OUT 0x03 len=0 
[12:11:30.799526] EP OUT 0x03 len=0 
[12:11:30.803243] EP IN  0x81 len=64 09c420000000d8e1b65e68823000001ec328000c0060591f01883cdf007eed9b181043ff90e7170a3042620cfafe000000000000000000000000000000000000
[12:11:30.805071] EP OUT 0x01 len=256 09c420000000d8e1b65e68823000001ec328000c0060591f01883cdf007eed9b181043ff90e7170a3042620cfafe000000000000000000000000000000000000026f0f59905b0ec411719a0c00000000006f2625905b0e8905719a0c00000000000000000000000000000000000000000000000000000000000000000000000002513e61201b0500000000000000000000513e61705a04000000000000000000000000000000000000000000000000000000000000000000000000000000000002523e61201b0500000000000000000000523e61705a040000000000000000000000000000000000000000000000000000000000000000000000000000000000
[12:11:30.820520] EP OUT 0x03 len=0 
[12:11:30.828439] EP OUT 0x03 len=0 
[12:11:30.831295] EP IN  0x81 len=64 09cc20000000d1c1b55e58823100001ee128000c00ae801f01552fdf00d2fc9b5599a3ff2095c809d037ef0bf6fe000000000000000000000000000000000000
[12:11:30.832983] EP OUT 0x03 len=0 
[12:11:30.835604] EP OUT 0x03 len=0 
[12:11:30.837709] EP OUT 0x03 len=0 
[12:11:30.843299] EP IN  0x81 len=64 09cd20000000cfa1b55f68823000001ee548000c00f87e1f01b32fdf0056f99bb787a6ff201bd109a0b2f30bf6fe000000000000000000000000000000000000
[12:11:30.844939] EP OUT 0x01 len=256 09cd20000000cfa1b55f68823000001ee548000c00f87e1f01b32fdf0056f99bb787a6ff201bd109a0b2f30bf6fe000000000000000000000000000000000000026502c5909907d67d91590700000000006502c59099075f099159070000000000000000000000000000000000000000000000000000000000000000000000000257951191d9070000000000000000000057951191d9070000000000000000000000000000000000000000000000000000000000000000000000000000000000025895c5105c0a000000000000000000005895c5b099050000000000000000000000000000000000000000000000000000000000000000000000000000000000
[12:11:30.860567] EP OUT 0x03 len=0 
[12:11:30.863303] EP IN  0x81 len=64 09d020000000ce51b55d68823800001ef128000c0074811f01562cdf00d5f09b281c71ff2003fe0920aa8d0cfafe000000000000000000000000000000000000
[12:11:30.865168] EP OUT 0x03 len=0 
[12:11:30.867824] EP OUT 0x03 len=0 
[12:11:30.871231] EP IN  0x81 len=64 09d520000000cc31b55e58823100001e0429000c0068d91f01d308df0076f29b347984ffe0602c0a901e5a0df8fe000000000000000000000000000000000000
[12:11:30.872959] EP OUT 0x03 len=0 
[12:11:30.875439] EP OUT 0x03 len=0 
[12:11:30.879334] EP IN  0x81 len=64 09d720000000cd31b55f68823000001e0c49000c00d61b2001c5fede0036f89b976aa1ffb0f90f0ac0ab5f0dfefe000000000000000000000000000000000000
[12:11:30.880972] EP OUT 0x01 len=256 09d720000000cd31b55f68823000001e0c49000c00d61b2001c5fede0036f89b976aa1ffb0f90f0ac0ab5f0dfefe000000000000000000000000000000000000026aebdd41591edf74505b0e00000000006ae898405905df74e01b28000000000000000000000000000000000000000000000000000000000000000000000000025cc445e1db07000000000000000000005cb8e9035a200000000000000000000000000000000000000000000000000000000000000000000000000000000000025d8b2921db06000000000000000000005d8b4d265b250000000000000000000000000000000000000000000000000000000000000000000000000000000000
[12:11:30.896552] EP OUT 0x03 len=0 
[12:11:30.904141] EP OUT 0x03 len=0 
[12:11:30.907287] EP IN  0x81 len=64 09de2004000042d2af5e58823100001e2839000c0000d12001639adf0074e39bf00956ff00febd0960f1170bf9fe000000000000000000000000000000000000
[12:11:30.908931] EP OUT 0x03 len=0 
[12:11:30.911469] EP OUT 0x03 len=0 
[12:11:30.915305] EP IN  0x81 len=64 09e020040000d792ab5f58823000001e2e29000c00c4cb200155c2df0095de9bded51bff10fe140ae0da610bf9fe000000000000000000000000000000000000
[12:11:30.916963] EP OUT 0x01 len=256 09e020040000d792ab5f58823000001e2e29000c00c4cb200155c2df0095de9bded51bff10fe140ae0da610bf9fe000000000000000000000000000000000000026f2bd5501b05dc08305d0600000000006f2b3924db182e55609d060000000000000000000000000000000000000000000000000000000000000000000000000251e571701c080000000000000000000051d90840dc0200000000000000000000000000000000000000000000000000000000000000000000000000000000000252d6b5201b050000000000000000000052d9086019020000000000000000000000000000000000000000000000000000000000000000000000000000000000
[12:11:30.932542] EP OUT 0x03 len=0 
[12:11:30.940429] EP OUT 0x03 len=0 
[12:11:30.943237] EP IN  0x81 len=64 09e82004000099c7845e58823100001e4d29000c006a3e2001f5d0df00a2d19b2e1d5dff9071820a50f6de0dfefe000000000000000000000000000000000000
[12:11:30.944803] EP OUT 0x03 len=0 
[12:11:30.947067] EP OUT 0x03 len=0 
[12:11:30.951290] EP IN  0x81 len=64 09e9200400008b67865e58823100001e5149000c005c52200134d2df00d5d19b98ffb1ffa053e009e050200efefe000000000000000000000000000000000000
[12:11:30.952927] EP OUT 0x01 len=256 09e9200400008b67865e58823100001e5149000c005c52200134d2df00d5d19b98ffb1ffa053e009e050200efefe0000000000000000000000000000000000000264d908a0dc05de08f0da050000000000640a39205b02de08709c020000000000000000000000000000000000000000000000000000000000000000000000000256b849b0980600000000000000000000560249709c0200000000000000000000000000000000000000000000000000000000000000000000000000000000000257d671019a000000000000000000000057d65d00da010000000000000000000000000000000000000000000000000000000000000000000000000000000000
[12:11:30.968588] EP OUT 0x03 len=0 
[12:11:30.976388] EP OUT 0x03 len=0 
[12:11:30.979238] EP IN  0x81 len=64 09f1200400008e07865e68823100001e6f29000c009c432201605fe000d5de9bbe0766ffa037630a5057a00cf7fe000000000000000000000000000000000000
[12:11:30.981029] EP OUT 0x03 len=0 
[12:11:30.983576] EP OUT 0x03 len=0 
[12:11:30.985629] EP OUT 0x03 len=0 
[12:11:30.991297] EP IN  0x81 len=64 09f2200400008d07865e68823000001e7349000c00c4702201cc5de000c7e09b6add6fff50c2740a307a860cf7fe000000000000000000000000000000000000
[12:11:30.993011] EP OUT 0x01 len=256 09f2200400008d07865e68823000001e7349000c00c4702201cc5de000c7e09b6add6fff50c2740a307a860cf7fe000000000000000000000000000000000000026a643d4099044f45505b0700000000006a648d619a0d4f79511b27000000000000000000000000000000000000000000000000000000000000000000000000025c4f45505b07000000000000000000005c4f79511b270000000000000000000000000000000000000000000000000000000000000000000000000000000000025deb7d505b07000000000000000000005d79f5511b270000000000000000000000000000000000000000000000000000000000000000000000000000000000
[12:11:31.008519] EP OUT 0x03 len=0 
[12:11:31.016107] EP OUT 0x03 len=0 
[12:11:31.019225] EP IN  0x81 len=64 09fa200000008e07865e68823200001e9449000c0092612301aa71e0005e059c0ebd91ff2044370a60915a0cf7fe000000000000000000000000000000000000
[12:11:31.020771] EP OUT 0x03 len=0 
[12:11:31.023338] EP OUT 0x03 len=0 
[12:11:31.027294] EP IN  0x81 len=64 09fc200000008e07865e68823000001e9a29000c00f87e2301c583e0007a099cc11091ffb05d4b0ac0d7e80bfafe000000000000000000000000000000000000
[12:11:31.028938] EP OUT 0x01 len=256 09fc200000008e07865e68823000001e9a29000c00f87e2301c583e0007a099cc11091ffb05d4b0ac0d7e80bfafe0000000000000000000000000000000000000260644de01b03dfb9501b0b00000000006064a5e11b0c5e31509b020000000000000000000000000000000000000000000000000000000000000000000000000252dfb9501b0b00000000000000000000525e31509b0200000000000000000000000000000000000000000000000000000000000000000000000000000000000253cc00201b0000000000000000000000534f2520db010000000000000000000000000000000000000000000000000000000000000000000000000000000000
[12:11:31.044542] EP OUT 0x03 len=0 
[12:11:31.052446] EP OUT 0x03 len=0 
[12:11:31.055231] EP IN  0x81 len=64 0904200000008e07865e58823100001eb829000c00c6fb2301e7c8e000bf0a9c74a182ff50e6e20960d51c0cfbfe000000000000000000000000000000000000
[12:11:31.056777] EP OUT 0x03 len=0 
[12:11:31.058939] EP OUT 0x03 len=0 
[12:11:31.060879] EP OUT 0x03 len=0 
[12:11:31.068139] EP OUT 0x01 len=256 0904200000008e07865e58823100001eb829000c00c6fb2301e7c8e000bf0a9c74a182ff50e6e20960d51c0cfbfe0000000000000000000000000000000000000266c608a0dc056a01d01c000000000000665e31a09c006a21d09c000000000000000000000000000000000000000000000000000000000000000000000000000258e57da09c0a0000000000000000000058642da01c0300000000000000000000000000000000000000000000000000000000000000000000000000000000000259e57da09c0a0000000000000000000059642da01c030000000000000000000000000000000000000000000000000000000000000000000000000000000000
[12:11:31.084485] EP OUT 0x03 len=0 
[12:11:31.087306] EP IN  0x81 len=64 090a200000008d07865e68823800001ed149000c00087a2401abe5e00083109c804d5fff506a4e0a8062970cf7fe000000000000000000000000000000000000
[12:11:31.089044] EP OUT 0x03 len=0 
[12:11:31.091603] EP OUT 0x03 len=0 
[12:11:31.093733] EP OUT 0x03 len=0 
[12:11:31.099313] EP IN  0x81 len=64 090d200000008d17865d58823200001edb29000c00b4bd2401b9dbe0009f169ce88265ff90da440a1049520cf8fe000000000000000000000000000000000000
[12:11:31.100848] EP OUT 0x03 len=0 
[12:11:31.108042] EP OUT 0x01 len=256 090d200000008d17865d58823200001edb29000c00b4bd2401b9dbe0009f169ce88265ff90da440a1049520cf8fe000000000000000000000000000000000000026cd6cde09b00cdc5f0d70100000000006cd641e09b00cd35f09700000000000000000000000000000000000000000000000000000000000000000000000000025e6d01001a00000000000000000000005e6d01001a000000000000000000000000000000000000000000000000000000000000000000000000000000000000025f6d01001a00000000000000000000005f6d01001a000000000000000000000000000000000000000000000000000000000000000000000000000000000000
[12:11:31.124510] EP OUT 0x03 len=0 
[12:11:31.132176] EP OUT 0x03 len=0 
[12:11:31.135301] EP IN  0x81 len=64 0918200400008e07865e68823100001e064a000c00949c24013a09e1000dfe9bf8be5cff9013760a1070e90bf8fe000000000000000000000000000000000000
[12:11:31.136827] EP OUT 0x03 len=0 
[12:11:31.139350] EP OUT 0x03 len=0 
[12:11:31.143322] EP IN  0x81 len=64 0919200400008ef7855e58823000001e0a4a000c000c8024010909e10081fa9b12a962ff705d910a605c1a0cfcfe000000000000000000000000000000000000
[12:11:31.145170] EP OUT 0x01 len=256 0919200400008ef7855e58823000001e0a4a000c000c8024010909e10081fa9b12a962ff705d910a605c1a0cfcfe00000000000000000000000000000000000002628909a09901c449d05a050000000000628901a019007a25d05a050000000000000000000000000000000000000000000000000000000000000000000000000254d67560db060000000000000000000054802960db0600000000000000000000000000000000000000000000000000000000000000000000000000000000000255d67560db060000000000000000000055802960db060000000000000000000000000000000000000000000000000000000000000000000000000000000000
[12:11:31.160548] EP OUT 0x03 len=0 
[12:11:31.168396] EP OUT 0x03 len=0 
[12:11:31.171215] EP IN  0x81 len=64 0921200400008d07865f68823100001e283a000c0024e92301cbf0e00062e69b7a777dff8081540ab0b6170df9fe000000000000000000000000000000000000
[12:11:31.172877] EP OUT 0x03 len=0 
[12:11:31.175286] EP OUT 0x03 len=0 
[12:11:31.177246] EP OUT 0x03 len=0 
[12:11:31.184609] EP OUT 0x01 len=256 0921200400008d07865f68823100001e283a000c0024e92301cbf0e00062e69b7a777dff8081540ab0b6170df9fe00000000000000000000000000000000000002683255d09a05fc78e098040000000000683255d09a05fc78505902000000000000000000000000000000000000000000000000000000000000000000000000025af36c201906000000000000000000005af36c2019060000000000000000000000000000000000000000000000000000000000000000000000000000000000025bf378f09806000000000000000000005bf378f098060000000000000000000000000000000000000000000000000000000000000000000000000000000000
[12:11:31.200529] EP OUT 0x03 len=0 
[12:11:31.207923] EP OUT 0x03 len=0 
[12:11:31.214998] EP OUT 0x03 len=0 
[12:11:31.219295] EP IN  0x81 len=64 092a200400008df7855e68823100001e4b4a000c006c4824018d0ee10076f29b52b46dff50ac370a1017ee0cf6fe000000000000000000000000000000000000
[12:11:31.221093] EP OUT 0x01 len=256 092a200400008df7855e68823100001e4b4a000c006c4824018d0ee10076f29b52b46dff50ac370a1017ee0cf6fe000000000000000000000000000000000000026d2641201c282f2d65db1800000000006df35c209c072f0161db04000000000000000000000000000000000000000000000000000000000000000000000000025f38c192db0a000000000000000000005f387990db020000000000000000000000000000000000000000000000000000000000000000000000000000000000025026b1419a0400000000000000000000502651405a010000000000000000000000000000000000000000000000000000000000000000000000000000000000
[12:11:31.236535] EP OUT 0x03 len=0 
[12:11:31.244300] EP OUT 0x03 len=0 
[12:11:31.247230] EP IN  0x81 len=64 0933200000008e07865e58823100001e6e4a000c006e7d24016e2fe100160b9c5d9c9cfff019410a3055500cf5fe000000000000000000000000000000000000
[12:11:31.248936] EP OUT 0x03 len=0 
[12:11:31.251616] EP OUT 0x03 len=0 
[12:11:31.253708] EP OUT 0x03 len=0 
[12:11:31.259311] EP IN  0x81 len=64 0935200000008c07865e68823000001e764a000c00649524014b2de100c50d9c9cb483ff20ca270ab09b480cf5fe000000000000000000000000000000000000
[12:11:31.261226] EP OUT 0x01 len=256 0935200000008c07865e68823000001e764a000c00649524014b2de100c50d9c9cb483ff20ca270ab09b480cf5fe0000000000000000000000000000000000000262ed08801c030e35c09a02000000000062ed0820d901ed00d01a000000000000000000000000000000000000000000000000000000000000000000000000000254fc08909a020000000000000000000054fc0030180000000000000000000000000000000000000000000000000000000000000000000000000000000000000255b849d099010000000000000000000055ed00d01a000000000000000000000000000000000000000000000000000000000000000000000000000000000000
[12:11:31.276547] EP OUT 0x03 len=0 
[12:11:31.283928] EP OUT 0x03 len=0 
[12:11:31.287266] EP IN  0x81 len=64 093d200000008ef7855e68823100001e944a000c00b0db2401641be100fa0e9c04ef5bff30533b0a00448c0cf7fe000000000000000000000000000000000000
[12:11:31.289110] EP OUT 0x03 len=0 
[12:11:31.291547] EP OUT 0x03 len=0 
[12:11:31.295270] EP IN  0x81 len=64 093f200000008d07865e68823000001e9c4a000c00acfd24014403e1001a129c54494eff6058390a80f6c80cfafe000000000000000000000000000000000000
[12:11:31.297262] EP OUT 0x01 len=256 093f200000008d07865e68823000001e9c4a000c00acfd24014403e1001a129c54494eff6058390a80f6c80cfafe0000000000000000000000000000000000000267531db09c006899a19a0d000000000067f300b01c006841a0da020000000000000000000000000000000000000000000000000000000000000000000000000259534d915b260000000000000000000059533d905b070000000000000000000000000000000000000000000000000000000000000000000000000000000000025a6ee1d1da26000000000000000000005a6e55d01a070000000000000000000000000000000000000000000000000000000000000000000000000000000000
[12:11:31.312545] EP OUT 0x03 len=0 
[12:11:31.315261] EP IN  0x81 len=64 0941200000008d07865e68823800001ea44a000c00d82a250156e8e000411b9cd17392ffb06f5a0a5096b40cfafe000000000000000000000000000000000000
[12:11:31.317096] EP OUT 0x03 len=0 
[12:11:31.319716] EP OUT 0x03 len=0 
[12:11:31.321973] EP OUT 0x03 len=0 
[12:11:31.327306] EP IN  0x81 len=64 0946200400008d07865e68823200001eb74a000c002865250147efe000f0159ce999a8ff20fac209e08cc70bf4fe000000000000000000000000000000000000
[12:11:31.328805] EP OUT 0x03 len=0 
[12:11:31.336064] EP OUT 0x01 len=256 0946200400008d07865e68823200001eb74a000c002865250147efe000f0159ce999a8ff20fac209e08cc70bf4fe000000000000000000000000000000000000026c7de5911b2768b5211c0c00000000006c7d55905b07684d201c03000000000000000000000000000000000000000000000000000000000000000000000000025e6efd701a03000000000000000000005e6e31709a000000000000000000000000000000000000000000000000000000000000000000000000000000000000025f5349001b05000000000000000000005f5301001b000000000000000000000000000000000000000000000000000000000000000000000000000000000000
[12:11:31.352548] EP OUT 0x03 len=0 
[12:11:31.359946] EP OUT 0x03 len=0 
[12:11:31.367033] EP OUT 0x03 len=0 
[12:11:31.371325] EP IN  0x81 len=64 0953200400008e17865f58823000001ee94a000c000ce124016ff1e00004019c8eed58ff501d590ad078020dfcfe000000000000000000000000000000000000
[12:11:31.373289] EP OUT 0x01 len=256 0953200400008e17865f58823000001ee94a000c000ce124016ff1e00004019c8eed58ff501d590ad078020dfcfe00000000000000000000000000000000000002625325601b022e45e01b020000000000625301601b002fa9605b020000000000000000000000000000000000000000000000000000000000000000000000000254e370e01b020000000000000000000054e4c0609b02000000000000000000000000000000000000000000000000000000000000000000000000000000000002553a41209b0100000000000000000000553b8560db010000000000000000000000000000000000000000000000000000000000000000000000000000000000
[12:11:31.388533] EP OUT 0x03 len=0 
[12:11:31.396142] EP OUT 0x03 len=0 
[12:11:31.399278] EP IN  0x81 len=64 0959200400008d07865f58823200001e004b000c0014172501cfece00054059cd4e578ffc0c0520a6088d00cf8fe000000000000000000000000000000000000
[12:11:31.400835] EP OUT 0x03 len=0 
[12:11:31.403096] EP OUT 0x03 len=0 
[12:11:31.407316] EP IN  0x81 len=64 095b200400008e07865e68823100001e073b000c00c42b250119eee00079099c33f288ffb0aa610a40e5ba0cf9fe000000000000000000000000000000000000
[12:11:31.409216] EP OUT 0x01 len=256 095b200400008e07865e68823100001e073b000c00c42b250119eee00079099c33f288ffb0aa610a40e5ba0cf9fe00000000000000000000000000000000000002688569c09d007939509b0000000000006886e5d0dd047a71609b00000000000000000000000000000000000000000000000000000000000000000000000000025a7939509b00000000000000000000005a7a71609b000000000000000000000000000000000000000000000000000000000000000000000000000000000000025b8b25909d00000000000000000000005b8c45a09d000000000000000000000000000000000000000000000000000000000000000000000000000000000000
[12:11:31.424468] EP OUT 0x03 len=0 
[12:11:31.426921] EP OUT 0x03 len=0 
[12:11:31.431304] EP IN  0x81 len=64 0962200000008e07865e58823200001e223b000c00f83325017e02e100d31c9c249a76ff3030510ab0794e0cf7fe000000000000000000000000000000000000
[12:11:31.432943] EP OUT 0x03 len=0 
[12:11:31.435698] EP OUT 0x03 len=0 
[12:11:31.437786] EP OUT 0x03 len=0 
[12:11:31.443292] EP IN  0x81 len=64 0963200000008d07865e68823100001e264b000c00782c2501f203e1009c1f9c4e237afff0904a0a401f2d0cf7fe000000000000000000000000000000000000
[12:11:31.444931] EP OUT 0x01 len=256 0963200000008d07865e68823100001e264b000c00782c2501f203e1009c1f9c4e237afff0904a0a401f2d0cf7fe000000000000000000000000000000000000026e7c35b09a007831e05a0700000000006e7d6db09a007831e05a070000000000000000000000000000000000000000000000000000000000000000000000000250391d30d9080000000000000000000050391d30d90800000000000000000000000000000000000000000000000000000000000000000000000000000000000251391d30d9080000000000000000000051391d30d9080000000000000000000000000000000000000000000000000000000000000000000000000000000000
[12:11:31.460516] EP OUT 0x03 len=0 
[12:11:31.468200] EP OUT 0x03 len=0 
[12:11:31.471232] EP IN  0x81 len=64 096b200000008d07865d58823100001e454b000c00a2042501b0fde000b81d9c9e4a79ff30bef609f07a460cf9fe000000000000000000000000000000000000
[12:11:31.473092] EP OUT 0x03 len=0 
[12:11:31.475494] EP OUT 0x03 len=0 
[12:11:31.479304] EP IN  0x81 len=64 096d200000008e07865e68823000001e4d4b000c009a062501a409e10072189cb2a74fffc0bc050a00f9570cf3fe000000000000000000000000000000000000
[12:11:31.481111] EP OUT 0x01 len=256 096d200000008e07865e68823000001e4d4b000c009a062501a409e10072189cb2a74fffc0bc050a00f9570cf3fe0000000000000000000000000000000000000264f770b01a04eb74a09806000000000064f770b01a04eb74a098060000000000000000000000000000000000000000000000000000000000000000000000000256eb807018070000000000000000000056eb8070180700000000000000000000000000000000000000000000000000000000000000000000000000000000000257eb70f099030000000000000000000057eb70f099030000000000000000000000000000000000000000000000000000000000000000000000000000000000
[12:11:31.496546] EP OUT 0x03 len=0 
[12:11:31.504378] EP OUT 0x03 len=0 
[12:11:31.507260] EP IN  0x81 len=64 0975200000008d07865e68823100001e6b3b000c007ca4250198e9e00078239c9a8480ff30f3440ad0082c0cfafe000000000000000000000000000000000000
[12:11:31.509025] EP OUT 0x03 len=0 
[12:11:31.511592] EP OUT 0x03 len=0 
[12:11:31.513849] EP OUT 0x03 len=0 
[12:11:31.519285] EP IN  0x81 len=64 0976200000008d07865e68823000001e6f4b000c00d0a9250152eae000ab249c3ab17dfff01b390a901dd30bfafe000000000000000000000000000000000000
[12:11:31.520920] EP OUT 0x01 len=256 0976200000008d07865e68823000001e6f4b000c00d0a9250152eae000ab249c3ab17dfff01b390a901dd30bfafe0000000000000000000000000000000000000269eb60c05a07c10cd1d9070000000000691049c0da28c18cd4d92b000000000000000000000000000000000000000000000000000000000000000000000000025b19d9009a04000000000000000000005b1901049a190000000000000000000000000000000000000000000000000000000000000000000000000000000000025c2279305a02000000000000000000005c225932da0a0000000000000000000000000000000000000000000000000000000000000000000000000000000000
[12:11:31.536514] EP OUT 0x03 len=0 
[12:11:31.539306] EP IN  0x81 len=64 0979200400008df7855e68823800001e7b4b000c0064d9250125fce0004d1f9ccf4ca2ff40c8f9093079a40bf8fe000000000000000000000000000000000000
[12:11:31.541008] EP OUT 0x03 len=0 
[12:11:31.543781] EP OUT 0x03 len=0 
[12:11:31.545940] EP OUT 0x03 len=0 
[12:11:31.551283] EP IN  0x81 len=64 097e200400008ef7855e58823100001e8e4b000c0008cd25019219e100cd129cc08169ff1024810a10ddb10bf7fe000000000000000000000000000000000000
[12:11:31.552757] EP OUT 0x03 len=0 
[12:11:31.555293] EP IN  0x81 len=64 0981200400008df7855e68823800001e993b000c00926f25016a0be100760e9c9ec58dffb031930a202a410cfafe000000000000000000000000000000000000
[12:11:31.557212] EP OUT 0x01 len=256 0981200400008df7855e68823800001e993b000c00926f25016a0be100760e9c9ec58dffb031930a202a410cfafe000000000000000000000000000000000000026ee508a0d801f408b0570100000000006e1c59409c05f848005a020000000000000000000000000000000000000000000000000000000000000000000000000250e500501a000000000000000000000050e50840190200000000000000000000000000000000000000000000000000000000000000000000000000000000000251e500a0180000000000000000000000513d19e058010000000000000000000000000000000000000000000000000000000000000000000000000000000000
[12:11:31.572537] EP OUT 0x03 len=0 
[12:11:31.580350] EP OUT 0x03 len=0 
[12:11:31.583221] EP IN  0x81 len=64 0988200400008df7855d68823100001eb43b000c0050fc240149d3e00021029c7cad75ffe08cf809b0630b0dfafe000000000000000000000000000000000000
[12:11:31.584737] EP OUT 0x03 len=0 
[12:11:31.587029] EP OUT 0x03 len=0 
[12:11:31.591290] EP IN  0x81 len=64 0989200400008d07865e68823000001eb84b000c009c15250163d1e000ae009c7abe2fff309e750a10952e0df6fe000000000000000000000000000000000000
[12:11:31.593091] EP OUT 0x01 len=256 0989200400008d07865e68823000001eb84b000c009c15250163d1e000ae009c7abe2fff309e750a10952e0df6fe0000000000000000000000000000000000000263e500501b005801c01a000000000000633d19501b025831c09a03000000000000000000000000000000000000000000000000000000000000000000000000025552314019030000000000000000000055523541590f000000000000000000000000000000000000000000000000000000000000000000000000000000000002563d31301a0700000000000000000000563d09319a270000000000000000000000000000000000000000000000000000000000000000000000000000000000
[12:11:31.608529] EP OUT 0x03 len=0 
[12:11:31.616331] EP OUT 0x03 len=0 
[12:11:31.619219] EP IN  0x81 len=64 0991200400008d07865e68823100001ed74b000c0084ce25013ed2e000e9159cda8b8cffe01e540a6063ce0cf0fe000000000000000000000000000000000000
[12:11:31.620808] EP OUT 0x03 len=0 
[12:11:31.623416] EP OUT 0x03 len=0 
[12:11:31.625421] EP OUT 0x03 len=0 
[12:11:31.632539] EP OUT 0x01 len=256 0991200400008d07865e68823100001ed74b000c0084ce25013ed2e000e9159cda8b8cffe01e540a6063ce0cf0fe00000000000000000000000000000000000002696759305a07523dc09a0200000000006967f5319a285249c1da0b000000000000000000000000000000000000000000000000000000000000000000000000025b523dc09a02000000000000000000005b5249c1da0b0000000000000000000000000000000000000000000000000000000000000000000000000000000000025c5829109900000000000000000000005c58c11059030000000000000000000000000000000000000000000000000000000000000000000000000000000000
[12:11:31.648537] EP OUT 0x03 len=0 
[12:11:31.655941] EP OUT 0x03 len=0 
[12:11:31.662788] EP OUT 0x03 len=0 
[12:11:31.667311] EP IN  0x81 len=64 099a200000008de7855e68823200001efa4b000c0044aa250186fce000792b9ca4a87cff502a430a9053060cf2fe000000000000000000000000000000000000
[12:11:31.669190] EP OUT 0x01 len=256 099a200000008de7855e68823200001efa4b000c0044aa250186fce000792b9ca4a87cff502a430a9053060cf2fe000000000000000000000000000000000000026f4c01e018004c01b01b0000000000006f4c29e018024c29b09b0000000000000000000000000000000000000000000000000000000000000000000000000002514c01b01b0000000000000000000000514c29b09b00000000000000000000000000000000000000000000000000000000000000000000000000000000000002523d01101c0000000000000000000000523d01101c000000000000000000000000000000000000000000000000000000000000000000000000000000000000
[12:11:31.684488] EP OUT 0x03 len=0 
[12:11:31.691891] EP OUT 0x03 len=0 
[12:11:31.695246] EP IN  0x81 len=64 09a3200000008ed7855e58823200001e1c4c000c00407b2501cae8e000a5219c5e466cff10e6260ac0143f0cf8fe000000000000000000000000000000000000
[12:11:31.697143] EP OUT 0x03 len=0 
[12:11:31.699663] EP OUT 0x03 len=0 
[12:11:31.701559] EP OUT 0x03 len=0 
[12:11:31.707308] EP IN  0x81 len=64 09a5200000008ed7855e58823000001e244c000c00886d250154dde000791f9c4aca70ff80a1410a7003ac0cf8fe000000000000000000000000000000000000
[12:11:31.709144] EP OUT 0x01 len=256 09a5200000008ed7855e58823000001e244c000c00886d250154dde000791f9c4aca70ff80a1410a7003ac0cf8fe00000000000000000000000000000000000002655201601a006401c01a000000000000655225609a006401c01a0000000000000000000000000000000000000000000000000000000000000000000000000002575e01201b0000000000000000000000575e01201b00000000000000000000000000000000000000000000000000000000000000000000000000000000000002585e01201b0000000000000000000000585e01201b000000000000000000000000000000000000000000000000000000000000000000000000000000000000
[12:11:31.724476] EP OUT 0x03 len=0 
[12:11:31.732024] EP OUT 0x01 len=0 
[12:11:31.732244] EP OUT 0x03 len=0 
[12:11:31.735284] EP IN  0x81 len=64 09ad200000008ed7855e68823200001e434c000c00b8e9250180aae000fc2f9c42a56fffa061f90920ef7d0bf2fe000000000000000000000000000000000000
[12:11:31.737009] EP OUT 0x01 len=0 
[12:11:31.737249] EP OUT 0x03 len=0 
[12:11:31.740156] EP OUT 0x03 len=0 
[12:11:31.742769] EP OUT 0x01 len=0 
[12:11:31.743016] EP OUT 0x03 len=0 
[12:11:31.747318] EP IN  0x81 len=64 09af200400008dd7855e68823000001e4a4c000c00b8dc25012ec1e000f32b9ca77499ffe096cd09e0c68e0bf7fe000000000000000000000000000000000000
[12:11:31.749013] EP OUT 0x03 len=0 
[12:11:31.751574] EP OUT 0x03 len=0 
[12:11:31.753829] EP OUT 0x03 len=0 
[12:11:31.759281] EP IN  0x81 len=64 09b2200400008dd7855e58823800001e564c000c00aea0250196e7e0004e229c883c4bff2072440ab0751c0bf7fe000000000000000000000000000000000000
[12:11:31.760999] EP OUT 0x03 len=0 
[12:11:31.768558] EP OUT 0x01 len=256 09b2200400008dd7855e58823800001e564c000c00aea0250196e7e0004e229c883c4bff2072440ab0751c0bf7fe000000000000000000000000000000000000025b3909501a05000000000000000000005b3909501a050000000000000000000000000000000000000000000000000000000000000000000000000000000000025c3909501a05000000000000000000005c3909501a050000000000000000000000000000000000000000000000000000000000000000000000000000000000025d7529809a06000000000000000000005d7529809a060000000000000000000000000000000000000000000000000000000000000000000000000000000000
[12:11:31.784598] EP OUT 0x03 len=0 
[12:11:31.787280] EP IN  0x81 len=64 09b7200400008de7855e58823800001e694c000c0022cb2401a5c2e0001f1f9c38e86bffb09caf0a50cca00cfbfe000000000000000000000000000000000000
[12:11:31.789335] EP OUT 0x03 len=0 
[12:11:31.792179] EP OUT 0x03 len=0 
[12:11:31.794873] EP OUT 0x03 len=0 
[12:11:31.799273] EP IN  0x81 len=64 09bc200400008dd7855f68823100001e7c4c000c00948424018b80e000f0169cd8f86bffd013500ad039280df3fe000000000000000000000000000000000000
[12:11:31.801286] EP OUT 0x03 len=0 
[12:11:31.804192] EP OUT 0x03 len=0 
[12:11:31.807125] EP OUT 0x01 len=256 09bc200400008dd7855f68823100001e7c4c000c00948424018b80e000f0169cd8f86bffd013500ad039280df3fe00000000000000000000000000000000000002600945809a06f780b01a030000000000600945809a06f780b01a030000000000000000000000000000000000000000000000000000000000000000000000000252f79400d9020000000000000000000052f79400d90200000000000000000000000000000000000000000000000000000000000000000000000000000000000253f79400d9020000000000000000000053f79400d9020000000000000000000000000000000000000000000000000000000000000000000000000000000000
[12:11:31.824500] EP OUT 0x03 len=0 
[12:11:31.827305] EP IN  0x81 len=64 09c4200400008de7855e58823000001e9b4c000c00682d2501ce5ce000682b9ccd16b2ff607e5a0a502c2b0deffe000000000000000000000000000000000000
[12:11:31.828998] EP OUT 0x03 len=0 
[12:11:31.831645] EP OUT 0x03 len=0 
[12:11:31.833826] EP OUT 0x03 len=0 
[12:11:31.839309] EP IN  0x81 len=64 09c6200400008dd7855e68823200001ea34c000c00fc682501535ce00070369ce312aaff6079520a10b7060deffe000000000000000000000000000000000000
[12:11:31.841003] EP OUT 0x03 len=0 
[12:11:31.848366] EP OUT 0x01 len=256 09c6200400008dd7855e68823200001ea34c000c00fc682501535ce00070369ce312aaff6079520a10b7060deffe0000000000000000000000000000000000000266ee78c0cd11c18ce49a28000000000066ee78201a04c10ce15a0700000000000000000000000000000000000000000000000000000000000000000000000002582a3114db1800000000000000000000582ad5109b04000000000000000000000000000000000000000000000000000000000000000000000000000000000002592a3114db1800000000000000000000592ad5109b040000000000000000000000000000000000000000000000000000000000000000000000000000000000
[12:11:31.864531] EP OUT 0x03 len=0 
[12:11:31.871838] EP OUT 0x03 len=0 
[12:11:31.878932] EP OUT 0x03 len=0 
[12:11:31.883209] EP IN  0x81 len=64 09d0200000008de7855e68823200001ec94c000c000ce725012692e000c1629c4b28d8ffb0cd280a705c330cf7fe000000000000000000000000000000000000
[12:11:31.884754] EP OUT 0x01 len=256 09d0200000008de7855e68823200001ec94c000c000ce725012692e000c1629c4b28d8ffb0cd280a705c330cf7fe000000000000000000000000000000000000026c2d55509d060939105b0200000000006ceb54c01602e800801a00000000000000000000000000000000000000000000000000000000000000000000000000025ef74450da01000000000000000000005ef744e057010000000000000000000000000000000000000000000000000000000000000000000000000000000000025ff74450da01000000000000000000005ff744e057010000000000000000000000000000000000000000000000000000000000000000000000000000000000
[12:11:31.900517] EP OUT 0x03 len=0 
[12:11:31.908058] EP OUT 0x03 len=0 
[12:11:31.911303] EP IN  0x81 len=64 09d9200000008ed7855e68823100001eeb3c000c0084b826012ec8e0003a659c3d6e88ff906bec09b05f400df4fe000000000000000000000000000000000000
[12:11:31.913118] EP OUT 0x03 len=0 
[12:11:31.915777] EP OUT 0x03 len=0 
[12:11:31.918043] EP OUT 0x03 len=0 
[12:11:31.923305] EP IN  0x81 len=64 09db200000008dd7855e68823000001ef34c000c00dc4a270145c1e000a9769c0c680f00800bd10a103efa0cf4fe000000000000000000000000000000000000
[12:11:31.925042] EP OUT 0x01 len=256 09db200000008dd7855e68823000001ef34c000c00dc4a270145c1e000a9769c0c680f00800bd10a103efa0cf4fe00000000000000000000000000000000000002624e19609c026939d0db03000000000062ee009019006901d01b0000000000000000000000000000000000000000000000000000000000000000000000000002546389519a0d0000000000000000000054633d50da02000000000000000000000000000000000000000000000000000000000000000000000000000000000002554e39415b2600000000000000000000554e39401b070000000000000000000000000000000000000000000000000000000000000000000000000000000000
[12:11:31.940561] EP OUT 0x03 len=0 
[12:11:31.948021] EP OUT 0x03 len=0 
[12:11:31.951296] EP IN  0x81 len=64 09e3200400008ee7855e68823100001e124d000c0058e82701df5fe10014889cfc1262ffb03f920ac094060bf1fe000000000000000000000000000000000000
[12:11:31.953047] EP OUT 0x03 len=0 
[12:11:31.955600] EP OUT 0x03 len=0 
[12:11:31.959299] EP IN  0x81 len=64 09e5200400008dd7855d68823000001e1a4d000c001c962701f084e10086919c365075ff7016cb0ae06d3b0bf6fe000000000000000000000000000000000000
[12:11:31.960876] EP OUT 0x01 len=256 09e5200400008dd7855d68823000001e1a4d000c001c962701f084e10086919c365075ff7016cb0ae06d3b0bf6fe00000000000000000000000000000000000002674e75411b2763a1d11b0c0000000000674e45401b076349d01b03000000000000000000000000000000000000000000000000000000000000000000000000025969f5201a0300000000000000000000596931209a000000000000000000000000000000000000000000000000000000000000000000000000000000000000025a4e45b05a05000000000000000000005a4e01b01a000000000000000000000000000000000000000000000000000000000000000000000000000000000000
[12:11:31.976572] EP OUT 0x03 len=0 
[12:11:31.984419] EP OUT 0x03 len=0 
[12:11:31.987301] EP IN  0x81 len=64 09ed200400008dd7855e68823100001e384d000c003065260193a2e100f8969cb8ed7cff40fea80ae0266b0cf4fe000000000000000000000000000000000000
[12:11:31.989178] EP OUT 0x03 len=0 
[12:11:31.991728] EP OUT 0x03 len=0 
[12:11:31.994089] EP OUT 0x03 len=0 
[12:11:31.999297] EP IN  0x81 len=64 09ee200400008ed7855e68823000001e3a2d000c00d4592601e6a3e1007b969c962474ffa00d8e0ae092730cf2fe000000000000000000000000000000000000
[12:11:32.000851] EP OUT 0x01 len=256 09ee200400008ed7855e68823000001e3a2d000c00d4592601e6a3e1007b969c962474ffa00d8e0ae092730cf2fe000000000000000000000000000000000000026c5d31f0d9016335f0590100000000006c5d01f019006301f01900000000000000000000000000000000000000000000000000000000000000000000000000025e5d31c09c00000000000000000000005e5d01c01c000000000000000000000000000000000000000000000000000000000000000000000000000000000000025f4e01201d00000000000000000000005f4e01201d000000000000000000000000000000000000000000000000000000000000000000000000000000000000
[12:11:32.016491] EP OUT 0x03 len=0 
[12:11:32.019278] EP IN  0x81 len=64 09f1200400008dd7855e68823800001e462d000c00581d26018ab3e10012979c0391b1ff807ac50a0092b30cf2fe000000000000000000000000000000000000
[12:11:32.020866] EP OUT 0x03 len=0 
[12:11:32.023702] EP OUT 0x03 len=0 
[12:11:32.025629] EP OUT 0x03 len=0 
[12:11:32.031321] EP IN  0x81 len=64 09f6200400008dd7855e68823100001e592d000c0098fb250177e4e100609d9cbf00eeff40db9c0a501e2d0dfbfe000000000000000000000000000000000000
[12:11:32.032852] EP OUT 0x03 len=0 
[12:11:32.035281] EP IN  0x81 len=64 09f9200400008dd7855f68823800001e663d000c008a5b2601d300e20062b29c9b01d6fff0fa670a406e300dfbfe000000000000000000000000000000000000
[12:11:32.036912] EP OUT 0x01 len=256 09f9200400008dd7855f68823800001e663d000c008a5b2601d300e20062b29c9b01d6fff0fa670a406e300dfbfe00000000000000000000000000000000000002616921c09c007501d01b000000000000616901c01c007501d01b0000000000000000000000000000000000000000000000000000000000000000000000000002536f01301c0000000000000000000000536f01301c00000000000000000000000000000000000000000000000000000000000000000000000000000000000002546f01f0190000000000000000000000546f01f019000000000000000000000000000000000000000000000000000000000000000000000000000000000000
[12:11:32.052527] EP OUT 0x03 len=0 
[12:11:32.055049] EP OUT 0x03 len=0 
[12:11:32.059289] EP IN  0x81 len=64 09ff200400008ed7855e68823100001e7e4d000c00a6722701fd4de20029e69c70c66aff40fa1e0af004860cf7fe000000000000000000000000000000000000
[12:11:32.061147] EP OUT 0x01 len=0 
[12:11:32.061407] EP OUT 0x03 len=0 
[12:11:32.064212] EP OUT 0x03 len=0 
[12:11:32.067286] EP IN  0x81 len=64 0900200400008dd7855e68823100001e7f1d000c00a07a2701d752e20023e89cb4175fff8080210a502a6c0cf7fe000000000000000000000000000000000000
[12:11:32.068721] EP OUT 0x03 len=0 
[12:11:32.070657] EP OUT 0x03 len=0 
[12:11:32.072932] EP OUT 0x03 len=0 
[12:11:32.080327] EP OUT 0x01 len=192 0900200400008dd7855e68823100001e7f1d000c00a07a2701d752e20023e89cb4175fff8080210a502a6c0cf7fe00000000000000000000000000000000000002676925c099066f31509a070000000000676925c099066f31509a0700000000000000000000000000000000000000000000000000000000000000000000000002593021a0d80800000000000000000000593021a0d8080000000000000000000000000000000000000000000000000000000000000000000000000000000000
[12:11:32.092467] EP OUT 0x03 len=0 
[12:11:32.099895] EP OUT 0x03 len=0 
[12:11:32.107262] EP OUT 0x03 len=0 
[12:11:32.111289] EP IN  0x81 len=64 090c200000008dd7855e58823800001eaf3d000c003499290168eee200b73a9dc4a86aff20f48b0af056a80bf7fe000000000000000000000000000000000000
[12:11:32.113066] EP OUT 0x01 len=256 090c200000008dd7855e58823800001eaf3d000c003499290168eee200b73a9dc4a86aff20f48b0af056a80bf7fe000000000000000000000000000000000000026b215dc0d906eb8840980200000000006b215dc0d906eb88409802000000000000000000000000000000000000000000000000000000000000000000000000025de27810d806000000000000000000005de27810d8060000000000000000000000000000000000000000000000000000000000000000000000000000000000025ee284e09707000000000000000000005ee284e097070000000000000000000000000000000000000000000000000000000000000000000000000000000000
[12:11:32.128475] EP OUT 0x03 len=0 
[12:11:32.136140] EP OUT 0x03 len=0 
[12:11:32.139229] EP IN  0x81 len=64 0912200000008ee7855e68823200001ec63d000c002cf32a018c69e20062669d077780ff600fc80af0ce290cf9fe000000000000000000000000000000000000
[12:11:32.140769] EP OUT 0x03 len=0 
[12:11:32.142829] EP OUT 0x03 len=0 
[12:11:32.144792] EP OUT 0x03 len=0 
[12:11:32.151992] EP OUT 0x01 len=256 0912200000008ee7855e68823200001ec63d000c002cf32a018c69e20062669d077780ff600fc80af0ce290cf9fe0000000000000000000000000000000000000261e264609d08cb1071dc070000000000613a41601d28cbac741c280000000000000000000000000000000000000000000000000000000000000000000000000253cbf070dc070000000000000000000053cbf8731c280000000000000000000000000000000000000000000000000000000000000000000000000000000000025443e1a05c05000000000000000000005443d5a5dc180000000000000000000000000000000000000000000000000000000000000000000000000000000000
[12:11:32.168539] EP OUT 0x03 len=0 
[12:11:32.175946] EP OUT 0x03 len=0 
[12:11:32.183097] EP OUT 0x03 len=0 
[12:11:32.187315] EP IN  0x81 len=64 091e200400008de7855e68823000001ef54d000c002a042a01d9d7e000e1999de2e26cff3065d00aa0d79d0bf1fe000000000000000000000000000000000000
[12:11:32.189191] EP OUT 0x01 len=256 091e200400008de7855e68823000001ef54d000c002a042a01d9d7e000e1999de2e26cff3065d00aa0d79d0bf1fe0000000000000000000000000000000000000267dc0810d801eb08205701000000000067465de01e07222da05c030000000000000000000000000000000000000000000000000000000000000000000000000259eb082057010000000000000000000059222da05c030000000000000000000000000000000000000000000000000000000000000000000000000000000000025adc08c05901000000000000000000005adc08e05b020000000000000000000000000000000000000000000000000000000000000000000000000000000000
[12:11:32.204546] EP OUT 0x03 len=0 
[12:11:32.212294] EP OUT 0x03 len=0 
[12:11:32.215212] EP IN  0x81 len=64 0926200400008dd7855e68823100001e112e000c003e112801b4dbdf003ca39d9ba4b9ff70a29a0ad059800dfbfe000000000000000000000000000000000000
[12:11:32.216792] EP OUT 0x03 len=0 
[12:11:32.218976] EP OUT 0x03 len=0 
[12:11:32.223319] EP IN  0x81 len=64 0927200400008dd7855f68823000001e154e000c00b408280187c5df00dca49d808c97ff6023fc0a308a910dfbfe000000000000000000000000000000000000
[12:11:32.225035] EP OUT 0x01 len=256 0927200400008dd7855f68823000001e154e000c00b408280187c5df00dca49d808c97ff6023fc0a308a910dfbfe000000000000000000000000000000000000026ddc00f01d008201601d0000000000006d6721f09d008235601d05000000000000000000000000000000000000000000000000000000000000000000000000025f7c3de05b03000000000000000000005f7c8de19b0d000000000000000000000000000000000000000000000000000000000000000000000000000000000002507c3de05b0300000000000000000000507c4de19b0d0000000000000000000000000000000000000000000000000000000000000000000000000000000000
[12:11:32.240536] EP OUT 0x03 len=0 
[12:11:32.243288] EP IN  0x81 len=64 0929200400008de7855e68823800001e1d2e000c004a162801969bdf00f6a69d3e7ca0ff70da860a209a600dfbfe000000000000000000000000000000000000
[12:11:32.245160] EP OUT 0x03 len=0 
[12:11:32.247772] EP OUT 0x03 len=0 
[12:11:32.251222] EP IN  0x81 len=64 092e200400008de7855e68823100001e302e000c001ec52801be5cdf0011b89da555c0ff504a2a0ab046cb0cf7fe000000000000000000000000000000000000
[12:11:32.252838] EP OUT 0x03 len=0 
[12:11:32.255019] EP OUT 0x03 len=0 
[12:11:32.259293] EP IN  0x81 len=64 0930200400008dd7855e68823000001e382e000c0058272901a448df00e7be9d81dabeff70404e0a1053990cf6fe000000000000000000000000000000000000
[12:11:32.261014] EP OUT 0x01 len=256 0930200400008dd7855e68823000001e382e000c0058272901a448df00e7be9d81dabeff70404e0a1053990cf6fe00000000000000000000000000000000000002636759d0dc078e55809b050000000000636701d21c278ed9819b1c00000000000000000000000000000000000000000000000000000000000000000000000002557c4d601d0400000000000000000000557ca561dd0c00000000000000000000000000000000000000000000000000000000000000000000000000000000000256822db09b00000000000000000000005682ddb05b030000000000000000000000000000000000000000000000000000000000000000000000000000000000
[12:11:32.276554] EP OUT 0x03 len=0 
[12:11:32.284226] EP OUT 0x03 len=0 
[12:11:32.287227] EP IN  0x81 len=64 0938200400008ed7855f58823100001e562e000c00c8292b019cccde008dd19d3240edff308a810ac004650cf5fe000000000000000000000000000000000000
[12:11:32.289031] EP OUT 0x03 len=0 
[12:11:32.291570] EP OUT 0x03 len=0 
[12:11:32.295262] EP IN  0x81 len=64 0939200400008dd7855e68823000001e5a4e000c006e8b2b01cab4de005bd49dfa73e0ff006e970ac0c1550cf7fe000000000000000000000000000000000000
[12:11:32.297222] EP OUT 0x01 len=256 0939200400008dd7855e68823000001e5a4e000c006e8b2b01cab4de005bd49dfa73e0ff006e970ac0c1550cf7fe00000000000000000000000000000000000002687c01101c007c01801b000000000000687c3910dc027c21805b02000000000000000000000000000000000000000000000000000000000000000000000000025a7c01801b00000000000000000000005a7c39809b000000000000000000000000000000000000000000000000000000000000000000000000000000000000025b7601501e00000000000000000000005b7639509e000000000000000000000000000000000000000000000000000000000000000000000000000000000000
[12:11:32.312522] EP OUT 0x03 len=0 
[12:11:32.320297] EP OUT 0x03 len=0 
[12:11:32.323212] EP IN  0x81 len=64 0941200000008ee7855e68823100001e792e000c00f4412e0106f2dd006be59d15d8ceff9093bc0ad08fd10b00ff000000000000000000000000000000000000
[12:11:32.324740] EP OUT 0x03 len=0 
[12:11:32.326850] EP OUT 0x03 len=0 
[12:11:32.328929] EP OUT 0x03 len=0 
[12:11:32.336297] EP OUT 0x01 len=256 0941200000008ee7855e68823100001e792e000c00f4412e0106f2dd006be59d15d8ceff9093bc0ad08fd10b00ff000000000000000000000000000000000000026d8201c01d007001401c0000000000006d8215c09d007001401c00000000000000000000000000000000000000000000000000000000000000000000000000025f6701801e00000000000000000000005f6701801e00000000000000000000000000000000000000000000000000000000000000000000000000000000000002508e01601d0000000000000000000000508e01601d000000000000000000000000000000000000000000000000000000000000000000000000000000000000
[12:11:32.352521] EP OUT 0x03 len=0 
[12:11:32.359937] EP OUT 0x01 len=0 
[12:11:32.360186] EP OUT 0x03 len=0 
[12:11:32.367416] EP OUT 0x01 len=0 
[12:11:32.367633] EP OUT 0x03 len=0 
[12:11:32.371310] EP IN  0x81 len=64 094c200000008dd7855e68823000001ea54e000c001c08300117cfdc001da69dadabc4ff708b890a1093360cf9fe000000000000000000000000000000000000
[12:11:32.373115] EP OUT 0x01 len=0 
[12:11:32.373384] EP OUT 0x03 len=0 
[12:11:32.376103] EP OUT 0x03 len=0 
[12:11:32.379296] EP IN  0x81 len=64 094e200000008dd7855d68823800001eab2e000c00402e30018a98dc0063999da77fd3ffc06ba90af0323b0cf0fe000000000000000000000000000000000000
[12:11:32.381027] EP OUT 0x03 len=0 
[12:11:32.383593] EP OUT 0x03 len=0 
[12:11:32.385811] EP OUT 0x03 len=0 
[12:11:32.391276] EP IN  0x81 len=64 0950200000008de7855e58823800001eb21e000c00484d3001105cdc00fc899d6705daff906ac10a4032390cf0fe000000000000000000000000000000000000
[12:11:32.392864] EP OUT 0x03 len=0 
[12:11:32.399867] EP OUT 0x03 len=0 
[12:11:32.403280] EP IN  0x81 len=64 0953200000008ed7855e58823800001ebe2e000c003c5a3001a502dc00db6c9d639ae0ffc07ee20a809d280cf3fe000000000000000000000000000000000000
[12:11:32.404956] EP OUT 0x03 len=0 
[12:11:32.407594] EP OUT 0x03 len=0 
[12:11:32.411277] EP IN  0x81 len=64 0956200000008ee7855f68823800001ecb3e000c00e0183001a2aadb000e469de45e050020821d0b401ff00bfbfe000000000000000000000000000000000000
[12:11:32.412855] EP OUT 0x03 len=0 
[12:11:32.415587] EP OUT 0x03 len=0 
[12:11:32.417589] EP OUT 0x03 len=0 
[12:11:32.423297] EP IN  0x81 len=64 0958200000008ee7855f68823800001ed12e000c0058d62f01d581db003b309dae391600a0ac230b5073d10bfbfe000000000000000000000000000000000000
[12:11:32.424895] EP OUT 0x01 len=256 0958200000008ee7855f68823800001ed12e000c0058d62f01d581db003b309dae391600a0ac230b5073d10bfbfe00000000000000000000000000000000000002524e09b09a0100000000000000000000524e09b09a01000000000000000000000000000000000000000000000000000000000000000000000000000000000002533609201a0500000000000000000000533609201a0500000000000000000000000000000000000000000000000000000000000000000000000000000000000254722d509a060000000000000000000054722d509a060000000000000000000000000000000000000000000000000000000000000000000000000000000000
[12:11:32.440531] EP OUT 0x03 len=0 
[12:11:32.443289] EP IN  0x81 len=64 095b200000008dd7855f68823800001edd2e000c00d40e2f01d133db00fdff9cb2c71e0030d4fa0a00dba80bf9fe000000000000000000000000000000000000
[12:11:32.444776] EP OUT 0x03 len=0 
[12:11:32.447195] EP OUT 0x03 len=0 
[12:11:32.451309] EP IN  0x81 len=64 0960200000008ed7855e68823000001ef02e000c00844d2d01b3dbda0027ba9c2cc7fcfff0f4650a8053cf0bf9fe000000000000000000000000000000000000
[12:11:32.453035] EP OUT 0x03 len=0 
[12:11:32.455604] EP OUT 0x03 len=0 
[12:11:32.457695] EP OUT 0x03 len=0 
[12:11:32.463299] EP IN  0x81 len=64 0962200000008dd7855e58823800001ef82e000c0020a42c0182ceda001aa19c78cf110020655d0a705dfb0bf5fe000000000000000000000000000000000000
[12:11:32.465121] EP OUT 0x01 len=256 0962200000008dd7855e58823800001ef82e000c0020a42c0182ceda001aa19c78cf110020655d0a705dfb0bf5fe0000000000000000000000000000000000000266392130d90974add05d08000000000066392130d909f484801a0300000000000000000000000000000000000000000000000000000000000000000000000002589ebd159d4000000000000000000000589e09119d0c0000000000000000000000000000000000000000000000000000000000000000000000000000000000025995f1439d42000000000000000000005995b9401d0d0000000000000000000000000000000000000000000000000000000000000000000000000000000000
[12:11:32.480550] EP OUT 0x03 len=0 
[12:11:32.488001] EP OUT 0x03 len=0 
[12:11:32.491282] EP IN  0x81 len=64 096a200000008dd7855d58823100001e184f000c003cc32a01883bdb00cc319c6bbcd6ff6087350a70f1e50cf7fe000000000000000000000000000000000000
[12:11:32.492831] EP OUT 0x03 len=0 
[12:11:32.495662] EP OUT 0x03 len=0 
[12:11:32.497924] EP OUT 0x03 len=0 
[12:11:32.503294] EP IN  0x81 len=64 096c200000008dd7855e68823000001e1e2f000c0084a42a012c66db009e239cd675bcffc08c140a3091f60cf4fe000000000000000000000000000000000000
[12:11:32.505171] EP OUT 0x01 len=256 096c200000008dd7855e68823000001e1e2f000c0084a42a012c66db009e239cd675bcffc08c140a3091f60cf4fe000000000000000000000000000000000000026b326586dc3453819a121b00000000006b322d811c0a53a991d205000000000000000000000000000000000000000000000000000000000000000000000000025d5c4d335536000000000000000000005d5c893095080000000000000000000000000000000000000000000000000000000000000000000000000000000000025e65f1069854000000000000000000005e652901180f0000000000000000000000000000000000000000000000000000000000000000000000000000000000
[12:11:32.520485] EP OUT 0x03 len=0 
[12:11:32.523304] EP IN  0x81 len=64 096f200000008dd7855d68823800001e291f000c00bcba2a01fabddb0078149cfe1378ff20850e0a901dcb0cf7fe000000000000000000000000000000000000
[12:11:32.525043] EP OUT 0x03 len=0 
[12:11:32.527606] EP OUT 0x03 len=0 
[12:11:32.529705] EP OUT 0x03 len=0 
[12:11:32.535315] EP IN  0x81 len=64 0974200000008ee7855e68823100001e3d2f000c0084ba2a017553dc00f2eb9bca150a0030733f0b700f7d0cf1fe000000000000000000000000000000000000
[12:11:32.536975] EP OUT 0x03 len=0 
[12:11:32.544263] EP OUT 0x01 len=256 0974200000008ee7855e68823100001e3d2f000c0084ba2a017553dc00f2eb9bca150a0030733f0b700f7d0cf1fe000000000000000000000000000000000000026047695096246899509a00000000000060e854505606e500501a0000000000000000000000000000000000000000000000000000000000000000000000000002526245a2942a00000000000000000000526265a0d405000000000000000000000000000000000000000000000000000000000000000000000000000000000002535f35f3951300000000000000000000535f89f095030000000000000000000000000000000000000000000000000000000000000000000000000000000000
[12:11:32.560424] EP OUT 0x03 len=0 
[12:11:32.567801] EP OUT 0x03 len=0 
[12:11:32.575138] EP OUT 0x03 len=0 
[12:11:32.579309] EP IN  0x81 len=64 0981200000008ed7855f68823800001e714f000c009a602801592bdf00edb39ae4c66afe50f2ac0bc0ccc80ef1fe000000000000000000000000000000000000
[12:11:32.581436] EP OUT 0x01 len=256 0981200000008ed7855f68823800001e714f000c009a602801592bdf00edb39ae4c66afe50f2ac0bc0ccc80ef1fe00000000000000000000000000000000000002654df9c5981c2f69719a490000000000654de5c018052f41705a0d000000000000000000000000000000000000000000000000000000000000000000000000025777bd3215640000000000000000000057777930150f00000000000000000000000000000000000000000000000000000000000000000000000000000000000258326562d815000000000000000000005832716018040000000000000000000000000000000000000000000000000000000000000000000000000000000000
[12:11:32.596541] EP OUT 0x03 len=0 
[12:11:32.604411] EP OUT 0x03 len=0 
[12:11:32.607283] EP IN  0x81 len=64 0988200000008de7855e58823100001e8a2f000c00b0f929014f3be200226999d08405fc107ce80b6017450ffcfe000000000000000000000000000000000000
[12:11:32.608742] EP OUT 0x03 len=0 
[12:11:32.610794] EP OUT 0x03 len=0 
[12:11:32.612942] EP OUT 0x03 len=0 
[12:11:32.620613] EP OUT 0x01 len=256 0988200000008de7855e58823100001e8a2f000c00b0f929014f3be200226999d08405fc107ce80b6017450ffcfe000000000000000000000000000000000000026a3871b253035c4920d90100000000006a386db093005c01201900000000000000000000000000000000000000000000000000000000000000000000000000025c2f29c01b02000000000000000000005c2f01c01b000000000000000000000000000000000000000000000000000000000000000000000000000000000000025d4d25909b00000000000000000000005d4d01901b000000000000000000000000000000000000000000000000000000000000000000000000000000000000
[12:11:32.636449] EP OUT 0x03 len=0 
[12:11:32.639290] EP IN  0x81 len=64 098c200000008dd7855f58823800001e992f000c0094132a013afbe200b7e198a8af3ff9a096260c60f2f10df6fe000000000000000000000000000000000000
[12:11:32.641077] EP OUT 0x03 len=0 
[12:11:32.643639] EP OUT 0x03 len=0 
[12:11:32.645737] EP OUT 0x03 len=0 
[12:11:32.651319] EP IN  0x81 len=64 0991200000008de7855e68823100001eac2f000c00248a2901c14be20070dd9940f0b2f740fad90d5083280ff7fe000000000000000000000000000000000000
[12:11:32.653217] EP OUT 0x03 len=0 
[12:11:32.659275] EP IN  0x81 len=64 0994200000008ee7855e68823800001eb82f000c0060ac2a017230e10017779b800b24f750b6240df045540ef2fe000000000000000000000000000000000000
[12:11:32.661486] EP OUT 0x01 len=256 0994200000008ee7855e68823800001eb82f000c0060ac2a017230e10017779b800b24f750b6240df045540ef2fe000000000000000000000000000000000000026fad51009b00ad11a11a1100000000006fad01001b00ad35a05a030000000000000000000000000000000000000000000000000000000000000000000000000251a101d01a000000000000000000000051a101d01a0000000000000000000000000000000000000000000000000000000000000000000000000000000000000252a175311b140000000000000000000052a14530db030000000000000000000000000000000000000000000000000000000000000000000000000000000000
[12:11:32.676495] EP OUT 0x03 len=0 
[12:11:32.683732] EP OUT 0x03 len=0 
[12:11:32.687345] EP IN  0x81 len=64 099b200000008ee7855f68823100001ed43f000c0090f72a012702dd00d452a0c00771f9c015c90ce0d9e10bf8fe000000000000000000000000000000000000
[12:11:32.689092] EP OUT 0x03 len=0 
[12:11:32.691596] EP OUT 0x03 len=0 
[12:11:32.693768] EP OUT 0x03 len=0 
[12:11:32.699313] EP IN  0x81 len=64 099d200000008dd7855e68823000001eda2f000c0030ce2a017e30dc00e176a100805afa3029970c20165b0bfafe000000000000000000000000000000000000
[12:11:32.701238] EP OUT 0x01 len=256 099d200000008dd7855e68823000001eda2f000c0030ce2a017e30dc00e176a100805afa3029970c20165b0bfafe0000000000000000000000000000000000000264b01da15a0fbc09b09905000000000064b039a01a03bc09b099010000000000000000000000000000000000000000000000000000000000000000000000000256b3e59098040000000000000000000056b33190580100000000000000000000000000000000000000000000000000000000000000000000000000000000000257c5115199000000000000000000000057c53d5099000000000000000000000000000000000000000000000000000000000000000000000000000000000000
[12:11:32.716506] EP OUT 0x03 len=0 
[12:11:32.724063] EP OUT 0x03 len=0 
[12:11:32.727298] EP IN  0x81 len=64 09a5200000008dd7855f68823100001efb4f000c00e4722801d28bda00ff39a7067a06fe60a1dc0b3073620afcfe000000000000000000000000000000000000
[12:11:32.728881] EP OUT 0x03 len=0 
[12:11:32.731682] EP OUT 0x03 len=0 
[12:11:32.733978] EP OUT 0x03 len=0 
[12:11:32.739313] EP IN  0x81 len=64 09a7200000008de7855e58823000001e0120000c00f0e527013cd6da008630a8de80c9fe60d5b00b1010520afcfe000000000000000000000000000000000000
[12:11:32.741170] EP OUT 0x01 len=256 09a7200000008de7855e58823000001e0120000c00f0e527013cd6da008630a8de80c9fe60d5b00b1010520afcfe0000000000000000000000000000000000000269b60d81dc04ec01201900000000000069b639809c00ec01201900000000000000000000000000000000000000000000000000000000000000000000000000025bd77d01d805000000000000000000005bd7610098010000000000000000000000000000000000000000000000000000000000000000000000000000000000025cc565009800000000000000000000005cc5010018000000000000000000000000000000000000000000000000000000000000000000000000000000000000
[12:11:32.756551] EP OUT 0x03 len=0 
[12:11:32.759281] EP IN  0x81 len=64 09aa200000008de7855e58823800001e0c20000c007c9a26017a9cdb00eae5a9584dc2ff40cb390bd07b3d0af6fe000000000000000000000000000000000000
[12:11:32.760776] EP OUT 0x03 len=0 
[12:11:32.763042] EP OUT 0x03 len=0 
[12:11:32.767302] EP IN  0x81 len=64 09af200000008ee7855e68823100001e1f20000c0070462201ddcfdc00abc4acfc51e30090658b0a0040ae0af1fe000000000000000000000000000000000000
[12:11:32.769202] EP OUT 0x03 len=0 
[12:11:32.771950] EP OUT 0x03 len=0 
[12:11:32.775303] EP IN  0x81 len=64 09b1200000008ed7855e58823000001e2740000c0054ab1f01a50add00cc14aefc397401d045670a20fcfb0af2fe000000000000000000000000000000000000
[12:11:32.777435] EP OUT 0x01 len=256 09b1200000008ed7855e58823000001e2740000c0054ab1f01a50add00cc14aefc397401d045670a20fcfb0af2fe000000000000000000000000000000000000026ee901f01b00b901a11a0c00000000006ee901f01b00b939a09a020000000000000000000000000000000000000000000000000000000000000000000000000250d109605b0e0000000000000000000050d109601b0300000000000000000000000000000000000000000000000000000000000000000000000000000000000251c545f1db070000000000000000000051c545f05b020000000000000000000000000000000000000000000000000000000000000000000000000000000000
[12:11:32.792499] EP OUT 0x03 len=0 
[12:11:32.799289] EP IN  0x81 len=64 09b8200000008de7855e58823100001e4440000c0088ac1401f0f6db00f08bb318d93906a03a40085087250cf4fe000000000000000000000000000000000000
[12:11:32.800744] EP OUT 0x03 len=0 
[12:11:32.803227] EP IN  0x81 len=64 09b9200000008ed7855e68823100001e4620000c000415140116cedb0082f0b3a82abc06e843e207c07e080cf4fe000000000000000000000000000000000000
[12:11:32.804981] EP OUT 0x03 len=0 
[12:11:32.807316] EP OUT 0x03 len=0 
[12:11:32.809600] EP OUT 0x03 len=0 
[12:11:32.815288] EP IN  0x81 len=64 09ba200000008de7855e68823000001e4930000c00483b1301948cdb00ae86b4201d1e07682399071011e10bf1fe000000000000000000000000000000000000
[12:11:32.817027] EP OUT 0x01 len=256 09ba200000008de7855e68823000001e4930000c00483b1301948cdb00ae86b4201d1e07682399071011e10bf1fe0000000000000000000000000000000000000263d4f1309b07ec01701a00000000000063d44530db01ec01701a000000000000000000000000000000000000000000000000000000000000000000000000000255d709405d060000000000000000000055d701401d0000000000000000000000000000000000000000000000000000000000000000000000000000000000000256e671801c080000000000000000000056e609809c020000000000000000000000000000000000000000000000000000000000000000000000000000000000
[12:11:32.832456] EP OUT 0x03 len=0 
[12:11:32.835296] EP IN  0x81 len=64 09bd200000008de7855e68823800001e5520000c00780710015647da007ec4b680821409c89f59069052a70af1fe000000000000000000000000000000000000
[12:11:32.836764] EP OUT 0x03 len=0 
[12:11:32.839293] EP OUT 0x03 len=0 
[12:11:32.843312] EP IN  0x81 len=64 09c2200000008ed7855e68823100001e6820000c0068480a01c49ad700b4bab90046190ac8f9b20530d64209f7fe000000000000000000000000000000000000
[12:11:32.845193] EP OUT 0x03 len=0 
[12:11:32.847959] EP OUT 0x03 len=0 
[12:11:32.851289] EP IN  0x81 len=64 09c4200000008de7855e58823000001e7040000c005a880701267ad600d0c5ba406ffb09f86df905b0c31609f7fe000000000000000000000000000000000000
[12:11:32.853228] EP OUT 0x01 len=256 09c4200000008de7855e58823000001e7040000c005a880701267ad600d0c5ba406ffb09f86df905b0c31609f7fe0000000000000000000000000000000000000269e909b0dc05f20900db05000000000069e901b01c00f209009b01000000000000000000000000000000000000000000000000000000000000000000000000025bb949c09806000000000000000000005bb909c098010000000000000000000000000000000000000000000000000000000000000000000000000000000000025cd771b19900000000000000000000005cd75db099000000000000000000000000000000000000000000000000000000000000000000000000000000000000
[12:11:32.868496] EP OUT 0x03 len=0 
[12:11:32.876145] EP OUT 0x03 len=0 
[12:11:32.879302] EP IN  0x81 len=64 09cc200000008dd7855e68823100001e8f20000c00782bfb0070fad3002b6bbe60712409c040d60590a3bf09fbfe000000000000000000000000000000000000
[12:11:32.881016] EP OUT 0x03 len=0 
[12:11:32.883557] EP OUT 0x03 len=0 
[12:11:32.885741] EP OUT 0x03 len=0 
[12:11:32.891276] EP IN  0x81 len=64 09cd200000008cd7855e68823100001e9230000c001aebf900f0dad30083babec0662309f856b105a0aade09fbfe000000000000000000000000000000000000
[12:11:32.893007] EP OUT 0x01 len=256 09cd200000008cd7855e68823100001e9230000c001aebf900f0dad30083babec0662309f856b105a0aade09fbfe000000000000000000000000000000000000026fbf09509904c501701a0000000000006fbf09505901c501701a000000000000000000000000000000000000000000000000000000000000000000000000000251c501701a000000000000000000000051c501701a0000000000000000000000000000000000000000000000000000000000000000000000000000000000000252ec7d409a000000000000000000000052ec01401a000000000000000000000000000000000000000000000000000000000000000000000000000000000000
[12:11:32.908462] EP OUT 0x03 len=0 
[12:11:32.915817] EP OUT 0x03 len=0 
[12:11:32.919273] EP IN  0x81 len=64 09d5200000008de7855e68823200001eb340000c00a6c6ef000af1d20070dcc0e0202608d010ad041080140cf6fe000000000000000000000000000000000000
[12:11:32.920788] EP OUT 0x03 len=0 
[12:11:32.923313] EP OUT 0x03 len=0 
[12:11:32.927303] EP IN  0x81 len=64 09d7200000008dd7855e58823100001eb920000c00d615ef00e2edd20092f8c070568c07d04ff104e0003e0cf6fe000000000000000000000000000000000000
[12:11:32.929058] EP OUT 0x01 len=256 09d7200000008dd7855e58823100001eb920000c00d615ef00e2edd20092f8c070568c07d04ff104e0003e0cf6fe0000000000000000000000000000000000000265c501d01a00e0b9601b0b000000000065c501d01a00e009609b020000000000000000000000000000000000000000000000000000000000000000000000000257e0b9601b0b0000000000000000000057e009609b0200000000000000000000000000000000000000000000000000000000000000000000000000000000000258bc01501c000000000000000000000058bc01501c000000000000000000000000000000000000000000000000000000000000000000000000000000000000
[12:11:32.944518] EP OUT 0x03 len=0 
[12:11:32.946870] EP OUT 0x03 len=0 
[12:11:32.951266] EP IN  0x81 len=64 09de200000008dd7855e68823200001ed640000c00462cef00bff1d300951cc1e8acf50470288206f074dc0bf5fe000000000000000000000000000000000000
[12:11:32.952703] EP OUT 0x03 len=0 
[12:11:32.954953] EP OUT 0x03 len=0 
[12:11:32.959288] EP IN  0x81 len=64 09df200000008ee7855e68823100001ed710000c006a3eef005e02d400031ec1684cc404e0069c06c045b80bf9fe000000000000000000000000000000000000
[12:11:32.960951] EP OUT 0x03 len=0 
[12:11:32.963679] EP OUT 0x03 len=0 
[12:11:32.966425] EP OUT 0x01 len=256 09df200000008ee7855e68823100001ed710000c006a3eef005e02d400031ec1684cc404e0069c06c045b80bf9fe000000000000000000000000000000000000026bb609b0dc05e601d01a0000000000006bb601b01c00e601d01a00000000000000000000000000000000000000000000000000000000000000000000000000025de67db09c0a000000000000000000005de609b01c030000000000000000000000000000000000000000000000000000000000000000000000000000000000025ee67db09c0a000000000000000000005ee609b01c030000000000000000000000000000000000000000000000000000000000000000000000000000000000
[12:11:32.980531] EP OUT 0x03 len=0 
[12:11:32.983220] EP IN  0x81 len=64 09e6200000008dd7855f58823100001ef440000c0090a6ef00db22d600a3a6c114e9c303884896073097dc09f6fe000000000000000000000000000000000000
[12:11:32.984928] EP OUT 0x03 len=0 
[12:11:32.987238] EP OUT 0x03 len=0 
[12:11:32.989455] EP OUT 0x03 len=0 
[12:11:32.995287] EP IN  0x81 len=64 09e7200000008dd7855e68823100001ef620000c006a66ef00e63dd600d6bdc1d80eca03d8c7a10750e7a309f6fe000000000000000000000000000000000000
[12:11:32.996849] EP OUT 0x03 len=0 
[12:11:33.004137] EP OUT 0x01 len=256 09e7200000008dd7855e68823100001ef620000c006a66ef00e63dd600d6bdc1d80eca03d8c7a10750e7a309f6fe0000000000000000000000000000000000000261d7cdf09800c809e05c03000000000061d701f01800c801e01c000000000000000000000000000000000000000000000000000000000000000000000000000253cec500d8010000000000000000000053ce3900980000000000000000000000000000000000000000000000000000000000000000000000000000000000000254c5010018000000000000000000000054c5010018000000000000000000000000000000000000000000000000000000000000000000000000000000000000
[12:11:33.020423] EP OUT 0x03 len=0 
[12:11:33.027802] EP OUT 0x03 len=0 
[12:11:33.034921] EP OUT 0x03 len=0 
[12:11:33.039298] EP IN  0x81 len=64 09f4200000008de7855f68823800001e2a41000c0098c6d800293ad400f88ac6d08c2a0748841205e09c790bf7fe000000000000000000000000000000000000
[12:11:33.041097] EP OUT 0x01 len=256 09f4200000008de7855f68823800001e2a41000c0098c6d800293ad400f88ac6d08c2a0748841205e09c790bf7fe0000000000000000000000000000000000000266b601901800d401901800000000000066b601901800d4019018000000000000000000000000000000000000000000000000000000000000000000000000000258c549409a020000000000000000000058c501401a0000000000000000000000000000000000000000000000000000000000000000000000000000000000000259d775a09a010000000000000000000059d701a01a000000000000000000000000000000000000000000000000000000000000000000000000000000000000
[12:11:33.056524] EP OUT 0x03 len=0 
[12:11:33.064088] EP OUT 0x03 len=0 
[12:11:33.067273] EP IN  0x81 len=64 09fa200000008dd7855f68823100001e4141000c00ac25ce00c388d3009401c8f8d7f807a0813f04808aba0df9fe000000000000000000000000000000000000
[12:11:33.068751] EP OUT 0x03 len=0 
[12:11:33.071048] EP OUT 0x03 len=0 
[12:11:33.075312] EP IN  0x81 len=64 09fc200000008dd7855e58823000001e4721000c005215cc0051aad300b433c87844ff07588b2e04702a340ef9fe000000000000000000000000000000000000
[12:11:33.077190] EP OUT 0x01 len=256 09fc200000008dd7855e58823000001e4721000c005215cc0051aad300b433c87844ff07588b2e04702a340ef9fe000000000000000000000000000000000000026bc50980d901dd69509c0500000000006bc501801900dd01501c00000000000000000000000000000000000000000000000000000000000000000000000000025de309f09804000000000000000000005de309f058010000000000000000000000000000000000000000000000000000000000000000000000000000000000025edd01d01a00000000000000000000005edd01d01a000000000000000000000000000000000000000000000000000000000000000000000000000000000000
[12:11:33.092451] EP OUT 0x03 len=0 
[12:11:33.095056] EP OUT 0x03 len=0 
[12:11:33.099216] EP IN  0x81 len=64 0903200000008de7855d68823100001e6441000c0046fcc5000044d5006765c810fd070818b96204a0f3370ff7fe000000000000000000000000000000000000
[12:11:33.100667] EP OUT 0x03 len=0 
[12:11:33.102773] EP OUT 0x03 len=0 
[12:11:33.104806] EP OUT 0x03 len=0 
[12:11:33.111956] EP OUT 0x03 len=0 
[12:11:33.115230] EP IN  0x81 len=64 0904200000008dd7855e58823100001e6511000c002edfc5000355d500f662c860d100088859670480be440ff7fe000000000000000000000000000000000000
[12:11:33.116994] EP OUT 0x01 len=256 0904200000008dd7855e58823100001e6511000c002edfc5000355d500f662c860d100088859670480be440ff7fe0000000000000000000000000000000000000260d109909b04d701e01c00000000000060d101901b00d701e01c000000000000000000000000000000000000000000000000000000000000000000000000000252ec09105d050000000000000000000052ec01101d0000000000000000000000000000000000000000000000000000000000000000000000000000000000000253e609309b010000000000000000000053e601301b000000000000000000000000000000000000000000000000000000000000000000000000000000000000
[12:11:33.132456] EP OUT 0x03 len=0 
[12:11:33.139914] EP OUT 0x03 len=0 
[12:11:33.143292] EP IN  0x81 len=64 090d200000008de7855e68823100001e8a41000c003454c3005df3d60024c9c7e0b702076038220530e9210ff5fe000000000000000000000000000000000000
[12:11:33.144797] EP OUT 0x03 len=0 
[12:11:33.147211] EP OUT 0x03 len=0 
[12:11:33.151292] EP IN  0x81 len=64 090f200000008de7855f68823000001e9021000c000ef0c20040fdd600ecb9c718d5aa0658f85d05b08a170ff5fe000000000000000000000000000000000000
[12:11:33.153112] EP OUT 0x01 len=256 090f200000008de7855f68823000001e9021000c000ef0c20040fdd600ecb9c718d5aa0658f85d05b08a170ff5fe0000000000000000000000000000000000000266ce01c01b00c501401d00000000000066ce01c01b00c501401d000000000000000000000000000000000000000000000000000000000000000000000000000258b329d09a020000000000000000000058b301d01a0000000000000000000000000000000000000000000000000000000000000000000000000000000000000259bc09a09a020000000000000000000059bc01a01a000000000000000000000000000000000000000000000000000000000000000000000000000000000000
[12:11:33.168518] EP OUT 0x03 len=0 
[12:11:33.170954] EP OUT 0x03 len=0 
[12:11:33.175225] EP IN  0x81 len=64 0916200000008dd7855e58823200001eac31000c00acd2c000a995d600a8f8c7f82214069035a705b0adcb0ef8fe000000000000000000000000000000000000
[12:11:33.176663] EP OUT 0x03 len=0 
[12:11:33.178883] EP OUT 0x03 len=0 
[12:11:33.181037] EP OUT 0x03 len=0 
[12:11:33.188012] EP OUT 0x03 len=0 
[12:11:33.191273] EP IN  0x81 len=64 0917200000008cd7855e58823100001eae21000c007ca9c0002b89d6005403c820421d0650319f058043c40ef8fe000000000000000000000000000000000000
[12:11:33.193126] EP OUT 0x01 len=256 0917200000008cd7855e58823100001eae21000c007ca9c0002b89d6005403c820421d0650319f058043c40ef8fe000000000000000000000000000000000000026cb601e01900d709309b0200000000006cb601e01900d701301b00000000000000000000000000000000000000000000000000000000000000000000000000025ed709309b02000000000000000000005ed701301b000000000000000000000000000000000000000000000000000000000000000000000000000000000000025fcb0990d801000000000000000000005fcb019018000000000000000000000000000000000000000000000000000000000000000000000000000000000000
[12:11:33.208445] EP OUT 0x03 len=0 
[12:11:33.211199] EP IN  0x81 len=64 091b200000008dd7855e78823800001ebe21000c00e2b6bf000431d6003c55c870378506200557058064830e00ff000000000000000000000000000000000000
[12:11:33.212904] EP OUT 0x03 len=0 
[12:11:33.215522] EP OUT 0x03 len=0 
[12:11:33.217385] EP OUT 0x03 len=0 
[12:11:33.224293] EP OUT 0x03 len=0 
[12:11:33.227298] EP IN  0x81 len=64 0923200000008de7855e68823000001edc11000c005861bf006608d6007b64c8b8fcdb06683e1c05d0f6c60dfcfe000000000000000000000000000000000000
[12:11:33.229034] EP OUT 0x01 len=256 0923200000008de7855e68823000001edc11000c005861bf006608d6007b64c8b8fcdb06683e1c05d0f6c60dfcfe0000000000000000000000000000000000000262b62db09c00d701c01b00000000000062b601b01c00d701c01b000000000000000000000000000000000000000000000000000000000000000000000000000254d701c01b000000000000000000000054d701c01b0000000000000000000000000000000000000000000000000000000000000000000000000000000000000255e901b019000000000000000000000055e901b019000000000000000000000000000000000000000000000000000000000000000000000000000000000000
[12:11:33.244548] EP OUT 0x03 len=0 
[12:11:33.252152] EP OUT 0x01 len=0 
[12:11:33.252390] EP OUT 0x03 len=0 
[12:11:33.255325] EP IN  0x81 len=64 0929200000008dd7855f58823200001ef531000c00b8a3bf008963d6001efdc7386752062086dd051077a00df6fe000000000000000000000000000000000000
[12:11:33.257067] EP OUT 0x03 len=0 
[12:11:33.259689] EP OUT 0x03 len=0 
[12:11:33.261968] EP OUT 0x03 len=0 
[12:11:33.267305] EP IN  0x81 len=64 092b200000008de7855e68823000001efb21000c001aa8bf00327fd600dee9c780603b06b803fe0520e69e0df8fe000000000000000000000000000000000000
[12:11:33.269162] EP OUT 0x01 len=192 092b200000008de7855e68823000001efb21000c001aa8bf00327fd600dee9c780603b06b803fe0520e69e0df8fe0000000000000000000000000000000000000258e009f01b020000000000000000000058e001f01b0000000000000000000000000000000000000000000000000000000000000000000000000000000000000259d409f01b020000000000000000000059d401f01b000000000000000000000000000000000000000000000000000000000000000000000000000000000000
[12:11:33.280524] EP OUT 0x03 len=0 
[12:11:33.287944] EP OUT 0x03 len=0 
[12:11:33.291279] EP IN  0x81 len=64 0933200000008de7855e58823000001e1c42000c00da3bbf0055cad6002fb0c7e0540e0638633a06d0a67f0df3fe000000000000000000000000000000000000
[12:11:33.292795] EP OUT 0x03 len=0 
[12:11:33.294948] EP OUT 0x03 len=0 
[12:11:33.299284] EP IN  0x81 len=64 0934200000008ee7855f68823800001e1e22000c008829bf000bcbd600d0adc798430d06403341060061810df3fe000000000000000000000000000000000000
[12:11:33.301228] EP OUT 0x01 len=256 0934200000008ee7855f68823800001e1e22000c008829bf000bcbd600d0adc798430d06403341060061810df3fe000000000000000000000000000000000000026cdd01401d00d101701a0000000000006cdd01401d00d101701a00000000000000000000000000000000000000000000000000000000000000000000000000025ee001801900000000000000000000005ee0018019000000000000000000000000000000000000000000000000000000000000000000000000000000000000025fce01801c00000000000000000000005fce01801c000000000000000000000000000000000000000000000000000000000000000000000000000000000000
[12:11:33.316523] EP OUT 0x03 len=0 
[12:11:33.324463] EP OUT 0x01 len=64 0250b901d01a000000000000000000000050b901d01a000000000000000000000000000000000000000000000000000000000000000000000000000000000000
[12:11:33.328474] EP OUT 0x03 len=0 
[12:11:33.335676] EP OUT 0x03 len=0 
[12:11:33.342947] EP OUT 0x01 len=128 0251d101801c000000000000000000000051d101801c0000000000000000000000000000000000000000000000000000000000000000000000000000000000000262e90980d901b301c01b00000000000062e901801900b301c01b00000000000000000000000000000000000000000000000000000000000000000000000000
[12:11:33.348571] EP OUT 0x03 len=0 
[12:11:33.356643] EP OUT 0x03 len=0 
[12:11:33.364249] EP OUT 0x03 len=0 
[12:11:33.371704] EP OUT 0x01 len=256 0254b301101d000000000000000000000054b301101d0000000000000000000000000000000000000000000000000000000000000000000000000000000000000265b301401d00ce09709a01000000000065b301401d00ce01701a000000000000000000000000000000000000000000000000000000000000000000000000000257ce09709a010000000000000000000057ce01701a0000000000000000000000000000000000000000000000000000000000000000000000000000000000000258dd013018000000000000000000000058dd013018000000000000000000000000000000000000000000000000000000000000000000000000000000000000
[12:11:33.388570] EP OUT 0x03 len=0 
[12:11:33.391241] EP IN  0x81 len=64 0949200000008dd7855e68823800001e7042000c00360bb90028b2d600629cc7a8ac7c0538477f06f06a850ef5fe000000000000000000000000000000000000
[12:11:33.393066] EP OUT 0x03 len=0 
[12:11:33.396139] EP OUT 0x03 len=0 
[12:11:33.398958] EP OUT 0x03 len=0 
[12:11:33.403270] EP IN  0x81 len=64 094d200000008dd7855d68823200001e7e22000c007e80b700e902d70060adc7d8f4ad05c0fd530660fa220ff7fe000000000000000000000000000000000000
[12:11:33.405080] EP OUT 0x03 len=0 
[12:11:33.407690] EP OUT 0x03 len=0 
[12:11:33.409913] EP OUT 0x01 len=256 094d200000008dd7855d68823200001e7e22000c007e80b700e902d70060adc7d8f4ad05c0fd530660fa220ff7fe000000000000000000000000000000000000026bc835409a01b921e0990100000000006bc801401a00b901e01900000000000000000000000000000000000000000000000000000000000000000000000000025db921e09901000000000000000000005db901e019000000000000000000000000000000000000000000000000000000000000000000000000000000000000025eb921e09900000000000000000000005eb901e019000000000000000000000000000000000000000000000000000000000000000000000000000000000000
[12:11:33.424469] EP OUT 0x03 len=0 
[12:11:33.427301] EP IN  0x81 len=64 0955200000008ee7855d68823100001e9e42000c007ce1b4008e9cd70042fbc700aedd05805cd20570176b0ff7fe000000000000000000000000000000000000
[12:11:33.429028] EP OUT 0x03 len=0 
[12:11:33.431736] EP OUT 0x03 len=0 
[12:11:33.433893] EP OUT 0x03 len=0 
[12:11:33.439202] EP IN  0x81 len=64 0956200000008dd7855e58823200001ea022000c00ceb8b4007f9ad7006c03c8e881de055095cb05209d670ff7fe000000000000000000000000000000000000
[12:11:33.440698] EP OUT 0x03 len=0 
[12:11:33.443284] EP IN  0x81 len=64 0959200000008dd7855e68823000001eac22000c005eceb3007d70d700543ec830ccdb05681eb50520af6c0ff5fe000000000000000000000000000000000000
[12:11:33.445018] EP OUT 0x01 len=256 0959200000008dd7855e68823000001eac22000c005eceb3007d70d700543ec830ccdb05681eb50520af6c0ff5fe0000000000000000000000000000000000000261b319709a00b921009800000000000061b301701a00b9010018000000000000000000000000000000000000000000000000000000000000000000000000000253b61dd09a000000000000000000000053b601d01a0000000000000000000000000000000000000000000000000000000000000000000000000000000000000254b61dd09a000000000000000000000054b601d01a000000000000000000000000000000000000000000000000000000000000000000000000000000000000
[12:11:33.460580] EP OUT 0x03 len=0 
[12:11:33.467277] EP IN  0x81 len=64 095f200000008dd7855e58823100001ec542000c00a2bab20048e9d600d5c7c878eeb505a84f7805a0bc3e0ff5fe000000000000000000000000000000000000
[12:11:33.469212] EP OUT 0x03 len=0 
[12:11:33.475246] EP IN  0x81 len=64 0960200000008ee7855e68823100001ec722000c00eeb2b2007de2d60020d1c838cba50588de7305b0d62a0ff4fe000000000000000000000000000000000000
[12:11:33.477144] EP OUT 0x03 len=0 
[12:11:33.484081] EP OUT 0x01 len=256 0960200000008ee7855e68823100001ec722000c00eeb2b2007de2d60020d1c838cba50588de7305b0d62a0ff4fe0000000000000000000000000000000000000267b921f09800b301601b00000000000067b901f01800b301601b000000000000000000000000000000000000000000000000000000000000000000000000000259b901b019000000000000000000000059b901b019000000000000000000000000000000000000000000000000000000000000000000000000000000000000025ab901601b00000000000000000000005ab901601b000000000000000000000000000000000000000000000000000000000000000000000000000000000000
[12:11:33.500583] EP OUT 0x03 len=0 
[12:11:33.508549] EP OUT 0x03 len=0 
[12:11:33.515933] EP OUT 0x03 len=0 
[12:11:33.523961] EP OUT 0x01 len=192 025bc801f01b00000000000000000000005bc801f01b000000000000000000000000000000000000000000000000000000000000000000000000000000000000026cb301701a00cb01101a0000000000006cb301701a00cb01101a00000000000000000000000000000000000000000000000000000000000000000000000000025ecb01101a00000000000000000000005ecb01101a000000000000000000000000000000000000000000000000000000000000000000000000000000000000
[12:11:33.536525] EP OUT 0x03 len=0 
[12:11:33.544785] EP OUT 0x01 len=0 
[12:11:33.545065] EP OUT 0x03 len=0 
[12:11:33.551274] EP IN  0x81 len=64 0973200000008ee7855e68823100001e1023000c002298ac00c34cd400227ecbd88a170628ef7404d0851e0ff9fe000000000000000000000000000000000000
[12:11:33.553332] EP OUT 0x01 len=0 
[12:11:33.553583] EP OUT 0x03 len=0 
[12:11:33.559292] EP IN  0x81 len=64 0975200000008de7855d68823800001e1743000c00bc54ac004acfd300adc9cb30f23406185f650470a5fc0ef8fe000000000000000000000000000000000000
[12:11:33.560841] EP OUT 0x01 len=0 
[12:11:33.561057] EP OUT 0x03 len=0 
[12:11:33.568390] EP OUT 0x03 len=0 
[12:11:33.571297] EP IN  0x81 len=64 0979200000008de7855e68823800001e2743000c005452ac00afcfd200aa51cc08943106686a49048040970ef6fe000000000000000000000000000000000000
[12:11:33.572981] EP OUT 0x03 len=0 
[12:11:33.575767] EP OUT 0x03 len=0 
[12:11:33.578080] EP OUT 0x03 len=0 
[12:11:33.583276] EP IN  0x81 len=64 097a200000008ee7855e68823800001e2a33000c00346cac006eaad200cc64cc788a3206f0374d0410cc820ef9fe000000000000000000000000000000000000
[12:11:33.584895] EP OUT 0x03 len=0 
[12:11:33.591806] EP OUT 0x03 len=0 
[12:11:33.595293] EP IN  0x81 len=64 097d200000008de7855e58823800001e3623000c00d240ad00164ad200dc9bcce0912c06b0946404f0b91c0ef9fe000000000000000000000000000000000000
[12:11:33.596916] EP OUT 0x03 len=0 
[12:11:33.599092] EP OUT 0x03 len=0 
[12:11:33.603249] EP IN  0x81 len=64 0980200000008de7855e58823800001e4113000c00a45fae003839d20048b3cc48182206e0586d047004720df5fe000000000000000000000000000000000000
[12:11:33.604804] EP OUT 0x03 len=0 
[12:11:33.606970] EP OUT 0x03 len=0 
[12:11:33.611294] EP IN  0x81 len=64 0982200000008dd7855e68823800001e4943000c00d42faf006049d20078b6cc98612f06f0de7004c0350e0df8fe000000000000000000000000000000000000
[12:11:33.612883] EP OUT 0x03 len=0 
[12:11:33.615620] EP OUT 0x03 len=0 
[12:11:33.619277] EP IN  0x81 len=64 0984200000008de7855e58823800001e5143000c00dcd0af005065d200e6adcc209d3206e01e780440fb8a0cf8fe000000000000000000000000000000000000
[12:11:33.620869] EP OUT 0x03 len=0 
[12:11:33.622931] EP OUT 0x03 len=0 
[12:11:33.627293] EP IN  0x81 len=64 0986200000008ed7855e58823800001e5833000c008c07b0006c7ed2001a9fcc00672706c06288045025350cf4fe000000000000000000000000000000000000
[12:11:33.628844] EP OUT 0x03 len=0 
[12:11:33.630821] EP OUT 0x03 len=0 
[12:11:33.632737] EP OUT 0x03 len=0 
[12:11:33.635285] EP IN  0x81 len=64 0988200000008dd7855e68823800001e6043000c00b8d5af005e99d200b289ccf06c13062837a004e03b370cf2fe000000000000000000000000000000000000
[12:11:33.636771] EP OUT 0x03 len=0 
[12:11:33.638830] EP OUT 0x03 len=0 
[12:11:33.640708] EP OUT 0x03 len=0 
[12:11:33.643277] EP IN  0x81 len=64 098a200000008dd7855e58823800001e6843000c006261af00afb9d2005a71cc307bf405007bb704d0f59a0cf6fe000000000000000000000000000000000000
[12:11:33.644731] EP OUT 0x03 len=0 
[12:11:33.646503] EP OUT 0x03 len=0 
[12:11:33.648456] EP OUT 0x03 len=0 
[12:11:33.651273] EP IN  0x81 len=64 098c200000008dd7855e58823800001e6f33000c00f0fdae008ae2d2008759cc6059d105f07fc604309b180dfafe000000000000000000000000000000000000
[12:11:33.652770] EP OUT 0x03 len=0 
[12:11:33.654684] EP OUT 0x03 len=0 
[12:11:33.656580] EP OUT 0x03 len=0 
[12:11:33.659281] EP IN  0x81 len=64 098e200000008de7855f68823800001e7743000c00c4a6ae000523d3005f3ccc689cb00538e1d604701c8f0df9fe000000000000000000000000000000000000
[12:11:33.660800] EP OUT 0x03 len=0 
[12:11:33.662709] EP OUT 0x03 len=0 
[12:11:33.664632] EP OUT 0x03 len=0 
[12:11:33.667199] EP IN  0x81 len=64 0990200000008ed7855f68823800001e7f43000c002a84ae00fc6fd3007621cc38cb900598ffe80470bd030ef3fe000000000000000000000000000000000000
[12:11:33.668618] EP OUT 0x03 len=0 
[12:11:33.670491] EP OUT 0x03 len=0 
[12:11:33.672411] EP OUT 0x03 len=0 
[12:11:33.674286] EP OUT 0x03 len=0 
[12:11:33.679321] EP IN  0x81 len=64 0992200000008de7855e58823800001e8743000c007ab0ae0023c2d300480acc00c7840500bbfd04a0bc580ef5fe000000000000000000000000000000000000
[12:11:33.680813] EP OUT 0x03 len=0 
[12:11:33.683270] EP IN  0x81 len=64 0995200000008de7855d58823800001e9223000c001679af00302bd4008bf1cbf0d3800510ba2a05607c850efbfe000000000000000000000000000000000000
[12:11:33.684722] EP OUT 0x03 len=0 
[12:11:33.686604] EP OUT 0x03 len=0 
[12:11:33.688598] EP OUT 0x03 len=0 
[12:11:33.691264] EP IN  0x81 len=64 0996200000008de7855e68823800001e9643000c00fee4af000b4bd40046ebcbd8b07c0518593505201b7e0efbfe000000000000000000000000000000000000
[12:11:33.692720] EP OUT 0x03 len=0 
[12:11:33.694659] EP OUT 0x03 len=0 
[12:11:33.696595] EP OUT 0x03 len=0 
[12:11:33.699256] EP IN  0x81 len=64 0998200000008cd7855e58823800001e9e43000c0064e3b000647ed40014e4cb60b96e05f8625305c0684e0ef8fe000000000000000000000000000000000000
[12:11:33.700473] EP OUT 0x03 len=0 
[12:11:33.702085] EP OUT 0x03 len=0 
[12:11:33.704435] EP OUT 0x03 len=0 
[12:11:33.707235] EP IN  0x81 len=64 099a200000008dd7855e68823800001ea543000c0014dfb100dfa3d40042e1cbc0036305c0026b05c0980e0ef8fe000000000000000000000000000000000000
[12:11:33.708513] EP OUT 0x03 len=0 
[12:11:33.710169] EP OUT 0x03 len=0 
[12:11:33.712627] EP OUT 0x03 len=0 
[12:11:33.715250] EP IN  0x81 len=64 099c200000008ed7855e68823800001ead43000c00161db3008dd4d400eddccbd88a5e05d8907f05507fb40df2fe000000000000000000000000000000000000
[12:11:33.716650] EP OUT 0x03 len=0 
[12:11:33.718474] EP OUT 0x03 len=0 
[12:11:33.720361] EP OUT 0x03 len=0 
[12:11:33.723273] EP IN  0x81 len=64 099e200000008de7855e58823800001eb543000c006673b4006518d50022d3cb1888700528229505b0d4440df2fe000000000000000000000000000000000000
[12:11:33.724647] EP OUT 0x03 len=0 
[12:11:33.726524] EP OUT 0x03 len=0 
[12:11:33.728496] EP OUT 0x03 len=0 
[12:11:33.731259] EP IN  0x81 len=64 09a0200000008ce7855d68823800001ebc43000c009ca6b5005368d500b9c2cba8218305e047a105b0d0e00cf8fe000000000000000000000000000000000000
[12:11:33.732670] EP OUT 0x03 len=0 
[12:11:33.734603] EP OUT 0x03 len=0 
[12:11:33.736570] EP OUT 0x03 len=0 
[12:11:33.739175] EP IN  0x81 len=64 09a2200000008dd7855e68823800001ec443000c00fa09b70017e0d50054a3cb10e395053861a805a0bb880cf8fe000000000000000000000000000000000000
[12:11:33.740501] EP OUT 0x03 len=0 
[12:11:33.742208] EP OUT 0x03 len=0 
[12:11:33.744499] EP OUT 0x03 len=0 
[12:11:33.747283] EP IN  0x81 len=64 09a4200000008de7855e68823800001ecc43000c001a7bb8007678d600fe73cbd02d9f05a0a0b305a0e64e0cf2fe000000000000000000000000000000000000
[12:11:33.748755] EP OUT 0x03 len=0 
[12:11:33.750512] EP OUT 0x03 len=0 
[12:11:33.752345] EP OUT 0x03 len=0 
[12:11:33.755281] EP IN  0x81 len=64 09a6200000008dd7855e58823800001ed343000c0048cbb900001ad7001f3ecb98659705c8a4c20560562f0cf2fe000000000000000000000000000000000000
[12:11:33.756711] EP OUT 0x03 len=0 
[12:11:33.758441] EP OUT 0x03 len=0 
[12:11:33.760501] EP OUT 0x03 len=0 
[12:11:33.763279] EP IN  0x81 len=64 09a8200000008ed7855e58823800001edb43000c00f05ebb008bf1d700d0f5ca28948c0540d9d5051010240cf6fe000000000000000000000000000000000000
[12:11:33.764706] EP OUT 0x03 len=0 
[12:11:33.766586] EP OUT 0x03 len=0 
[12:11:33.768591] EP OUT 0x03 len=0 
[12:11:33.771261] EP IN  0x81 len=64 09aa200000008dd7855f68823800001ee343000c00fa0fbd00aae8d80084a3ca50387e05f0ffec05d0952a0cf6fe000000000000000000000000000000000000
[12:11:33.772704] EP OUT 0x03 len=0 
[12:11:33.774516] EP OUT 0x03 len=0 
[12:11:33.776385] EP OUT 0x03 len=0 
[12:11:33.779256] EP IN  0x81 len=64 09ac200000008de7855e68823800001eea43000c00f6a0be0060d9d900d453ca780f6305a037040670df2d0cf9fe000000000000000000000000000000000000
[12:11:33.780699] EP OUT 0x03 len=0 
[12:11:33.782617] EP OUT 0x03 len=0 
[12:11:33.784341] EP OUT 0x03 len=0 
[12:11:33.787213] EP IN  0x81 len=64 09ae200000008ce7855e58823800001ef243000c008670c000c102db00d8f3c9c01d380598102d06d0a82e0cf9fe000000000000000000000000000000000000
[12:11:33.788638] EP OUT 0x03 len=0 
[12:11:33.790561] EP OUT 0x03 len=0 
[12:11:33.792533] EP OUT 0x03 len=0 
[12:11:33.795250] EP IN  0x81 len=64 09b0200000008de7855e68823800001efa43000c00842fc200d43ddc00fc94c988c8120588915f06d0ed350cfafe000000000000000000000000000000000000
[12:11:33.796681] EP OUT 0x03 len=0 
[12:11:33.798570] EP OUT 0x03 len=0 
[12:11:33.800519] EP OUT 0x03 len=0 
[12:11:33.803182] EP IN  0x81 len=64 09b2200000008ed7855e68823800001e0124000c00d29ec3008b57dd007d47c9c057fc04c842910660ef3e0cfafe000000000000000000000000000000000000
[12:11:33.804582] EP OUT 0x03 len=0 
[12:11:33.806466] EP OUT 0x03 len=0 
[12:11:33.808240] EP OUT 0x03 len=0 
[12:11:33.811192] EP IN  0x81 len=64 09b4200000008dd7855e58823800001e0944000c00a81fc5000591de0056f9c8d0caf804e0f2ab067027470cfcfe000000000000000000000000000000000000
[12:11:33.812610] EP OUT 0x03 len=0 
[12:11:33.814517] EP OUT 0x03 len=0 
[12:11:33.816310] EP OUT 0x03 len=0 
[12:11:33.819179] EP IN  0x81 len=64 09b6200000008de7855e68823800001e1144000c00d078c600d4b3df0010b9c88062fa04b8cec10690e3460cfcfe000000000000000000000000000000000000
[12:11:33.820472] EP OUT 0x03 len=0 
[12:11:33.822302] EP OUT 0x03 len=0 
[12:11:33.824112] EP OUT 0x03 len=0 
[12:11:33.827252] EP IN  0x81 len=64 09b8200000008cf7855d68823800001e1824000c001486c7007898e0007c8dc8487406050013d806006d310cfbfe000000000000000000000000000000000000
[12:11:33.828656] EP OUT 0x03 len=0 
[12:11:33.830580] EP OUT 0x03 len=0 
[12:11:33.832483] EP OUT 0x03 len=0 
[12:11:33.835199] EP IN  0x81 len=64 09ba200000008dd7855e68823800001e2044000c008489c8005d7be100606ac80022130590b9e5066098f90bfbfe000000000000000000000000000000000000
[12:11:33.836450] EP OUT 0x03 len=0 
[12:11:33.838128] EP OUT 0x03 len=0 
[12:11:33.840475] EP OUT 0x03 len=0 
[12:11:33.843173] EP IN  0x81 len=64 09bc200000008de7855e68823800001e2844000c00f831c9003c32e200ab58c838d91b05384def06e0e6a00bf9fe000000000000000000000000000000000000
[12:11:33.844420] EP OUT 0x03 len=0 
[12:11:33.846302] EP OUT 0x03 len=0 
[12:11:33.848203] EP OUT 0x03 len=0 
[12:11:33.851252] EP IN  0x81 len=64 09be200000008dd7855e58823800001e2f24000c00d269c900ddaee200b955c8d8f93805404aeb0640d2600bf6fe000000000000000000000000000000000000
[12:11:33.852502] EP OUT 0x03 len=0 
[12:11:33.854224] EP OUT 0x03 len=0 
[12:11:33.856708] EP OUT 0x03 len=0 
[12:11:33.859187] EP IN  0x81 len=64 09c0200000008ec7855e68823800001e3744000c003c52c900881fe3001c59c8f81c5a05a826e3066093450bf8fe000000000000000000000000000000000000
[12:11:33.860591] EP OUT 0x03 len=0 
[12:11:33.862431] EP OUT 0x03 len=0 
[12:11:33.864270] EP OUT 0x03 len=0 
[12:11:33.867183] EP IN  0x81 len=64 09c2200000008dd7855e68823800001e3f44000c00a2f5c800307de300845ec8d0216a05d090d40650d0490bfbfe000000000000000000000000000000000000
[12:11:33.868588] EP OUT 0x03 len=0 
[12:11:33.870423] EP OUT 0x03 len=0 
[12:11:33.872314] EP OUT 0x03 len=0 
[12:11:33.875177] EP IN  0x81 len=64 09c4200000008dd7855e68823800001e4634000c00927cc80064cae3009c63c808656205405fbe066084740bfbfe000000000000000000000000000000000000
[12:11:33.876422] EP OUT 0x03 len=0 
[12:11:33.878590] EP OUT 0x03 len=0 
[12:11:33.880421] EP OUT 0x03 len=0 
[12:11:33.883189] EP IN  0x81 len=64 09c6200000008ed7855e68823800001e4e44000c0060e3c7000b30e4004866c880454d05a00ba30660bed10bf7fe000000000000000000000000000000000000
[12:11:33.884409] EP OUT 0x03 len=0 
[12:11:33.886605] EP OUT 0x03 len=0 
[12:11:33.888558] EP OUT 0x03 len=0 
[12:11:33.891177] EP IN  0x81 len=64 09c8200000008dd7855e68823800001e5644000c000671c7001cbbe400d460c8f8bb3a05b0178f069082590cf7fe000000000000000000000000000000000000
[12:11:33.892449] EP OUT 0x03 len=0 
[12:11:33.894363] EP OUT 0x03 len=0 
[12:11:33.896239] EP OUT 0x03 len=0 
[12:11:33.899179] EP IN  0x81 len=64 09ca200000008ee7855e68823800001e5d34000c008655c7000263e5009a53c81090300518368706b028ca0cf4fe000000000000000000000000000000000000
[12:11:33.900563] EP OUT 0x03 len=0 
[12:11:33.902454] EP OUT 0x03 len=0 
[12:11:33.904264] EP OUT 0x03 len=0 
[12:11:33.907240] EP IN  0x81 len=64 09cc200000008de7855e68823800001e6544000c00f48ac7007b5be600553bc810732d05780c8206a0170c0df4fe000000000000000000000000000000000000
[12:11:33.908629] EP OUT 0x03 len=0 
[12:11:33.910496] EP OUT 0x03 len=0 
[12:11:33.912364] EP OUT 0x03 len=0 
[12:11:33.914234] EP OUT 0x03 len=0 
[12:11:33.919179] EP IN  0x81 len=64 09ce200000008de7855e68823800001e6d44000c00e604c800a589e700d719c8f8312c05e0e18206d0b4330dfafe000000000000000000000000000000000000
[12:11:33.920564] EP OUT 0x03 len=0 
[12:11:33.923292] EP IN  0x81 len=64 09d1200000008ee7855e58823800001e7824000c00f006c900c772e900eedcc730f22b0588859206408f520df1fe000000000000000000000000000000000000
[12:11:33.924556] EP OUT 0x03 len=0 
[12:11:33.926249] EP OUT 0x03 len=0 
[12:11:33.928519] EP OUT 0x03 len=0 
[12:11:33.931195] EP IN  0x81 len=64 09d2200000008dd7855d58823800001e7c44000c00c87bc9006436ea00fec2c7707c2c0590d79606a0e8530df1fe000000000000000000000000000000000000
[12:11:33.932561] EP OUT 0x03 len=0 
[12:11:33.934429] EP OUT 0x03 len=0 
[12:11:33.936305] EP OUT 0x03 len=0 
[12:11:33.939280] EP IN  0x81 len=64 09d4200000008dd7855e58823800001e8444000c008874ca0034d1eb005c8bc7f07b22055016ab0630fb3b0df1fe000000000000000000000000000000000000
[12:11:33.940609] EP OUT 0x03 len=0 
[12:11:33.942417] EP OUT 0x03 len=0 
[12:11:33.944283] EP OUT 0x03 len=0 
[12:11:33.947268] EP IN  0x81 len=64 09d6200000008dd7855e68823800001e8c44000c00ce51cb00da72ed000f54c7a8c50d05e8d4c10640eb070deffe000000000000000000000000000000000000
[12:11:33.948597] EP OUT 0x03 len=0 
[12:11:33.950317] EP OUT 0x03 len=0 
[12:11:34.610350] CTRL IN  req=IN STANDARD request GET_DESCRIPTOR (0x06) to DEVICE [value=0x0100, index=0x0000, length=8] len=8 12010002ef020140
[12:11:34.610511] CTRL IN  req=IN STANDARD request GET_DESCRIPTOR (0x06) to DEVICE [value=0x0100, index=0x0000, length=8] len=8 12010002ef020140
[12:11:34.612434] CTRL IN  req=IN STANDARD request GET_DESCRIPTOR (0x06) to DEVICE [value=0x0100, index=0x0000, length=18] len=18 12010002ef0201407e056920010201020301
[12:11:34.612570] CTRL IN  req=IN STANDARD request GET_DESCRIPTOR (0x06) to DEVICE [value=0x0100, index=0x0000, length=18] len=18 12010002ef0201407e056920010201020301
[12:11:34.615129] CTRL IN  req=IN STANDARD request GET_DESCRIPTOR (0x06) to DEVICE [value=0x0200, index=0x0000, length=9] len=9 09020c01050104c0fa
[12:11:34.615199] CTRL IN  req=IN STANDARD request GET_DESCRIPTOR (0x06) to DEVICE [value=0x0200, index=0x0000, length=9] len=9 09020c01050104c0fa
[12:11:34.617314] CTRL IN  req=IN STANDARD request GET_DESCRIPTOR (0x06) to DEVICE [value=0x0200, index=0x0000, length=268] len=268 09020c01050104c0fa080b0001030000000904000002030000050921110100012261000705810340000407050103400004080b0101ff0000000904010002ff0000060705020240000007058202400000080b0203010100000904020000010100000a2401000147000203040c24020101010002030000000a2406020101030000000924030302030002000c2402040102000100000000092406050401030000092403060101000500090403000001020000090403010101020000072401010001000b2402010202100180bb000705030dc0000107250100000000090404000001020000090404010101020000072401060001000b2402010202100180bb000705830dc0000107250100000000
[12:11:34.617672] CTRL IN  req=IN STANDARD request GET_DESCRIPTOR (0x06) to DEVICE [value=0x0200, index=0x0000, length=268] len=268 09020c01050104c0fa080b0001030000000904000002030000050921110100012261000705810340000407050103400004080b0101ff0000000904010002ff0000060705020240000007058202400000080b0203010100000904020000010100000a2401000147000203040c24020101010002030000000a2406020101030000000924030302030002000c2402040102000100000000092406050401030000092403060101000500090403000001020000090403010101020000072401010001000b2402010202100180bb000705030dc0000107250100000000090404000001020000090404010101020000072401060001000b2402010202100180bb000705830dc0000107250100000000
