[12:05:58.051641] CTRL IN  req=IN STANDARD request GET_DESCRIPTOR (0x06) to DEVICE [value=0x0100, index=0x0000, length=8] len=8 12010002ef020140
[12:05:58.053622] CTRL IN  req=IN STANDARD request GET_DESCRIPTOR (0x06) to DEVICE [value=0x0100, index=0x0000, length=18] len=18 12010002ef0201407e056920010201020301
[12:05:58.056054] CTRL IN  req=IN STANDARD request GET_DESCRIPTOR (0x06) to DEVICE [value=0x0200, index=0x0000, length=9] len=9 09020c01050104c0fa
[12:05:58.058284] CTRL IN  req=IN STANDARD request GET_DESCRIPTOR (0x06) to DEVICE [value=0x0200, index=0x0000, length=268] len=268 09020c01050104c0fa080b0001030000000904000002030000050921110100012261000705810340000407050103400004080b0101ff0000000904010002ff0000060705020240000007058202400000080b0203010100000904020000010100000a2401000147000203040c24020101010002030000000a2406020101030000000924030302030002000c2402040102000100000000092406050401030000092403060101000500090403000001020000090403010101020000072401010001000b2402010202100180bb000705030dc0000107250100000000090404000001020000090404010101020000072401060001000b2402010202100180bb000705830dc0000107250100000000
[12:05:58.062819] EP OUT 0x03 len=0 
[12:05:58.065920] CTRL IN  req=IN STANDARD request GET_DESCRIPTOR (0x06) to DEVICE [value=0x0300, index=0x0000, length=4096] len=8 0803090402040108
[12:05:58.067278] EP OUT 0x03 len=0 
[12:05:58.069047] CTRL IN  req=IN VENDOR request 0x03 to DEVICE [value=0x0000, index=0x0000, length=64] len=64 0100484557373030303631363937383000007e056920010601232323a0a0a0e6e6e6323232ffffffffffffffffffffffffffffffffffffffffffffffffffffff
[12:05:58.070340] EP OUT 0x03 len=0 
[12:05:58.071875] CTRL IN  req=IN STANDARD request GET_DESCRIPTOR (0x06) to DEVICE [value=0x0302, index=0x0409, length=2] len=2 3003
[12:05:58.073211] EP OUT 0x03 len=0 
[12:05:58.109744] CTRL IN  req=IN VENDOR request 0x02 to DEVICE [value=0x0000, index=0x0000, length=16] len=16 0201040000000c0002033d1769aba93c
[12:05:58.111094] EP OUT 0x03 len=0 
[12:05:58.112630] CTRL IN  req=IN STANDARD request GET_DESCRIPTOR (0x06) to DEVICE [value=0x0302, index=0x0409, length=48] len=48 3003530077006900740063006800200032002000500072006f00200043006f006e00740072006f006c006c0065007200
[12:05:58.114036] EP OUT 0x03 len=0 
[12:05:58.116616] EP OUT 0x03 len=0 
[12:05:58.118099] CTRL IN  req=IN STANDARD request GET_DESCRIPTOR (0x06) to DEVICE [value=0x0301, index=0x0409, length=2] len=2 1203
[12:05:58.119495] EP OUT 0x02 len=16 0391000d000800000100e139650548c8
[12:05:58.119796] EP OUT 0x03 len=0 
[12:05:58.121554] CTRL IN  req=IN STANDARD request GET_DESCRIPTOR (0x06) to DEVICE [value=0x0301, index=0x0409, length=18] len=18 12034e0069006e00740065006e0064006f00
[12:05:58.122967] EP OUT 0x03 len=0 
[12:05:58.128293] EP IN  0x81 len=64 0900230000008797845a488330000000000000000000000000000000000000000000000000000000000000000000000000000000000000000000000000000000
[12:05:58.128742] EP IN  0x82 len=12 0301000d00f8000001000000
[12:05:58.129763] CTRL IN  req=IN CLASS request 0x83 to INTERFACE [value=0x0200, index=0x0202, length=2] len=2 0f27
[12:05:58.131153] EP OUT 0x01 len=64 0900230000008797845a488330000000000000000000000000000000000000000000000000000000000000000000000000000000000000000000000000000000
[12:05:58.133510] EP OUT 0x03 len=0 
[12:05:58.136303] EP IN  0x81 len=64 0903230000008787845a588330000000000000000000000000000000000000000000000000000000000000000000000000000000000000000000000000000000
[12:05:59.251890] CTRL IN  req=IN CLASS request 0x82 to INTERFACE [value=0x0200, index=0x0202, length=2] len=2 f0d8
[12:05:59.254533] EP OUT 0x01 len=0 
[12:05:59.255088] EP OUT 0x02 len=8 0791000100000000
[12:05:59.255649] EP OUT 0x03 len=0 
[12:05:59.260519] EP IN  0x81 len=64 0913230000008687845a488330000000000000000000000000000000000000000000000000000000000000000000000000000000000000000000000000000000
[12:05:59.261463] EP IN  0x82 len=9 0701000100f8000000
[12:05:59.263400] CTRL IN  req=IN CLASS request 0x81 to INTERFACE [value=0x0200, index=0x0202, length=2] len=2 0000
[12:05:59.266269] EP OUT 0x01 len=0 
[12:05:59.266794] EP OUT 0x02 len=8 1691000100000000
[12:05:59.267314] EP OUT 0x03 len=0 
[12:05:59.272380] EP IN  0x81 len=64 09182300000087878459588330000000000000000000000000000000000000000000000000000000000000000000000000000000000000000000000000000000
[12:05:59.273263] EP IN  0x82 len=32 1601000100f80000850200000000000000000000000000000000000000000000
[12:05:59.275393] CTRL IN  req=IN STANDARD request GET_DESCRIPTOR (0x06) to DEVICE [value=0x0300, index=0x0000, length=4096] len=8 0803090402040108
[12:05:59.278141] EP OUT 0x01 len=0 
[12:05:59.278520] EP OUT 0x02 len=12 0b9100070004000000000000
[12:05:59.278993] EP OUT 0x03 len=0 
[12:05:59.284791] EP IN  0x81 len=64 091b2300000086878459588330000000000000000000000000000000000000000000000000000000000000000000000000000000000000000000000000000000
[12:05:59.285616] EP IN  0x82 len=8 0b01000700f80000
[12:05:59.287418] CTRL IN  req=IN STANDARD request GET_DESCRIPTOR (0x06) to DEVICE [value=0x0302, index=0x0409, length=2] len=2 3003
[12:05:59.289754] EP OUT 0x02 len=22 15910001000e00000002e139650548c8e039650548c8
[12:05:59.290239] EP OUT 0x03 len=0 
[12:05:59.296472] EP IN  0x81 len=64 091e230000008687845a588330000000000000000000000000000000000000000000000000000000000000000000000000000000000000000000000000000000
[12:05:59.297311] EP IN  0x82 len=17 1501000100f800000104013d1769aba93c
[12:05:59.298817] CTRL IN  req=IN STANDARD request GET_DESCRIPTOR (0x06) to DEVICE [value=0x0302, index=0x0409, length=48] len=48 3003530077006900740063006800200032002000500072006f00200043006f006e00740072006f006c006c0065007200
[12:05:59.300971] EP OUT 0x03 len=0 
[12:05:59.304348] EP IN  0x81 len=64 09212300000087978459588330000000000000000000000000000000000000000000000000000000000000000000000000000000000000000000000000000000
[12:06:00.397380] CTRL IN  req=IN STANDARD request GET_DESCRIPTOR (0x06) to DEVICE [value=0x0301, index=0x0409, length=2] len=2 1203
[12:06:00.400504] EP OUT 0x02 len=25 1591000200110000006fbef8797425f7762c7d30be98813fc2
[12:06:00.401201] EP OUT 0x03 len=0 
[12:06:00.408568] EP IN  0x82 len=25 1501000200f80000010bc9c740f8b8c87b88bffc97712f5351
[12:06:00.410956] CTRL IN  req=IN STANDARD request GET_DESCRIPTOR (0x06) to DEVICE [value=0x0301, index=0x0409, length=18] len=18 12034e0069006e00740065006e0064006f00
[12:06:00.413807] EP OUT 0x03 len=0 
[12:06:00.420618] EP IN  0x81 len=64 0931230000008787845a588330000000000000000000000000000000000000000000000000000000000000000000000000000000000000000000000000000000
[12:06:01.542340] CTRL IN  req=IN CLASS request 0x83 to INTERFACE [value=0x0200, index=0x0502, length=2] len=2 0000
[12:06:01.545115] EP OUT 0x02 len=9 159100030001000000
[12:06:01.545847] EP OUT 0x03 len=0 
[12:06:01.552646] EP IN  0x82 len=9 1501000300f8000001
[12:06:01.554732] CTRL IN  req=IN CLASS request 0x82 to INTERFACE [value=0x0200, index=0x0502, length=2] len=2 40f0
[12:06:01.556679] EP OUT 0x03 len=0 
[12:06:01.560385] EP IN  0x81 len=64 0949230000008697845a488330000000000000000000000000000000000000000000000000000000000000000000000000000000000000000000000000000000
[12:06:02.685734] CTRL IN  req=IN CLASS request 0x81 to INTERFACE [value=0x0200, index=0x0502, length=2] len=2 0000
[12:06:02.687960] EP OUT 0x02 len=12 099100070004000000000000
[12:06:02.688407] EP OUT 0x03 len=0 
[12:06:02.692367] EP IN  0x81 len=64 095e2300000086878459488330000000000000000000000000000000000000000000000000000000000000000000000000000000000000000000000000000000
[12:06:02.693036] EP IN  0x82 len=8 0901000700f80000
[12:06:02.694659] EP OUT 0x02 len=12 0c9100020004000027000000
[12:06:02.695001] EP OUT 0x03 len=0 
[12:06:02.700365] EP IN  0x81 len=64 09602300000086878459488330000000000000000000000000000000000000000000000000000000000000000000000000000000000000000000000000000000
[12:06:02.876790] EP IN  0x82 len=12 0c01000200f8000000000000
[12:06:02.879344] EP OUT 0x03 len=0 
[12:06:02.884449] EP IN  0x81 len=64 098a2300000087878459588330000000000000000000000000000000000000000000000000000000000000000000000000000000000000000000000000000000
[12:06:04.000961] EP OUT 0x02 len=16 0291000400080000407e000080300100
[12:06:04.001647] EP OUT 0x03 len=0 
[12:06:04.008834] EP IN  0x82 len=64 0201000400f80000400000008030010001add99a555665a0000aa0000ae2200ee2200e9aadd99aadd90aa5500aa5502ff6622ff6620affff82f7815636613886
[12:06:04.010569] EP OUT 0x03 len=0 
[12:06:04.016543] EP IN  0x81 len=64 09a2230000008687845a588330000000000000000000000000000000000000000000000000000000000000000000000000000000000000000000000000000000
[12:06:04.017394] EP IN  0x82 len=16 5fffffffffffffffffffffffffffffff
[12:06:04.018910] EP OUT 0x03 len=0 
[12:06:04.024645] EP IN  0x81 len=64 09a42300000087878459488330000000000000000000000000000000000000000000000000000000000000000000000000000000000000000000000000000000
[12:06:05.106678] EP OUT 0x02 len=16 0291000400080000407e0000c0300100
[12:06:05.107477] EP OUT 0x03 len=0 
[12:06:05.112549] EP IN  0x81 len=64 09af230000008687845a588330000000000000000000000000000000000000000000000000000000000000000000000000000000000000000000000000000000
[12:06:05.113793] EP IN  0x82 len=64 0201000400f8000040000000c030010001add99a555665a0000aa0000ae2200ee2200e9aadd99aadd90aa5500aa5502ff6622ff6620affff337882c4555f0e46
[12:06:05.115580] EP OUT 0x03 len=0 
[12:06:05.120547] EP IN  0x81 len=64 09b02300000087878459588330000000000000000000000000000000000000000000000000000000000000000000000000000000000000000000000000000000
[12:06:05.121417] EP IN  0x82 len=16 62ffffffffffffffffffffffffffffff
[12:06:05.123161] EP OUT 0x03 len=0 
[12:06:05.128431] EP IN  0x81 len=64 09b22300000087878459588330000000000000000000000000000000000000000000000000000000000000000000000000000000000000000000000000000000
[12:06:06.250632] EP OUT 0x02 len=16 0291000400080000407e000040c01f00
[12:06:06.251060] EP OUT 0x03 len=0 
[12:06:06.256531] EP IN  0x81 len=64 09c72305000077668759588330000000000000000000000000000000000000000000000000000000000000000000000000000000000000000000000000000000
[12:06:06.257486] EP IN  0x82 len=64 0201000400f800004000000040c01f00ffffffffffffffffffffffffffffffffffffffffffffffffffffffffffffffffffffffffffffffffffffffffffffffff
[12:06:06.259032] EP OUT 0x03 len=0 
[12:06:06.264400] EP IN  0x81 len=64 09c82305000077668759588330000000000000000000000000000000000000000000000000000000000000000000000000000000000000000000000000000000
[12:06:06.265648] EP IN  0x82 len=16 ffffffffffffffffffffffffffffffff
[12:06:06.267333] EP OUT 0x02 len=12 0391000c0004000001000000
[12:06:06.267783] EP OUT 0x03 len=0 
[12:06:06.272435] EP IN  0x81 len=64 09ca23050000bc458a59588330000000000000000000000000000000000000000000000000000000000000000000000000000000000000000000000000000000
[12:06:06.273329] EP IN  0x82 len=8 0301000c00f80000
[12:06:06.279554] EP OUT 0x02 len=12 0a9100020004000003000000
[12:06:06.279980] EP OUT 0x03 len=0 
[12:06:06.284423] EP IN  0x81 len=64 09cc230500000da58c5a588330000000000000000000000000000000000000000000000000000000000000000000000000000000000000000000000000000000
[12:06:06.285143] EP IN  0x82 len=8 0a01000200f80000
[12:06:06.288166] EP OUT 0x02 len=12 099100070004000001000000
[12:06:06.288501] EP OUT 0x03 len=0 
[12:06:06.292406] EP IN  0x81 len=64 09cf23050000cfa3905a488330000000000000000000000000000000000000000000000000000000000000000000000000000000000000000000000000000000
[12:06:06.293146] EP IN  0x82 len=8 0901000700f80000
[12:06:06.294771] EP OUT 0x02 len=16 0291000400080000107e000040300100
[12:06:06.295125] EP OUT 0x03 len=0 
[12:06:06.300422] EP IN  0x81 len=64 09d123050000e4929359488330000000000000000000000000000000000000000000000000000000000000000000000000000000000000000000000000000000
[12:06:06.301612] EP IN  0x82 len=32 0201000400f800001000000040300100e8c1ca41bffed93a8a6714bb5c1432bb
[12:06:06.303172] EP OUT 0x03 len=0 
[12:06:06.308405] EP IN  0x81 len=64 09d3230500002c929559588330000000000000000000000000000000000000000000000000000000000000000000000000000000000000000000000000000000
[12:06:07.434843] EP OUT 0x02 len=16 0291000400080000187e000000310100
[12:06:07.435395] EP OUT 0x03 len=0 
[12:06:07.440518] EP IN  0x81 len=64 09e8230200008687845a488330000000000000000000000000000000000000000000000000000000000000000000000000000000000000000000000000000000
[12:06:07.441432] EP IN  0x82 len=40 0201000400f8000018000000003101000000000000000000000000004d414e3dc63ae43d31611d41
[12:06:07.443115] EP OUT 0x03 len=0 
[12:06:07.448444] EP IN  0x81 len=64 09ea2302000085978459588330000000000000000000000000000000000000000000000000000000000000000000000000000000000000000000000000000000
[12:06:08.457120] EP OUT 0x02 len=8 1191000300000000
[12:06:08.457863] EP OUT 0x03 len=0 
[12:06:08.465086] EP IN  0x82 len=37 1101000300f8000001c0030000e7d01c3b7922a03a0ae89c4258a00b420ae89c4158a00b41
[12:06:08.467013] EP OUT 0x03 len=0 
[12:06:08.472610] EP IN  0x81 len=64 09e4230200008697845a488330000000000000000000000000000000000000000000000000000000000000000000000000000000000000000000000000000000
[12:06:09.599156] EP OUT 0x02 len=16 0291000400080000207e000060300100
[12:06:09.599757] EP OUT 0x03 len=0 
[12:06:09.604702] EP IN  0x81 len=64 09f92300000085978459588330000000000000000000000000000000000000000000000000000000000000000000000000000000000000000000000000000000
[12:06:09.605963] EP IN  0x82 len=48 0201000400f800002000000060300100ffffffffffffffffffffffffffffffffffffffffffffffffffffffffffffffff
[12:06:09.607700] EP OUT 0x03 len=0 
[12:06:09.612558] EP IN  0x81 len=64 09fb230000008687845a588330000000000000000000000000000000000000000000000000000000000000000000000000000000000000000000000000000000
[12:06:10.738429] EP OUT 0x02 len=28 0a9100080014000001ffffffffffffffff3500460000000000000000
[12:06:10.739201] EP OUT 0x03 len=0 
[12:06:10.744599] EP IN  0x81 len=64 09102300000086878459488330000000000000000000000000000000000000000000000000000000000000000000000000000000000000000000000000000000
[12:06:10.746683] EP IN  0x82 len=8 0a01000800f80000
[12:06:10.748961] EP OUT 0x03 len=0 
[12:06:10.752397] EP IN  0x81 len=64 0912230000008687845a588330000000000000000000000000000000000000000000000000000000000000000000000000000000000000000000000000000000
[12:06:11.849567] EP OUT 0x02 len=8 1191000100000000
[12:06:11.850348] EP OUT 0x03 len=0 
[12:06:11.856668] EP IN  0x81 len=64 091d2302000086878459588330000000000000000000000000000000000000000000000000000000000000000000000000000000000000000000000000000000
[12:06:11.857791] EP IN  0x82 len=12 1101000100f8000003000000
[12:06:11.859630] EP OUT 0x03 len=0 
[12:06:11.864568] EP IN  0x81 len=64 0922230200008687845a588330000000000000000000000000000000000000000000000000000000000000000000000000000000000000000000000000000000
[12:06:12.913700] EP OUT 0x02 len=12 0c9100040004000027000000
[12:06:12.915133] EP OUT 0x03 len=0 
[12:06:12.920502] EP IN  0x81 len=64 09232300000086878459588330000000000000000000000000000000000000000000000000000000000000000000000000000000000000000000000000000000
[12:06:12.921570] EP IN  0x82 len=12 0c01000400f8000000000000
[12:06:12.923176] EP OUT 0x03 len=0 
[12:06:12.928378] EP IN  0x81 len=64 0926230000008687845a48833800001e0210000c00400200020a000081caff7f3507cfff50a33a09000d360d0000000000000000000000000000000000000000
[12:06:13.938993] EP OUT 0x02 len=12 0391000a0004000009000000
[12:06:13.939612] EP OUT 0x03 len=0 
[12:06:13.944522] EP IN  0x81 len=64 091d230000008687845958833800001ecd43000c00ac91f801300f010187f27f940638ff90b537093008110d0b01000000000000000000000000000000000000
[12:06:13.945452] EP IN  0x82 len=8 0301000a00f80000
[12:06:13.947194] EP OUT 0x03 len=0 
[12:06:13.952461] EP IN  0x81 len=64 0920230000008677845a58833800001ed943000c000a5af8012ae1008105c57fccf925ffa0ad6d096076d10c0a01000000000000000000000000000000000000
[12:06:14.964797] EP OUT 0x01 len=128 02508101101e0000000000000000000000508101101e00000000000000000000000000000000000000000000000000000000000000000000000000000000000002518101101e0000000000000000000000518101101e000000000000000000000000000000000000000000000000000000000000000000000000000000000000
[12:06:14.974268] EP OUT 0x02 len=8 1091000100000000
[12:06:14.975019] EP OUT 0x03 len=0 
[12:06:14.980627] EP IN  0x81 len=64 091c230200008487845948833000001eb847000c00ea6cdc01d06dfd004fee801f19110090375d07e0453b100d01000000000000000000000000000000000000
[12:06:15.018774] EP IN  0x82 len=20 1001000100f80000020104020c00000000020300
[12:06:15.021108] EP OUT 0x01 len=0 
[12:06:15.021417] EP OUT 0x03 len=0 
[12:06:16.149070] EP OUT 0x01 len=0 
[12:06:16.149789] EP OUT 0x02 len=8 0191000c00000000
[12:06:16.150363] EP OUT 0x03 len=0 
[12:06:16.156581] EP IN  0x81 len=64 093a230200008687845958833800001e1c4c000c00fe79dd0136eaff007456815c9965fff82e2e07a06752101201000000000000000000000000000000000000
[12:06:16.157634] EP IN  0x82 len=12 0101000c00f8000061125010
[12:06:16.159401] EP OUT 0x01 len=0 
[12:06:16.159690] EP OUT 0x03 len=0 
[12:06:16.164572] EP IN  0x81 len=64 093c230200008687845a48833800001e244c000c002eb7dd01074bff002d5381827cc3fff8e45807803b7d100f01000000000000000000000000000000000000
[12:06:17.293002] EP OUT 0x02 len=8 1891000100000000
[12:06:17.293711] EP OUT 0x03 len=0 
[12:06:17.300964] EP IN  0x82 len=16 1801000100f80000000040f000006000
[12:06:17.303161] EP OUT 0x03 len=0 
[12:06:17.308504] EP IN  0x81 len=64 0954230200008687845a6883380000046c00000c0000000000000000000000000000000000000000000000000000000000000000000000000000000000000000
[12:06:18.418858] EP OUT 0x03 len=0 
[12:06:18.424665] EP IN  0x81 len=64 0964230000008787845a48833800001e9a44000c000cdede018c03018109f87dfce06bff005d42079056920e1001000000000000000000000000000000000000
[12:06:18.426610] EP OUT 0x03 len=0 
[12:06:18.432572] EP IN  0x81 len=64 0967230000008697845948833800001ea424000c0038dfde01aad8008121147e351cc2ff40ec46074057950e1101000000000000000000000000000000000000
[12:06:18.435460] EP OUT 0x03 len=0 
[12:06:18.440537] EP IN  0x81 len=64 0969230000008687845958833800001eac44000c0014e9de013ab50081ea307e7dd6c8ff70433a07e02b7f0e1201000000000000000000000000000000000000
[12:06:18.442495] EP OUT 0x03 len=0 
[12:06:18.448548] EP IN  0x81 len=64 096b230200008587845948833800001eb444000c0010d5de01c6bf008130547ee5c1a6ff18ae7b07a0812d0c1801000000000000000000000000000000000000
[12:06:18.451124] EP OUT 0x03 len=0 
[12:06:18.456489] EP IN  0x81 len=64 096d230200008697845a58833800001ebb44000c000c33de01a809018154707e98b1c5ff08d5bd0710aa710b1801000000000000000000000000000000000000
[12:06:18.458438] EP OUT 0x03 len=0 
[12:06:18.460414] EP IN  0x81 len=64 096f230200008697845a58833800001ec344000c00e8fedc01fa4b0101cd887e16cb1cff80ef0408d09b5e0c1101000000000000000000000000000000000000
[12:06:18.463394] EP OUT 0x03 len=0 
[12:06:18.466605] EP OUT 0x03 len=0 
[12:06:18.472394] EP IN  0x81 len=64 0970230200008687845a58833800001ec744000c00dc4adc012e5f0181f1957e90fed0fef05b0208e055e30c1101000000000000000000000000000000000000
[12:06:18.474113] EP OUT 0x03 len=0 
[12:06:18.481594] EP OUT 0x03 len=0 
[12:06:18.484444] EP IN  0x81 len=64 0975230200008677845958833800001eda44000c00da6dd90146310101f0c67e7e3fe3fe30915007b07b9a0f0d01000000000000000000000000000000000000
[12:06:18.486073] EP OUT 0x03 len=0 
[12:06:18.488627] EP OUT 0x03 len=0 
[12:06:18.490875] EP OUT 0x03 len=0 
[12:06:18.493019] EP OUT 0x03 len=0 
[12:06:18.496376] EP IN  0x81 len=64 0976230200008587845948833800001ede44000c00fa1bd901ee17010143cc7e10c3dffe801c26071037aa0f0901000000000000000000000000000000000000
[12:06:18.497945] EP OUT 0x03 len=0 
[12:06:18.505066] EP OUT 0x03 len=0 
[12:06:18.508423] EP IN  0x81 len=64 0979230200008587845958833800001ee944000c006a8bd80172cc00819dd47e360ab7fe60b0e7061066b30f0801000000000000000000000000000000000000
[12:06:18.509960] EP OUT 0x03 len=0 
[12:06:18.517300] EP OUT 0x03 len=0 
[12:06:18.520375] EP IN  0x81 len=64 097c230200008687845958833800001ef544000c004e5ad8018a6100811bd87e5cb5edfe206cd706803ac70f1301000000000000000000000000000000000000
[12:06:18.521899] EP OUT 0x03 len=0 
[12:06:18.529157] EP OUT 0x03 len=0 
[12:06:18.532431] EP IN  0x81 len=64 097f230200008587845a48833800001e0045000c00ae72d80142f5ff0054d77ea4da59ff50a2f306f000c80f0f01000000000000000000000000000000000000
[12:06:18.534188] EP OUT 0x03 len=0 
[12:06:18.540472] EP IN  0x81 len=64 0982230200008587845958833800001e0c45000c00c2d1d8012481ff0024d97e734dc5ffc011f306b0cdba0f1001000000000000000000000000000000000000
[12:06:18.543124] EP OUT 0x03 len=0 
[12:06:18.548467] EP IN  0x81 len=64 0984230200008687845948833800001e1445000c006e5cd9011a3cff004fdb7ee3320d0030c2b40610aacf0f1501000000000000000000000000000000000000
[12:06:18.550055] EP OUT 0x03 len=0 
[12:06:18.557839] EP OUT 0x03 len=0 
[12:06:18.565171] EP OUT 0x03 len=0 
[12:06:18.572732] EP OUT 0x03 len=0 
[12:06:18.576398] EP IN  0x81 len=64 0988230200008687845958833800001e2345000c002a28db017cd0fe80ebe57e3c262b00107b6e06f045d10f1301000000000000000000000000000000000000
[12:06:18.578153] EP OUT 0x03 len=0 
[12:06:18.585988] EP OUT 0x03 len=0 
[12:06:18.593559] EP OUT 0x03 len=0 
[12:06:18.596388] EP IN  0x81 len=64 0991230000008587845948833800001e4535000c003a9ddf01e325ff00eeaa7ef7df8aff08b8c207b0feb70c0d01000000000000000000000000000000000000
[12:06:18.598137] EP OUT 0x03 len=0 
[12:06:18.601101] EP OUT 0x03 len=0 
[12:06:18.603773] EP OUT 0x03 len=0 
[12:06:18.606257] EP OUT 0x03 len=0 
[12:06:18.613641] EP OUT 0x03 len=0 
[12:06:18.616392] EP IN  0x81 len=64 0996230000008687845948833800001e5945000c0004d0df01d1bbff00c48a7e522d4aff407c0508507a680d1301000000000000000000000000000000000000
[12:06:18.617939] EP OUT 0x03 len=0 
[12:06:18.620541] EP OUT 0x03 len=0 
[12:06:18.622547] EP OUT 0x03 len=0 
[12:06:18.624519] EP OUT 0x03 len=0 
[12:06:18.628425] EP IN  0x81 len=64 0997230000008677845a48833800001e5c35000c00e2cadf01e2c8ff80f2877e4a5d56ffc0f0e507d09dad0d1401000000000000000000000000000000000000
[12:06:18.629981] EP OUT 0x03 len=0 
[12:06:18.637384] EP OUT 0x03 len=0 
[12:06:18.640395] EP IN  0x81 len=64 099a230000008687845a58833800001e6845000c00a0b7df019dd2ff809a7f7eb2cb4cff60459707a005960e1701000000000000000000000000000000000000
[12:06:18.641955] EP OUT 0x03 len=0 
[12:06:18.644499] EP OUT 0x03 len=0 
[12:06:18.646654] EP OUT 0x03 len=0 
[12:06:18.648754] EP OUT 0x03 len=0 
[12:06:18.652414] EP IN  0x81 len=64 099d230000008687845968833800001e7445000c00a4d1df0148a8ff8095847eb2198bff588f7307a0c47b0e0c01000000000000000000000000000000000000
[12:06:18.653894] EP OUT 0x03 len=0 
[12:06:18.661253] EP OUT 0x03 len=0 
[12:06:18.664393] EP IN  0x81 len=64 09a0230200008587845958833800001e7f45000c008ec1df0139b0ff807b997e6e9960ff603cd5076097e30c0f01000000000000000000000000000000000000
[12:06:18.665974] EP OUT 0x03 len=0 
[12:06:18.673153] EP OUT 0x03 len=0 
[12:06:18.676429] EP IN  0x81 len=64 09a3230200008577845a48833800001e8b45000c009e7ede01aa180001c6bf7ee282f1fef0ac3808506b2e0b0f01000000000000000000000000000000000000
[12:06:18.677961] EP OUT 0x03 len=0 
[12:06:18.685190] EP OUT 0x03 len=0 
[12:06:18.688395] EP IN  0x81 len=64 09a6230200008687845968833800001e9645000c001c99dc010c5e0081cbef7e5c0ec0fe70643c08f0f4310d0e01000000000000000000000000000000000000
[12:06:18.689995] EP OUT 0x03 len=0 
[12:06:18.697443] EP OUT 0x03 len=0 
[12:06:18.700357] EP IN  0x81 len=64 09a9230200008687845a48833800001ea245000c0098beda01ec4d008134227fa80e32ff088aba070059190f1301000000000000000000000000000000000000
[12:06:18.702167] EP OUT 0x03 len=0 
[12:06:18.704803] EP OUT 0x03 len=0 
[12:06:18.706917] EP OUT 0x03 len=0 
[12:06:18.712376] EP IN  0x81 len=64 09ac230200008687845a48833800001ead45000c001ec0d901221a008119437f1ae556ff30190c07c0dfe60f1501000000000000000000000000000000000000
[12:06:18.713924] EP OUT 0x03 len=0 
[12:06:18.721192] EP OUT 0x03 len=0 
[12:06:18.724442] EP IN  0x81 len=64 09af230200008587845958833800001eb945000c001ea3d9016fccff80ea587fae4759ff20ccbd0620de4c101801000000000000000000000000000000000000
[12:06:18.725905] EP OUT 0x03 len=0 
[12:06:18.733171] EP OUT 0x03 len=0 
[12:06:18.736399] EP IN  0x81 len=64 09b2230200008687845948833800001ec445000c00d20bda013574ff803d5e7f073f91ff5059b206c00176100d01000000000000000000000000000000000000
[12:06:18.737913] EP OUT 0x03 len=0 
[12:06:18.745259] EP OUT 0x03 len=0 
[12:06:18.748434] EP IN  0x81 len=64 09b5230200008587845948833800001ed045000c00503edb016419ff0071547f25e41300788f9906600280101601000000000000000000000000000000000000
[12:06:18.750000] EP OUT 0x03 len=0 
[12:06:18.757357] EP OUT 0x03 len=0 
[12:06:18.760370] EP IN  0x81 len=64 09b8230200008687845948833800001edb45000c007a11dd0184defe80903a7fbc5b4b0000a89006402048101601000000000000000000000000000000000000
[12:06:18.761973] EP OUT 0x03 len=0 
[12:06:18.769323] EP OUT 0x03 len=0 
[12:06:18.772374] EP IN  0x81 len=64 09bb230000008697845948833800001ee745000c00e677df0116d3fe00090e7f188a6500b0648b06f07e310f0e01000000000000000000000000000000000000
[12:06:18.773802] EP OUT 0x03 len=0 
[12:06:18.781301] EP OUT 0x03 len=0 
[12:06:18.784430] EP IN  0x81 len=64 09be230000008587845948833800001ef245000c00d27ae1017123ff0023d77e93ad4d00d8fdbe06502f330d1701000000000000000000000000000000000000
[12:06:18.786157] EP OUT 0x03 len=0 
[12:06:18.793694] EP OUT 0x03 len=0 
[12:06:18.796483] EP IN  0x81 len=64 09c3230000008687845a58833800001e0536000c00c82de3019e210081e2777e9a9a93ff707a3c0800dde10b0e01000000000000000000000000000000000000
[12:06:18.798079] EP OUT 0x03 len=0 
[12:06:18.800630] EP OUT 0x03 len=0 
[12:06:18.802845] EP OUT 0x03 len=0 
[12:06:18.805046] EP OUT 0x03 len=0 
[12:06:18.808375] EP IN  0x81 len=64 09c4230000008697845a58833800001e0946000c00ac28e301865a008112697e600d74ffd05252085017e80b0e01000000000000000000000000000000000000
[12:06:18.809762] EP OUT 0x03 len=0 
[12:06:18.812430] EP IN  0x81 len=64 09c7230000008687845948833800001e1546000c009cc5e20104ea000182477e327228ff60881c08800bc10c1301000000000000000000000000000000000000
[12:06:18.814597] EP OUT 0x03 len=0 
[12:06:18.816604] EP OUT 0x03 len=0 
[12:06:18.820448] EP IN  0x81 len=64 09c8230000008697845a58833800001e1946000c00cca7e201f20e0101ea3f7ece711fff60360008504d150d1301000000000000000000000000000000000000
[12:06:18.821934] EP OUT 0x03 len=0 
[12:06:18.829137] EP OUT 0x03 len=0 
[12:06:18.832379] EP IN  0x81 len=64 09ca230000008787845958833800001e2046000c008e78e2018a3d010183357ed46a01ffa0eecc0750bfab0d1201000000000000000000000000000000000000
[12:06:18.833858] EP OUT 0x03 len=0 
[12:06:18.836456] EP IN  0x81 len=64 09cd230000008687845958833800001e2c46000c003447e201c8550101e6307eb209f1fe50598907104a4b0e1101000000000000000000000000000000000000
[12:06:18.838688] EP OUT 0x03 len=0 
[12:06:18.840820] EP OUT 0x03 len=0 
[12:06:18.844372] EP IN  0x81 len=64 09ce230000008687845a58833800001e3046000c000446e201c8580181f3337ecc9f0fffb8ed8107a020400e0e01000000000000000000000000000000000000
[12:06:18.845719] EP OUT 0x03 len=0 
[12:06:18.848381] EP IN  0x81 len=64 09d0230000008697845948833800001e3746000c001a46e20140650101323f7e18550dff18d59e07f0448f0d0e01000000000000000000000000000000000000
[12:06:18.850417] EP OUT 0x03 len=0 
[12:06:18.856417] EP IN  0x81 len=64 09d1230200008587845958833800001e3b46000c00d02ce201267a0181354a7eb0d2b7fed055bb070088790c0e01000000000000000000000000000000000000
[12:06:18.857967] EP OUT 0x03 len=0 
[12:06:18.860448] EP IN  0x81 len=64 09d3230200008687845948833800001e4346000c009c4fe10156d80181726a7e62cc57fe307b3308d075b9091201000000000000000000000000000000000000
[12:06:18.862615] EP OUT 0x03 len=0 
[12:06:18.864731] EP OUT 0x03 len=0 
[12:06:18.868422] EP IN  0x81 len=64 09d4230200008587845958833800001e4746000c00c06fe001aa130201057f7e405151fe109b8d08a066ca091201000000000000000000000000000000000000
[12:06:18.869799] EP OUT 0x03 len=0 
[12:06:18.872393] EP IN  0x81 len=64 09d6230200008587845a48833800001e4e46000c00c07fde01025802813daa7ea48111fe505af808d06f610b1201000000000000000000000000000000000000
[12:06:18.874274] EP OUT 0x03 len=0 
[12:06:18.880858] EP OUT 0x03 len=0 
[12:06:18.884337] EP IN  0x81 len=64 09d7230200008587845958833800001e5246000c000c52dd016c630201c6c57e6a8f1dfeb08db908a00fe10c1301000000000000000000000000000000000000
[12:06:18.885574] EP OUT 0x03 len=0 
[12:06:18.888350] EP IN  0x81 len=64 09da230200008687845a48833800001e5e46000c000088da016c1702813b0f7f6e42a7fe00855f07803391101001000000000000000000000000000000000000
[12:06:18.890144] EP OUT 0x03 len=0 
[12:06:18.896923] EP OUT 0x03 len=0 
[12:06:18.900472] EP IN  0x81 len=64 09db230200008597845948833800001e6136000c000c0fda01d2f50181b81d7fa421b0fe78fa0507a093ee101001000000000000000000000000000000000000
[12:06:18.901962] EP OUT 0x03 len=0 
[12:06:18.909093] EP OUT 0x03 len=0 
[12:06:18.912394] EP IN  0x81 len=64 09de230200008687845958833800001e6d46000c002813d901dc6f0181f54b7fe8e5b9feb0bf5e06c0ce51111101000000000000000000000000000000000000
[12:06:18.913959] EP OUT 0x03 len=0 
[12:06:18.921175] EP OUT 0x03 len=0 
[12:06:18.924418] EP IN  0x81 len=64 09e1230200008687845958833800001e7946000c00b66ad90120f0008170617fd46632ff20783c06409361111201000000000000000000000000000000000000
[12:06:18.925933] EP OUT 0x03 len=0 
[12:06:18.933199] EP OUT 0x03 len=0 
[12:06:18.936393] EP IN  0x81 len=64 09e4230200008687845958833800001e8446000c00d468da010a910081a55f7f9d6096ff30ca5d064071d6101601000000000000000000000000000000000000
[12:06:18.937917] EP OUT 0x03 len=0 
[12:06:18.945088] EP OUT 0x03 len=0 
[12:06:18.948397] EP IN  0x81 len=64 09e7230200008587845948833800001e9046000c0044e5db01905000012e4c7f8d8f440010ae8306f06feb0f0f01000000000000000000000000000000000000
[12:06:18.949973] EP OUT 0x03 len=0 
[12:06:18.957317] EP OUT 0x03 len=0 
[12:06:18.960399] EP IN  0x81 len=64 09ea230200008677845958833800001e9b46000c002e96dd01de380081c32a7f4e8794004063c806b0a0930f0f01000000000000000000000000000000000000
[12:06:18.961828] EP OUT 0x03 len=0 
[12:06:18.964478] EP IN  0x81 len=64 09ed230000008687845a58833800001ea746000c00e2c4df01624500811ffc7e628e9700881ac206b089120e0d01000000000000000000000000000000000000
[12:06:18.966734] EP OUT 0x03 len=0 
[12:06:18.968822] EP OUT 0x03 len=0 
[12:06:18.972448] EP IN  0x81 len=64 09ee230000008687845958833800001eaa36000c009847e0011059000160ee7e360f9200d0a6ce06a032450d0d01000000000000000000000000000000000000
[12:06:18.974015] EP OUT 0x03 len=0 
[12:06:18.981322] EP OUT 0x03 len=0 
[12:06:18.984368] EP IN  0x81 len=64 09f0230000008587845958833800001eb246000c00a870e1016a9b008166c57e4e674c0060b3e6068007030d1101000000000000000000000000000000000000
[12:06:18.985931] EP OUT 0x03 len=0 
[12:06:18.988448] EP IN  0x81 len=64 09f3230000008687845948833800001ebe46000c00d6aae201320a0101cc927e050eecffd0381408302af80b1001000000000000000000000000000000000000
[12:06:18.990731] EP OUT 0x03 len=0 
[12:06:18.992919] EP OUT 0x03 len=0 
[12:06:18.996371] EP IN  0x81 len=64 09f4230000008687845958833800001ec136000c00b0bfe2010c250101aa897ea6f2ceff100c50086038d40b1001000000000000000000000000000000000000
[12:06:18.997827] EP OUT 0x03 len=0 
[12:06:19.000388] EP IN  0x81 len=64 09f6230000008687845a58833800001ec946000c008a96e2014e5a0101be787ea34c96ff30916c08705d290c1001000000000000000000000000000000000000
[12:06:19.002573] EP OUT 0x03 len=0 
[12:06:19.004722] EP OUT 0x03 len=0 
[12:06:19.008367] EP IN  0x81 len=64 09f7230000008687845958833800001ecd46000c00b46de2013e6b0101cc747e45b289ff6049560880ec910c1001000000000000000000000000000000000000
[12:06:19.009842] EP OUT 0x03 len=0 
[12:06:19.017158] EP OUT 0x03 len=0 
[12:06:19.020377] EP IN  0x81 len=64 09f9230000008687845a58833800001ed546000c003e20e201447801819f717e23cb84ff00920708e0d2770d1001000000000000000000000000000000000000
[12:06:19.021898] EP OUT 0x03 len=0 
[12:06:19.029002] EP OUT 0x03 len=0 
[12:06:19.032434] EP IN  0x81 len=64 09fc230000008697845958833800001ee046000c003ecbe101465e018172737ed6fe55ff38eebd0720d2270e1701000000000000000000000000000000000000
[12:06:19.033858] EP OUT 0x03 len=0 
[12:06:19.036432] EP IN  0x81 len=64 09ff230000008587845958833800001eec46000c0056ade1015231010142817ef8c04aff98e5b8079097380e1401000000000000000000000000000000000000
[12:06:19.038551] EP OUT 0x03 len=0 
[12:06:19.040912] EP OUT 0x03 len=0 
[12:06:19.044436] EP IN  0x81 len=64 0900230000008587845a58833800001eef36000c000eafe1013028018176867ea6de5cff38cec70740e7350e0d01000000000000000000000000000000000000
[12:06:19.045943] EP OUT 0x03 len=0 
[12:06:19.053256] EP OUT 0x03 len=0 
[12:06:19.056388] EP IN  0x81 len=64 0902230000008687845958833800001ef746000c0000b0e1012415010106977e1eca76ffd08ee307702df10d0d01000000000000000000000000000000000000
[12:06:19.057899] EP OUT 0x03 len=0 
[12:06:19.065105] EP OUT 0x03 len=0 
[12:06:19.068368] EP IN  0x81 len=64 0905230200008687845a58833800001e0347000c00040ce101d24b01016db97e2a4f3bff30cf9c0840d4d30a0e01000000000000000000000000000000000000
[12:06:19.069696] EP OUT 0x03 len=0 
[12:06:19.072384] EP IN  0x81 len=64 0908230200008687845a58833800001e0e47000c0070a7de01caad01019fe07ee252a1fe0032a508001f190c1501000000000000000000000000000000000000
[12:06:19.074409] EP OUT 0x03 len=0 
[12:06:19.080399] EP IN  0x81 len=64 0909230200008687845958833800001e1247000c0080b2dd0174b20181f5ee7e8e74a3fe1062700820bc6c0d1801000000000000000000000000000000000000
[12:06:19.082029] EP OUT 0x03 len=0 
[12:06:19.089224] EP OUT 0x03 len=0 
[12:06:19.092439] EP IN  0x81 len=64 090b230200008697845a58833800001e1a47000c00c020dc01a29901017f077f709c14ff801ed20770c5660f1801000000000000000000000000000000000000
[12:06:19.093963] EP OUT 0x03 len=0 
[12:06:19.101322] EP OUT 0x03 len=0 
[12:06:19.104393] EP IN  0x81 len=64 090e230200008597845a58833800001e2547000c00c4e3da01e663018166187fa2f22cff20953507205a29101001000000000000000000000000000000000000
[12:06:19.105816] EP OUT 0x03 len=0 
[12:06:19.108426] EP IN  0x81 len=64 0911230200008687845948833800001e3147000c00b680da015220010101217f8c763cffc85cc80640ea1d100e01000000000000000000000000000000000000
[12:06:19.110708] EP OUT 0x03 len=0 
[12:06:19.112863] EP OUT 0x03 len=0 
[12:06:19.116402] EP IN  0x81 len=64 0912230200008687845a58833800001e3547000c001487da01dc070101a3207ff03f41ff00b1b806a09534100e01000000000000000000000000000000000000
[12:06:19.117879] EP OUT 0x03 len=0 
[12:06:19.125249] EP OUT 0x03 len=0 
[12:06:19.128356] EP IN  0x81 len=64 0914230200008697845958833800001e3c47000c007cbcda01bcdc0001f21c7f9c954cffb838b20600633d100f01000000000000000000000000000000000000
[12:06:19.129779] EP OUT 0x03 len=0 
[12:06:19.137215] EP OUT 0x03 len=0 
[12:06:19.140472] EP IN  0x81 len=64 0917230200008687845a48833800001e4847000c00da74db01cc9b0081ef107f0a636eff3865c8065014d60f1501000000000000000000000000000000000000
[12:06:19.142016] EP OUT 0x03 len=0 
[12:06:19.149196] EP OUT 0x03 len=0 
[12:06:19.152401] EP IN  0x81 len=64 091a230200008687845a58833800001e5347000c007e6cdc01726700812d027f417eaaffd841ef066063c30f1c01000000000000000000000000000000000000
[12:06:19.153951] EP OUT 0x03 len=0 
[12:06:19.161248] EP OUT 0x03 len=0 
[12:06:19.164459] EP IN  0x81 len=64 091d230200008587845958833800001e5f47000c0050c3dd01e632000190ea7e133dabff784fe406a065810f1501000000000000000000000000000000000000
[12:06:19.166019] EP OUT 0x03 len=0 
[12:06:19.173620] EP OUT 0x03 len=0 
[12:06:19.176387] EP IN  0x81 len=64 0920230000008587845958833800001e6a47000c004226df01721400816ad07e27ad8bff2829100700f1bb0e1501000000000000000000000000000000000000
[12:06:19.178069] EP OUT 0x03 len=0 
[12:06:19.180536] EP OUT 0x03 len=0 
[12:06:19.182582] EP OUT 0x03 len=0 
[12:06:19.184684] EP OUT 0x03 len=0 
[12:06:19.188435] EP IN  0x81 len=64 0923230000008687845958833800001e7647000c00b87be001b031008138af7e5c66c8ff50ca340720dfc50d1001000000000000000000000000000000000000
[12:06:19.190020] EP OUT 0x03 len=0 
[12:06:19.197129] EP OUT 0x03 len=0 
[12:06:19.200379] EP IN  0x81 len=64 0926230000008687845958833800001e8147000c00c465e1010260008144907e380f23ff789db207c0f2ce0c1301000000000000000000000000000000000000
[12:06:19.201947] EP OUT 0x03 len=0 
[12:06:19.209176] EP OUT 0x03 len=0 
[12:06:19.212432] EP IN  0x81 len=64 0929230000008687845b58833800001e8d47000c0054b8e101829a0081ed777e76eb14ff00dd040850189c0c1601000000000000000000000000000000000000
[12:06:19.213892] EP OUT 0x03 len=0 
[12:06:19.221379] EP OUT 0x03 len=0 
[12:06:19.224367] EP IN  0x81 len=64 092c230000008687845958833800001e9837000c00f4a0e10192b700012c687e7a2216ffa008f807704d100d1a01000000000000000000000000000000000000
[12:06:19.225856] EP OUT 0x03 len=0 
[12:06:19.233191] EP OUT 0x03 len=0 
[12:06:19.236453] EP IN  0x81 len=64 092f230000008687845a58833800001ea447000c00b065e101ceaa0001d75c7e30f809ffb88bbe07a03aa30d1501000000000000000000000000000000000000
[12:06:19.238030] EP OUT 0x03 len=0 
[12:06:19.245338] EP OUT 0x03 len=0 
[12:06:19.248407] EP IN  0x81 len=64 0932230000008587845948833800001eaf37000c00c60ee10116760081bc577eec3f08ffd05ea30790f9de0d1901000000000000000000000000000000000000
[12:06:19.249935] EP OUT 0x03 len=0 
[12:06:19.252699] EP OUT 0x03 len=0 
[12:06:19.254864] EP OUT 0x03 len=0 
[12:06:19.257065] EP OUT 0x03 len=0 
[12:06:19.260363] EP IN  0x81 len=64 0935230000008587845a58833800001ebb47000c00c486e0012e270001bc577eb8c132fff09b83077098120e1901000000000000000000000000000000000000
[12:06:19.261748] EP OUT 0x03 len=0 
[12:06:19.264391] EP IN  0x81 len=64 0938230000008697845a58833800001ec637000c008af7df0135deff80105b7e08ad60ffd0a55407e07f2b0e1a01000000000000000000000000000000000000
[12:06:19.266490] EP OUT 0x03 len=0 
[12:06:19.272390] EP IN  0x81 len=64 0939230000008687845958833800001eca47000c0096c0df019cc5ff80ff5c7e26fb71ff380b4507b04a350e1a01000000000000000000000000000000000000
[12:06:19.274058] EP OUT 0x03 len=0 
[12:06:19.281423] EP OUT 0x03 len=0 
[12:06:19.284428] EP IN  0x81 len=64 093b230000008597845948833800001ed247000c00125ddf01b39bff80bf617ec9a08bff00ab3d07109b5d0e1701000000000000000000000000000000000000
[12:06:19.286063] EP OUT 0x03 len=0 
[12:06:19.288703] EP OUT 0x03 len=0 
[12:06:19.290916] EP OUT 0x03 len=0 
[12:06:19.296376] EP IN  0x81 len=64 093e230000008587845a58833800001edd37000c0076ebde012375ff80c6697ece9fbbffa8cd380790ea840e1101000000000000000000000000000000000000
[12:06:19.297845] EP OUT 0x03 len=0 
[12:06:19.300440] EP IN  0x81 len=64 0941230000008687845958833800001ee947000c00dea0de01ee69ff00a6707e6de3daff401733073066920e0f01000000000000000000000000000000000000
[12:06:19.302534] EP OUT 0x03 len=0 
[12:06:19.308413] EP IN  0x81 len=64 0942230000008687845958833800001eed47000c002094de01426dff0025727e1e4ddeff883839074076880e1101000000000000000000000000000000000000
[12:06:19.309797] EP OUT 0x03 len=0 
[12:06:19.317318] EP OUT 0x03 len=0 
[12:06:19.320382] EP IN  0x81 len=64 0944230000008577845a48833800001ef437000c00ae83de015d7aff80f7737e4d37defff8604f0790cf6a0e1401000000000000000000000000000000000000
[12:06:19.322009] EP OUT 0x03 len=0 
[12:06:19.329321] EP OUT 0x03 len=0 
[12:06:19.332371] EP IN  0x81 len=64 0947230000008587845848833800001e0048000c005a6fde017ca1ff8070757e6e55e1fff887710770d5400e1701000000000000000000000000000000000000
[12:06:19.333869] EP OUT 0x03 len=0 
[12:06:19.336346] EP IN  0x81 len=64 094a230000008687845958833800001e0b38000c006063de010ad2ff002f757e6b85dbffa8f97807e091fa0d1701000000000000000000000000000000000000
[12:06:19.338564] EP OUT 0x03 len=0 
[12:06:19.340739] EP OUT 0x03 len=0 
[12:06:19.344398] EP IN  0x81 len=64 094b230000008687845948833800001e0f48000c00fc59de011fe6ff00fc747eb2cfd4ff58137f07905ce30d1301000000000000000000000000000000000000
[12:06:19.345847] EP OUT 0x03 len=0 
[12:06:19.353171] EP OUT 0x03 len=0 
[12:06:19.356449] EP IN  0x81 len=64 094d230000008587845948833800001e1748000c003838de01ba0e000152757ea38eb8fff8838c0730c8ba0d1301000000000000000000000000000000000000
[12:06:19.358052] EP OUT 0x03 len=0 
[12:06:19.365552] EP OUT 0x03 len=0 
[12:06:19.368382] EP IN  0x81 len=64 0950230000008687845a58833800001e2348000c00e0c9dd010843000161787e14db92ff184496072085920d1501000000000000000000000000000000000000
[12:06:19.370074] EP OUT 0x03 len=0 
[12:06:19.372461] EP OUT 0x03 len=0 
[12:06:19.374336] EP OUT 0x03 len=0 
[12:06:19.376543] EP OUT 0x03 len=0 
[12:06:19.380446] EP IN  0x81 len=64 0953230000008687845958833800001e2e48000c00c012dd017e620081b47e7ee2cb81ff78598d07b02fa40d1801000000000000000000000000000000000000
[12:06:19.381971] EP OUT 0x03 len=0 
[12:06:19.384392] EP IN  0x81 len=64 0956230000008687845948833800001e3a48000c005202dc019c6b0001168b7e9cdf68ff38058a07202fad0d1901000000000000000000000000000000000000
[12:06:19.386675] EP OUT 0x03 len=0 
[12:06:19.388764] EP OUT 0x03 len=0 
[12:06:19.392389] EP IN  0x81 len=64 0957230000008687845958833800001e3d38000c00a0afdb01446a0081808f7ef22e64ff40a0880770df930d1101000000000000000000000000000000000000
[12:06:19.393923] EP OUT 0x03 len=0 
[12:06:19.401177] EP OUT 0x03 len=0 
[12:06:19.404481] EP IN  0x81 len=64 0959230000008597845958833800001e4548000c000aa5da0152640001709d7e36d868ffd88e6b0700894c0d0d01000000000000000000000000000000000000
[12:06:19.406020] EP OUT 0x03 len=0 
[12:06:19.413258] EP OUT 0x03 len=0 
[12:06:19.416377] EP IN  0x81 len=64 095c230000008697845958833800001e5148000c0032b7d8016a570001abb77e58a084ff20b63c07b0fb2f0d1101000000000000000000000000000000000000
[12:06:19.417795] EP OUT 0x03 len=0 
[12:06:19.425278] EP OUT 0x03 len=0 
[12:06:19.428423] EP IN  0x81 len=64 095f230000008587845948833800001e5c48000c001418d60132270081c0ce7e6cf907007871a70670d5fd0c1001000000000000000000000000000000000000
[12:06:19.430019] EP OUT 0x03 len=0 
[12:06:19.437304] EP OUT 0x03 len=0 
[12:06:19.440398] EP IN  0x81 len=64 0962230000008687845958833800001e6848000c00de8bd20104dbff006dd87eb5821900e0a85006308b770d1001000000000000000000000000000000000000
[12:06:19.441941] EP OUT 0x03 len=0 
[12:06:19.449147] EP OUT 0x03 len=0 
[12:06:19.452367] EP IN  0x81 len=64 0965230000008687845948833800001e7348000c00c47bcf0137b8ff801fe87e00f8e4fff82a680660822d0e1901000000000000000000000000000000000000
[12:06:19.453776] EP OUT 0x03 len=0 
[12:06:19.456388] EP IN  0x81 len=64 0968230000008577845948833800001e7f48000c00903bcc01f492ff0037047f2a42a4ffc02e8b06602fc00e1901000000000000000000000000000000000000
[12:06:19.458442] EP OUT 0x03 len=0 
[12:06:19.464451] EP IN  0x81 len=64 0969230000008587845948833800001e8238000c00f86ecb016a8aff00750c7f0f0a98ffe0f08806f0bdd40e1901000000000000000000000000000000000000
[12:06:19.466085] EP OUT 0x03 len=0 
[12:06:19.473392] EP OUT 0x03 len=0 
[12:06:19.476438] EP IN  0x81 len=64 096b230000008687845958833800001e8a48000c003262c901c171ff8051257ff8245effd8feb706e0ab3c0f1901000000000000000000000000000000000000
[12:06:19.478069] EP OUT 0x03 len=0 
[12:06:19.485263] EP OUT 0x03 len=0 
[12:06:19.488377] EP IN  0x81 len=64 096e230000008687845a58833800001e9648000c00bc15c701e434ff00c46b7fb2eef8fea03e1a07808d0b101a01000000000000000000000000000000000000
[12:06:19.489788] EP OUT 0x03 len=0 
[12:06:19.492429] EP IN  0x81 len=64 0971230000008687845958833800001ea148000c00b0b6c501fef8fe80eec17f2c2a2fff30205606e05b08101d01000000000000000000000000000000000000
[12:06:19.494534] EP OUT 0x03 len=0 
[12:06:19.500389] EP IN  0x81 len=64 0972230000008687845968833800001ea548000c00c663c50168eafe8082dd7fb41164ff08791d06909bfb0f1d01000000000000000000000000000000000000
[12:06:19.502017] EP OUT 0x03 len=0 
[12:06:19.509461] EP OUT 0x03 len=0 
[12:06:19.512379] EP IN  0x81 len=64 0974230000008687845948833800001ead48000c00dedac4017ae3fe00370e80a827ccff009fdb053058e90f1601000000000000000000000000000000000000
[12:06:19.514027] EP OUT 0x03 len=0 
[12:06:19.516603] EP OUT 0x03 len=0 
[12:06:19.518980] EP OUT 0x03 len=0 
[12:06:19.524357] EP IN  0x81 len=64 0977230000008597845958833800001eb848000c00525dc40199e3fe00e453803695cefff839cd05001dae0f1001000000000000000000000000000000000000
[12:06:19.525709] EP OUT 0x03 len=0 
[12:06:19.532924] EP OUT 0x03 len=0 
[12:06:19.536406] EP IN  0x81 len=64 097a230000008587845958833800001ec448000c00fccdc3015e08ff00d09e8056430d0038c8a405b026b50e1101000000000000000000000000000000000000
[12:06:19.538045] EP OUT 0x03 len=0 
[12:06:19.545282] EP OUT 0x03 len=0 
[12:06:19.548464] EP IN  0x81 len=64 097d230000008597845958833800001ecf48000c000ce5c2017d78ff007ec380d93d4600685dd305a00e4f0e1a01000000000000000000000000000000000000
[12:06:19.550046] EP OUT 0x03 len=0 
[12:06:20.603490] EP OUT 0x02 len=12 0a9100020004000000000000
[12:06:20.604391] EP OUT 0x03 len=0 
[12:06:20.608546] EP IN  0x81 len=64 0981230000008687845958833800001ecc4c000c00d89eb001fcc1fe00c2f8806601f1ffb83ebc049040590f1901000000000000000000000000000000000000
[12:06:20.609731] EP IN  0x82 len=8 0a01000200f80000
[12:06:20.612175] EP OUT 0x02 len=12 0a9100020004000000000000
[12:06:20.612616] EP OUT 0x03 len=0 
[12:06:20.616391] EP IN  0x81 len=64 0983230000008587845958833800001ed22c000c008aa2b0014ec0fe0087f88085feedff9048bd04d03e530f1801000000000000000000000000000000000000
[12:06:20.617230] EP IN  0x82 len=8 0a01000200f80000
[12:06:20.619289] EP OUT 0x02 len=12 0a9100020004000000000000
[12:06:20.619741] EP OUT 0x03 len=0 
[12:06:20.624364] EP IN  0x81 len=64 0985230000008687845948833800001eda4c000c00eaa7b00184bbfe0054f780536eeaffd07dbd04a0424e0f1801000000000000000000000000000000000000
[12:06:20.625619] EP IN  0x82 len=8 0a01000200f80000
[12:06:20.627570] EP OUT 0x02 len=12 0a9100020004000000000000
[12:06:20.627985] EP OUT 0x03 len=0 
[12:06:20.632402] EP IN  0x81 len=64 0987230000008587845a58833800001ee13c000c00d2acb00114b5fe00a2f5807d44e2ff8098bb044015520f1601000000000000000000000000000000000000
[12:06:20.633195] EP IN  0x82 len=8 0a01000200f80000
[12:06:20.635063] EP OUT 0x03 len=0 
[12:06:20.640384] EP IN  0x81 len=64 0989230000008687845958833800001ee94c000c0044b5b00111adfe0083f380cca5d8ffe8f3c104b081650f1601000000000000000000000000000000000000
[12:06:21.750066] EP OUT 0x03 len=0 
[12:06:21.756687] EP IN  0x81 len=64 099923000c008587845a48833800001e1741000c0056adc5013910f1003467824c07fe00703d3a0620d1000f1901000000000000000000000000000000000000
[12:06:21.758686] EP OUT 0x03 len=0 
[12:06:21.764524] EP IN  0x81 len=64 099c23000c008687845a58833800001e2121000c00ca42c50192c7f0005e6882b668fd00686a3d06d0adf80e1d01000000000000000000000000000000000000
[12:06:21.767267] EP OUT 0x03 len=0 
[12:06:21.772791] EP IN  0x81 len=64 099e23000c008687845958833800001e2941000c009aeac4012288f000976a822cb90601c08c380690f71a0f1d01000000000000000000000000000000000000
[12:06:21.774678] EP OUT 0x03 len=0 
[12:06:21.780467] EP IN  0x81 len=64 09a023000c008587845a58833800001e3041000c0036adc401e853f0006c6c82da0b1501681b3406a086450f1b01000000000000000000000000000000000000
[12:06:21.783431] EP OUT 0x03 len=0 
[12:06:21.788419] EP IN  0x81 len=64 09a223000c008687845948833800001e3841000c000687c4013c1ef000826d822c312001a0b62d06b026780f1b01000000000000000000000000000000000000
[12:06:21.790312] EP OUT 0x03 len=0 
[12:06:21.797526] EP OUT 0x03 len=0 
[12:06:21.800370] EP IN  0x81 len=64 09a623000c008577845958833800001e4741000c00fa8bc40126c6ef00746a826c6f3d0110382706d0938b0f1501000000000000000000000000000000000000
[12:06:21.801819] EP OUT 0x03 len=0 
[12:06:21.804140] EP OUT 0x03 len=0 
[12:06:21.806574] EP OUT 0x03 len=0 
[12:06:21.812433] EP IN  0x81 len=64 09a723000c008687845948833800001e4b41000c001c92c401c3b0ef0086688258b94f0190f4250640d6830f1501000000000000000000000000000000000000
[12:06:21.813877] EP OUT 0x03 len=0 
[12:06:21.816354] EP IN  0x81 len=64 09aa23000c008587845958833800001e5741000c005e96c4019d73ef00dc5f82fa4daf01e0563e06304d650f0d01000000000000000000000000000000000000
[12:06:21.818477] EP OUT 0x03 len=0 
[12:06:21.824371] EP IN  0x81 len=64 09ab23000c008687845958833800001e5a31000c00a693c4015865ef00fe5c823afac901c01c4806d0195c0f0d01000000000000000000000000000000000000
[12:06:21.825790] EP OUT 0x03 len=0 
[12:06:21.828443] EP IN  0x81 len=64 09ad23000c008677845958833800001e6241000c004c88c4013d45ef00b95482ba83e801902f4f0630ff520f1801000000000000000000000000000000000000
[12:06:21.830523] EP OUT 0x03 len=0 
[12:06:21.836523] EP IN  0x81 len=64 09ae23000c008677845958833800001e6641000c004c83c4014439ef00dc5082c45ded01886b4d0620bd550f1801000000000000000000000000000000000000
[12:06:21.838048] EP OUT 0x03 len=0 
[12:06:21.840362] EP IN  0x81 len=64 09b023000c008687845858833800001e6e41000c00c080c401692bef00aa4a821c19f801f8504a0610c05c0f1401000000000000000000000000000000000000
[12:06:21.842529] EP OUT 0x03 len=0 
[12:06:21.848407] EP IN  0x81 len=64 09b123000c008677845958833800001e7241000c00e082c4015329ef005c4882dc73000250444b0690015a0f1301000000000000000000000000000000000000
[12:06:21.850023] EP OUT 0x03 len=0 
[12:06:21.857221] EP OUT 0x03 len=0 
[12:06:21.860451] EP IN  0x81 len=64 09b323000c008687845a58833800001e7941000c007e88c401192cef00a445825c9a0a02187c50065042480f1301000000000000000000000000000000000000
[12:06:21.861988] EP OUT 0x03 len=0 
[12:06:21.869434] EP OUT 0x03 len=0 
[12:06:21.872405] EP IN  0x81 len=64 09b623000c008587845858833800001e8541000c006a8cc401f63cef00d9468212f0f401c8d45006907d140f1101000000000000000000000000000000000000
[12:06:21.874247] EP OUT 0x03 len=0 
[12:06:21.881818] EP OUT 0x03 len=0 
[12:06:21.889562] EP OUT 0x03 len=0 
[12:06:21.896995] EP OUT 0x03 len=0 
[12:06:21.900428] EP IN  0x81 len=64 09bb230000008677845a48833800001e9841000c001acbc4014464ef00fc568286228d0150001d06f0a80c0f1301000000000000000000000000000000000000
[12:06:21.902276] EP OUT 0x03 len=0 
[12:06:21.908400] EP IN  0x81 len=64 09c0230000008687845a58833800001eab41000c00b8bbc4016f71ef005b7282848ac90118c80206809a890e1601000000000000000000000000000000000000
[12:06:21.910565] EP OUT 0x03 len=0 
[12:06:21.916521] EP IN  0x81 len=64 09c2230000008677845958833800001eb341000c00f883c401e77def00f87d820a8d8c01603dce0500d5c80e1201000000000000000000000000000000000000
[12:06:21.918194] EP OUT 0x03 len=0 
[12:06:21.925828] EP OUT 0x03 len=0 
[12:06:21.933380] EP OUT 0x03 len=0 
[12:06:21.940858] EP OUT 0x03 len=0 
[12:06:21.944389] EP IN  0x81 len=64 09c6230000008687845a48833800001ec241000c00c039c40126a0ef004a9882304f7a01d0cb9c05f0ebc80e1901000000000000000000000000000000000000
[12:06:21.946052] EP OUT 0x03 len=0 
[12:06:21.953304] EP OUT 0x03 len=0 
[12:06:21.956504] EP IN  0x81 len=64 09cb230000008687845a58833800001ed531000c0032f9c3018395ef0025b38276217f01f862b105f077830e1301000000000000000000000000000000000000
[12:06:21.958216] EP OUT 0x03 len=0 
[12:06:21.965599] EP OUT 0x03 len=0 
[12:06:21.973162] EP OUT 0x03 len=0 
[12:06:21.980769] EP OUT 0x03 len=0 
[12:06:21.984375] EP IN  0x81 len=64 09d3230000008587845a48833800001ef441000c000e58c301f25fef0056c3823cd9a8010891bb05306ebf0e1b01000000000000000000000000000000000000
[12:06:21.985819] EP OUT 0x03 len=0 
[12:06:21.988389] EP IN  0x81 len=64 09d5230000008587845958833800001efc41000c009437c301b65fef002fc4820c85870168fcc1053031c30e1a01000000000000000000000000000000000000
[12:06:21.990777] EP OUT 0x03 len=0 
[12:06:21.992989] EP OUT 0x03 len=0 
[12:06:21.996442] EP IN  0x81 len=64 09d6230000008687845948833800001e0042000c00202bc3012a61ef00cec4827c8f7b01986dc40580b6bc0e1801000000000000000000000000000000000000
[12:06:21.998175] EP OUT 0x03 len=0 
[12:06:22.005669] EP OUT 0x03 len=0 
[12:06:22.008377] EP IN  0x81 len=64 09da230000008687845a58833800001e0f42000c006212c301f261ef006ac78236f59101683ebd05f04cb30e0e01000000000000000000000000000000000000
[12:06:22.009914] EP OUT 0x03 len=0 
[12:06:22.012807] EP OUT 0x03 len=0 
[12:06:22.015088] EP OUT 0x03 len=0 
[12:06:22.020390] EP IN  0x81 len=64 09db230000008687845a58833800001e1342000c00b610c301bb5fef0002c88230279e0150f3bd059012b90e0e01000000000000000000000000000000000000
[12:06:22.022121] EP OUT 0x03 len=0 
[12:06:22.029734] EP OUT 0x03 len=0 
[12:06:22.037057] EP OUT 0x03 len=0 
[12:06:22.044455] EP OUT 0x03 len=0 
[12:06:22.048419] EP IN  0x81 len=64 09e0230000008587845958833800001e2642000c004c21c301704eef0022cb8260cbad01d844d5050022d50e1101000000000000000000000000000000000000
[12:06:22.050303] EP OUT 0x03 len=0 
[12:06:22.057718] EP OUT 0x03 len=0 
[12:06:22.065019] EP OUT 0x03 len=0 
[12:06:22.072329] EP OUT 0x03 len=0 
[12:06:22.076435] EP IN  0x81 len=64 09e7230000008677845948833800001e4142000c00784ec301d71fef00add082aa60b00138f8dd05e028e40e2101000000000000000000000000000000000000
[12:06:22.077955] EP OUT 0x03 len=0 
[12:06:22.085473] EP OUT 0x03 len=0 
[12:06:22.088393] EP IN  0x81 len=64 09ec230000008577845948833800001e5442000c00ec7cc301d7f1ee000ed7827803c60188ede30580f0e30e1601000000000000000000000000000000000000
[12:06:22.090095] EP OUT 0x03 len=0 
[12:06:22.092923] EP OUT 0x03 len=0 
[12:06:22.095380] EP OUT 0x03 len=0 
[12:06:22.097693] EP OUT 0x03 len=0 
[12:06:22.100439] EP IN  0x81 len=64 09ef230000008687845958833800001e6042000c00be99c30102d8ee00f4d982ae5ec90148ecf305b0eaf20e1b01000000000000000000000000000000000000
[12:06:22.102013] EP OUT 0x03 len=0 
[12:06:22.104506] EP OUT 0x03 len=0 
[12:06:22.106582] EP OUT 0x03 len=0 
[12:06:22.108652] EP OUT 0x03 len=0 
[12:06:22.112368] EP IN  0x81 len=64 09f2230000008587845a58833800001e6b42000c00c6acc301efc0ee00fbd882f269cc01e07ded052021fe0e1b01000000000000000000000000000000000000
[12:06:22.114100] EP OUT 0x03 len=0 
[12:06:22.121352] EP OUT 0x03 len=0 
[12:06:22.124413] EP IN  0x81 len=64 09f5230000008587845948833800001e7742000c0042b6c30137a5ee00e5d3824cf1bd011016d50530d60a0f1901000000000000000000000000000000000000
[12:06:22.126229] EP OUT 0x03 len=0 
[12:06:22.133585] EP OUT 0x03 len=0 
[12:06:22.136407] EP IN  0x81 len=64 09fa230000008687845958833800001e8a42000c0006bfc301f274ee00d4c982b4e2d3015054c80530d7160f1601000000000000000000000000000000000000
[12:06:22.137820] EP OUT 0x03 len=0 
[12:06:22.139959] EP OUT 0x03 len=0 
[12:06:22.142670] EP OUT 0x03 len=0 
[12:06:22.144858] EP OUT 0x03 len=0 
[12:06:22.148448] EP IN  0x81 len=64 09fb230000008687845a48833800001e8e42000c0070c6c301476aee0019c78282a5dc012842cc05509c230f1001000000000000000000000000000000000000
[12:06:22.149886] EP OUT 0x03 len=0 
[12:06:22.152381] EP IN  0x81 len=64 09fe230000008677845948833800001e9942000c003603c401ef41ee0012bf8292edd00100cfda051059e50e0e01000000000000000000000000000000000000
[12:06:22.154585] EP OUT 0x03 len=0 
[12:06:22.156715] EP OUT 0x03 len=0 
[12:06:22.160385] EP IN  0x81 len=64 09ff230000008687845958833800001e9d42000c00bc1ac401472dee0076bc82688dd70128dbe00510659a0e1101000000000000000000000000000000000000
[12:06:22.161813] EP OUT 0x03 len=0 
[12:06:22.169190] EP OUT 0x03 len=0 
[12:06:22.172383] EP IN  0x81 len=64 0901230000008687845948833800001ea542000c000c34c401ddf7ed0088b782b8771b02f8e9e00590e9130e1501000000000000000000000000000000000000
[12:06:22.173805] EP OUT 0x03 len=0 
[12:06:22.176378] EP IN  0x81 len=64 0904230008008687845948833800001eb042000c000651c401bcb2ed00a4ae821003520230bbf405b0f11e0e1501000000000000000000000000000000000000
[12:06:22.178687] EP OUT 0x03 len=0 
[12:06:22.180799] EP OUT 0x03 len=0 
[12:06:22.184401] EP IN  0x81 len=64 0905230008008487845a48833800001eb442000c00e258c401eca1ed0038a98208f46c02f0834a061071c10d1501000000000000000000000000000000000000
[12:06:22.185873] EP OUT 0x03 len=0 
[12:06:22.188436] EP IN  0x81 len=64 0907230008008587845958833800001ebc42000c009a2fc401938eed00d09582488c9e0218a6b7061002ab0d1501000000000000000000000000000000000000
[12:06:22.190513] EP OUT 0x03 len=0 
[12:06:22.196457] EP IN  0x81 len=64 0908230008008687845958833800001ec042000c009413c4016d8fed0094898244a2a60208f8ac06e0a3d60d1601000000000000000000000000000000000000
[12:06:22.197905] EP OUT 0x03 len=0 
[12:06:22.200369] EP IN  0x81 len=64 090a230008008687845958833800001ec742000c0070edc3014eaded00da758210a28102c8e75106e047420e1601000000000000000000000000000000000000
[12:06:22.202460] EP OUT 0x03 len=0 
[12:06:22.208419] EP IN  0x81 len=64 090b230008008587845958833800001ecb42000c007edfc301facfed00846c8274976b02a857130620fc770e1601000000000000000000000000000000000000
[12:06:22.209802] EP OUT 0x03 len=0 
[12:06:22.212428] EP IN  0x81 len=64 090d230008008587845a58833800001ed342000c005cd4c3017d34ee00cc5c8204225c0258f1a30590e9cb0e1601000000000000000000000000000000000000
[12:06:22.214507] EP OUT 0x03 len=0 
[12:06:22.216578] EP OUT 0x03 len=0 
[12:06:22.220434] EP IN  0x81 len=64 090e230008008587845958833800001ed742000c0042d5c3019171ee006c558220265e02381b8705d027cd0e1601000000000000000000000000000000000000
[12:06:22.221996] EP OUT 0x03 len=0 
[12:06:22.229188] EP OUT 0x03 len=0 
[12:06:22.232383] EP IN  0x81 len=64 0910230008008687845a48833800001ede42000c0016c8c301f2e5ee00c74882c8285202b8128a050050a50e1601000000000000000000000000000000000000
[12:06:22.233834] EP OUT 0x03 len=0 
[12:06:22.241185] EP OUT 0x03 len=0 
[12:06:22.244388] EP IN  0x81 len=64 0913230008008687845a58833800001eea42000c00cca7c30168b6ef00143482000e1c0230899e0540d2ea0e1701000000000000000000000000000000000000
[12:06:22.245846] EP OUT 0x03 len=0 
[12:06:22.248370] EP IN  0x81 len=64 0916230008008677845948833800001ef542000c0024b7c3014461f0000c268276eec701d8ae8705d0c73e0f1001000000000000000000000000000000000000
[12:06:22.250465] EP OUT 0x03 len=0 
[12:06:22.256402] EP IN  0x81 len=64 0917230008008577845948833800001ef942000c0004c8c301a395f00055228264aeae01408e8005909d4e0f1001000000000000000000000000000000000000
[12:06:22.257862] EP OUT 0x03 len=0 
[12:06:22.260431] EP IN  0x81 len=64 0919230008008687845a58833800001e0143000c0070eac30126e9f000741c82a6cf7c0120cc7f057039380f1601000000000000000000000000000000000000
[12:06:22.262937] EP OUT 0x03 len=0 
[12:06:22.268443] EP IN  0x81 len=64 091a230008008687845948833800001e0543000c0018f5c301fb06f1002e1a821eb65f0100e98605f0fc260f1601000000000000000000000000000000000000
[12:06:22.270019] EP OUT 0x03 len=0 
[12:06:22.277231] EP OUT 0x03 len=0 
[12:06:22.280378] EP IN  0x81 len=64 091c230008008687845a48833800001e0c33000c00fcfdc3012329f100a11782fa022201281b9905c015260f1801000000000000000000000000000000000000
[12:06:22.281839] EP OUT 0x03 len=0 
[12:06:22.284444] EP IN  0x81 len=64 091f230008008677845958833800001e1843000c008c09c401de34f1001018828ad0cc00480bc205b0ca440f1e01000000000000000000000000000000000000
[12:06:22.286610] EP OUT 0x03 len=0 
[12:06:22.288729] EP OUT 0x03 len=0 
[12:06:22.292426] EP IN  0x81 len=64 0920230008008687845948833800001e1c43000c006210c401e72cf100f2188298d3af00f83fd505300f4d0f1b01000000000000000000000000000000000000
[12:06:22.293681] EP OUT 0x03 len=0 
[12:06:22.296340] EP IN  0x81 len=64 0922230008008677845a48833800001e2333000c006c21c401a712f100db1a8273c27d0058a4ef05b0cf540f1201000000000000000000000000000000000000
[12:06:22.298104] EP OUT 0x03 len=0 
[12:06:22.304866] EP OUT 0x03 len=0 
[12:06:22.308423] EP IN  0x81 len=64 0923230008008587845a58833800001e2743000c00982dc40166fdf000311c825bc56d00609ef505309c570f1201000000000000000000000000000000000000
[12:06:22.309665] EP OUT 0x03 len=0 
[12:06:22.312378] EP IN  0x81 len=64 0926230008008687845958833800001e3343000c00385ec4010da7f000032282a67d7b00483df70570eb6b0f1101000000000000000000000000000000000000
[12:06:22.314623] EP OUT 0x03 len=0 
[12:06:22.316645] EP OUT 0x03 len=0 
[12:06:22.320346] EP IN  0x81 len=64 0927230008008687845958833800001e3743000c00be6fc401a183f000982482a2529800a03df505c0ee720f1101000000000000000000000000000000000000
[12:06:22.321560] EP OUT 0x03 len=0 
[12:06:22.324396] EP IN  0x81 len=64 0929230008008577845948833800001e3e43000c00808bc4019a3ef000792982e40dda00c00af4054033770f1101000000000000000000000000000000000000
[12:06:22.326121] EP OUT 0x03 len=0 
[12:06:22.332991] EP OUT 0x03 len=0 
[12:06:22.336345] EP IN  0x81 len=64 092a230008008577845958833800001e4243000c00f098c401c413f0006c2c82b62a01014895f505c035760f1201000000000000000000000000000000000000
[12:06:22.337560] EP OUT 0x03 len=0 
[12:06:22.340461] EP IN  0x81 len=64 092d230008008687845a58833800001e4e43000c00bec4c4010491ef0048358234575e0158c205061088780f1201000000000000000000000000000000000000
[12:06:22.342547] EP OUT 0x03 len=0 
[12:06:22.348394] EP IN  0x81 len=64 092e230008008697845958833800001e5133000c00ecd3c4016d72ef006c37827632770158d30e06e0f2770f1201000000000000000000000000000000000000
[12:06:22.349655] EP OUT 0x03 len=0 
[12:06:22.352342] EP IN  0x81 len=64 0930230008008587845958833800001e5943000c00f401c5011c29ef00c93c8212a2a30130162306e01b600f1201000000000000000000000000000000000000
[12:06:22.354148] EP OUT 0x03 len=0 
[12:06:22.360986] EP OUT 0x03 len=0 
[12:06:22.364343] EP IN  0x81 len=64 0931230008008677845958833800001e5d43000c000c18c501e009ef00343f82744abb01f0593006b05a4e0f1301000000000000000000000000000000000000
[12:06:22.365626] EP OUT 0x03 len=0 
[12:06:22.368340] EP IN  0x81 len=64 0934230008008687845958833800001e6833000c00ca40c501bdcaee009d4482aa20f601d8925806e0941b0f1501000000000000000000000000000000000000
[12:06:22.370127] EP OUT 0x03 len=0 
[12:06:22.377144] EP OUT 0x03 len=0 
[12:06:22.380455] EP IN  0x81 len=64 0935230008008677845958833800001e6c43000c00e047c50107bcee0010468284fa0402482a5f0680af110f1501000000000000000000000000000000000000
[12:06:22.381952] EP OUT 0x03 len=0 
[12:06:22.384344] EP IN  0x81 len=64 0938230000008587845968833800001e7843000c00a875c501eea0ee0028498258d12c02a8a35806d003080f1701000000000000000000000000000000000000
[12:06:22.386181] EP OUT 0x03 len=0 
[12:06:22.392943] EP OUT 0x03 len=0 
[12:06:22.396375] EP IN  0x81 len=64 0939230000008587845958833800001e7c43000c00fc89c501ba9bee00494a822ca62b02886059068007e20e1601000000000000000000000000000000000000
[12:06:22.397604] EP OUT 0x03 len=0 
[12:06:22.400397] EP IN  0x81 len=64 093c230000008777845958833800001e8743000c00dea4c501a890ee00c04c823837440288f78a06c0782a0e1501000000000000000000000000000000000000
[12:06:22.402451] EP OUT 0x03 len=0 
[12:06:22.404667] EP OUT 0x03 len=0 
[12:06:22.408342] EP IN  0x81 len=64 093d230000008587845958833800001e8b43000c00d491c501ba8dee00ef4c8240014402305f810630863e0e1501000000000000000000000000000000000000
[12:06:22.409560] EP OUT 0x03 len=0 
[12:06:22.412371] EP IN  0x81 len=64 093f230000008687845958833800001e9343000c004263c5010898ee00385082c41e0802a88f3a06d061810e1a01000000000000000000000000000000000000
[12:06:22.414218] EP OUT 0x03 len=0 
[12:06:22.421030] EP OUT 0x03 len=0 
[12:06:22.424338] EP IN  0x81 len=64 0940230000008587845958833800001e9633000c000252c50127a0ee00a55282383af40168c41a06c059960e1a01000000000000000000000000000000000000
[12:06:22.425540] EP OUT 0x03 len=0 
[12:06:22.428371] EP IN  0x81 len=64 0943230000008587845a48833800001ea243000c003a1bc5019dc9ee00875d82f028de01e0bbee055022ad0e1701000000000000000000000000000000000000
[12:06:22.430130] EP OUT 0x03 len=0 
[12:06:22.436923] EP OUT 0x03 len=0 
[12:06:22.440392] EP IN  0x81 len=64 0944230000008687845958833800001ea643000c00280ec50169d7ee000961822865d60118efe805a0e9a80e1701000000000000000000000000000000000000
[12:06:22.441880] EP OUT 0x03 len=0 
[12:06:22.449075] EP OUT 0x03 len=0 
[12:06:22.452472] EP IN  0x81 len=64 0947230000008697845948833800001eb133000c0028f0c4012cf6ee00c36c82ee37bf01984ee1054018950e1101000000000000000000000000000000000000
[12:06:22.454030] EP OUT 0x03 len=0 
[12:06:22.461316] EP OUT 0x03 len=0 
[12:06:22.464387] EP IN  0x81 len=64 094a230000008687845948833800001ebd43000c00f0d4c4017413ef00067a82f872ad01b88dd905b0ffa30e1501000000000000000000000000000000000000
[12:06:22.465770] EP OUT 0x03 len=0 
[12:06:22.468439] EP IN  0x81 len=64 094d230000008687845948833800001ec833000c00a2d5c401c027ef00268482ea819101986cd40580d9a60e1901000000000000000000000000000000000000
[12:06:22.470682] EP OUT 0x03 len=0 
[12:06:22.472820] EP OUT 0x03 len=0 
[12:06:22.476417] EP IN  0x81 len=64 094e230000008687845958833800001ecc43000c00badcc401f82cef00b2878254578801b8c1d5056023a00e1701000000000000000000000000000000000000
[12:06:22.477703] EP OUT 0x03 len=0 
[12:06:22.480345] EP IN  0x81 len=64 0950230000008687845a58833800001ed443000c0084e9c4018834ef00b98e8232c67b010846db0590e7820e1301000000000000000000000000000000000000
[12:06:22.482209] EP OUT 0x03 len=0 
[12:06:22.488971] EP OUT 0x03 len=0 
[12:06:22.492346] EP IN  0x81 len=64 0951230000008587845958833800001ed843000c009aecc4014837ef000d928270c07a01b091db0550a5760e1301000000000000000000000000000000000000
[12:06:22.493752] EP OUT 0x03 len=0 
[12:06:22.496383] EP IN  0x81 len=64 0954230000008687845958833800001ee343000c00e2f1c4012739ef001d9a82dce66e01d8dacb05b024780e1901000000000000000000000000000000000000
[12:06:22.498568] EP OUT 0x03 len=0 
[12:06:22.504412] EP IN  0x81 len=64 0955230000008587845a58833800001ee743000c002af9c4010338ef00f39c82d6de77011806c305906d810e1901000000000000000000000000000000000000
[12:06:22.506151] EP OUT 0x03 len=0 
[12:06:22.513209] EP OUT 0x03 len=0 
[12:06:22.516402] EP IN  0x81 len=64 0957230000008687845958833800001eef43000c00b80ec5017e36ef00a7a28272608c01882dbb05f0377b0e1701000000000000000000000000000000000000
[12:06:22.517938] EP OUT 0x03 len=0 
[12:06:22.525313] EP OUT 0x03 len=0 
[12:06:22.528369] EP IN  0x81 len=64 095a230000008587845a58833800001efa43000c00301cc5017c3def0063a982424eab01b81aca05d01d890e1701000000000000000000000000000000000000
[12:06:22.529961] EP OUT 0x03 len=0 
[12:06:22.537219] EP OUT 0x03 len=0 
[12:06:22.540443] EP IN  0x81 len=64 095d230000008597845a48833800001e0644000c00d20ec501e751ef001aae82b2bad101588bdb05303daf0e1001000000000000000000000000000000000000
[12:06:22.541900] EP OUT 0x03 len=0 
[12:06:22.544388] EP IN  0x81 len=64 0960230000008677845958833800001e1144000c0024f2c401d369ef0069b1822246f401f89ee605e0acd30e1101000000000000000000000000000000000000
[12:06:22.546581] EP OUT 0x03 len=0 
[12:06:22.548894] EP OUT 0x03 len=0 
[12:06:22.552362] EP IN  0x81 len=64 0961230000008687845a48833800001e1544000c00ece6c4015273ef0046b28246cdf801a81fec0560a9e10e1101000000000000000000000000000000000000
[12:06:22.554097] EP OUT 0x03 len=0 
[12:06:22.561347] EP OUT 0x03 len=0 
[12:06:22.564452] EP IN  0x81 len=64 0963230000008587845a58833800001e1d44000c0058d0c4010389ef005ab38254e6f40160def4056061010f1501000000000000000000000000000000000000
[12:06:22.566088] EP OUT 0x03 len=0 
[12:06:22.573443] EP OUT 0x03 len=0 
[12:06:22.576386] EP IN  0x81 len=64 0966230000008687845958833800001e2844000c00aeb7c4011caaef00c1b3820e7bda013848f805b0e1370f1901000000000000000000000000000000000000
[12:06:22.577812] EP OUT 0x03 len=0 
[12:06:22.580463] EP IN  0x81 len=64 0969230000008587845958833800001e3444000c003eb3c40118cdef00b7b382aefab001b898060650b3420f1701000000000000000000000000000000000000
[12:06:22.582781] EP OUT 0x03 len=0 
[12:06:22.584759] EP OUT 0x03 len=0 
[12:06:22.588449] EP IN  0x81 len=64 096a230000008587845948833800001e3844000c0020b4c4018bd8ef00a9b382eebba50160140e065038300f1701000000000000000000000000000000000000
[12:06:22.589987] EP OUT 0x03 len=0 
[12:06:22.597254] EP OUT 0x03 len=0 
[12:06:22.600393] EP IN  0x81 len=64 096c230000008587845948833800001e3f34000c001ab3c4014eedef003fb38232c3a301781b1d0610bd0d0f1b01000000000000000000000000000000000000
[12:06:22.601964] EP OUT 0x03 len=0 
[12:06:22.609331] EP OUT 0x03 len=0 
[12:06:22.612373] EP IN  0x81 len=64 096f230000008687845948833800001e4b44000c00caa2c401de13f00045b182a0d7a601a83f2606f0ecde0e1b01000000000000000000000000000000000000
[12:06:22.613888] EP OUT 0x03 len=0 
[12:06:22.616396] EP IN  0x81 len=64 0972230000008587845948833800001e5634000c003881c4012c39f000f3ad82ca279b01e0f21806c0b0dd0e1901000000000000000000000000000000000000
[12:06:22.618689] EP OUT 0x03 len=0 
[12:06:22.620756] EP OUT 0x03 len=0 
[12:06:22.624405] EP IN  0x81 len=64 0973230000008587845a48833800001e5a44000c005c75c4012e45f000dbac82c8519301b89b1306a063e40e1901000000000000000000000000000000000000
[12:06:22.625865] EP OUT 0x03 len=0 
[12:06:22.633124] EP OUT 0x03 len=0 
[12:06:22.636419] EP IN  0x81 len=64 0975230000008587845948833800001e6244000c00ac62c4012559f00048ab82e672850178cb0906206eee0e1a01000000000000000000000000000000000000
[12:06:22.637971] EP OUT 0x03 len=0 
[12:06:22.645289] EP OUT 0x03 len=0 
[12:06:22.648402] EP IN  0x81 len=64 0978230000008587845a48833800001e6d34000c004649c401c06df00003aa827ea675015041fe050063ed0e1501000000000000000000000000000000000000
[12:06:22.649808] EP OUT 0x03 len=0 
[12:06:22.657013] EP OUT 0x03 len=0 
[12:06:22.660428] EP IN  0x81 len=64 097b230000008687845a48833800001e7944000c008430c401337ef000e8a882168276012047fc05b075ef0e1301000000000000000000000000000000000000
[12:06:22.662013] EP OUT 0x03 len=0 
[12:06:22.669065] EP OUT 0x03 len=0 
[12:06:22.672366] EP IN  0x81 len=64 097e230000008687845a58833800001e8434000c00c21ac401a48af00061a98290398701703cfd05b014de0e1801000000000000000000000000000000000000
[12:06:22.673746] EP OUT 0x03 len=0 
[12:06:22.676351] EP IN  0x81 len=64 0981230000008687845a58833800001e9044000c00c0fdc3015e99f00059aa8288b4970170d7f405e034cd0e1a01000000000000000000000000000000000000
[12:06:22.678203] EP OUT 0x03 len=0 
[12:06:22.684936] EP OUT 0x03 len=0 
[12:06:22.688378] EP IN  0x81 len=64 0982230000008587845958833800001e9444000c0028f3c3014c9ef000dbaa8282309d01709af00510f5c90e1a01000000000000000000000000000000000000
[12:06:22.689618] EP OUT 0x03 len=0 
[12:06:22.692353] EP IN  0x81 len=64 0985230000008687845948833800001e9f44000c00ead6c3011fabf00029ac8254ae9f01b015e905a0f9ba0e1001000000000000000000000000000000000000
[12:06:22.694112] EP OUT 0x03 len=0 
[12:06:22.700835] EP OUT 0x03 len=0 
[12:06:22.704350] EP IN  0x81 len=64 0986230000008687845948833800001ea344000c00cec2c3018faff000cfac829267990130c0ee05602d980e1001000000000000000000000000000000000000
[12:06:22.705588] EP OUT 0x03 len=0 
[12:06:22.708335] EP IN  0x81 len=64 0989230000008687845958833800001eaf44000c007a64c3011fc3f000e0ac82d84eb501a88bd9053005ce0e1701000000000000000000000000000000000000
[12:06:22.710079] EP OUT 0x03 len=0 
[12:06:22.711787] EP OUT 0x03 len=0 
[12:06:22.716360] EP IN  0x81 len=64 098a230000008687845a58833800001eb234000c00c053c3010dc8f00066ac82a09bb901587ad0058051e20e1701000000000000000000000000000000000000
[12:06:22.717646] EP OUT 0x03 len=0 
[12:06:22.720374] EP IN  0x81 len=64 098c230000008687845958833800001eba44000c00e836c301d0d5f000b0aa82f052b601906cbf0510a6fa0e1701000000000000000000000000000000000000
[12:06:22.722264] EP OUT 0x03 len=0 
[12:06:22.728955] EP OUT 0x03 len=0 
[12:06:22.732362] EP IN  0x81 len=64 098d230000008687845958833800001ebe44000c004430c3019ddcf000f4a982f091b1015011b805c0ee0a0f1701000000000000000000000000000000000000
[12:06:22.733587] EP OUT 0x03 len=0 
[12:06:22.736422] EP IN  0x81 len=64 0990230000008577845958833800001eca44000c006e27c3011bebf0007ea88266f2a60178b8b605f03d010f1701000000000000000000000000000000000000
[12:06:22.738365] EP OUT 0x03 len=0 
[12:06:22.744944] EP OUT 0x03 len=0 
[12:06:22.748410] EP IN  0x81 len=64 0991230000008677845958833800001ecd34000c00ba22c301aaedf00035a882f087a501383cba05706af40e1a01000000000000000000000000000000000000
[12:06:22.749717] EP OUT 0x03 len=0 
[12:06:22.752354] EP IN  0x81 len=64 0994230000008687845948833800001ed944000c0088ffc20101f6f00048a682b6279901e0f1bd0580ebec0e1c01000000000000000000000000000000000000
[12:06:22.754362] EP OUT 0x03 len=0 
[12:06:22.761237] EP OUT 0x03 len=0 
[12:06:22.764476] EP IN  0x81 len=64 0997230000008587845958833800001ee434000c00c4e0c20198f6f00081a38200728501709eb6057066070f2101000000000000000000000000000000000000
[12:06:22.765816] EP OUT 0x03 len=0 
[12:06:22.768389] EP IN  0x81 len=64 0998230000008587845948833800001ee844000c0004dbc201a9f3f0007ea282aef77f01e00ab605603b0f0f2101000000000000000000000000000000000000
[12:06:22.770532] EP OUT 0x03 len=0 
[12:06:22.777204] EP OUT 0x03 len=0 
[12:06:22.780410] EP IN  0x81 len=64 0999230000008687845a58833800001eec44000c007ed7c201a7eef00067a182e6237a0178bdb705c041140f1e01000000000000000000000000000000000000
[12:06:22.781752] EP OUT 0x03 len=0 
[12:06:22.784384] EP IN  0x81 len=64 099c230000008687845958833800001ef844000c00fcd2c2010ed3f000e59c82ccaa6e01e02ac505e08b220f1601000000000000000000000000000000000000
[12:06:22.786562] EP OUT 0x03 len=0 
[12:06:22.792410] EP IN  0x81 len=64 099d230000008687845a48833800001efb34000c0062d2c2010bcaf0009f9b82ea817101d027cc05d0c9230f1601000000000000000000000000000000000000
[12:06:22.794020] EP OUT 0x03 len=0 
[12:06:22.801089] EP OUT 0x03 len=0 
[12:06:22.804481] EP IN  0x81 len=64 099f230000008587845a48833800001e0345000c002ad1c201b2b0f0003d98828e1379017826d305f0cf1b0f1301000000000000000000000000000000000000
[12:06:22.805743] EP OUT 0x03 len=0 
[12:06:22.808372] EP IN  0x81 len=64 09a2230000008687845a48833800001e0f45000c0064d2c2011f8ef000eb92822cea6f01a05fcb05e0520c0f1701000000000000000000000000000000000000
[12:06:22.810438] EP OUT 0x03 len=0 
[12:06:22.816391] EP IN  0x81 len=64 09a3230000008677845848833800001e1235000c008ed3c201b286f000729182363c6d01481fc805107a0a0f1701000000000000000000000000000000000000
[12:06:22.817997] EP OUT 0x03 len=0 
[12:06:22.825247] EP OUT 0x03 len=0 
[12:06:22.828392] EP IN  0x81 len=64 09a5230000008587845948833800001e1a45000c0082d7c2017774f000e98c8254866c01a019c40540d4000f1701000000000000000000000000000000000000
[12:06:22.829915] EP OUT 0x03 len=0 
[12:06:22.832361] EP IN  0x81 len=64 09a8230000008587845948833800001e2645000c00aad4c201265af000d88482de0b790150eec805108df80e1901000000000000000000000000000000000000
[12:06:22.834562] EP OUT 0x03 len=0 
[12:06:22.836757] EP OUT 0x03 len=0 
[12:06:22.840404] EP IN  0x81 len=64 09a9230000008587845a58833800001e2935000c0068d3c2019a53f000b68282eef38001d829cd052022f70e1901000000000000000000000000000000000000
[12:06:22.841755] EP OUT 0x03 len=0 
[12:06:22.844440] EP IN  0x81 len=64 09ab230000008687845a48833800001e3145000c007cd0c2012343f000cc7c8204d08f0150ead105300df90e1901000000000000000000000000000000000000
[12:06:22.846435] EP OUT 0x03 len=0 
[12:06:22.853441] EP OUT 0x03 len=0 
[12:06:22.856366] EP IN  0x81 len=64 09ae230000008687845a68833800001e3d45000c00b6d6c201c92df0009a72829ea48101f009ca05f0140f0f1a01000000000000000000000000000000000000
[12:06:22.857677] EP OUT 0x03 len=0 
[12:06:22.860404] EP IN  0x81 len=64 09af230000008687845a48833800001e4035000c004adcc201b62bf000ed6f824472810198b3c90590d7ec0e1c01000000000000000000000000000000000000
[12:06:22.862571] EP OUT 0x03 len=0 
[12:06:22.868486] EP IN  0x81 len=64 09b0230000008587845a58833800001e4445000c0062e3c201662ff0000f6c826044850178b9ca05a0a0ad0e1c01000000000000000000000000000000000000
[12:06:22.870062] EP OUT 0x03 len=0 
[12:06:22.877164] EP OUT 0x03 len=0 
[12:06:22.880356] EP IN  0x81 len=64 09b2230200008687845a58833800001e4c45000c00d8e2c2019d55f0008e62825ad8810128efc205308efe0d1a01000000000000000000000000000000000000
[12:06:22.881644] EP OUT 0x03 len=0 
[12:06:22.884465] EP IN  0x81 len=64 09b5230200008587845a48833800001e5845000c006aedc2010ed4f000a54a825c4b6101f804bc05c0d77d0d1501000000000000000000000000000000000000
[12:06:22.886702] EP OUT 0x03 len=0 
[12:06:22.888572] EP OUT 0x03 len=0 
[12:06:22.892475] EP IN  0x81 len=64 09b6230200008687845a58833800001e5b35000c004cebc20156fef000884382da262d01c87acc05e032870d1501000000000000000000000000000000000000
[12:06:22.894051] EP OUT 0x03 len=0 
[12:06:22.901493] EP OUT 0x03 len=0 
[12:06:22.904381] EP IN  0x81 len=64 09b8230200008687845958833800001e6345000c0086d0c2014a66f100b73382fc1fa800a8a41a06807eb80d1601000000000000000000000000000000000000
[12:06:22.905904] EP OUT 0x03 len=0 
[12:06:22.908624] EP OUT 0x03 len=0 
[12:06:22.911129] EP OUT 0x03 len=0 
[12:06:22.916435] EP IN  0x81 len=64 09bb230200008687845a38833800001e6f45000c00b611c2014dd5f100a22b82222cbb00586f5a0610a4e30d1e01000000000000000000000000000000000000
[12:06:22.917975] EP OUT 0x03 len=0 
[12:06:22.925309] EP OUT 0x03 len=0 
[12:06:22.928359] EP IN  0x81 len=64 09be230200008587845a58833800001e7a45000c0062c2c0017b0af200692a82eaaff100485e420620e16e0e1e01000000000000000000000000000000000000
[12:06:22.929904] EP OUT 0x03 len=0 
[12:06:22.937248] EP OUT 0x03 len=0 
[12:06:22.940450] EP IN  0x81 len=64 09c1230200008687845958833800001e8645000c00a426bf010f0af200d13982c6c42b0168ddfb05e05e560f1c01000000000000000000000000000000000000
[12:06:22.942052] EP OUT 0x03 len=0 
[12:06:22.949554] EP OUT 0x03 len=0 
[12:06:22.952370] EP IN  0x81 len=64 09c6230200008677845958833800001e9945000c00903cbd01708cf100827382ecab9f01c8089605205a2b100d01000000000000000000000000000000000000
[12:06:22.953762] EP OUT 0x03 len=0 
[12:06:22.956452] EP IN  0x81 len=64 09c7230200008687845948833800001e9d45000c00ccf3bc01d767f1006081826e07ae01c0497c05203644101001000000000000000000000000000000000000
[12:06:22.958721] EP OUT 0x03 len=0 
[12:06:22.961018] EP OUT 0x03 len=0 
[12:06:22.964444] EP IN  0x81 len=64 09c8230200008587845948833800001ea035000c006cc6bc01894bf100f18b827437b7017095630500125c101301000000000000000000000000000000000000
[12:06:22.966179] EP OUT 0x03 len=0 
[12:06:22.973620] EP OUT 0x03 len=0 
[12:06:22.976398] EP IN  0x81 len=64 09cc230200008687845958833800001eb045000c00c07ebc01a4b0f000a1c28238a8f101f0223d0560da97101301000000000000000000000000000000000000
[12:06:22.978129] EP OUT 0x03 len=0 
[12:06:22.980800] EP OUT 0x03 len=0 
[12:06:22.983976] EP OUT 0x03 len=0 
[12:06:22.988407] EP IN  0x81 len=64 09cd230200008587845948833800001eb445000c00b29bbc012e8cf000eace8214800302d0af4c0500c187101301000000000000000000000000000000000000
[12:06:22.989876] EP OUT 0x03 len=0 
[12:06:22.992348] EP IN  0x81 len=64 09d0230200008587845a58833800001ebf45000c00de18bd017e32f000d3eb8298a3210230e18a05207e06101801000000000000000000000000000000000000
[12:06:22.994748] EP OUT 0x03 len=0 
[12:06:22.996953] EP OUT 0x03 len=0 
[12:06:23.000406] EP IN  0x81 len=64 09d1230200008587845958833800001ec345000c004c4fbd017317f000d1f382b01a2a0238c49a052046ed0f1801000000000000000000000000000000000000
[12:06:23.001961] EP OUT 0x03 len=0 
[12:06:23.009162] EP OUT 0x03 len=0 
[12:06:23.012427] EP IN  0x81 len=64 09d3230200008687845958833800001ecb45000c0010ccbd01bee8ef0008008338f226028040c305e05eb10f1801000000000000000000000000000000000000
[12:06:23.013976] EP OUT 0x03 len=0 
[12:06:23.021391] EP OUT 0x03 len=0 
[12:06:23.024379] EP IN  0x81 len=64 09d6230200008687845948833800001ed645000c00c467be018bb4ef0052088378d5470210b2c405004d680f1801000000000000000000000000000000000000
[12:06:23.025916] EP OUT 0x03 len=0 
[12:06:23.033011] EP OUT 0x03 len=0 
[12:06:23.036394] EP IN  0x81 len=64 09d9230000008687845948833800001ee245000c003202bf01e394ef00a5fd82381a8f0200cf4705a076e90e1301000000000000000000000000000000000000
[12:06:23.038057] EP OUT 0x03 len=0 
[12:06:23.045292] EP OUT 0x03 len=0 
[12:06:23.048401] EP IN  0x81 len=64 09dc230000008687845958833800001eed45000c00ec5fbf013cc2ef00fedb82e8a11502c0783c0580dd540e1001000000000000000000000000000000000000
[12:06:23.049947] EP OUT 0x03 len=0 
[12:06:23.057442] EP OUT 0x03 len=0 
[12:06:23.060437] EP IN  0x81 len=64 09df230000008587845948833800001ef945000c000ea0bf01b0e8ef00b1b782382dd70130707d05b06f730e0e01000000000000000000000000000000000000
[12:06:23.061999] EP OUT 0x03 len=0 
[12:06:23.069201] EP OUT 0x03 len=0 
[12:06:23.072401] EP IN  0x81 len=64 09e2230000008697845958833800001e0446000c00e0cbbf01ca1af000bc928274a4990170dabb054024180e1601000000000000000000000000000000000000
[12:06:23.074004] EP OUT 0x03 len=0 
[12:06:23.081151] EP OUT 0x03 len=0 
[12:06:23.084454] EP IN  0x81 len=64 09e5230000008697845958833800001e1046000c005cbcbf01dd5af000c87682e66e2e01504ef10530b9480e1801000000000000000000000000000000000000
[12:06:23.085980] EP OUT 0x03 len=0 
[12:06:23.093357] EP OUT 0x03 len=0 
[12:06:23.096400] EP IN  0x81 len=64 09e8230000008587845a58833800001e1b46000c0056b5bf014b7cf0001f6b825217570198dbd00590c9c20e1801000000000000000000000000000000000000
[12:06:23.097987] EP OUT 0x03 len=0 
[12:06:23.105393] EP OUT 0x03 len=0 
[12:06:23.108409] EP IN  0x81 len=64 09eb230000008587845958833800001e2746000c0072c6bf01487ff000a0658238836201f889ae0530d6fc0e1a01000000000000000000000000000000000000
[12:06:23.110177] EP OUT 0x03 len=0 
[12:06:23.117605] EP OUT 0x03 len=0 
[12:06:23.120397] EP IN  0x81 len=64 09f0230000008687845958833800001e3a46000c009cd2bf01465df000466d82c8986601509e9c05b096100f1801000000000000000000000000000000000000
[12:06:23.122072] EP OUT 0x03 len=0 
[12:06:23.124774] EP OUT 0x03 len=0 
[12:06:23.127081] EP OUT 0x03 len=0 
[12:06:23.132458] EP IN  0x81 len=64 09f1230000008687845948833800001e3e46000c00acd5bf015555f000e76f82ec596101785d9b0560170d0f1501000000000000000000000000000000000000
[12:06:23.133999] EP OUT 0x03 len=0 
[12:06:23.141098] EP OUT 0x03 len=0 
[12:06:23.144395] EP IN  0x81 len=64 09f4230000008687845958833800001e4946000c0070ddbf01c645f000b6768286044d012060930580d4010f1501000000000000000000000000000000000000
[12:06:23.145901] EP OUT 0x03 len=0 
[12:06:23.153282] EP OUT 0x03 len=0 
[12:06:23.156418] EP IN  0x81 len=64 09f7230000008587845948833800001e5546000c00f2eebf01be3ff000297c8276ad5401f8c69205401bfd0e0e01000000000000000000000000000000000000
[12:06:23.158062] EP OUT 0x03 len=0 
[12:06:23.165402] EP OUT 0x03 len=0 
[12:06:23.168437] EP IN  0x81 len=64 09fa230000008677845958833800001e6046000c002a02c0015d3cf000647e821874750180869e05f0d9fd0e1701000000000000000000000000000000000000
[12:06:23.170001] EP OUT 0x03 len=0 
[12:06:23.172696] EP OUT 0x03 len=0 
[12:06:23.174966] EP OUT 0x03 len=0 
[12:06:23.180400] EP IN  0x81 len=64 09fd230000008587845a48833800001e6c46000c00320bc001f637f000987d826cfc9501a061a205c0cff30e1801000000000000000000000000000000000000
[12:06:23.181799] EP OUT 0x03 len=0 
[12:06:23.184367] EP IN  0x81 len=64 0900230000008687845958833800001e7736000c00380ac001c136f000d97a8254749901f0829f05e0c8f90e1d01000000000000000000000000000000000000
[12:06:23.186473] EP OUT 0x03 len=0 
[12:06:23.192367] EP IN  0x81 len=64 0901230000008687845a58833800001e7b46000c001c0ac0014836f000a57982e0cb9701206ca005b0c8fb0e1d01000000000000000000000000000000000000
[12:06:23.193955] EP OUT 0x03 len=0 
[12:06:23.201395] EP OUT 0x03 len=0 
[12:06:23.204460] EP IN  0x81 len=64 0903230000008677845958833800001e8346000c00ee0ac001c635f00013778248909701a0a7a505d04af40e1b01000000000000000000000000000000000000
[12:06:23.206188] EP OUT 0x03 len=0 
[12:06:23.213659] EP OUT 0x03 len=0 
[12:06:23.216364] EP IN  0x81 len=64 0908230000008687845948833800001e9646000c005210c001973ff000417182842da501c858b005e04bfb0e1c01000000000000000000000000000000000000
[12:06:23.217843] EP OUT 0x03 len=0 
[12:06:23.220022] EP OUT 0x03 len=0 
[12:06:23.222110] EP OUT 0x03 len=0 
[12:06:23.229478] EP OUT 0x03 len=0 
[12:06:23.232405] EP IN  0x81 len=64 090c230000008687845958833800001ea536000c00bc1fc001e14af000c470823a7da401d86fb20530cdfd0e1301000000000000000000000000000000000000
[12:06:23.234150] EP OUT 0x03 len=0 
[12:06:23.241628] EP OUT 0x03 len=0 
[12:06:23.244458] EP IN  0x81 len=64 090f230000008677845958833800001eb146000c00022ac0010051f000f17282d24ca4011096b5055050f80e1901000000000000000000000000000000000000
[12:06:23.246101] EP OUT 0x03 len=0 
[12:06:23.248686] EP OUT 0x03 len=0 
[12:06:23.250959] EP OUT 0x03 len=0 
[12:06:23.256384] EP IN  0x81 len=64 0910230000008687845948833800001eb546000c00062dc0012953f0002b74823a4ba301f857b9052090f30e1901000000000000000000000000000000000000
[12:06:23.257666] EP OUT 0x03 len=0 
[12:06:23.260429] EP IN  0x81 len=64 0913230000008687845948833800001ec046000c008838c001da5bf00096788242d49f01908dc2055014eb0e1801000000000000000000000000000000000000
[12:06:23.262611] EP OUT 0x03 len=0 
[12:06:23.264693] EP OUT 0x03 len=0 
[12:06:23.268449] EP IN  0x81 len=64 0914230000008577845958833800001ec446000c00cc3ec001de5ff000787a821697a10130c6c405f095ed0e1801000000000000000000000000000000000000
[12:06:23.270043] EP OUT 0x03 len=0 
[12:06:23.277464] EP OUT 0x03 len=0 
[12:06:23.280404] EP IN  0x81 len=64 0916230000008687845958833800001ecc46000c00304cc0013a68f000827e82fa56a1016002cb05f0d5f50e1801000000000000000000000000000000000000
[12:06:23.281982] EP OUT 0x03 len=0 
[12:06:23.289270] EP OUT 0x03 len=0 
[12:06:23.292431] EP IN  0x81 len=64 0919230000008687845948833800001ed746000c00ee55c0014c73f000db8382dad89a0148d9c805f0cbff0e1a01000000000000000000000000000000000000
[12:06:23.293975] EP OUT 0x03 len=0 
[12:06:23.301106] EP OUT 0x03 len=0 
[12:06:23.304393] EP IN  0x81 len=64 091c230000008587845a48833800001ee346000c002a55c001787ef000558882e05c8d0130afb105a0001d0f1901000000000000000000000000000000000000
[12:06:23.305945] EP OUT 0x03 len=0 
[12:06:23.313390] EP OUT 0x03 len=0 
[12:06:23.316432] EP IN  0x81 len=64 091f230000008687845958833800001eee46000c000050c0018184f0006d8a8228508c0120f6a405e07c320f1701000000000000000000000000000000000000
[12:06:23.318113] EP OUT 0x03 len=0 
[12:06:23.325367] EP OUT 0x03 len=0 
[12:06:23.328375] EP IN  0x81 len=64 0922230000008587845958833800001efa46000c007243c001da84f000f68a8274808e0168c9a505407a1c0f1701000000000000000000000000000000000000
[12:06:23.329786] EP OUT 0x03 len=0 
[12:06:23.332442] EP IN  0x81 len=64 0925230000008687845948833800001e0537000c00b62dc0018c7ff000fc89822e638701a84aa3054068060f1701000000000000000000000000000000000000
[12:06:23.334529] EP OUT 0x03 len=0 
[12:06:23.336745] EP OUT 0x03 len=0 
[12:06:23.340410] EP IN  0x81 len=64 0926230000008697845a58833800001e0947000c006224c001937cf0005489821eee8501f01da20540b8050f1701000000000000000000000000000000000000
[12:06:23.341936] EP OUT 0x03 len=0 
[12:06:23.349662] EP OUT 0x03 len=0 
[12:06:23.352385] EP IN  0x81 len=64 092a230000008687845a48833800001e1947000c004800c0013273f0008a8582b2bd820150dba2051079f70e1601000000000000000000000000000000000000
[12:06:23.353966] EP OUT 0x03 len=0 
[12:06:23.356565] EP OUT 0x03 len=0 
[12:06:23.358713] EP OUT 0x03 len=0 
[12:06:23.360910] EP OUT 0x03 len=0 
[12:06:23.364393] EP IN  0x81 len=64 092b230000008687845958833800001e1c37000c0068fabf012972f000b084829ac48301c0f2a305e06af30e1901000000000000000000000000000000000000
[12:06:23.365637] EP OUT 0x03 len=0 
[12:06:23.368374] EP IN  0x81 len=64 092e230000008687845958833800001e2847000c00f0e8bf01fd71f0001e8182669785012845a605b001e60e2101000000000000000000000000000000000000
[12:06:23.370554] EP OUT 0x03 len=0 
[12:06:23.372671] EP OUT 0x03 len=0 
[12:06:23.376388] EP IN  0x81 len=64 092f230000008587845948833800001e2c47000c0084e4bf011573f000e07f82d6dd860120c2a605d041e50e2001000000000000000000000000000000000000
[12:06:23.377873] EP OUT 0x03 len=0 
[12:06:23.385201] EP OUT 0x03 len=0 
[12:06:23.388445] EP IN  0x81 len=64 0931230000008687845958833800001e3337000c0056ddbf018a77f000997d82e68e870180e3a70540c4e90e1f01000000000000000000000000000000000000
[12:06:23.389939] EP OUT 0x03 len=0 
[12:06:23.397075] EP OUT 0x03 len=0 
[12:06:23.400364] EP IN  0x81 len=64 0934230000008677845958833800001e3f47000c005cd3bf01a685f000137a82560c8001507aa905903ef40e1d01000000000000000000000000000000000000
[12:06:23.401752] EP OUT 0x03 len=0 
[12:06:23.404452] EP IN  0x81 len=64 0937230000008587845948833800001e4a37000c00a0cdbf01f995f000f277824c4b7c0140daad05e06dfe0e1d01000000000000000000000000000000000000
[12:06:23.406653] EP OUT 0x03 len=0 
[12:06:23.408617] EP OUT 0x03 len=0 
[12:06:23.412457] EP IN  0x81 len=64 0938230000008587845948833800001e4e47000c002eccbf01529bf00076778298467d0150f0ae0530c0000f1401000000000000000000000000000000000000
[12:06:23.414049] EP OUT 0x03 len=0 
[12:06:23.421333] EP OUT 0x03 len=0 
[12:06:23.424404] EP IN  0x81 len=64 093a230000008677845858833800001e5647000c00cccabf0168a4f000cf768234397d01f0aaaf0510c3020f1101000000000000000000000000000000000000
[12:06:23.425989] EP OUT 0x03 len=0 
[12:06:23.433176] EP OUT 0x03 len=0 
[12:06:23.436476] EP IN  0x81 len=64 093d230000008687845948833800001e6137000c0058cbbf01b7aff000fa7682248c7801f826af05f01b090f1501000000000000000000000000000000000000
[12:06:23.437926] EP OUT 0x03 len=0 
[12:06:23.445277] EP OUT 0x03 len=0 
[12:06:23.448398] EP IN  0x81 len=64 0940230000008687845948833800001e6d47000c003ccfbf011bbaf000f478820a22750140a1b505c046150f1301000000000000000000000000000000000000
[12:06:23.449720] EP OUT 0x03 len=0 
[12:06:23.452451] EP IN  0x81 len=64 0943230000008687845948833800001e7837000c000cd3bf015ec2f000987b82847f7a015878b50570c7130f1101000000000000000000000000000000000000
[12:06:23.454875] EP OUT 0x03 len=0 
[12:06:23.457034] EP OUT 0x03 len=0 
[12:06:23.460379] EP IN  0x81 len=64 0944230000008587845958833800001e7c47000c0020d4bf01bbc5f000977c82fc1f7b0150a2b30560470f0f1201000000000000000000000000000000000000
[12:06:23.461903] EP OUT 0x03 len=0 
[12:06:23.464385] EP IN  0x81 len=64 0946230000008687845958833800001e8447000c00e0d3bf01c4cdf000d37e8272a67c01c06ab3053005000f1601000000000000000000000000000000000000
[12:06:23.466594] EP OUT 0x03 len=0 
[12:06:23.468787] EP OUT 0x03 len=0 
[12:06:23.472410] EP IN  0x81 len=64 0947230000008577845a48833800001e8847000c009ed2bf01d4d2f0001580825aee7b01e82fb405f083fb0e1601000000000000000000000000000000000000
[12:06:23.473741] EP OUT 0x03 len=0 
[12:06:23.476434] EP IN  0x81 len=64 0949230000008687845948833800001e9047000c00d0cfbf0153def000d38282f6b67a0168f1b1053082fa0e1601000000000000000000000000000000000000
[12:06:23.478597] EP OUT 0x03 len=0 
[12:06:23.480733] EP OUT 0x03 len=0 
[12:06:23.484461] EP IN  0x81 len=64 094a230000008687845a58833800001e9337000c0026cfbf01a9e2f000dc83824ae67901b0d7af0560c5fb0e1601000000000000000000000000000000000000
[12:06:23.486057] EP OUT 0x03 len=0 
[12:06:23.493260] EP OUT 0x03 len=0 
[12:06:23.496391] EP IN  0x81 len=64 094c230000008587845948833800001e9b47000c00cacdbf012ceef0009a86826e357a01402daf052044fb0e1601000000000000000000000000000000000000
[12:06:23.497818] EP OUT 0x03 len=0 
[12:06:23.500422] EP IN  0x81 len=64 094f230000008687845948833800001ea747000c00a8cbbf01abfef000c98a8200717c01786eb3057084f80e1b01000000000000000000000000000000000000
[12:06:23.502784] EP OUT 0x02 len=12 0a9100020004000000000000
[12:06:23.503134] EP OUT 0x03 len=0 
[12:06:23.508370] EP IN  0x81 len=64 0950230000008677845948833800001eaa37000c00a8cabf015f02f100e08b8266e07c0160d8b40560c6f80e1b01000000000000000000000000000000000000
[12:06:23.508993] EP IN  0x82 len=8 0a01000200f80000
[12:06:23.510436] EP OUT 0x02 len=12 0a9100020004000000000000
[12:06:23.510762] EP OUT 0x03 len=0 
[12:06:23.516429] EP IN  0x81 len=64 0952230000008787845948833800001eb247000c008cc7bf01220bf100ea8e829ca28001d831b7054044f70e1801000000000000000000000000000000000000
[12:06:23.517492] EP IN  0x82 len=8 0a01000200f80000
[12:06:23.519135] EP OUT 0x03 len=0 
[12:06:23.524479] EP IN  0x81 len=64 0954230000008587845a48833800001eba47000c00ccc3bf011112f100cd91825e59840180b3b605a0c3fb0e1801000000000000000000000000000000000000
[12:06:24.565570] EP OUT 0x02 len=12 0a9100020004000000000000
[12:06:24.566625] EP OUT 0x03 len=0 
[12:06:24.572841] EP IN  0x81 len=64 0955230000008697845958833800001eab4b000c0060b7b801e887f3005e96828cbfba0170939e05702b150f1301000000000000000000000000000000000000
[12:06:24.574489] EP IN  0x82 len=8 0a01000200f80000
[12:06:24.576780] EP OUT 0x02 len=12 0a9100020004000000000000
[12:06:24.577342] EP OUT 0x03 len=0 
[12:06:24.584640] EP IN  0x82 len=8 0a01000200f80000
[12:06:24.587022] EP OUT 0x03 len=0 
[12:06:24.592411] EP IN  0x81 len=64 0956230000008587845958833800001eaf4b000c00cc59b801b8a4f3008b938244c8bb01b8e7a105d063090f1c01000000000000000000000000000000000000
[12:06:25.710607] EP OUT 0x03 len=0 
[12:06:25.716643] EP IN  0x81 len=64 0969230000008687845958833800001ee74f000c001eb38d01826f0901a80583926ac1fed448d302e05eca0f1a01000000000000000000000000000000000000
[12:06:25.718827] EP OUT 0x03 len=0 
[12:06:25.724609] EP IN  0x81 len=64 096e230000008687845948833800001ef93f000c000c488e0108bd09010d0583a4a9bbfe0c14cb024075d50f1a01000000000000000000000000000000000000
[12:06:25.727666] EP OUT 0x03 len=0 
[12:06:25.732570] EP IN  0x81 len=64 0970230000008687845958833800001e0040000c0060818e0128dd0901ba0483c434b7fe8c53d002805dcf0f1701000000000000000000000000000000000000
[12:06:25.734337] EP OUT 0x03 len=0 
[12:06:25.740532] EP IN  0x81 len=64 0972230000008687845958833800001e0840000c00b8b78e012e030a017f03833e81b1fec43ad602a016d70f1701000000000000000000000000000000000000
[12:06:25.743285] EP OUT 0x03 len=0 
[12:06:25.748472] EP IN  0x81 len=64 0974230000008587845958833800001e1040000c0032ea8e010e2c0a01c700831c1fa3fe54b7e502e016ea0f1b01000000000000000000000000000000000000
[12:06:25.750425] EP OUT 0x03 len=0 
[12:06:25.756497] EP IN  0x81 len=64 0976230000008587845958833800001e1740000c00981c8f018c510a01c4fe8208a39dfea4e2e90260dbec0f1b01000000000000000000000000000000000000
[12:06:25.759713] EP OUT 0x03 len=0 
[12:06:25.764446] EP IN  0x81 len=64 0978230000008687845a48833800001e1f40000c0056578f01927b0a0131fc823ee1a2fea063df0210d9f30f1601000000000000000000000000000000000000
[12:06:25.766407] EP OUT 0x03 len=0 
[12:06:25.772460] EP IN  0x81 len=64 097a230000008677845958833800001e2740000c00648d8f018e9a0a0186fa82b251a5fe9832e902e04822101601000000000000000000000000000000000000
[12:06:25.775094] EP OUT 0x03 len=0 
[12:06:25.780433] EP IN  0x81 len=64 097c230000008697845948833800001e2e40000c00fcb58f01eea70a0165fb82ee769efe00c9e702c07a32101501000000000000000000000000000000000000
[12:06:25.782276] EP OUT 0x03 len=0 
[12:06:25.788431] EP IN  0x81 len=64 097e230000008587845958833800001e3640000c00e6d68f01fcac0a01defd827679a4fe94fcd40200f114101501000000000000000000000000000000000000
[12:06:25.791050] EP OUT 0x03 len=0 
[12:06:25.796487] EP IN  0x81 len=64 0980230000008577845958833800001e3e40000c0000e28f0192ab0a01f1ff8298dcb0fecc00c50260e8ef0f1301000000000000000000000000000000000000
[12:06:25.798140] EP OUT 0x03 len=0 
[12:06:25.805706] EP OUT 0x03 len=0 
[12:06:25.813068] EP OUT 0x03 len=0 
[12:06:25.820297] EP OUT 0x03 len=0 
[12:06:25.824370] EP IN  0x81 len=64 0984230000008587845848833800001e4d40000c0080dd8f012cae0a01cbfc82ec5e93fe38dad50280a40e101701000000000000000000000000000000000000
[12:06:25.826029] EP OUT 0x03 len=0 
[12:06:25.833487] EP OUT 0x03 len=0 
[12:06:25.836400] EP IN  0x81 len=64 0989230000008687845958833800001e6040000c00bc32900158d00a01eef5821c4faafe24d31103f0cfa80f1901000000000000000000000000000000000000
[12:06:25.838279] EP OUT 0x03 len=0 
[12:06:25.841442] EP OUT 0x03 len=0 
[12:06:25.843809] EP OUT 0x03 len=0 
[12:06:25.848424] EP IN  0x81 len=64 098c230000008687845a48833800001e6c40000c00de6b9001d8de0a0157eb8216c8abfec017d502204cb50f1701000000000000000000000000000000000000
[12:06:25.850211] EP OUT 0x03 len=0 
[12:06:25.857863] EP OUT 0x03 len=0 
[12:06:25.865310] EP OUT 0x03 len=0 
[12:06:25.868448] EP IN  0x81 len=64 0991230000008697845948833800001e7f40000c005aad9101fc1d0b010ddb82485f8dfef02ed30210cfdd0f1501000000000000000000000000000000000000
[12:06:25.869988] EP OUT 0x03 len=0 
[12:06:25.877499] EP OUT 0x03 len=0 
[12:06:25.885088] EP OUT 0x03 len=0 
[12:06:25.892842] EP OUT 0x03 len=0 
[12:06:25.896388] EP IN  0x81 len=64 0999230000008687845a58833800001e9e40000c008e0c9301108a0b01f1cd82a68ee2fe2009ac028094b90e1a01000000000000000000000000000000000000
[12:06:25.898114] EP OUT 0x03 len=0 
[12:06:25.905441] EP OUT 0x03 len=0 
[12:06:25.908412] EP IN  0x81 len=64 099d230000008687845948833800001ead40000c0046d2930154100c01bfb2826a2587fe385c05030053910f1601000000000000000000000000000000000000
[12:06:25.910403] EP OUT 0x03 len=0 
[12:06:25.913155] EP OUT 0x03 len=0 
[12:06:25.915781] EP OUT 0x03 len=0 
[12:06:25.920389] EP IN  0x81 len=64 099e230000008677845958833800001eb140000c0094069401dc290c01ddae8226f46afec0d62c03208db30f1101000000000000000000000000000000000000
[12:06:25.921966] EP OUT 0x03 len=0 
[12:06:25.929723] EP OUT 0x03 len=0 
[12:06:25.932434] EP IN  0x81 len=64 09a3230000008687845a58833800001ec440000c00e6c79401b4880c01a9aa82980f4ffe14ed4a038026f90f1501000000000000000000000000000000000000
[12:06:25.934142] EP OUT 0x03 len=0 
[12:06:25.937162] EP OUT 0x03 len=0 
[12:06:25.939875] EP OUT 0x03 len=0 
[12:06:25.944408] EP IN  0x81 len=64 09a4230000008577845948833800001ec840000c0060e69401f29b0c01aba882341a50fee08c320370a3e90f1501000000000000000000000000000000000000
[12:06:25.945942] EP OUT 0x03 len=0 
[12:06:25.953279] EP OUT 0x03 len=0 
[12:06:25.956431] EP IN  0x81 len=64 09a7230000008687845948833800001ed340000c00ae3495014ee90c01d19a82de557efed063f50290c0780f1a01000000000000000000000000000000000000
[12:06:25.958107] EP OUT 0x03 len=0 
[12:06:25.965706] EP OUT 0x03 len=0 
[12:06:25.973000] EP OUT 0x03 len=0 
[12:06:25.980205] EP OUT 0x03 len=0 
[12:06:25.984479] EP IN  0x81 len=64 09ac230000008687845948833800001ee630000c00b2b39501385c0d01dc80826ca954fe4c815803c0661f101001000000000000000000000000000000000000
[12:06:25.986254] EP OUT 0x03 len=0 
[12:06:25.993627] EP OUT 0x03 len=0 
[12:06:25.996392] EP IN  0x81 len=64 09b3230000008587845a68833800001e0141000c0090e49501b2a70d01d87782a4e045fe04b92c0390fbe60f1c01000000000000000000000000000000000000
[12:06:25.998081] EP OUT 0x03 len=0 
[12:06:26.000930] EP OUT 0x03 len=0 
[12:06:26.003342] EP OUT 0x03 len=0 
[12:06:26.005474] EP OUT 0x03 len=0 
[12:06:26.008390] EP IN  0x81 len=64 09b4230000008687845a58833800001e0541000c00d8de9501ceb10d0152738276194dfec4233203a074d50f1c01000000000000000000000000000000000000
[12:06:26.009946] EP OUT 0x03 len=0 
[12:06:26.017131] EP OUT 0x03 len=0 
[12:06:26.020371] EP IN  0x81 len=64 09b7230000008687845948833800001e1141000c00d0f49501a6ec0d013c5f82d61c29fe446156032000390f1801000000000000000000000000000000000000
[12:06:26.021786] EP OUT 0x03 len=0 
[12:06:26.024380] EP IN  0x81 len=64 09ba230000008677845948833800001e1c41000c007e7b9601a4690e01d54d8248b4f9fdc08c8b0300cba50f1801000000000000000000000000000000000000
[12:06:26.026432] EP OUT 0x03 len=0 
[12:06:26.032423] EP IN  0x81 len=64 09bb230000008587845958833800001e2041000c00d4c696017c8d0e01bc4a82a002f1fde0fa9403e0c4e30f1a01000000000000000000000000000000000000
[12:06:26.034072] EP OUT 0x03 len=0 
[12:06:26.041585] EP OUT 0x03 len=0 
[12:06:26.044426] EP IN  0x81 len=64 09bf230000008587845958833800001e2f31000c00b0ad970166c90e011c4982702503fe2cb47e03a0d306101a01000000000000000000000000000000000000
[12:06:26.046007] EP OUT 0x03 len=0 
[12:06:26.048611] EP OUT 0x03 len=0 
[12:06:26.050979] EP OUT 0x03 len=0 
[12:06:26.056389] EP IN  0x81 len=64 09c0230000008687845a48833800001e3341000c00fed697010ccd0e015c49826a6d0cfe5c817603d0dff60f1a01000000000000000000000000000000000000
[12:06:26.057731] EP OUT 0x03 len=0 
[12:06:26.060426] EP IN  0x81 len=64 09c3230000008687845958833800001e3f41000c00143b98012cf70e018e46829c4812fe8c78770320d2220f1301000000000000000000000000000000000000
[12:06:26.062663] EP OUT 0x03 len=0 
[12:06:26.064884] EP OUT 0x03 len=0 
[12:06:26.068456] EP IN  0x81 len=64 09c4230000008597845a58833800001e4341000c00d45e980186170f01d7438286661cfe586d7803809d2c0f1301000000000000000000000000000000000000
[12:06:26.070130] EP OUT 0x03 len=0 
[12:06:26.077616] EP OUT 0x03 len=0 
[12:06:26.080395] EP IN  0x81 len=64 09c8230000008687845a48833800001e5241000c0056ec98010c6d0f01fe3e8206fd0ffe24976603d070d90f1701000000000000000000000000000000000000
[12:06:26.081965] EP OUT 0x03 len=0 
[12:06:26.084489] EP OUT 0x03 len=0 
[12:06:26.086715] EP OUT 0x03 len=0 
[12:06:26.088902] EP OUT 0x03 len=0 
[12:06:26.092383] EP IN  0x81 len=64 09c9230000008687845958833800001e5641000c00a80e9901d47a0f01f53e827a200cfe3c6f5903e0a7db0f1701000000000000000000000000000000000000
[12:06:26.093763] EP OUT 0x03 len=0 
[12:06:26.096386] EP IN  0x81 len=64 09cc230000008687845a58833800001e6141000c000c589901329b0f01623f82a0c11efed8f340036098c80f1001000000000000000000000000000000000000
[12:06:26.098618] EP OUT 0x03 len=0 
[12:06:26.104407] EP IN  0x81 len=64 09cd230000008687845948833800001e6541000c00a06e9901a8a80f01583f8244102afe5c7d400300dabb0f1001000000000000000000000000000000000000
[12:06:26.105965] EP OUT 0x03 len=0 
[12:06:26.113195] EP OUT 0x03 len=0 
[12:06:26.116440] EP IN  0x81 len=64 09cf230000008587845958833800001e6d41000c00409599018ec40f01f63e8274193cfec05548039056b50f1401000000000000000000000000000000000000
[12:06:26.118009] EP OUT 0x03 len=0 
[12:06:26.125308] EP OUT 0x03 len=0 
[12:06:26.128372] EP IN  0x81 len=64 09d2230000008687845a58833800001e7841000c001ab6990106dd0f01613e82128c38fecc455303f0c1bf0f1901000000000000000000000000000000000000
[12:06:26.129925] EP OUT 0x03 len=0 
[12:06:26.137194] EP OUT 0x03 len=0 
[12:06:26.140458] EP IN  0x81 len=64 09d5230000008587845958833800001e8441000c004ace99012adf0f01a33e82ba3c24fe04164f03a037b20f1901000000000000000000000000000000000000
[12:06:26.141864] EP OUT 0x03 len=0 
[12:06:26.144397] EP IN  0x81 len=64 09d8230000008687845958833800001e8f41000c00dce9990198e80f01b43b82749d15fe88bf42031019450f1501000000000000000000000000000000000000
[12:06:26.146725] EP OUT 0x03 len=0 
[12:06:26.148987] EP OUT 0x03 len=0 
[12:06:26.152404] EP IN  0x81 len=64 09d9230000008687845948833800001e9341000c00ac009a016cfa0f01ae38821eca0ffef40c420380b6240f1501000000000000000000000000000000000000
[12:06:26.153887] EP OUT 0x03 len=0 
[12:06:26.161272] EP OUT 0x03 len=0 
[12:06:26.164425] EP IN  0x81 len=64 09db230000008687845a58833800001e9b41000c0084419a0194271001d23182ec1704fed03c580330cb500f1501000000000000000000000000000000000000
[12:06:26.165918] EP OUT 0x03 len=0 
[12:06:26.173195] EP OUT 0x03 len=0 
[12:06:26.176430] EP IN  0x81 len=64 09de230000008587845958833800001ea641000c00a4aa9a01f05610010b2b82a042edfd38246603707d880f1c01000000000000000000000000000000000000
[12:06:26.178104] EP OUT 0x03 len=0 
[12:06:26.185401] EP OUT 0x03 len=0 
[12:06:26.188443] EP IN  0x81 len=64 09e1230000008687845958833800001eb241000c00a81e9b01e2821001e823822c3ae7fd18275a03d03c800f1501000000000000000000000000000000000000
[12:06:26.190025] EP OUT 0x03 len=0 
[12:06:26.197278] EP OUT 0x03 len=0 
[12:06:26.200398] EP IN  0x81 len=64 09e4230000008687845958833800001ebd31000c00028b9b017cb31001871b820441e8fd50395c03a049570f1901000000000000000000000000000000000000
[12:06:26.202005] EP OUT 0x03 len=0 
[12:06:26.209003] EP OUT 0x03 len=0 
[12:06:26.212437] EP IN  0x81 len=64 09e7230000008587845948833800001ec941000c00e00a9c0160ef10016a1282002cdcfdf010610370ca780f1c01000000000000000000000000000000000000
[12:06:26.214097] EP OUT 0x03 len=0 
[12:06:26.221553] EP OUT 0x03 len=0 
[12:06:26.224380] EP IN  0x81 len=64 09ec230000008697845948833800001edc41000c00c8e59c01e84b1101d90482643ddbfdc4a66c03c053880f1501000000000000000000000000000000000000
[12:06:26.225988] EP OUT 0x03 len=0 
[12:06:26.233403] EP OUT 0x03 len=0 
[12:06:26.236463] EP IN  0x81 len=64 09ed230000008687845a58833800001ee041000c00f8119d01b45e110121028260b1d7fd34797503204d900f1b01000000000000000000000000000000000000
[12:06:26.237901] EP OUT 0x03 len=0 
[12:06:26.240286] EP OUT 0x03 len=0 
[12:06:26.242612] EP OUT 0x03 len=0 
[12:06:26.248406] EP IN  0x81 len=64 09f0230000008687845958833800001eeb31000c005a789d01368a110173fd814818c3fde89b8d0370369e0f1b01000000000000000000000000000000000000
[12:06:26.249838] EP OUT 0x03 len=0 
[12:06:26.257102] EP OUT 0x03 len=0 
[12:06:26.260437] EP IN  0x81 len=64 09f3230000008687845958833800001ef741000c00f4e29d01f0c311012df781a404e0fdd42b8203c0c77b0f1f01000000000000000000000000000000000000
[12:06:26.262143] EP OUT 0x03 len=0 
[12:06:26.269580] EP OUT 0x03 len=0 
[12:06:26.272379] EP IN  0x81 len=64 09f6230000008587845958833800001e0232000c00a8319e0164ed1101c7ee8158bbc2fdf014a50300d7a00f1d01000000000000000000000000000000000000
[12:06:26.273786] EP OUT 0x03 len=0 
[12:06:26.276134] EP OUT 0x03 len=0 
[12:06:26.278618] EP OUT 0x03 len=0 
[12:06:26.280712] EP OUT 0x03 len=0 
[12:06:26.284474] EP IN  0x81 len=64 09f9230000008687845958833800001e0e42000c0048859e01260e12011fe981985ba8fd7048be0390ee9d0f1f01000000000000000000000000000000000000
[12:06:26.286130] EP OUT 0x03 len=0 
[12:06:26.293509] EP OUT 0x03 len=0 
[12:06:26.296411] EP IN  0x81 len=64 09fc230000008697845a58833800001e1932000c006eda9e01d635120142e2813c8ab3fd204ab7036095780f2001000000000000000000000000000000000000
[12:06:26.298066] EP OUT 0x03 len=0 
[12:06:26.305444] EP OUT 0x03 len=0 
[12:06:26.308399] EP IN  0x81 len=64 09ff230000008687845958833800001e2542000c00543e9f0104611201e0d7817cb99efd8c41d90380f6960f2201000000000000000000000000000000000000
[12:06:26.310061] EP OUT 0x03 len=0 
[12:06:26.314235] EP OUT 0x03 len=0 
[12:06:26.321377] EP OUT 0x03 len=0 
[12:06:26.324445] EP IN  0x81 len=64 0905230000008687845948833800001e3c42000c004ae99f012cac1201b0ca81d46da5fdc08dd403806fa10f1c01000000000000000000000000000000000000
[12:06:26.326026] EP OUT 0x03 len=0 
[12:06:26.333328] EP OUT 0x03 len=0 
[12:06:26.336414] EP IN  0x81 len=64 0906230000008587845948833800001e4042000c00b4fd9f011ab51201adc8815cce9bfde833d803c0e1a10f1901000000000000000000000000000000000000
[12:06:26.337960] EP OUT 0x03 len=0 
[12:06:26.345373] EP OUT 0x03 len=0 
[12:06:26.348373] EP IN  0x81 len=64 0909230000008687845a48833800001e4b32000c00b836a00118d81201dcc281908da9fd9469ca03c08f6f0f1901000000000000000000000000000000000000
[12:06:26.349751] EP OUT 0x03 len=0 
[12:06:26.352408] EP IN  0x81 len=64 090c230000008697845958833800001e5742000c004296a00124141301d3b5810cc8b1fd2cb7d503f0c6870f1a01000000000000000000000000000000000000
[12:06:26.354674] EP OUT 0x03 len=0 
[12:06:26.357043] EP OUT 0x03 len=0 
[12:06:26.360405] EP IN  0x81 len=64 090d230000008587845a48833800001e5b42000c00acb1a001c8221301efb181c0209cfdec4ce203f0b9960f1a01000000000000000000000000000000000000
[12:06:26.362133] EP OUT 0x03 len=0 
[12:06:26.369534] EP OUT 0x03 len=0 
[12:06:26.372451] EP IN  0x81 len=64 090f230000008687845a58833800001e6232000c0082dca0019e3513017ead81c40778fd1062fe03d07db80f1e01000000000000000000000000000000000000
[12:06:26.374047] EP OUT 0x03 len=0 
[12:06:26.376755] EP OUT 0x03 len=0 
[12:06:26.379890] EP OUT 0x03 len=0 
[12:06:26.384391] EP IN  0x81 len=64 0912230000008587845948833800001e6e42000c00e020a101c2481301b5ac819c1479fdb8670f04e0da9f0f1801000000000000000000000000000000000000
[12:06:26.385819] EP OUT 0x03 len=0 
[12:06:26.388438] EP IN  0x81 len=64 0915230000008787845958833800001e7932000c00464fa101d055130150ad81a4248cfd8884f50320ca820f1601000000000000000000000000000000000000
[12:06:26.390584] EP OUT 0x03 len=0 
[12:06:26.396461] EP IN  0x81 len=64 0916230000008687845a58833800001e7d42000c00b65da1018a591301efac8170058efd1c19ee03c051810f1501000000000000000000000000000000000000
[12:06:26.398062] EP OUT 0x03 len=0 
[12:06:26.405448] EP OUT 0x03 len=0 
[12:06:26.408406] EP IN  0x81 len=64 0918230000008577845948833800001e8542000c005080a1011261130158ab811c4991fd6c87e403a058790f1501000000000000000000000000000000000000
[12:06:26.410192] EP OUT 0x03 len=0 
[12:06:26.417337] EP OUT 0x03 len=0 
[12:06:26.420421] EP IN  0x81 len=64 091b230000008687845a48833800001e9032000c0088c3a101ec741301e6a68148a28ffd040be70380e24c0f1d01000000000000000000000000000000000000
[12:06:26.421901] EP OUT 0x03 len=0 
[12:06:26.424419] EP IN  0x81 len=64 091e230000008687845948833800001e9c42000c00aa33a20134a91301819e81041baefdd438d10300ed110f1d01000000000000000000000000000000000000
[12:06:26.426610] EP OUT 0x03 len=0 
[12:06:26.428852] EP OUT 0x03 len=0 
[12:06:26.432414] EP IN  0x81 len=64 091f230000008687845948833800001ea042000c00006aa20132c513013599819813c1fd3c8bc303f0c1050f2001000000000000000000000000000000000000
[12:06:26.433750] EP OUT 0x03 len=0 
[12:06:26.436447] EP IN  0x81 len=64 0921230000008687845948833800001ea732000c00dcd5a2019afd1301358d81ac5eb2fd308db503b083ed0e2001000000000000000000000000000000000000
[12:06:26.438572] EP OUT 0x03 len=0 
[12:06:26.440884] EP OUT 0x03 len=0 
[12:06:26.444447] EP IN  0x81 len=64 0922230000008587845948833800001eab42000c00b017a301d4211401b98581f0c1affd848bb8036066f50e2001000000000000000000000000000000000000
[12:06:26.446234] EP OUT 0x03 len=0 
[12:06:26.453644] EP OUT 0x03 len=0 
[12:06:26.456392] EP IN  0x81 len=64 0926230000008687845948833800001ebb42000c00743fa40178a71401fe6d81d43d7afd6cfaee03009e7c0f1901000000000000000000000000000000000000
[12:06:26.458067] EP OUT 0x03 len=0 
[12:06:26.460428] EP OUT 0x03 len=0 
[12:06:26.462589] EP OUT 0x03 len=0 
[12:06:26.464839] EP OUT 0x03 len=0 
[12:06:26.468462] EP IN  0x81 len=64 0927230000008587845848833800001ebe32000c00b883a4019cbe1401ee6a81a0a965fdb016e903307dc90f1701000000000000000000000000000000000000
[12:06:26.470035] EP OUT 0x03 len=0 
[12:06:26.477126] EP OUT 0x03 len=0 
[12:06:26.480402] EP IN  0x81 len=64 092a230000008587845948833800001eca42000c003c05a601ac221501306181982c65fd1cb2de03606ff00f1701000000000000000000000000000000000000
[12:06:26.481934] EP OUT 0x03 len=0 
[12:06:26.489181] EP OUT 0x03 len=0 
[12:06:26.492409] EP IN  0x81 len=64 092d230000008687845a58833800001ed642000c0030d0a70174991501e45781b0a96ffddc07d903d096d60f1a01000000000000000000000000000000000000
[12:06:26.493674] EP OUT 0x03 len=0 
[12:06:26.496384] EP IN  0x81 len=64 0930230000008587845958833800001ee142000c0010dea9015a261601244e8120328afd9843cc035023e20f1c01000000000000000000000000000000000000
[12:06:26.498476] EP OUT 0x03 len=0 
[12:06:26.504407] EP IN  0x81 len=64 0931230000008687845958833800001ee542000c0024b7aa01a86116019249812c9f97fd403dd10300bfd00f1c01000000000000000000000000000000000000
[12:06:26.505923] EP OUT 0x03 len=0 
[12:06:26.513318] EP OUT 0x03 len=0 
[12:06:26.516448] EP IN  0x81 len=64 0933230000008687845a48833800001eed42000c009073ac0166e41601e73d8128fda6fdfc5ce203e062a70f1f01000000000000000000000000000000000000
[12:06:26.517979] EP OUT 0x03 len=0 
[12:06:26.525256] EP OUT 0x03 len=0 
[12:06:26.528375] EP IN  0x81 len=64 0936230000008687845958833800001ef842000c0086d6ae0154b21701f22781b47faafdfcb7f20330475c0f2301000000000000000000000000000000000000
[12:06:26.529827] EP OUT 0x03 len=0 
[12:06:26.532469] EP IN  0x81 len=64 0939230000008587845958833800001e0443000c00ec67b101d8ab18017e06819052adfd58121d0460623a0f1701000000000000000000000000000000000000
[12:06:26.534718] EP OUT 0x03 len=0 
[12:06:26.536762] EP OUT 0x03 len=0 
[12:06:26.540402] EP IN  0x81 len=64 093a230000008687845948833800001e0733000c00bc07b2015eea1801ebfc801880a1fd10402d0400b2200f1701000000000000000000000000000000000000
[12:06:26.541735] EP OUT 0x03 len=0 
[12:06:26.544390] EP IN  0x81 len=64 093c230000008687845958833800001e0f43000c0086a7b301e496190187e0803c847afd90ab4604f045d20e1b01000000000000000000000000000000000000
[12:06:26.546483] EP OUT 0x03 len=0 
[12:06:26.552417] EP IN  0x81 len=64 093d230000008587845948833800001e1343000c00e075b40150f119019bd0805c3267fd506b5e04c0dacb0e1b01000000000000000000000000000000000000
[12:06:26.554046] EP OUT 0x03 len=0 
[12:06:26.561306] EP OUT 0x03 len=0 
[12:06:26.564393] EP IN  0x81 len=64 093f230000008587845a58833800001e1b43000c002c10b601f8a01a01dbaf80b0a23bfd90a9a00400b0d90e1b01000000000000000000000000000000000000
[12:06:26.565749] EP OUT 0x03 len=0 
[12:06:26.568381] EP IN  0x81 len=64 0942230000008687845858833800001e2643000c00c236b801fe7e1b01698280a45fddfcb8beed04f03fe70e1b01000000000000000000000000000000000000
[12:06:26.570591] EP OUT 0x03 len=0 
[12:06:26.572683] EP OUT 0x03 len=0 
[12:06:26.576405] EP IN  0x81 len=64 0943230000008587845958833800001e2a43000c00da00b901a0ca1b01b87280b484b0fcf871fd043009ed0e1b01000000000000000000000000000000000000
[12:06:26.577869] EP OUT 0x03 len=0 
[12:06:26.580431] EP IN  0x81 len=64 0945230000008587845a58833800001e3243000c00feb7ba0116671c012f558054dd84fcf8e90e05b0c7ef0e2001000000000000000000000000000000000000
[12:06:26.582549] EP OUT 0x03 len=0 
[12:06:26.584833] EP OUT 0x03 len=0 
[12:06:26.588488] EP IN  0x81 len=64 0946230000008587845948833800001e3533000c00686cbb016aa51c01604a80845782fc90cc1905e0e0fa0e2001000000000000000000000000000000000000
[12:06:26.589996] EP OUT 0x03 len=0 
[12:06:26.597134] EP OUT 0x03 len=0 
[12:06:26.600379] EP IN  0x81 len=64 0948230000008687845a58833800001e3d43000c00d075bd0116501d01962d80f4a08dfc186c2705f0631b0f1d01000000000000000000000000000000000000
[12:06:26.601833] EP OUT 0x03 len=0 
[12:06:26.604468] EP IN  0x81 len=64 094b230000008577845948833800001e4943000c007cd1c001a65e1e81e9fe7f38f78cfcc09410057065120f1a01000000000000000000000000000000000000
[12:06:26.606896] EP OUT 0x03 len=0 
[12:06:26.608795] EP OUT 0x03 len=0 
[12:06:26.612452] EP IN  0x81 len=64 094c230000008687845958833800001e4c33000c00c0b1c10108a61e81edf17f246494fc70900c05a0e4110f1a01000000000000000000000000000000000000
[12:06:26.613967] EP OUT 0x03 len=0 
[12:06:26.621036] EP OUT 0x03 len=0 
[12:06:26.624396] EP IN  0x81 len=64 094e230000008687845948833800001e5443000c007002c40184601f0128cc7f5c0ba1fc10951305906d060f1c01000000000000000000000000000000000000
[12:06:26.625854] EP OUT 0x03 len=0 
[12:06:26.628428] EP IN  0x81 len=64 0951230000008687845948833800001e6043000c00623cc701a06d20819e8c7fbcb96afc68e745052071830e1701000000000000000000000000000000000000
[12:06:26.630636] EP OUT 0x03 len=0 
[12:06:26.632877] EP OUT 0x03 len=0 
[12:06:26.636443] EP IN  0x81 len=64 0952230000008597845948833800001e6443000c00fc3fc80186cc200148757fdca066fce81f5c0570c14a0e1701000000000000000000000000000000000000
[12:06:26.637938] EP OUT 0x03 len=0 
[12:06:26.645139] EP OUT 0x03 len=0 
[12:06:26.648402] EP IN  0x81 len=64 0954230000008687845a58833800001e6b43000c0022f1c90144762181a4497fec0965fc28059105a0cd090e1701000000000000000000000000000000000000
[12:06:26.649713] EP OUT 0x03 len=0 
[12:06:26.657152] EP OUT 0x03 len=0 
[12:06:26.660481] EP IN  0x81 len=64 0957230000008587845958833800001e7743000c00c896cc01fe91220193fa7efc4321fc505fe205e008d50d1701000000000000000000000000000000000000
[12:06:26.662129] EP OUT 0x03 len=0 
[12:06:26.669620] EP OUT 0x03 len=0 
[12:06:26.672397] EP IN  0x81 len=64 095c230000008587845948833800001e8a43000c00f0ccd001c8472401e4887e70dd8efb188a6806902e190e1c01000000000000000000000000000000000000
[12:06:26.673835] EP OUT 0x03 len=0 
[12:06:26.676497] EP IN  0x81 len=64 095d230000008587845948833800001e8e43000c0072bed1013a9f2481a6747e08b46efbd0b8860670bf0c0e1c01000000000000000000000000000000000000
[12:06:26.678729] EP OUT 0x03 len=0 
[12:06:26.680992] EP OUT 0x03 len=0 
[12:06:26.684431] EP IN  0x81 len=64 095e230000008697845958833800001e9243000c0030abd20120f32481f0617ec0b94ffb18129e06503de60d1c01000000000000000000000000000000000000
[12:06:26.685978] EP OUT 0x03 len=0 
[12:06:26.693117] EP OUT 0x03 len=0 
[12:06:26.696398] EP IN  0x81 len=64 0960230000008687845958833800001e9943000c00442ad401887f2501df437ee0ed1bfbf859c506105d840d1c01000000000000000000000000000000000000
[12:06:26.697832] EP OUT 0x03 len=0 
[12:06:26.705297] EP OUT 0x03 len=0 
[12:06:26.708372] EP IN  0x81 len=64 0963230000008687845958833800001ea543000c006e33d601e45426815c1c7e884adafaf0b1150700bf390d1b01000000000000000000000000000000000000
[12:06:26.710078] EP OUT 0x03 len=0 
[12:06:26.717075] EP OUT 0x03 len=0 
[12:06:26.720400] EP IN  0x81 len=64 0966230000008487845958833800001eb043000c001ab2d701c6fd2681a4057ec0a5bdfaf0100e07f0898c0d1d01000000000000000000000000000000000000
[12:06:26.721917] EP OUT 0x03 len=0 
[12:06:26.729172] EP OUT 0x03 len=0 
[12:06:26.732461] EP IN  0x81 len=64 0969230000008687845a58833800001ebc43000c003a43d901fca3278153ef7dd00fdffa387eb706e01afb0d1d01000000000000000000000000000000000000
[12:06:26.734125] EP OUT 0x03 len=0 
[12:06:26.741749] EP OUT 0x03 len=0 
[12:06:26.748834] EP OUT 0x03 len=0 
[12:06:26.755818] EP OUT 0x03 len=0 
[12:06:26.760440] EP IN  0x81 len=64 096e230000008687845948833800001ecf43000c002007dc019e9f28819aba7d1834cefa48cca00640fbc90d1d01000000000000000000000000000000000000
[12:06:26.762169] EP OUT 0x03 len=0 
[12:06:26.769826] EP OUT 0x03 len=0 
[12:06:26.772442] EP IN  0x81 len=64 0975230000018587845a58833800001eea43000c009ca6df01224a2981afa87db8e504fb880fa306a022310d1d01000000000000000000000000000000000000
[12:06:26.774069] EP OUT 0x03 len=0 
[12:06:26.776701] EP OUT 0x03 len=0 
[12:06:26.779835] EP OUT 0x03 len=0 
[12:06:26.784388] EP IN  0x81 len=64 0976230000018587845a48833800001eee43000c00b80ae001ae3a290141ab7d188feefae89cd406309b600d1501000000000000000000000000000000000000
[12:06:26.785964] EP OUT 0x03 len=0 
[12:06:26.788458] EP IN  0x81 len=64 0979230000018577845958833800001ef943000c0092c2e00128be288102bc7d603609faf0cc00088086f40d1301000000000000000000000000000000000000
[12:06:26.790553] EP OUT 0x03 len=0 
[12:06:26.792752] EP OUT 0x03 len=0 
[12:06:26.796437] EP IN  0x81 len=64 097a230000018587845a58833800001efd43000c00dcdce001ee6f288142ca7d9011cdf900ca7b0880afc70d1801000000000000000000000000000000000000
[12:06:26.797851] EP OUT 0x03 len=0 
[12:06:26.805331] EP OUT 0x03 len=0 
[12:06:26.808451] EP IN  0x81 len=64 097c230000018587845968833800001e0544000c0098b1e001e8bb2701c3ed7d10d600fa1039d10800ef680d1d01000000000000000000000000000000000000
[12:06:26.810279] EP OUT 0x03 len=0 
[12:06:26.817756] EP OUT 0x03 len=0 
[12:06:26.824914] EP OUT 0x03 len=0 
[12:06:26.831841] EP OUT 0x03 len=0 
[12:06:26.836487] EP IN  0x81 len=64 0981230000018687845a68833800001e1844000c003eefde0132042601d9127ec8f883fa701cab08809b400d2101000000000000000000000000000000000000
[12:06:26.838038] EP OUT 0x03 len=0 
[12:06:26.845374] EP OUT 0x03 len=0 
[12:06:26.848414] EP IN  0x81 len=64 0986230000018577845a58833800001e2b44000c00702cdc01f06624816f1b7ea87a7cfa20749d08b0432c0d1a01000000000000000000000000000000000000
[12:06:26.850041] EP OUT 0x03 len=0 
[12:06:26.857451] EP OUT 0x03 len=0 
[12:06:26.860388] EP IN  0x81 len=64 0989230000018587845a58833800001e3744000c004cded901d64023014f1e7e809e31fb8825f707b06c520d1c01000000000000000000000000000000000000
[12:06:26.862054] EP OUT 0x03 len=0 
[12:06:26.869255] EP OUT 0x03 len=0 
[12:06:26.872412] EP IN  0x81 len=64 098c230000018687845958833800001e4244000c00f0ddd7013453220126237e289c9cfbf84f75074009af0d1a01000000000000000000000000000000000000
[12:06:26.873917] EP OUT 0x03 len=0 
[12:06:26.876492] EP IN  0x81 len=64 098f230000018587845958833800001e4e44000c001236d6010c862101cb347e88f3e6fbe80c2307a0162a0e1701000000000000000000000000000000000000
[12:06:26.878820] EP OUT 0x03 len=0 
[12:06:26.880955] EP OUT 0x03 len=0 
[12:06:26.884447] EP IN  0x81 len=64 0990230000018587845958833800001e5134000c004ce4d5016c5b2101783a7e40eeebfb107b190710fe440e1701000000000000000000000000000000000000
[12:06:26.886144] EP OUT 0x03 len=0 
[12:06:26.893775] EP OUT 0x03 len=0 
[12:06:26.900945] EP OUT 0x03 len=0 
[12:06:26.907938] EP OUT 0x03 len=0 
[12:06:26.912407] EP IN  0x81 len=64 0994230000018687845958833800001e6144000c00ecb3d40174a42001d4597e70e9dafb60e9190770f1ce0e1f01000000000000000000000000000000000000
[12:06:26.913881] EP OUT 0x03 len=0 
[12:06:26.921311] EP OUT 0x03 len=0 
[12:06:26.924409] EP IN  0x81 len=64 0999230000018587845968833800001e7444000c007e49d4010c2d20010e787e38a4e2fb48217207d0be490f2001000000000000000000000000000000000000
[12:06:26.926121] EP OUT 0x03 len=0 
[12:06:26.933654] EP OUT 0x03 len=0 
[12:06:26.936382] EP IN  0x81 len=64 099e230000018687845958833800001e8744000c00188dd40180322081d58b7e7c2865fcf0ad5f0770ef940e1f01000000000000000000000000000000000000
[12:06:26.937939] EP OUT 0x03 len=0 
[12:06:26.940487] EP OUT 0x03 len=0 
[12:06:26.942436] EP OUT 0x03 len=0 
[12:06:26.944619] EP OUT 0x03 len=0 
[12:06:26.948461] EP IN  0x81 len=64 099f230000018587845958833800001e8b44000c002ca4d4010a472001078c7e5cb97efc58eb4307e00f590e1f01000000000000000000000000000000000000
[12:06:26.950098] EP OUT 0x03 len=0 
[12:06:26.957656] EP OUT 0x03 len=0 
[12:06:26.960396] EP IN  0x81 len=64 09a4230000018687845a58833800001e9e44000c0018fad4011cda200185797e309fb6fc70aac0065079090e1901000000000000000000000000000000000000
[12:06:26.962031] EP OUT 0x03 len=0 
[12:06:26.964511] EP OUT 0x03 len=0 
[12:06:26.966880] EP OUT 0x03 len=0 
[12:06:26.969022] EP OUT 0x03 len=0 
[12:06:26.972387] EP IN  0x81 len=64 09a5230000018687845958833800001ea244000c00ae10d5017c012181a8717ef049b9fc68239c069048050e1901000000000000000000000000000000000000
[12:06:26.973762] EP OUT 0x03 len=0 
[12:06:26.976386] EP IN  0x81 len=64 09a8230000008597845958833800001eae44000c002285d501b48d210125507e8c629efc684d1606409fef0d1b01000000000000000000000000000000000000
[12:06:26.978485] EP OUT 0x03 len=0 
[12:06:26.984430] EP IN  0x81 len=64 09a9230000008697845958833800001eb134000c0060afd501bab52101a1457e8cdd96fc20c9f50550a2fb0d1c01000000000000000000000000000000000000
[12:06:26.985983] EP OUT 0x03 len=0 
[12:06:26.993167] EP OUT 0x03 len=0 
[12:06:26.996448] EP IN  0x81 len=64 09ab230000008687845948833800001eb944000c004849d601522f2281e1237e285387fc28209c05d0c81c0e1c01000000000000000000000000000000000000
[12:06:26.997965] EP OUT 0x03 len=0 
[12:06:27.005239] EP OUT 0x03 len=0 
[12:06:27.008402] EP IN  0x81 len=64 09ae230000008587845848833800001ec544000c00becad701a40a23010fe27dd43318fc787234051070ae0e1901000000000000000000000000000000000000
[12:06:27.009899] EP OUT 0x03 len=0 
[12:06:27.012431] EP IN  0x81 len=64 09b1230000008587845a58833800001ed044000c00aeddd901def52301a9997d1815d1fbf8c65e05403dc50d1c01000000000000000000000000000000000000
[12:06:27.014635] EP OUT 0x03 len=0 
[12:06:27.016809] EP OUT 0x03 len=0 
[12:06:27.020444] EP IN  0x81 len=64 09b2230000008687845958833800001ed444000c004492da01f0542481687f7d986b8bfb1872a10590f02b0d1c01000000000000000000000000000000000000
[12:06:27.022029] EP OUT 0x03 len=0 
[12:06:27.029238] EP OUT 0x03 len=0 
[12:06:27.032387] EP IN  0x81 len=64 09b4230000008587845958833800001edc44000c0038b7db01c41a250132537d5813e7fa20e13706404b460c1b01000000000000000000000000000000000000
[12:06:27.033897] EP OUT 0x03 len=0 
[12:06:27.041067] EP OUT 0x03 len=0 
[12:06:27.044434] EP IN  0x81 len=64 09b7230000008587845958833800001ee744000c00688edc01a20a2601da2a7da0cc48fa9823ff06e0361b0c1801000000000000000000000000000000000000
[12:06:27.045887] EP OUT 0x03 len=0 
[12:06:27.048406] EP IN  0x81 len=64 09ba230000008687845948833800001ef344000c0040c0dc018aa8268145177d185ae7f970939207f064140d1601000000000000000000000000000000000000
[12:06:27.050523] EP OUT 0x03 len=0 
[12:06:27.056395] EP IN  0x81 len=64 09bb230000008697845948833800001ef634000c0072c4dc011abc2601ed157d78acd9f9d8d2a807d0bb650d1601000000000000000000000000000000000000
[12:06:27.057836] EP OUT 0x03 len=0 
[12:06:27.060417] EP IN  0x81 len=64 09bd230000008587845a58833800001efe44000c0054d0dc01e0c92601a5187df069d5f958efb907e0cfcc0d1c01000000000000000000000000000000000000
[12:06:27.062200] EP OUT 0x03 len=0 
[12:06:27.069266] EP OUT 0x03 len=0 
[12:06:27.072360] EP IN  0x81 len=64 09be230000008687845948833800001e0245000c0044d3dc018cbd2681011d7d10d3def9a0f2b207708ae00d1e01000000000000000000000000000000000000
[12:06:27.073834] EP OUT 0x03 len=0 
[12:06:27.076435] EP IN  0x81 len=64 09c1230000008587845a48833800001e0e45000c009abcdc01dc592681ed317d083436fab87e8207501dc80d1e01000000000000000000000000000000000000
[12:06:27.078723] EP OUT 0x03 len=0 
[12:06:27.080762] EP OUT 0x03 len=0 
[12:06:27.084415] EP IN  0x81 len=64 09c2230000008587845958833800001e1135000c00e4addc018435268155387d486354fa28b77607004cbe0d1f01000000000000000000000000000000000000
[12:06:27.085668] EP OUT 0x03 len=0 
[12:06:27.088347] EP IN  0x81 len=64 09c4230000008587845958833800001e1945000c00f67adc01f6c72501f14a7dc0848efad84b5607d085c00d1f01000000000000000000000000000000000000
[12:06:27.090136] EP OUT 0x03 len=0 
[12:06:27.096888] EP OUT 0x03 len=0 
[12:06:27.100412] EP IN  0x81 len=64 09c5230000008587845a58833800001e1d45000c00b85ddc01908c258175547d3063b1fa305d4007e0b9c10d1c01000000000000000000000000000000000000
[12:06:27.101676] EP OUT 0x03 len=0 
[12:06:27.104398] EP IN  0x81 len=64 09c8230000008677845958833800001e2835000c00ec00dc010ee52401c36b7dd84e30fb7865fc0660d3a40d1901000000000000000000000000000000000000
[12:06:27.106523] EP OUT 0x03 len=0 
[12:06:27.112399] EP IN  0x81 len=64 09c9230000008687845958833800001e2c45000c002cd7db0186a92401b7727d28eb53fb9035eb065043990d1901000000000000000000000000000000000000
[12:06:27.113947] EP OUT 0x03 len=0 
[12:06:27.121118] EP OUT 0x03 len=0 
[12:06:27.124431] EP IN  0x81 len=64 09cb230000008687845958833800001e3445000c001a73db01923a2401887e7d30eb95fbe837cb06204b800d1b01000000000000000000000000000000000000
[12:06:27.125902] EP OUT 0x03 len=0 
[12:06:27.133280] EP OUT 0x03 len=0 
[12:06:27.136415] EP IN  0x81 len=64 09ce230000008587845948833800001e3f35000c00e0c5da01e2c12301048c7d28e5ccfb40deb6061044600d1f01000000000000000000000000000000000000
[12:06:27.137993] EP OUT 0x03 len=0 
[12:06:27.145185] EP OUT 0x03 len=0 
[12:06:27.148469] EP IN  0x81 len=64 09d1230000008587845a48833800001e4b45000c00cc22da011867238195947de08c04fcf0798206007cb50d1f01000000000000000000000000000000000000
[12:06:27.149988] EP OUT 0x03 len=0 
[12:06:27.157431] EP OUT 0x03 len=0 
[12:06:27.160393] EP IN  0x81 len=64 09d4230000008587845958833800001e5635000c0028e6d901d43a230165967dc8461cfcf8e18d0640c5f40d1d01000000000000000000000000000000000000
[12:06:27.161816] EP OUT 0x03 len=0 
[12:06:27.164441] EP IN  0x81 len=64 09d7230000008697845948833800001e6245000c0040ecd901ba3a2381d1937dc00a20fc18e19706e0d0fc0d1701000000000000000000000000000000000000
[12:06:27.166560] EP OUT 0x03 len=0 
[12:06:27.172455] EP IN  0x81 len=64 09d8230000008587845948833800001e6645000c007cfad901e244230185917d08031afcd883a206702ff40d1701000000000000000000000000000000000000
[12:06:27.173987] EP OUT 0x03 len=0 
[12:06:27.181337] EP OUT 0x03 len=0 
[12:06:27.184389] EP IN  0x81 len=64 09da230000008587845948833800001e6d35000c00dc16da01585f2381fe8b7db8690ffc6023c4062088d40d1901000000000000000000000000000000000000
[12:06:27.186043] EP OUT 0x03 len=0 
[12:06:27.193444] EP OUT 0x03 len=0 
[12:06:27.196379] EP IN  0x81 len=64 09dd230000008687845a48833800001e7945000c00103cda014a9d23016d7f7d001deffba0cff90600dcb40d1a01000000000000000000000000000000000000
[12:06:27.197791] EP OUT 0x03 len=0 
[12:06:27.200381] EP IN  0x81 len=64 09e0230000008587845a48833800001e8435000c006a46da01b8d92301fc717d80a9b5fbc8a4270730dba10d1b01000000000000000000000000000000000000
[12:06:27.202721] EP OUT 0x03 len=0 
[12:06:27.204923] EP OUT 0x03 len=0 
[12:06:27.208370] EP IN  0x81 len=64 09e1230000008687845a58833800001e8845000c00e842da01b0ee2381f96c7d78aba2fb90cf320760029b0d1b01000000000000000000000000000000000000
[12:06:27.209800] EP OUT 0x03 len=0 
[12:06:27.212439] EP IN  0x81 len=64 09e3230000008687845948833800001e9045000c001234da012a172481fc627d28aa7cfb8869420710f2a10d1a01000000000000000000000000000000000000
[12:06:27.214784] EP OUT 0x03 len=0 
[12:06:27.216893] EP OUT 0x03 len=0 
[12:06:27.220439] EP IN  0x81 len=64 09e4230000008687845958833800001e9445000c00162dda01ac2a2481ae5d7d406b6efb08a74407d0f1ae0d1a01000000000000000000000000000000000000
[12:06:27.221932] EP OUT 0x03 len=0 
[12:06:27.224431] EP IN  0x81 len=64 09e6230000008687845948833800001e9c45000c001425da015e4e2481a9527dd01c5afb98553e07c073c40d1b01000000000000000000000000000000000000
[12:06:27.226788] EP OUT 0x03 len=0 
[12:06:27.228943] EP OUT 0x03 len=0 
[12:06:27.232395] EP IN  0x81 len=64 09e7230000008687845958833800001e9f35000c009623da010c5a2401904e7d904352fbe004380760c8c90d1e01000000000000000000000000000000000000
[12:06:27.233920] EP OUT 0x03 len=0 
[12:06:27.236430] EP IN  0x81 len=64 09e9230000008587845948833800001ea745000c00581fda0110742481f5437d58ea46fb68122b0730e4cf0d1e01000000000000000000000000000000000000
[12:06:27.238611] EP OUT 0x03 len=0 
[12:06:27.240724] EP OUT 0x03 len=0 
[12:06:27.244472] EP IN  0x81 len=64 09ea230000008587845a48833800001eab45000c00001bda01087e24010a3f7d50d43ffb30da23074099cd0d1e01000000000000000000000000000000000000
[12:06:27.245958] EP OUT 0x03 len=0 
[12:06:27.253161] EP OUT 0x03 len=0 
[12:06:27.256415] EP IN  0x81 len=64 09ec230000008587845958833800001eb345000c002c07da01908c2401a2367d38eb2afba03e1c07207ac60d2301000000000000000000000000000000000000
[12:06:27.257953] EP OUT 0x03 len=0 
[12:06:27.265411] EP OUT 0x02 len=12 0a9100020004000000000000
[12:06:27.265824] EP OUT 0x03 len=0 
[12:06:27.272349] EP IN  0x82 len=8 0a01000200f80000
[12:06:27.274038] EP OUT 0x02 len=12 0a9100020004000000000000
[12:06:27.274343] EP OUT 0x03 len=0 
[12:06:27.280692] EP IN  0x82 len=8 0a01000200f80000
[12:06:27.282406] EP OUT 0x03 len=0 
[12:06:27.288432] EP IN  0x81 len=64 09f4230000008677845958833800001ed145000c009a6ad9014c79240175307d40600efb781f2a0770550f0e1101000000000000000000000000000000000000
[12:06:28.323968] EP OUT 0x02 len=12 0a9100020004000000000000
[12:06:28.324773] EP OUT 0x03 len=0 
[12:06:28.328635] EP IN  0x81 len=64 09f1230000008687845948833800001eb349000c005cd3b801a4471c817c837dec211efc00a54c0520c6c40e2101000000000000000000000000000000000000
[12:06:28.329801] EP IN  0x82 len=8 0a01000200f80000
[12:06:28.331955] EP OUT 0x02 len=12 0a9100020004000000000000
[12:06:28.332703] EP OUT 0x03 len=0 
[12:06:28.336425] EP IN  0x81 len=64 09f5230000008587845948833800001ec239000c00149fb8017c4c1c8148817d04a51cfc28c4370560bfe70e1b01000000000000000000000000000000000000
[12:06:28.337378] EP IN  0x82 len=8 0a01000200f80000
[12:06:28.339239] EP OUT 0x03 len=0 
[12:06:28.344409] EP IN  0x81 len=64 09f7230000008687845958833800001eca49000c00808bb801364f1c81f77e7dd4eb24fc48742505907ef90e1b01000000000000000000000000000000000000
[12:06:29.469837] EP OUT 0x03 len=0 
[12:06:29.476663] EP IN  0x81 len=64 090c230000008687845a48833800001e0a4e000c006088bc01d0b70001abb58801c62a0008e75705b0291a0f2301000000000000000000000000000000000000
[12:06:29.478446] EP OUT 0x03 len=0 
[12:06:29.484558] EP IN  0x81 len=64 090e230000008587845948833800001e102e000c00da07bc01b66a010193cf886c803a00b04e840590f7830f1a01000000000000000000000000000000000000
[12:06:29.487261] EP OUT 0x03 len=0 
[12:06:29.492504] EP IN  0x81 len=64 0910230000008587845948833800001e184e000c0040e8ba017e77020160f0880e192b00a0d2cd05802a3c101a01000000000000000000000000000000000000
[12:06:29.494283] EP OUT 0x03 len=0 
[12:06:29.500495] EP IN  0x81 len=64 0912230000008687845a58833800001e204e000c008460b90142a303014d1189b9d62700a88c0b06801bec101901000000000000000000000000000000000000
[12:06:29.503436] EP OUT 0x03 len=0 
[12:06:29.508439] EP IN  0x81 len=64 0914230000008587845948833800001e274e000c0002adb70166c00401a52e892ee42c00c8df2406e05351111901000000000000000000000000000000000000
[12:06:29.510327] EP OUT 0x03 len=0 
[12:06:29.517726] EP OUT 0x03 len=0 
[12:06:29.525468] EP OUT 0x03 len=0 
[12:06:29.532845] EP OUT 0x03 len=0 
[12:06:29.536416] EP IN  0x81 len=64 0918230000008687845a58833800001e374e000c00a8bfb201406b0701a77c891da6ddff50311906801fa8121d01000000000000000000000000000000000000
[12:06:29.538165] EP OUT 0x03 len=0 
[12:06:29.545654] EP OUT 0x03 len=0 
[12:06:29.548400] EP IN  0x81 len=64 091f230000008687845948833800001e513e000c00a421aa018ed80b01af448a0e88a8fe500a7105802098141901000000000000000000000000000000000000
[12:06:29.549828] EP OUT 0x03 len=0 
[12:06:29.552195] EP OUT 0x03 len=0 
[12:06:29.554685] EP OUT 0x03 len=0 
[12:06:29.556626] EP OUT 0x03 len=0 
[12:06:29.560390] EP IN  0x81 len=64 0920230000008687845948833800001e554e000c003ce5a80178730c01b16e8ae494b5fe28276205407aae141901000000000000000000000000000000000000
[12:06:29.561806] EP OUT 0x03 len=0 
[12:06:29.564468] EP IN  0x81 len=64 0923230000008697845948833800001e614e000c007053a501a0d40d0171f28a66ac19ffc859e1042037ac141a01000000000000000000000000000000000000
[12:06:29.566482] EP OUT 0x03 len=0 
[12:06:29.572484] EP IN  0x81 len=64 0924230000008687845a58833800001e654e000c005a3ea401aa3b0e01761f8bce240dffd09e8c04e0b5d5141a01000000000000000000000000000000000000
[12:06:29.574152] EP OUT 0x03 len=0 
[12:06:29.581690] EP OUT 0x03 len=0 
[12:06:29.584404] EP IN  0x81 len=64 0928230000008587845a48833800001e744e000c007ee2a001d2860f01a6c38b9cd197fea880a103c0883a141e01000000000000000000000000000000000000
[12:06:29.585943] EP OUT 0x03 len=0 
[12:06:29.588409] EP OUT 0x03 len=0 
[12:06:29.590789] EP OUT 0x03 len=0 
[12:06:29.593082] EP OUT 0x03 len=0 
[12:06:29.596474] EP IN  0x81 len=64 0929230000008687845a48833800001e784e000c005a33a001d2ed0f01b4f08bbefd47fe507e5d0340654e141e01000000000000000000000000000000000000
[12:06:29.598071] EP OUT 0x03 len=0 
[12:06:29.605397] EP OUT 0x03 len=0 
[12:06:29.608380] EP IN  0x81 len=64 092c230000008687845948833800001e833e000c008c149f01ac2811013c6f8c2849dcfd20af170380fb81131f01000000000000000000000000000000000000
[12:06:29.609919] EP OUT 0x03 len=0 
[12:06:29.617176] EP OUT 0x03 len=0 
[12:06:29.620439] EP IN  0x81 len=64 092f230000008687845958833800001e8f4e000c003a9c9e01ac57120106008d10b341feec4ef502a044ce121a01000000000000000000000000000000000000
[12:06:29.622040] EP OUT 0x03 len=0 
[12:06:29.629278] EP OUT 0x03 len=0 
[12:06:29.632399] EP IN  0x81 len=64 0932230000008587845948833800001e9a3e000c000e7c9e01dc4413011e8c8de0b365fe24b1c5022035cc111a01000000000000000000000000000000000000
[12:06:29.633792] EP OUT 0x03 len=0 
[12:06:29.636411] EP IN  0x81 len=64 0935230000008687845958833800001ea64e000c005ce79d01400c14010e2e8ed25d72fe3825e602203bfc0f2001000000000000000000000000000000000000
[12:06:29.638807] EP OUT 0x03 len=0 
[12:06:29.640937] EP OUT 0x03 len=0 
[12:06:29.644376] EP IN  0x81 len=64 0936230000008587845958833800001eaa4e000c00c46a9d01a03a140192638e344d86fed039fd0280da790f2001000000000000000000000000000000000000
[12:06:29.645864] EP OUT 0x03 len=0 
[12:06:29.648396] EP IN  0x81 len=64 0938230000008687845a58833800001eb13e000c003a3b9c014c7a1401a5c18ed6117cfee058bf021002370f2201000000000000000000000000000000000000
[12:06:29.650546] EP OUT 0x03 len=0 
[12:06:29.656407] EP IN  0x81 len=64 0939230000008697845948833800001eb54e000c00d4669b0138a51401a7f98e944266fe60e19f022021290f2201000000000000000000000000000000000000
[12:06:29.657891] EP OUT 0x03 len=0 
[12:06:29.665318] EP OUT 0x03 len=0 
[12:06:29.668424] EP IN  0x81 len=64 093b230000008587845948833800001ebd4e000c00606999017e1415018b6f8f2c50fdfd943c700250b4cd0e1e01000000000000000000000000000000000000
[12:06:29.670053] EP OUT 0x03 len=0 
[12:06:29.677370] EP OUT 0x03 len=0 
[12:06:29.680385] EP IN  0x81 len=64 093e230000008587845948833800001ec83e000c00d02f960136e515015d24904495aafd4606e301a0eed80e1b01000000000000000000000000000000000000
[12:06:29.681860] EP OUT 0x03 len=0 
[12:06:29.689220] EP OUT 0x03 len=0 
[12:06:29.692446] EP IN  0x81 len=64 0941230000008687845848833800001ed44e000c00ce839201a4071701b607917c86d5fd8c5a8a01e062180f1a01000000000000000000000000000000000000
[12:06:29.694034] EP OUT 0x03 len=0 
[12:06:29.701255] EP OUT 0x03 len=0 
[12:06:29.704386] EP IN  0x81 len=64 0944230000008587845948833800001edf3e000c004e828f012238180166fb917c5d48fe3a475001b052a40f1e01000000000000000000000000000000000000
[12:06:29.705928] EP OUT 0x03 len=0 
[12:06:29.713524] EP OUT 0x03 len=0 
[12:06:29.716442] EP IN  0x81 len=64 0947230000008577845948833800001eeb4e000c00ba008d0100721901872193c00059ff84267701b01eb70f1e01000000000000000000000000000000000000
[12:06:29.718066] EP OUT 0x03 len=0 
[12:06:29.720532] EP OUT 0x03 len=0 
[12:06:29.722929] EP OUT 0x03 len=0 
[12:06:29.728394] EP IN  0x81 len=64 094a230000008687845958833800001ef63e000c004a348b010a6d1a01a334940bf95800ee99750120ca7f0f1e01000000000000000000000000000000000000
[12:06:29.729927] EP OUT 0x03 len=0 
[12:06:29.732452] EP IN  0x81 len=64 094d230000008687845948833800001e024f000c00de788901a2861b01ca4b951c21fa00cc2c4c0100d6060f1b01000000000000000000000000000000000000
[12:06:29.734753] EP OUT 0x03 len=0 
[12:06:29.736973] EP OUT 0x03 len=0 
[12:06:29.740412] EP IN  0x81 len=64 094e230000008687845948833800001e064f000c002cea880116ea1b015fa195f6431d01dc5146010097d80e1b01000000000000000000000000000000000000
[12:06:29.741842] EP OUT 0x03 len=0 
[12:06:29.744400] EP IN  0x81 len=64 0950230000008697845958833800001e0e4f000c0080e98701feb41c018c3c963eed4201f8405f01609f860e2301000000000000000000000000000000000000
[12:06:29.746607] EP OUT 0x03 len=0 
[12:06:29.748847] EP OUT 0x03 len=0 
[12:06:29.752434] EP IN  0x81 len=64 0951230000008587845948833800001e113f000c00a2958701e2031d013c7096d6803201ead76301e0925c0e2601000000000000000000000000000000000000
[12:06:29.753910] EP OUT 0x03 len=0 
[12:06:29.761203] EP OUT 0x03 len=0 
[12:06:29.764488] EP IN  0x81 len=64 0953230000008587845948833800001e194f000c00b4b48601e2ed1d0104e9965ec944010ad19601f05b190e2601000000000000000000000000000000000000
[12:06:29.766019] EP OUT 0x03 len=0 
[12:06:29.773289] EP OUT 0x03 len=0 
[12:06:29.776376] EP IN  0x81 len=64 0956230000008687845948833800001e254f000c00e4b18401088b1f014e739794ef6d01101f3202f06df20d2701000000000000000000000000000000000000
[12:06:29.777696] EP OUT 0x03 len=0 
[12:06:29.780467] EP IN  0x81 len=64 0959230000008577845a58833800001e304f000c00765b820124532101acc697dc847001cc2d9e02c05d3d0e1b01000000000000000000000000000000000000
[12:06:29.782593] EP OUT 0x03 len=0 
[12:06:29.788463] EP IN  0x81 len=64 095a230000008687845a58833800001e344f000c00fc798101340a2201f9da97f80f620188cdc602d0ce620e1b01000000000000000000000000000000000000
[12:06:29.790077] EP OUT 0x03 len=0 
[12:06:29.797278] EP OUT 0x03 len=0 
[12:06:29.800392] EP IN  0x81 len=64 095c230000008687845948833800001e3c4f000c000c7d7f01ce6f2301200e9836c35b0114a56b0320f4ae0e1d01000000000000000000000000000000000000
[12:06:29.801981] EP OUT 0x03 len=0 
[12:06:29.809293] EP OUT 0x03 len=0 
[12:06:29.812419] EP IN  0x81 len=64 095f230000008597845a48833800001e474f000c0014417c010e302501046898365724012c6faf0380bd070f2401000000000000000000000000000000000000
[12:06:29.813935] EP OUT 0x03 len=0 
[12:06:29.821228] EP OUT 0x03 len=0 
[12:06:29.824413] EP IN  0x81 len=64 0962230000008587845948833800001e534f000c0048c47801d613270136c39844783d019c03510350d79f0f2001000000000000000000000000000000000000
[12:06:29.825792] EP OUT 0x03 len=0 
[12:06:29.828400] EP IN  0x81 len=64 0965230000008687845958833800001e5e4f000c00fef5750176b02801e0ee98228a10018c80ea02e0216c101b01000000000000000000000000000000000000
[12:06:29.830558] EP OUT 0x03 len=0 
[12:06:29.832944] EP OUT 0x03 len=0 
[12:06:29.836504] EP IN  0x81 len=64 0966230000008587845948833800001e624f000c00a40f7501643c2901a9f3984e58e800c8ddcd0260c5b7101a01000000000000000000000000000000000000
[12:06:29.838192] EP OUT 0x03 len=0 
[12:06:29.845606] EP OUT 0x03 len=0 
[12:06:29.848389] EP IN  0x81 len=64 096a230000008687845a58833800001e714f000c00f8797201d2202b0128dc9837fcbcfff8617702a0bf9e112101000000000000000000000000000000000000
[12:06:29.849934] EP OUT 0x03 len=0 
[12:06:29.852429] EP OUT 0x03 len=0 
[12:06:29.854497] EP OUT 0x03 len=0 
[12:06:29.856525] EP OUT 0x03 len=0 
[12:06:29.860459] EP IN  0x81 len=64 096b230000008687845958833800001e754f000c004a067201be922b0106cf98d67459ff1c236d0220b0b8112101000000000000000000000000000000000000
[12:06:29.861926] EP OUT 0x03 len=0 
[12:06:29.869084] EP OUT 0x03 len=0 
[12:06:29.872390] EP IN  0x81 len=64 096e230000008687845a48833800001e814f000c00a01f710140b12c01efa6989ecd5dfe38de5c02e0fae6111801000000000000000000000000000000000000
[12:06:29.873861] EP OUT 0x03 len=0 
[12:06:29.881278] EP OUT 0x03 len=0 
[12:06:29.884457] EP IN  0x81 len=64 0971230000008487845958833800001e8c4f000c0026c57001705b2d01b2979818c7bffd90352202a0281e121801000000000000000000000000000000000000
[12:06:29.886032] EP OUT 0x03 len=0 
[12:06:29.893364] EP OUT 0x03 len=0 
[12:06:29.896399] EP IN  0x81 len=64 0974230000008587845958833800001e984f000c0024ca7001ccbe2d01189798b0d247fd4e6c9801404653121801000000000000000000000000000000000000
[12:06:29.897967] EP OUT 0x03 len=0 
[12:06:29.905223] EP OUT 0x03 len=0 
[12:06:29.908445] EP IN  0x81 len=64 0977230000008577845a58833800001ea34f000c00e47571012eeb2d012b92989c8c80fc184db000a0ab5c122401000000000000000000000000000000000000
[12:06:29.910013] EP OUT 0x03 len=0 
[12:06:29.917302] EP OUT 0x03 len=0 
[12:06:29.920399] EP IN  0x81 len=64 097a230000008687845958833800001eaf4f000c009cee72018efe2d0137879854b8adfccedfa600002ee9112001000000000000000000000000000000000000
[12:06:29.921949] EP OUT 0x03 len=0 
[12:06:29.929197] EP OUT 0x03 len=0 
[12:06:29.932515] EP IN  0x81 len=64 097d230000008687845948833800001eba4f000c002094740174022e01da6e989455bdfc8e84d100e0895d112001000000000000000000000000000000000000
[12:06:29.934063] EP OUT 0x03 len=0 
[12:06:29.941423] EP OUT 0x03 len=0 
[12:06:29.944403] EP IN  0x81 len=64 0980230000008587845948833800001ec64f000c00b48f7601ccf22d01984798bc5d8efc52e03b01a0f1a8101e01000000000000000000000000000000000000
[12:06:29.946000] EP OUT 0x03 len=0 
[12:06:29.953420] EP OUT 0x03 len=0 
[12:06:29.956472] EP IN  0x81 len=64 0983230000008687845948833800001ed14f000c003e647801d8d32d01341d98cc8b79fcae85dc01e0a110102101000000000000000000000000000000000000
[12:06:29.958122] EP OUT 0x03 len=0 
[12:06:29.965670] EP OUT 0x03 len=0 
[12:06:29.973002] EP OUT 0x03 len=0 
[12:06:29.980131] EP OUT 0x03 len=0 
[12:06:29.984409] EP IN  0x81 len=64 0988230000008587845948833800001ee43f000c0020637b0138852d01c4c39784675dfccc83250390009a0f1d01000000000000000000000000000000000000
[12:06:29.986212] EP OUT 0x03 len=0 
[12:06:29.993838] EP OUT 0x03 len=0 
[12:06:30.001559] EP OUT 0x03 len=0 
[12:06:30.008809] EP OUT 0x03 len=0 
[12:06:30.012393] EP IN  0x81 len=64 098f230000008687845a48833800001eff4f000c004cfd7e01789c2c01763997f476befcd01afd037043e30e1f01000000000000000000000000000000000000
[12:06:30.013818] EP OUT 0x03 len=0 
[12:06:30.016401] EP IN  0x81 len=64 0994230000008687845958833800001e1230000c00daa18001d2f12b01b2d896304ba5fcd894ad03a069360e1501000000000000000000000000000000000000
[12:06:30.018597] EP OUT 0x03 len=0 
[12:06:30.021030] EP OUT 0x03 len=0 
[12:06:30.024397] EP IN  0x81 len=64 0995230000008587845948833800001e1640000c0034f78001d6e72b0108c596d83696fc90099903407f3e0e1501000000000000000000000000000000000000
[12:06:30.026119] EP OUT 0x03 len=0 
[12:06:30.033620] EP OUT 0x03 len=0 
[12:06:30.036455] EP IN  0x81 len=64 0999230000008687845948833800001e2640000c006647820146082c01bd649678b45afc9cdb6103f02e0b0f1901000000000000000000000000000000000000
[12:06:30.038054] EP OUT 0x03 len=0 
[12:06:30.040489] EP OUT 0x03 len=0 
[12:06:30.042429] EP OUT 0x03 len=0 
[12:06:30.044424] EP OUT 0x03 len=0 
[12:06:30.048403] EP IN  0x81 len=64 099a230000008687845958833800001e2930000c005882820150102c01a84e9698014dfc00c46c036083430f1901000000000000000000000000000000000000
[12:06:30.049860] EP OUT 0x03 len=0 
[12:06:30.052466] EP IN  0x81 len=64 099d230000008687845948833800001e3540000c00243f8301c8122c0109f295103bf2fbb491c103605fb40f2201000000000000000000000000000000000000
[12:06:30.054716] EP OUT 0x03 len=0 
[12:06:30.057116] EP OUT 0x03 len=0 
[12:06:30.060430] EP IN  0x81 len=64 099e230000008687845948833800001e3940000c006c658301500b2c0156d6955816c4fbb8dfd503e03fcb0f2201000000000000000000000000000000000000
[12:06:30.061950] EP OUT 0x03 len=0 
[12:06:30.069378] EP OUT 0x03 len=0 
[12:06:30.072405] EP IN  0x81 len=64 09a0230000008687845a48833800001e4140000c0032ab83011cf82b01aaab95d0f941fb30fcdc03101ccc0f2101000000000000000000000000000000000000
[12:06:30.074063] EP OUT 0x03 len=0 
[12:06:30.081387] EP OUT 0x03 len=0 
[12:06:30.084465] EP IN  0x81 len=64 09a3230000008687845948833800001e4c40000c000c1d840190f72b0199929588adb9fa7c448c036073af0f1f01000000000000000000000000000000000000
[12:06:30.086105] EP OUT 0x03 len=0 
[12:06:30.093241] EP OUT 0x03 len=0 
[12:06:30.096393] EP IN  0x81 len=64 09a6230000008687845a48833800001e5840000c00eae984017c382c0136a695802792fab834ef02f03c750f1b01000000000000000000000000000000000000
[12:06:30.097963] EP OUT 0x03 len=0 
[12:06:30.105406] EP OUT 0x03 len=0 
[12:06:30.108522] EP IN  0x81 len=64 09a9230000008587845948833800001e6340000c001a01860160b42c011ade95381ef4fa9cd55302c03f3d0f1601000000000000000000000000000000000000
[12:06:30.110222] EP OUT 0x03 len=0 
[12:06:30.117793] EP OUT 0x03 len=0 
[12:06:30.125005] EP OUT 0x03 len=0 
[12:06:30.128393] EP IN  0x81 len=64 09ae230000008687845958833800001e7640000c00884a880152fa2d01665a962c6e78fc9a7047018065ae0f2001000000000000000000000000000000000000
[12:06:30.129887] EP OUT 0x03 len=0 
[12:06:30.137188] EP OUT 0x03 len=0 
[12:06:30.140473] EP IN  0x81 len=64 09b1230000008687845a48833800001e8240000c00c82b8a01cae22e014c87967040fffcd4b12a0160cb9a102301000000000000000000000000000000000000
[12:06:30.142169] EP OUT 0x03 len=0 
[12:06:30.149694] EP OUT 0x03 len=0 
[12:06:30.152439] EP IN  0x81 len=64 09b6230000008587845948833800001e9540000c000a308e017226300124909658e142fd885d260220a982112401000000000000000000000000000000000000
[12:06:30.153997] EP OUT 0x03 len=0 
[12:06:30.158032] EP OUT 0x03 len=0 
[12:06:30.165343] EP OUT 0x03 len=0 
[12:06:30.168404] EP IN  0x81 len=64 09b7230000008687845958833800001e9940000c0094268f0108503001f78b96c45d40fdeca0690260ae9e112401000000000000000000000000000000000000
[12:06:30.170113] EP OUT 0x03 len=0 
[12:06:30.177800] EP OUT 0x03 len=0 
[12:06:30.185090] EP OUT 0x03 len=0 
[12:06:30.192584] EP OUT 0x03 len=0 
[12:06:30.196441] EP IN  0x81 len=64 09bd230000008587845948833800001eb040000c006afa9401d47a30018e5c9658c5fffcf08a170460c679102601000000000000000000000000000000000000
[12:06:30.198080] EP OUT 0x03 len=0 
[12:06:30.205286] EP OUT 0x03 len=0 
[12:06:30.208363] EP IN  0x81 len=64 09c2230000008587845948833800001ec340000c00ec4f99010c5d3001b32296dca3d5fcd0643d05608c980e1801000000000000000000000000000000000000
[12:06:30.209944] EP OUT 0x03 len=0 
[12:06:30.217490] EP OUT 0x03 len=0 
[12:06:30.220458] EP IN  0x81 len=64 09c5230000008687845a48833800001ecf40000c00d27d9b01f4713001b2039650cbb6fc68e8810560ea520d2301000000000000000000000000000000000000
[12:06:30.222072] EP OUT 0x03 len=0 
[12:06:30.229341] EP OUT 0x03 len=0 
[12:06:30.232399] EP IN  0x81 len=64 09c8230000008697845948833800001eda40000c00a0f19c0188b63001dfff95b043ebfce08a7e0530fcb50c2301000000000000000000000000000000000000
[12:06:30.233909] EP OUT 0x03 len=0 
[12:06:30.241321] EP OUT 0x03 len=0 
[12:06:30.244476] EP IN  0x81 len=64 09cb230000008687845948833800001ee640000c0098029e01aa28310181fe95f02949fd882d06058043740c1b01000000000000000000000000000000000000
[12:06:30.246408] EP OUT 0x03 len=0 
[12:06:30.253718] EP OUT 0x03 len=0 
[12:06:30.256415] EP IN  0x81 len=64 09d0230000008687845a58833800001ef940000c00946c9e016eee310101ed953000aafdc8435104b0e2970d1c01000000000000000000000000000000000000
[12:06:30.258141] EP OUT 0x03 len=0 
[12:06:30.261153] EP OUT 0x03 len=0 
[12:06:30.263718] EP OUT 0x03 len=0 
[12:06:30.268481] EP IN  0x81 len=64 09d1230000008587845a48833800001efd40000c00ac649e015a103201afe4959ce9a7fd68bb2d04d041e80d1f01000000000000000000000000000000000000
[12:06:30.269959] EP OUT 0x03 len=0 
[12:06:30.272394] EP IN  0x81 len=64 09d4230000008697845948833800001e0841000c00c22d9e017a4732015bcc95cce050fdc8cad003202f9b0e2201000000000000000000000000000000000000
[12:06:30.274596] EP OUT 0x03 len=0 
[12:06:30.280453] EP IN  0x81 len=64 09d5230000008687845a48833800001e0c41000c00860c9e01de5032015ac495747b42fd5881bb0370d5c70e2101000000000000000000000000000000000000
[12:06:30.281998] EP OUT 0x03 len=0 
[12:06:30.289296] EP OUT 0x03 len=0 
[12:06:30.292436] EP IN  0x81 len=64 09d7230000008687845a38833800001e1441000c00febd9d015c5332012aba95e8bf21fda40caa0380a11c0f1e01000000000000000000000000000000000000
[12:06:30.293991] EP OUT 0x03 len=0 
[12:06:30.301436] EP OUT 0x03 len=0 
[12:06:30.308876] EP OUT 0x03 len=0 
[12:06:30.315955] EP OUT 0x03 len=0 
[12:06:30.320386] EP IN  0x81 len=64 09df230000008687845948833800001e3241000c008c299d0102943201db9595c47372fca47dd203808a29101801000000000000000000000000000000000000
[12:06:30.322061] EP OUT 0x03 len=0 
[12:06:30.329586] EP OUT 0x03 len=0 
[12:06:30.332451] EP IN  0x81 len=64 09e3230000008687845948833800001e4241000c00d4309e01361d3301d58595882b33fca8e0190440bc05102201000000000000000000000000000000000000
[12:06:30.334163] EP OUT 0x03 len=0 
[12:06:30.341610] EP OUT 0x03 len=0 
[12:06:30.348859] EP OUT 0x03 len=0 
[12:06:30.352393] EP IN  0x81 len=64 09e6230000008687845948833800001e4d41000c003a789f01a48c3301e68d95fc6870fc10af8f0460568b0f2401000000000000000000000000000000000000
[12:06:30.353914] EP OUT 0x03 len=0 
[12:06:30.361259] EP OUT 0x03 len=0 
[12:06:30.364453] EP IN  0x81 len=64 09e9230000008687845a48833800001e5941000c0054b0a0015af93301259e9558d2dbfc2859b00470a2db0e2701000000000000000000000000000000000000
[12:06:30.365970] EP OUT 0x03 len=0 
[12:06:30.373359] EP OUT 0x03 len=0 
[12:06:30.376387] EP IN  0x81 len=64 09ec230000008587845958833800001e6441000c00947ea101b449340106ac9594a344fde862df0410bc9d0e1e01000000000000000000000000000000000000
[12:06:30.378287] EP OUT 0x03 len=0 
[12:06:30.385737] EP OUT 0x03 len=0 
[12:06:30.393146] EP OUT 0x03 len=0 
[12:06:30.400454] EP OUT 0x03 len=0 
[12:06:30.404453] EP IN  0x81 len=64 09f1230000008587845a48833800001e7731000c00ec58a201e897340130bb95201cb2fd88be13058017450e2201000000000000000000000000000000000000
[12:06:30.406100] EP OUT 0x03 len=0 
[12:06:30.413840] EP OUT 0x03 len=0 
[12:06:30.420404] EP IN  0x81 len=64 09f8230000008687845948833800001e9241000c005887a20100d13401c7a195c83d04fe38a7e90430b5320e1f01000000000000000000000000000000000000
[12:06:30.422012] EP OUT 0x03 len=0 
[12:06:30.429407] EP OUT 0x03 len=0 
[12:06:30.432388] EP IN  0x81 len=64 09fa230000008597845948833800001e9a41000c00545fa20122e834019c8b954c0ef5fd80c61305006c640e1f01000000000000000000000000000000000000
[12:06:30.433870] EP OUT 0x03 len=0 
[12:06:30.441371] EP OUT 0x03 len=0 
[12:06:30.444400] EP IN  0x81 len=64 09fd230000008587845948833800001ea531000c007033a201120f3501266595d8d4a0fd403b6305b043da0e1701000000000000000000000000000000000000
[12:06:30.446024] EP OUT 0x03 len=0 
[12:06:30.448599] EP OUT 0x03 len=0 
[12:06:30.450982] EP OUT 0x03 len=0 
[12:06:30.456401] EP IN  0x81 len=64 0900230000008697845a58833800001eb141000c002858a20188453501eb3995047a38fd40fdcd0510f1860f1d01000000000000000000000000000000000000
[12:06:30.457954] EP OUT 0x03 len=0 
[12:06:30.465481] EP OUT 0x03 len=0 
[12:06:30.468460] EP IN  0x81 len=64 0903230000008687845a58833800001ebc31000c00a2fda2015e82350198149590d83afd60125b06403d53101e01000000000000000000000000000000000000
[12:06:30.470118] EP OUT 0x03 len=0 
[12:06:30.477513] EP OUT 0x03 len=0 
[12:06:30.480386] EP IN  0x81 len=64 0906230000008587845948833800001ec841000c009c55a4015ebb35017cee94ec3d68fd98a1d10660e3c4102101000000000000000000000000000000000000
[12:06:30.481878] EP OUT 0x03 len=0 
[12:06:30.489209] EP OUT 0x03 len=0 
[12:06:30.492452] EP IN  0x81 len=64 0909230000008687845948833800001ed331000c005cf9a5015ec33501a9d194e8fab7fdc865f006007d0a111b01000000000000000000000000000000000000
[12:06:30.494000] EP OUT 0x03 len=0 
[12:06:30.501458] EP OUT 0x03 len=0 
[12:06:30.504395] EP IN  0x81 len=64 090c230000008587845938833800001edf41000c00483da8013a873501a7b594e8c4f2fda8abbc06a059f6102201000000000000000000000000000000000000
[12:06:30.505872] EP OUT 0x03 len=0 
[12:06:30.508445] EP IN  0x81 len=64 090f230000008687845a58833800001eeb41000c000208ab01560e3501dd9594a435f0fd28a33806c0868f102201000000000000000000000000000000000000
[12:06:30.510499] EP OUT 0x03 len=0 
[12:06:30.512733] EP OUT 0x03 len=0 
[12:06:30.516463] EP IN  0x81 len=64 0910230000008687845948833800001eee31000c009ccfab01e0ea3401fa8b94b42df1fd00561d06606e5d101901000000000000000000000000000000000000
[12:06:30.518100] EP OUT 0x03 len=0 
[12:06:30.525311] EP OUT 0x03 len=0 
[12:06:30.528410] EP IN  0x81 len=64 0912230000008687845a48833800001ef641000c0074fcad0178843401e66b94a0d6e6fd700b0006f041df0f1901000000000000000000000000000000000000
[12:06:30.529876] EP OUT 0x03 len=0 
[12:06:30.537062] EP OUT 0x03 len=0 
[12:06:30.540381] EP IN  0x81 len=64 0915230000008687845948833800001e0242000c00a84db10152ca3301cb2d949c6fc8fd080707066006f40e1901000000000000000000000000000000000000
[12:06:30.541722] EP OUT 0x03 len=0 
[12:06:30.544382] EP IN  0x81 len=64 0918230000008587845a58833800001e0d42000c001aefb30120df3201a6f49330eb6efd1822040650b9240e1c01000000000000000000000000000000000000
[12:06:30.546577] EP OUT 0x03 len=0 
[12:06:30.548757] EP OUT 0x03 len=0 
[12:06:30.552437] EP IN  0x81 len=64 0919230000008587845a58833800001e1142000c0062bdb40116753201ace293705b3cfd4079fd052063f00d2001000000000000000000000000000000000000
[12:06:30.553891] EP OUT 0x03 len=0 
[12:06:30.561191] EP OUT 0x03 len=0 
[12:06:30.564445] EP IN  0x81 len=64 091b230000008687845a48833800001e1942000c00301ab6016885310105c193b0afd9fc9841f005c041bb0d2001000000000000000000000000000000000000
[12:06:30.565935] EP OUT 0x03 len=0 
[12:06:30.573299] EP OUT 0x03 len=0 
[12:06:30.576405] EP IN  0x81 len=64 091e230000008687845958833800001e2442000c007496b701020d30019993939c1256fc50abb505b0b9ff0d2301000000000000000000000000000000000000
[12:06:30.577703] EP OUT 0x03 len=0 
[12:06:30.580451] EP IN  0x81 len=64 0921230000008687845948833800001e3042000c006414b901f83a2e0110699300c8b4fbf8a77505f0438f0e1d01000000000000000000000000000000000000
[12:06:30.582595] EP OUT 0x03 len=0 
[12:06:30.588473] EP IN  0x81 len=64 0922230000008687845a48833800001e3332000c004e74b901c8bf2d01dc6093081488fbb0536905d085b80e1d01000000000000000000000000000000000000
[12:06:30.589997] EP OUT 0x03 len=0 
[12:06:30.597155] EP OUT 0x03 len=0 
[12:06:30.600396] EP IN  0x81 len=64 0924230000008687845a58833800001e3b42000c009279ba01f6762c01bc519328848cfb1041580530dbd60e1d01000000000000000000000000000000000000
[12:06:30.601953] EP OUT 0x03 len=0 
[12:06:30.609068] EP OUT 0x03 len=0 
[12:06:30.612377] EP IN  0x81 len=64 0927230000008687845948833800001e4742000c004036bc01a4752a01e85493707a79fb58faec04903f190f1901000000000000000000000000000000000000
[12:06:30.613781] EP OUT 0x03 len=0 
[12:06:30.616402] EP IN  0x81 len=64 092a230000008687845948833800001e5242000c000a66be0158982801566893d0fefcfb3043ce0420f1140f2401000000000000000000000000000000000000
[12:06:30.618551] EP OUT 0x03 len=0 
[12:06:30.624400] EP IN  0x81 len=64 092b230000008677845958833800001e5642000c00a04fbf0192ef2701536f93446d63fcb09eb904b01ed40e2401000000000000000000000000000000000000
[12:06:30.625816] EP OUT 0x03 len=0 
[12:06:30.628460] EP IN  0x81 len=64 092d230000008697845a58833800001e5e42000c009618c101c0a42601eb7593c849f1fc783de4049043990e2201000000000000000000000000000000000000
[12:06:30.630644] EP OUT 0x03 len=0 
[12:06:30.632808] EP OUT 0x03 len=0 
[12:06:30.636452] EP IN  0x81 len=64 092e230000008687845948833800001e6132000c00aebfc10140272601037793ccd832fd88a8dc04e05e730e2201000000000000000000000000000000000000
[12:06:30.637941] EP OUT 0x03 len=0 
[12:06:30.645055] EP OUT 0x03 len=0 
[12:06:30.648427] EP IN  0x81 len=64 0930230000008587845948833800001e6942000c004043c30160d924016475937c73c0fdf03e800440ae050e2201000000000000000000000000000000000000
[12:06:30.649867] EP OUT 0x03 len=0 
[12:06:30.657012] EP OUT 0x03 len=0 
[12:06:30.660470] EP IN  0x81 len=64 0933230000008687845a48833800001e7542000c00cc07c501cedd2201be6b931c65cefd18752a04609dc00d1d01000000000000000000000000000000000000
[12:06:30.662013] EP OUT 0x03 len=0 
[12:06:30.669292] EP OUT 0x03 len=0 
[12:06:30.672375] EP IN  0x81 len=64 0936230000008687845948833800001e8042000c00e8d5c601602621014e7a93a8f391fd58fa2404c00ab20d2b01000000000000000000000000000000000000
[12:06:30.673715] EP OUT 0x03 len=0 
[12:06:30.676472] EP IN  0x81 len=64 0939230000008677845a58833800001e8c42000c00be06c901f26a1f0119a093961918fe208cb404c00fb20d2801000000000000000000000000000000000000
[12:06:30.678790] EP OUT 0x03 len=0 
[12:06:30.680977] EP OUT 0x03 len=0 
[12:06:30.684443] EP IN  0x81 len=64 093a230000008577845958833800001e9042000c0072bcc90130e81e01e7ad9326a551fe288df8042000b90d2101000000000000000000000000000000000000
[12:06:30.686064] EP OUT 0x03 len=0 
[12:06:30.693271] EP OUT 0x03 len=0 
[12:06:30.696426] EP IN  0x81 len=64 093c230000008587845958833800001e9742000c0096e0ca0104201e01ccc2938a35affe48758605103fbe0d2101000000000000000000000000000000000000
[12:06:30.698042] EP OUT 0x03 len=0 
[12:06:30.705197] EP OUT 0x03 len=0 
[12:06:30.708431] EP IN  0x81 len=64 093f230000008687845a48833800001ea342000c00dc52cc0182241d015fd1935cfe32ff187c80065011970d2201000000000000000000000000000000000000
[12:06:30.710091] EP OUT 0x03 len=0 
[12:06:30.717377] EP OUT 0x03 len=0 
[12:06:30.720404] EP IN  0x81 len=64 0942230000008587845958833800001eae42000c009cb6cc016e9f1c01d6b8932372a5ffe8175907c0551e0d2201000000000000000000000000000000000000
[12:06:30.721866] EP OUT 0x03 len=0 
[12:06:30.724380] EP IN  0x81 len=64 0945230000008687845948833800001eba42000c0084d5cb013e4e1c01f464935c2f65ffd02ce60720870d0d2301000000000000000000000000000000000000
[12:06:30.726389] EP OUT 0x03 len=0 
[12:06:30.733398] EP OUT 0x03 len=0 
[12:06:30.736446] EP IN  0x81 len=64 0948230000008687845a48833800001ec542000c00ea40ca0118351c01a30d931e51b9fed0d05708c014480d1f01000000000000000000000000000000000000
[12:06:30.738233] EP OUT 0x03 len=0 
[12:06:30.745686] EP OUT 0x03 len=0 
[12:06:30.753199] EP OUT 0x03 len=0 
[12:06:30.756452] EP IN  0x81 len=64 094b230000008687845948833800001ed142000c008c04c801e2141c017ab192a43fc0fd40ef160910683f0d1c01000000000000000000000000000000000000
[12:06:30.758063] EP OUT 0x03 len=0 
[12:06:30.765456] EP OUT 0x03 len=0 
[12:06:30.768392] EP IN  0x81 len=64 0950230000008687845948833800001ee442000c0080d6c301ae841b01c7fb91ec1b23fd6012c907d000060d2201000000000000000000000000000000000000
[12:06:30.770081] EP OUT 0x03 len=0 
[12:06:30.777203] EP OUT 0x03 len=0 
[12:06:30.780454] EP IN  0x81 len=64 0951230000008687845a48833800001ee842000c0036eac201064d1b01e9cc91ccd419fdd8408b075032070d2201000000000000000000000000000000000000
[12:06:30.782154] EP OUT 0x03 len=0 
[12:06:30.789508] EP OUT 0x03 len=0 
[12:06:30.792387] EP IN  0x81 len=64 0956230000008587845948833800001efb42000c009ebebd015ea419015be1909c3706fda856cc0670b0b60c1801000000000000000000000000000000000000
[12:06:30.794121] EP OUT 0x03 len=0 
[12:06:30.796685] EP OUT 0x03 len=0 
[12:06:30.799112] EP OUT 0x03 len=0 
[12:06:30.804431] EP IN  0x81 len=64 0957230000008697845948833800001eff42000c001c63bc014e2b1901a4af90e02202fd18ab92063032aa0c2401000000000000000000000000000000000000
[12:06:30.805776] EP OUT 0x03 len=0 
[12:06:30.808424] EP IN  0x81 len=64 095a230000008587845a48833800001e0a33000c005c15b80156af17016723901ce7c5fc20f1bb0500269c0c2401000000000000000000000000000000000000
[12:06:30.810835] EP OUT 0x03 len=0 
[12:06:30.813043] EP OUT 0x03 len=0 
[12:06:30.816356] EP IN  0x81 len=64 095b230000008687845958833800001e0e43000c00fc50b6019a1717013cee8f7831abfc201e8705504aa50c2601000000000000000000000000000000000000
[12:06:30.817908] EP OUT 0x03 len=0 
[12:06:30.825207] EP OUT 0x03 len=0 
[12:06:30.828514] EP IN  0x81 len=64 095d230000008687845948833800001e1643000c00ec92b20134d81501df828f7cf868fc90b31005e0e1e50c2701000000000000000000000000000000000000
[12:06:30.830118] EP OUT 0x03 len=0 
[12:06:30.837513] EP OUT 0x03 len=0 
[12:06:30.840390] EP IN  0x81 len=64 0960230000008677845a58833800001e2133000c009814ad012c021401a0f18e30e246fce04a3804005a670d2001000000000000000000000000000000000000
[12:06:30.841977] EP OUT 0x03 len=0 
[12:06:30.844445] EP IN  0x81 len=64 0963230000008587845a48833800001e2d43000c00dcb9a6015af21101045d8ed81b99fca8221f031005350e1f01000000000000000000000000000000000000
[12:06:30.846612] EP OUT 0x03 len=0 
[12:06:30.848814] EP OUT 0x03 len=0 
[12:06:30.852466] EP IN  0x81 len=64 0964230000008687845a58833800001e3143000c00bca6a4019a431101af2f8ed82fbefcf4b1b2022023a70e1e01000000000000000000000000000000000000
[12:06:30.853953] EP OUT 0x03 len=0 
[12:06:30.861371] EP OUT 0x03 len=0 
[12:06:30.864409] EP IN  0x81 len=64 0966230000008687845a48833800001e3833000c008c39a10184161001fbe58d6ccb06fda257f101a0158f0f1e01000000000000000000000000000000000000
[12:06:30.865934] EP OUT 0x03 len=0 
[12:06:30.873185] EP OUT 0x03 len=0 
[12:06:30.876384] EP IN  0x81 len=64 0969230000008687845948833800001e4443000c00dc429c0182300e0195798d78906bfd22770301008f0b112301000000000000000000000000000000000000
[12:06:30.877902] EP OUT 0x03 len=0 
[12:06:30.880447] EP IN  0x81 len=64 096c230000008687845958833800001e4f33000c0016de98016abd0c01e8298dbcebc8fd69e06e002063bc121b01000000000000000000000000000000000000
[12:06:30.882564] EP OUT 0x03 len=0 
[12:06:30.888398] EP IN  0x81 len=64 096d230000008687845948833800001e5343000c000af19701944f0c013a118d640be9fd99fa550060cb2b131b01000000000000000000000000000000000000
[12:06:30.889922] EP OUT 0x03 len=0 
[12:06:30.897159] EP OUT 0x03 len=0 
[12:06:30.900462] EP IN  0x81 len=64 096f230000008687845948833800001e5b43000c002c919601fa9e0b01a6e58c1c532dfeeaf5280080f1e1131b01000000000000000000000000000000000000
[12:06:30.902079] EP OUT 0x03 len=0 
[12:06:30.909790] EP OUT 0x03 len=0 
[12:06:30.917150] EP OUT 0x03 len=0 
[12:06:30.924356] EP OUT 0x03 len=0 
[12:06:30.928363] EP IN  0x81 len=64 0974230000008687845958833800001e6e43000c00e65b950134b70a01d4a58c002456fe59a46f0080a112142101000000000000000000000000000000000000
[12:06:30.929884] EP OUT 0x03 len=0 
[12:06:30.937318] EP OUT 0x03 len=0 
[12:06:30.940465] EP IN  0x81 len=64 0979230000008687845958833800001e8143000c00dc969501e46e0a0116ad8ca070eefdb6dd250180e912132101000000000000000000000000000000000000
[12:06:30.942148] EP OUT 0x03 len=0 
[12:06:30.949586] EP OUT 0x03 len=0 
[12:06:30.952398] EP IN  0x81 len=64 097e230000008787845948833800001e9543000c0096749601c27a0a0172ea8c605b9efdd4fda40120f5fb112101000000000000000000000000000000000000
[12:06:30.954016] EP OUT 0x03 len=0 
[12:06:30.956380] EP OUT 0x03 len=0 
[12:06:30.958929] EP OUT 0x03 len=0 
[12:06:30.961091] EP OUT 0x03 len=0 
[12:06:30.964501] EP IN  0x81 len=64 097f230000008687845948833800001e9833000c00909f9601e8810a0184f68c4ce3abfdd8abc401c021c8112101000000000000000000000000000000000000
[12:06:30.966004] EP OUT 0x03 len=0 
[12:06:30.968419] EP IN  0x81 len=64 0982230000008687845a48833800001ea443000c00d855970114a60a01ce288ddab21efebcd10a0240ed05111f01000000000000000000000000000000000000
[12:06:30.970774] EP OUT 0x03 len=0 
[12:06:30.972991] EP OUT 0x03 len=0 
[12:06:30.976417] EP IN  0x81 len=64 0983230000008587845948833800001ea843000c00ea919701f0b40a0177398d2e3d46fed0192902a0bbc2101f01000000000000000000000000000000000000
[12:06:30.978045] EP OUT 0x03 len=0 
[12:06:30.985239] EP OUT 0x03 len=0 
[12:06:30.988383] EP IN  0x81 len=64 0985230000008687845a58833800001eaf33000c008af7970140d30a01fd578d08ee8ffefcfe6602001355101c01000000000000000000000000000000000000
[12:06:30.989787] EP OUT 0x03 len=0 
[12:06:30.992389] EP IN  0x81 len=64 0988230000008687845958833800001ebb43000c00ec8b980170100b0155908d328c12ff2432c302a0e2c50f1c01000000000000000000000000000000000000
[12:06:30.994494] EP OUT 0x03 len=0 
[12:06:31.000404] EP IN  0x81 len=64 0989230000008587845948833800001ebf43000c003ab49801b6270b0199a38dfa113cff644ee10220259e0f2301000000000000000000000000000000000000
[12:06:31.002269] EP OUT 0x03 len=0 
[12:06:31.009706] EP OUT 0x03 len=0 
[12:06:31.012458] EP IN  0x81 len=64 098d230000008797845948833800001ece43000c00a41f99010a8c0b01beec8dbcb597ffdcab400320a3440f2101000000000000000000000000000000000000
[12:06:31.013983] EP OUT 0x03 len=0 
[12:06:31.016561] EP OUT 0x03 len=0 
[12:06:31.018924] EP OUT 0x03 len=0 
[12:06:31.024408] EP IN  0x81 len=64 098e230000008587845948833800001ed243000c00043399012ea90b018e008ee3f8a1ff347b5503c060390f2101000000000000000000000000000000000000
[12:06:31.025699] EP OUT 0x03 len=0 
[12:06:31.028446] EP IN  0x81 len=64 0991230000008697845958833800001edd33000c00f25b9901a8f90b0189378ea2a5afff1c3b890320d32a0f1f01000000000000000000000000000000000000
[12:06:31.030633] EP OUT 0x03 len=0 
[12:06:31.036499] EP IN  0x81 len=64 0992230000008687845958833800001ee143000c0022679901d8150c01814b8ea16ab2ff80219703909a270f1f01000000000000000000000000000000000000
[12:06:31.038035] EP OUT 0x03 len=0 
[12:06:31.045258] EP OUT 0x03 len=0 
[12:06:31.048401] EP IN  0x81 len=64 0994230000008587845a58833800001ee943000c00867399010a4a0c0143738ece8cbdff7485b9036091220f1f01000000000000000000000000000000000000
[12:06:31.049909] EP OUT 0x03 len=0 
[12:06:31.057222] EP OUT 0x03 len=0 
[12:06:31.060387] EP IN  0x81 len=64 0997230000008597845948833800001ef433000c0072629901d2860c01d3a88eba6cd9ff208ff10380b92e0f1e01000000000000000000000000000000000000
[12:06:31.061843] EP OUT 0x03 len=0 
[12:06:31.064393] EP IN  0x81 len=64 099a230000008697845a48833800001e0044000c002c1b99013abc0c0158df8e5bcbf3ff68f730048014510f2201000000000000000000000000000000000000
[12:06:31.066444] EP OUT 0x03 len=0 
[12:06:31.072396] EP IN  0x81 len=64 099b230000008677845948833800001e0444000c0054fa980164cb0c01c0ef8e0f88feff208d440470ca600f2201000000000000000000000000000000000000
[12:06:31.073917] EP OUT 0x03 len=0 
[12:06:31.081352] EP OUT 0x03 len=0 
[12:06:31.084519] EP IN  0x81 len=64 099d230000008587845948833800001e0b34000c008cbb980122e20c0188098fe1fc1900488b6804d08f840f2201000000000000000000000000000000000000
[12:06:31.086144] EP OUT 0x03 len=0 
[12:06:31.093450] EP OUT 0x03 len=0 
[12:06:31.096389] EP IN  0x81 len=64 09a0230000008687845948833800001e1744000c00b6569801f8f80c01e72b8fa3155100c04f8d0470faa70f2101000000000000000000000000000000000000
[12:06:31.097889] EP OUT 0x03 len=0 
[12:06:31.100440] EP IN  0x81 len=64 09a3230000008687845948833800001e2344000c0088ff970166f70c01e73f8f8a2a820048399d0410839c0f2301000000000000000000000000000000000000
[12:06:31.102615] EP OUT 0x03 len=0 
[12:06:31.104795] EP OUT 0x03 len=0 
[12:06:31.108425] EP IN  0x81 len=64 09a4230000008687845948833800001e2634000c006eea9701b2f20c0180428fd2b58f0058179c046094910f2301000000000000000000000000000000000000
[12:06:31.109885] EP OUT 0x03 len=0 
[12:06:31.117345] EP OUT 0x03 len=0 
[12:06:31.120387] EP IN  0x81 len=64 09a6230000008587845a48833800001e2e44000c0054af97012cdd0c0169458fac399d0080069404e085830f2601000000000000000000000000000000000000
[12:06:31.121974] EP OUT 0x03 len=0 
[12:06:31.129224] EP OUT 0x03 len=0 
[12:06:31.132409] EP IN  0x81 len=64 09a9230000008697845a48833800001e3a44000c009c3b97011ea80c01cb418fd2538e00d8577104b0756a0f2701000000000000000000000000000000000000
[12:06:31.133881] EP OUT 0x03 len=0 
[12:06:31.136424] EP IN  0x81 len=64 09ac230000008577845948833800001e4544000c0046a5960164660c01843a8ff3b06f0080353204e0a1740f2301000000000000000000000000000000000000
[12:06:31.138518] EP OUT 0x03 len=0 
[12:06:31.144417] EP IN  0x81 len=64 09ad230000008587845958833800001e4944000c00aa6b9601c04b0c0112378f5cea620058bd130420627c0f2301000000000000000000000000000000000000
[12:06:31.145956] EP OUT 0x03 len=0 
[12:06:31.153133] EP OUT 0x03 len=0 
[12:06:31.156511] EP IN  0x81 len=64 09af230000008697845948833800001e5144000c00bcf695019e140c01562e8f7b2c45003c4fdb03e0608d0f1d01000000000000000000000000000000000000
[12:06:31.158238] EP OUT 0x03 len=0 
[12:06:31.165652] EP OUT 0x03 len=0 
[12:06:31.168418] EP IN  0x81 len=64 09b4230000008587845a48833800001e6444000c002cde94018c860b0166188f9c53fcfffc6c7503501bcb0f1d01000000000000000000000000000000000000
[12:06:31.169991] EP OUT 0x03 len=0 
[12:06:31.173926] EP OUT 0x03 len=0 
[12:06:31.175939] EP OUT 0x03 len=0 
[12:06:31.180450] EP IN  0x81 len=64 09b5230000008587845948833800001e6844000c00a4a5940144670b0134148f0385efff48eb61034018f00f1d01000000000000000000000000000000000000
[12:06:31.181933] EP OUT 0x03 len=0 
[12:06:31.184390] EP IN  0x81 len=64 09b8230000008487845948833800001e7344000c006c209401800d0b01230a8fc99ed9ffb07a3003c01e26101a01000000000000000000000000000000000000
[12:06:31.186575] EP OUT 0x03 len=0 
[12:06:31.192432] EP IN  0x81 len=64 09b9230000008587845948833800001e7744000c001ef2930114ed0a01f6068fe620ccff1c002303809d2c101a01000000000000000000000000000000000000
[12:06:31.193929] EP OUT 0x03 len=0 
[12:06:31.201180] EP OUT 0x03 len=0 
[12:06:31.204447] EP IN  0x81 len=64 09bb230000008587845958833800001e7f44000c00caa093018eb10a017f018f873eb9ffc854080380262e101e01000000000000000000000000000000000000
[12:06:31.205972] EP OUT 0x03 len=0 
[12:06:31.213213] EP OUT 0x03 len=0 
[12:06:31.216378] EP IN  0x81 len=64 09be230000008587845a48833800001e8a44000c00ac2a9301166b0a0107fb8e5d70b9ff1c00e002a0e70e101e01000000000000000000000000000000000000
[12:06:31.217801] EP OUT 0x03 len=0 
[12:06:31.220458] EP IN  0x81 len=64 09c1230000008697845848833800001e9644000c00f0db92011e1e0a012af98e77fb88ff38c6e002a0f483101e01000000000000000000000000000000000000
[12:06:31.222618] EP OUT 0x03 len=0 
[12:06:31.228441] EP IN  0x81 len=64 09c2230000008697845a58833800001e9934000c00c4d992015e0c0a0166f98e6bb28dff8011d602008677101e01000000000000000000000000000000000000
[12:06:31.229945] EP OUT 0x03 len=0 
[12:06:31.237253] EP OUT 0x03 len=0 
[12:06:31.240412] EP IN  0x81 len=64 09c4230000008597845a48833800001ea144000c0030e6920142e309011cf88eb1358effacc7b402201454102001000000000000000000000000000000000000
[12:06:31.241990] EP OUT 0x03 len=0 
[12:06:31.249144] EP OUT 0x03 len=0 
[12:06:31.252415] EP IN  0x81 len=64 09c7230000008587845948833800001ead44000c0042159301d0b6090110f48e41c885ffcc8aad02002824102101000000000000000000000000000000000000
[12:06:31.253785] EP OUT 0x03 len=0 
[12:06:31.256388] EP IN  0x81 len=64 09ca230000008577845948833800001eb844000c004242930126a30901b1f08e32d49bffc4c1c902803005102301000000000000000000000000000000000000
[12:06:31.258470] EP OUT 0x03 len=0 
[12:06:31.264415] EP IN  0x81 len=64 09cb230000008687845948833800001ebc44000c009451930156a0090174ef8ed3eaa4ff9802cf02c0f1fb0f2101000000000000000000000000000000000000
[12:06:31.265974] EP OUT 0x03 len=0 
[12:06:31.273254] EP OUT 0x03 len=0 
[12:06:31.276439] EP IN  0x81 len=64 09cd230000008587845948833800001ec444000c00a0709301fa9e0901fcec8ec308afff007ed302d0f5ed0f1d01000000000000000000000000000000000000
[12:06:31.278018] EP OUT 0x03 len=0 
[12:06:31.285316] EP OUT 0x03 len=0 
[12:06:31.288393] EP IN  0x81 len=64 09d0230000008687845938833800001ecf44000c0066a093011ca10901c6e98e8713b5ff9c2cd702203be00f2101000000000000000000000000000000000000
[12:06:31.289811] EP OUT 0x03 len=0 
[12:06:31.292453] EP IN  0x81 len=64 09d3230000008577845a48833800001edb44000c00f6d29301d4a20901a0e58eb251b0ffa0f9eb02807cc80f2101000000000000000000000000000000000000
[12:06:31.294651] EP OUT 0x03 len=0 
[12:06:31.296879] EP OUT 0x03 len=0 
[12:06:31.300484] EP IN  0x81 len=64 09d4230000008687845a48833800001edf44000c0024e193017aa2090134e48e3dccaeff38bff502a03bc50f2301000000000000000000000000000000000000
[12:06:31.302013] EP OUT 0x03 len=0 
[12:06:31.309265] EP OUT 0x03 len=0 
[12:06:31.312412] EP IN  0x81 len=64 09d6230000008687845948833800001ee644000c00d8f89301d6a0090170e18e42c6afffb0830203103ac60f2301000000000000000000000000000000000000
[12:06:31.314044] EP OUT 0x03 len=0 
[12:06:31.321268] EP OUT 0x03 len=0 
[12:06:31.324386] EP IN  0x81 len=64 09d9230000008687845948833800001ef244000c00c0279401b09a09016dda8e77feb0ff1cb41303103dc70f1101000000000000000000000000000000000000
[12:06:31.325854] EP OUT 0x03 len=0 
[12:06:31.328376] EP IN  0x81 len=64 09dc230000008687845a48833800001efd44000c008c509401688f090111d38e7da9b0ffc0812003f03abc0f1601000000000000000000000000000000000000
[12:06:31.330613] EP OUT 0x03 len=0 
[12:06:31.332713] EP OUT 0x03 len=0 
[12:06:31.336430] EP IN  0x81 len=64 09dd230000008587845a48833800001e0145000c009c5b94017c89090195d08e979db1ffcc8e2203c079b50f1c01000000000000000000000000000000000000
[12:06:31.337915] EP OUT 0x03 len=0 
[12:06:31.345312] EP OUT 0x03 len=0 
[12:06:31.348487] EP IN  0x81 len=64 09df230000008687845858833800001e0945000c0000699401ec7a09011ecc8e988ab3ff047222031074aa0f1c01000000000000000000000000000000000000
[12:06:31.350057] EP OUT 0x03 len=0 
[12:06:31.357391] EP OUT 0x03 len=0 
[12:06:31.360402] EP IN  0x81 len=64 09e2230000008677845a48833800001e1445000c00346d940178600901dfc68e7070b5fff8541b0350eea00f1e01000000000000000000000000000000000000
[12:06:31.361732] EP OUT 0x03 len=0 
[12:06:31.364472] EP IN  0x81 len=64 09e5230000008687845948833800001e2045000c0004689401143a09018cc28e97cca9ffd8221703a069a50f2101000000000000000000000000000000000000
[12:06:31.366624] EP OUT 0x03 len=0 
[12:06:31.368840] EP OUT 0x03 len=0 
[12:06:31.372464] EP IN  0x81 len=64 09e6230000008687845948833800001e2445000c0040679401b82c09019ec18ec709a5ff64a0170340a9a70f2101000000000000000000000000000000000000
[12:06:31.374031] EP OUT 0x03 len=0 
[12:06:31.381281] EP OUT 0x03 len=0 
[12:06:31.384404] EP IN  0x81 len=64 09e8230000008687845a58833800001e2b45000c0098629401b4140901a7c08e1b82a4ffe4ad170300e6ab0f2101000000000000000000000000000000000000
[12:06:31.386007] EP OUT 0x03 len=0 
[12:06:31.393279] EP OUT 0x03 len=0 
[12:06:31.396409] EP IN  0x81 len=64 09eb230000008687845948833800001e3745000c00cc479401dcea0801b8c08e9dbdabfff4981803509ac20f2101000000000000000000000000000000000000
[12:06:31.397860] EP OUT 0x03 len=0 
[12:06:31.400388] EP IN  0x81 len=64 09ee230000008577845958833800001e4235000c003a2c94010ccc0801aec28e0469baff94611403c0f1ee0f2001000000000000000000000000000000000000
[12:06:31.402600] EP OUT 0x03 len=0 
[12:06:31.404694] EP OUT 0x03 len=0 
[12:06:31.408379] EP IN  0x81 len=64 09ef230000008687845a58833800001e4645000c00f2259401a8c2080175c38e631ebeffe00013036098fd0f2001000000000000000000000000000000000000
[12:06:31.409805] EP OUT 0x03 len=0 
[12:06:31.412474] EP IN  0x81 len=64 09f1230000008687845948833800001e4e45000c006a24940102b408014ec48ed8bac4fff8121603a05d16101d01000000000000000000000000000000000000
[12:06:31.414651] EP OUT 0x03 len=0 
[12:06:31.416866] EP OUT 0x03 len=0 
[12:06:31.420432] EP IN  0x81 len=64 09f2230000008587845a48833800001e5245000c00e028940146af080164c48e030ec7ffc07c1a0340e11d101c01000000000000000000000000000000000000
[12:06:31.422015] EP OUT 0x03 len=0 
[12:06:31.429175] EP OUT 0x03 len=0 
[12:06:31.432380] EP IN  0x81 len=64 09f4230000008677845948833800001e5935000c00883994010eaa0801dfc38e5a47ccffc062260360511c101c01000000000000000000000000000000000000
[12:06:31.433695] EP OUT 0x03 len=0 
[12:06:31.436476] EP IN  0x81 len=64 09f7230000008587845958833800001e6545000c00c0659401a0a608014dc18e09bfceffecac31030037f70f1d01000000000000000000000000000000000000
[12:06:31.438662] EP OUT 0x03 len=0 
[12:06:31.440847] EP OUT 0x03 len=0 
[12:06:31.444411] EP IN  0x81 len=64 09f8230000008687845958833800001e6945000c00e87594014ca608012fc08ea702ceffc46b350310bae50f1d01000000000000000000000000000000000000
[12:06:31.446042] EP OUT 0x03 len=0 
[12:06:31.453240] EP OUT 0x03 len=0 
[12:06:31.456432] EP IN  0x81 len=64 09fa230000008587845a48833800001e7035000c00ac909401d4a5080155be8e9e05caff884e3803e00cc50f2201000000000000000000000000000000000000
[12:06:31.457919] EP OUT 0x03 len=0 
[12:06:31.465279] EP OUT 0x03 len=0 
[12:06:31.468373] EP IN  0x81 len=64 09fd230000008687845a48833800001e7c45000c00e0ae94015ea508018fbc8efbc8baff24dd3203807b980f2101000000000000000000000000000000000000
[12:06:31.469667] EP OUT 0x03 len=0 
[12:06:31.472393] EP IN  0x81 len=64 0900230000008687845a48833800001e8735000c00aab29401b8a708013abd8e7511b4ff9433300360b48d0f2001000000000000000000000000000000000000
[12:06:31.474442] EP OUT 0x03 len=0 
[12:06:31.480410] EP IN  0x81 len=64 0901230000008687845958833800001e8b45000c0032b0940144a90801e7bd8e3c17b3ff2851310380b28f0f2001000000000000000000000000000000000000
[12:06:31.481949] EP OUT 0x03 len=0 
[12:06:31.489227] EP OUT 0x03 len=0 
[12:06:31.492452] EP IN  0x81 len=64 0903230000008697845a58833800001e9345000c00daa6940102ac0801f2bf8ed7d3aeffd4603403c0ad970f1d01000000000000000000000000000000000000
[12:06:31.494116] EP OUT 0x03 len=0 
[12:06:31.501379] EP OUT 0x03 len=0 
[12:06:31.504382] EP IN  0x81 len=64 0906230000008687845948833800001e9e35000c00149394010cae0801afc48e1c05b1ff88a339038000a40f2201000000000000000000000000000000000000
[12:06:31.505879] EP OUT 0x03 len=0 
[12:06:31.508406] EP IN  0x81 len=64 0909230000008697845948833800001eaa45000c00647d9401dcaa0801d2cb8e9f25c2ffec313703c025b00f2201000000000000000000000000000000000000
[12:06:31.510525] EP OUT 0x03 len=0 
[12:06:31.516405] EP IN  0x81 len=64 090a230000008677845958833800001eae45000c00b87694017ea8080177ce8e9adcc9ffe0b03503c025b40f1e01000000000000000000000000000000000000
[12:06:31.517820] EP OUT 0x03 len=0 
[12:06:31.520384] EP IN  0x81 len=64 090c230000008687845948833800001eb535000c00046c94010ea3080162d38e0ae0d8ff10a13403b0a8b90f1d01000000000000000000000000000000000000
[12:06:31.522568] EP OUT 0x03 len=0 
[12:06:31.524786] EP OUT 0x03 len=0 
[12:06:31.528399] EP IN  0x81 len=64 090d230000008587845a48833800001eb945000c00206694012e9f080118d68ed8c6dfff9c6e3403c0e4be0f1d01000000000000000000000000000000000000
[12:06:31.529939] EP OUT 0x03 len=0 
[12:06:31.537194] EP OUT 0x03 len=0 
[12:06:31.540408] EP IN  0x81 len=64 090f230000008677845a58833800001ec145000c00845b9401c096080104db8e7a02efff882c310360a3ce0f1f01000000000000000000000000000000000000
[12:06:31.541905] EP OUT 0x03 len=0 
[12:06:31.549104] EP OUT 0x03 len=0 
[12:06:31.552406] EP IN  0x81 len=64 0912230000008587845948833800001ecd45000c00124b94011889080155e18eb981f7ff10302a03809eea0f1f01000000000000000000000000000000000000
[12:06:31.553935] EP OUT 0x03 len=0 
[12:06:31.561162] EP OUT 0x03 len=0 
[12:06:31.564462] EP IN  0x81 len=64 0915230000008687845a48833800001ed845000c005e3d9401127e080166e68e2a49010028ac1c03709ef50f1f01000000000000000000000000000000000000
[12:06:31.566028] EP OUT 0x03 len=0 
[12:06:31.573364] EP OUT 0x03 len=0 
[12:06:31.576379] EP IN  0x81 len=64 0918230000008587845948833800001ee445000c00b2359401287408019ae98ecc140200ec5a0f031063f10f1f01000000000000000000000000000000000000
[12:06:31.578014] EP OUT 0x03 len=0 
[12:06:31.585185] EP OUT 0x03 len=0 
[12:06:31.588453] EP IN  0x81 len=64 091b230000008587845948833800001eef45000c0020319401b86a080119eb8e5f98f6ffc49d0f0370e4e20f1f01000000000000000000000000000000000000
[12:06:31.589985] EP OUT 0x03 len=0 
[12:06:31.597212] EP OUT 0x03 len=0 
[12:06:31.600386] EP IN  0x81 len=64 091e230000008597845948833800001efb45000c008e219401cc5d08011fec8e9293f0ff58741503a0a1d40f1f01000000000000000000000000000000000000
[12:06:31.602022] EP OUT 0x03 len=0 
[12:06:31.609393] EP OUT 0x03 len=0 
[12:06:31.612439] EP IN  0x81 len=64 0921230000008687845a48833800001e0646000c004c0a9401c2500801dfec8e5ed3edffd0441203b09fce0f2201000000000000000000000000000000000000
[12:06:31.614076] EP OUT 0x03 len=0 
[12:06:31.621400] EP OUT 0x03 len=0 
[12:06:31.624399] EP IN  0x81 len=64 0924230000008577845a48833800001e1246000c009ef1930160420801cbed8e83cff1ffa43d0803f0a1cc0f2001000000000000000000000000000000000000
[12:06:31.625833] EP OUT 0x03 len=0 
[12:06:31.628450] EP IN  0x81 len=64 0927230000008587845a58833800001e1d46000c00cce893011033080149ee8ecf44efffac1f060380e9bd0f1d01000000000000000000000000000000000000
[12:06:31.630742] EP OUT 0x03 len=0 
[12:06:31.632991] EP OUT 0x03 len=0 
[12:06:31.636465] EP IN  0x81 len=64 0928230000008587845948833800001e2146000c0050e69301282d080172ee8e2a44ecff80200a0390aab70f1a01000000000000000000000000000000000000
[12:06:31.637905] EP OUT 0x03 len=0 
[12:06:31.645288] EP OUT 0x03 len=0 
[12:06:31.648425] EP IN  0x81 len=64 092a230000008687845958833800001e2946000c001adc9301e620080128ef8eae81e9ff04f311033067b20f1a01000000000000000000000000000000000000
[12:06:31.650171] EP OUT 0x03 len=0 
[12:06:31.657606] EP OUT 0x03 len=0 
[12:06:31.660397] EP IN  0x81 len=64 092f230000008687845948833800001e3c46000c0068a79301cc030801c2f28e6246e6ff88da0f032058e40f1e01000000000000000000000000000000000000
[12:06:31.661773] EP OUT 0x03 len=0 
[12:06:31.664398] EP IN  0x81 len=64 0930230000008687845948833800001e4046000c004a9c930128fe070198f38ef746e8ffec141003c097f00f1e01000000000000000000000000000000000000
[12:06:31.666457] EP OUT 0x03 len=0 
[12:06:31.672420] EP IN  0x81 len=64 0931230000008687845948833800001e4336000c0016959301d2f907013ef48e1ad9e9ff30b71003e0f1f80f1e01000000000000000000000000000000000000
[12:06:31.673955] EP OUT 0x03 len=0 
[12:06:31.681241] EP OUT 0x03 len=0 
[12:06:31.684421] EP IN  0x81 len=64 0933230000008687845a68833800001e4b46000c00b8869301e2ed0701fef58eea7defff2cfb0d03205a01101e01000000000000000000000000000000000000
[12:06:31.686091] EP OUT 0x03 len=0 
[12:06:31.693379] EP OUT 0x03 len=0 
[12:06:31.696401] EP IN  0x81 len=64 0936230000008587845948833800001e5746000c00f080930184dd070102f98e3f43e9ff30d30e03c06102101d01000000000000000000000000000000000000
[12:06:31.697989] EP OUT 0x03 len=0 
[12:06:31.705077] EP OUT 0x03 len=0 
[12:06:31.708395] EP IN  0x81 len=64 0939230000008687845a48833800001e6246000c00407b9301b2d3070187fb8e5619eeff2825120310a2e80f1e01000000000000000000000000000000000000
[12:06:31.709935] EP OUT 0x03 len=0 
[12:06:31.717159] EP OUT 0x03 len=0 
[12:06:31.720389] EP IN  0x81 len=64 093c230000008687845948833800001e6e46000c007468930108cc0701a2fd8e7beae7ff00770f0330e1d80f1b01000000000000000000000000000000000000
[12:06:31.722039] EP OUT 0x03 len=0 
[12:06:31.729387] EP OUT 0x03 len=0 
[12:06:31.732366] EP IN  0x81 len=64 093f230000008687845958833800001e7946000c00245293012ac707012c008f6c2febff783f080390a1cb0f1a01000000000000000000000000000000000000
[12:06:31.733838] EP OUT 0x03 len=0 
[12:06:31.741467] EP OUT 0x03 len=0 
[12:06:31.744429] EP IN  0x81 len=64 0942230000008587845948833800001e8546000c0072339301b2c307010b048fb877ddff44ca0103705fd00f1f01000000000000000000000000000000000000
[12:06:31.746042] EP OUT 0x03 len=0 
[12:06:31.753452] EP OUT 0x03 len=0 
[12:06:31.756407] EP IN  0x81 len=64 0945230000008697845a58833800001e9046000c0004199301ccc20701b0088f0f3bdbff5049f902c0dce40f1e01000000000000000000000000000000000000
[12:06:31.758017] EP OUT 0x03 len=0 
[12:06:31.765644] EP OUT 0x03 len=0 
[12:06:31.768363] EP IN  0x81 len=64 0948230000008597845948833800001e9c46000c0056f8920170c607014a0e8f160de2ff000cf402509af60f1f01000000000000000000000000000000000000
[12:06:31.769742] EP OUT 0x03 len=0 
[12:06:31.772011] EP OUT 0x03 len=0 
[12:06:31.774676] EP OUT 0x03 len=0 
[12:06:31.780456] EP IN  0x81 len=64 094b230000008587845948833800001ea746000c00a0da920156ce070162158f7496e6ff28ccf402409af70f2501000000000000000000000000000000000000
[12:06:31.782065] EP OUT 0x03 len=0 
[12:06:31.789433] EP OUT 0x03 len=0 
[12:06:31.792398] EP IN  0x81 len=64 094e230000008597845958833800001eb346000c00bea39201a2de0701f41f8f6bf6ecffac0bfc024053cf0f2001000000000000000000000000000000000000
[12:06:31.794154] EP OUT 0x03 len=0 
[12:06:31.796870] EP OUT 0x03 len=0 
[12:06:31.799130] EP OUT 0x03 len=0 
[12:06:31.804393] EP IN  0x81 len=64 0951230000008687845948833800001ebe46000c008e4f92016cf607010b2d8f79caeeff5473030360c9de0f2101000000000000000000000000000000000000
[12:06:31.805834] EP OUT 0x03 len=0 
[12:06:31.808492] EP IN  0x81 len=64 0954230000008687845958833800001eca46000c00a0e89101261408014f3b8fc0dff2ffc08ef602e046d40f2201000000000000000000000000000000000000
[12:06:31.810849] EP OUT 0x03 len=0 
[12:06:31.812924] EP OUT 0x03 len=0 
[12:06:31.816379] EP IN  0x81 len=64 0955230000008587845a48833800001ece46000c0078c2910140200801ba3f8f37b2eeffc854f502a0c6cc0f2201000000000000000000000000000000000000
[12:06:31.817710] EP OUT 0x03 len=0 
[12:06:31.820436] EP IN  0x81 len=64 0957230000008687845948833800001ed546000c00987291012c3b080155478f0d22ebffd4fbf60280c7940f2201000000000000000000000000000000000000
[12:06:31.822652] EP OUT 0x03 len=0 
[12:06:31.824721] EP OUT 0x03 len=0 
[12:06:31.828422] EP IN  0x81 len=64 0958230000008587845958833800001ed946000c00d43291014e500801df4b8f0313e6ffbc79fa0230054b0f2201000000000000000000000000000000000000
[12:06:31.829887] EP OUT 0x03 len=0 
[12:06:31.832389] EP IN  0x81 len=64 095a230000008687845958833800001ee146000c00c0859001507e0801e8578f0f7dc6ffc8e5ef0290a1820f2101000000000000000000000000000000000000
[12:06:31.834484] EP OUT 0x03 len=0 
[12:06:31.840424] EP IN  0x81 len=64 095b230000008687845948833800001ee546000c00182b9001788e0801ac5f8f2cb9d0ffcc36e5025058b00f2101000000000000000000000000000000000000
[12:06:31.841804] EP OUT 0x03 len=0 
[12:06:31.849219] EP OUT 0x03 len=0 
[12:06:31.852426] EP IN  0x81 len=64 095d230000008587845a48833800001eec36000c00cc808f0148a30801e56d8f3150fbffb054d002501aa80f2101000000000000000000000000000000000000
[12:06:31.854119] EP OUT 0x03 len=0 
[12:06:31.861351] EP OUT 0x03 len=0 
[12:06:31.864402] EP IN  0x81 len=64 0960230000008687845a48833800001ef846000c00e8578e01fac908015b828f748de3ff98edb4026090d10f2301000000000000000000000000000000000000
[12:06:31.865916] EP OUT 0x03 len=0 
[12:06:31.873030] EP OUT 0x03 len=0 
[12:06:31.876460] EP IN  0x81 len=64 0963230000008687845a48833800001e0337000c00bc6a8d0184ff08015b988f6caccffff471c302e0d2a90f2001000000000000000000000000000000000000
[12:06:31.878005] EP OUT 0x03 len=0 
[12:06:31.885349] EP OUT 0x03 len=0 
[12:06:31.888391] EP IN  0x81 len=64 0966230000008697845948833800001e0f47000c00a25d8c01da460901e7b28f6374e6fff0e7aa02c00d52102301000000000000000000000000000000000000
[12:06:31.890364] EP OUT 0x03 len=0 
[12:06:31.897594] EP OUT 0x03 len=0 
[12:06:31.900435] EP IN  0x81 len=64 096b230000008587845948833800001e2247000c0004c18a0192cb09013fdb8f42860d0018d28802401164101b01000000000000000000000000000000000000
[12:06:31.902094] EP OUT 0x03 len=0 
[12:06:31.909674] EP OUT 0x03 len=0 
[12:06:31.912394] EP IN  0x81 len=64 096e230000008587845948833800001e2e47000c00d0048a01be390a0104f18f1dd5000074cb6d0240ab55101c01000000000000000000000000000000000000
[12:06:31.913967] EP OUT 0x03 len=0 
[12:06:31.916340] EP OUT 0x03 len=0 
[12:06:31.918614] EP OUT 0x03 len=0 
[12:06:31.924480] EP IN  0x81 len=64 096f230000008687845958833800001e3137000c0024d98901a8570a0197f68f636b0a0000676102c0ce5a101d01000000000000000000000000000000000000
[12:06:31.925797] EP OUT 0x03 len=0 
[12:06:31.928399] EP IN  0x81 len=64 0972230000008687845948833800001e3d47000c00fe428901aac90a015400900d2d1000dcb66802a0b656102201000000000000000000000000000000000000
[12:06:31.930527] EP OUT 0x03 len=0 
[12:06:31.936443] EP IN  0x81 len=64 0973230000008587845a48833800001e4147000c0012128901a4ed0a0150019011af0700c4466f0260335f102701000000000000000000000000000000000000
[12:06:31.938100] EP OUT 0x03 len=0 
[12:06:31.945374] EP OUT 0x03 len=0 
[12:06:31.948469] EP IN  0x81 len=64 0975230000008587845948833800001e4837000c0064cf8801c8290b0137ff8fb51df5ff1c006002a08675102701000000000000000000000000000000000000
[12:06:31.950045] EP OUT 0x03 len=0 
[12:06:31.957166] EP OUT 0x03 len=0 
[12:06:31.960382] EP IN  0x81 len=64 0978230000008587845958833800001e5447000c00e6718801148a0b0180f28f7713daffa860190240467f101f01000000000000000000000000000000000000
[12:06:31.961930] EP OUT 0x03 len=0 
[12:06:31.969306] EP OUT 0x03 len=0 
[12:06:31.972462] EP IN  0x81 len=64 097b230000008687845a58833800001e5f37000c00e886880118d00b0185d78f77f1c7ff442d20022045c6101001000000000000000000000000000000000000
[12:06:31.974111] EP OUT 0x03 len=0 
[12:06:31.981628] EP OUT 0x03 len=0 
[12:06:31.984388] EP IN  0x81 len=64 0980230000008587845a58833800001e7347000c00de8d8901b8090c01be928fcc3cacff5cbc230260834a102001000000000000000000000000000000000000
[12:06:31.986014] EP OUT 0x03 len=0 
[12:06:31.988473] EP OUT 0x03 len=0 
[12:06:31.990815] EP OUT 0x03 len=0 
[12:06:31.992884] EP OUT 0x03 len=0 
[12:06:31.996388] EP IN  0x81 len=64 0981230000008687845958833800001e7637000c0004b4890134080c0113878fd5e7abffd4912e02a00c38102001000000000000000000000000000000000000
[12:06:31.997892] EP OUT 0x03 len=0 
[12:06:32.004991] EP OUT 0x03 len=0 
[12:06:32.008399] EP IN  0x81 len=64 0984230000008687845948833800001e8247000c00080b8a0102ea0b012a5c8fa611aaff9c075102e0b7ce0f1e01000000000000000000000000000000000000
[12:06:32.009978] EP OUT 0x03 len=0 
[12:06:32.016921] EP OUT 0x03 len=0 
[12:06:32.020463] EP IN  0x81 len=64 0987230000008587845948833800001e8e47000c009e228a0162a00b017b2c8febbc88ff08e1940290a6ca0f1e01000000000000000000000000000000000000
[12:06:32.022007] EP OUT 0x03 len=0 
[12:06:32.029187] EP OUT 0x03 len=0 
[12:06:32.032373] EP IN  0x81 len=64 098a230000008697845958833800001e9947000c00e8378a01504b0b01aafd8e7a1161ffdc03af02205547101f01000000000000000000000000000000000000
[12:06:32.033770] EP OUT 0x03 len=0 
[12:06:32.036459] EP IN  0x81 len=64 098d230000008687845a58833800001ea547000c00709a8a0156ee0a01c0c88e78b574ffe05399020021b9101c01000000000000000000000000000000000000
[12:06:32.038722] EP OUT 0x03 len=0 
[12:06:32.040769] EP OUT 0x03 len=0 
[12:06:32.044414] EP IN  0x81 len=64 098e230000008687845a48833800001ea837000c00ecbf8a0180d60a016cbb8e13ca80ff70fb8802209ac5101c01000000000000000000000000000000000000
[12:06:32.045936] EP OUT 0x03 len=0 
[12:06:32.053182] EP OUT 0x03 len=0 
[12:06:32.056408] EP IN  0x81 len=64 0990230000008587845948833800001eb047000c00ae358b0130960a016d988e230da0ff18e566022070bb102301000000000000000000000000000000000000
[12:06:32.057961] EP OUT 0x03 len=0 
[12:06:32.065244] EP OUT 0x03 len=0 
[12:06:32.068383] EP IN  0x81 len=64 0993230000008587845948833800001ebc47000c0004018c01de2e0a01b4678ec609d7ffb43c3502400175102201000000000000000000000000000000000000
[12:06:32.069678] EP OUT 0x03 len=0 
[12:06:32.072401] EP IN  0x81 len=64 0996230000008687845948833800001ec747000c007cc28c01eebc0901fd408e7edc180098d21e02a0530b101f01000000000000000000000000000000000000
[12:06:32.074572] EP OUT 0x03 len=0 
[12:06:32.080401] EP IN  0x81 len=64 0997230000008687845948833800001ecb47000c0086018d01848c090135348e3d73350020731a02d059d90f1f01000000000000000000000000000000000000
[12:06:32.082019] EP OUT 0x03 len=0 
[12:06:32.089669] EP OUT 0x03 len=0 
[12:06:32.096985] EP OUT 0x03 len=0 
[12:06:32.104174] EP OUT 0x03 len=0 
[12:06:32.108543] EP IN  0x81 len=64 099e230000008687845948833800001ee647000c00a8068e01d00d08011fef8d63631800548361020097250f2001000000000000000000000000000000000000
[12:06:32.110220] EP OUT 0x03 len=0 
[12:06:32.117478] EP OUT 0x03 len=0 
[12:06:32.120405] EP IN  0x81 len=64 09a2230000008687845938833800001ef547000c0098cb8e01be6007013fd28da1a1f9ffc80ac40240ff2b0f1f01000000000000000000000000000000000000
[12:06:32.121995] EP OUT 0x03 len=0 
[12:06:32.129306] EP OUT 0x03 len=0 
[12:06:32.132445] EP IN  0x81 len=64 09a3230000008687845948833800001ef947000c00401b8f01fe46070198c98d3f44d2ff38cefa02c0ca320f1f01000000000000000000000000000000000000
[12:06:32.134029] EP OUT 0x03 len=0 
[12:06:32.141585] EP OUT 0x03 len=0 
[12:06:32.149087] EP OUT 0x03 len=0 
[12:06:32.156096] EP OUT 0x03 len=0 
[12:06:32.160400] EP IN  0x81 len=64 09a8230000008687845a58833800001e0c48000c00140a91018ea4070168a78d1a07fbfe50cb1c04508aaf0e1a01000000000000000000000000000000000000
[12:06:32.162069] EP OUT 0x03 len=0 
[12:06:32.169511] EP OUT 0x03 len=0 
[12:06:32.172450] EP IN  0x81 len=64 09ad230000008677845a48833800001e1f38000c0048f89101244a080197998da27646fea88b8504c0f9120f2101000000000000000000000000000000000000
[12:06:32.174154] EP OUT 0x03 len=0 
[12:06:32.181181] EP OUT 0x03 len=0 
[12:06:32.184385] EP IN  0x81 len=64 09b0230000008587845948833800001e2b48000c0074f39101ea6508012bb68d20e812fe086fa30460665d0f2101000000000000000000000000000000000000
[12:06:32.185856] EP OUT 0x03 len=0 
[12:06:32.193200] EP OUT 0x03 len=0 
[12:06:32.196456] EP IN  0x81 len=64 09b3230000008687845a48833800001e3638000c0000ae9101145b080182ea8d048d1efe584bb30470d6ab0f1f01000000000000000000000000000000000000
[12:06:32.197945] EP OUT 0x03 len=0 
[12:06:32.205319] EP OUT 0x03 len=0 
[12:06:32.208393] EP IN  0x81 len=64 09b6230000008587845a58833800001e4248000c003a52910136540801d3378eca5950fed891af04d0ab9b0f2401000000000000000000000000000000000000
[12:06:32.209947] EP OUT 0x03 len=0 
[12:06:32.217064] EP OUT 0x03 len=0 
[12:06:32.220459] EP IN  0x81 len=64 09b9230000008687845a48833800001e4d38000c00aaf79001dc6d0801f08a8e04b6acfe58aa920420463f0f2201000000000000000000000000000000000000
[12:06:32.221940] EP OUT 0x03 len=0 
[12:06:32.229090] EP OUT 0x03 len=0 
[12:06:32.232397] EP IN  0x81 len=64 09bc230000008587845958833800001e5948000c00de6d9001bcb40801d5e98eb6bf1affd0b84a04400eda0e2201000000000000000000000000000000000000
[12:06:32.234119] EP OUT 0x03 len=0 
[12:06:32.241709] EP OUT 0x03 len=0 
[12:06:32.249062] EP OUT 0x03 len=0 
[12:06:32.256501] EP OUT 0x03 len=0 
[12:06:32.260446] EP IN  0x81 len=64 09c1230000008687845a58833800001e6c48000c007a118f01625b0901b17a8f4953bbff34889a0390edf60e1a01000000000000000000000000000000000000
[12:06:32.262009] EP OUT 0x03 len=0 
[12:06:32.269385] EP OUT 0x03 len=0 
[12:06:32.272387] EP IN  0x81 len=64 09c6230000008587845948833800001e7f48000c00c8c58d0104eb090130fe8fb94c440088dfdd02b0749c0f2201000000000000000000000000000000000000
[12:06:32.273997] EP OUT 0x03 len=0 
[12:06:32.281186] EP OUT 0x03 len=0 
[12:06:32.284442] EP IN  0x81 len=64 09c9230000008687845948833800001e8b48000c00a22b8d011e270a01024690488c90000cb96a0240c3b70f2201000000000000000000000000000000000000
[12:06:32.286207] EP OUT 0x03 len=0 
[12:06:32.293526] EP OUT 0x03 len=0 
[12:06:32.296390] EP IN  0x81 len=64 09cc230000008697845948833800001e9648000c008cad8c014c490a01787d90a064da009092e701500db30f2001000000000000000000000000000000000000
[12:06:32.297727] EP OUT 0x03 len=0 
[12:06:32.300087] EP OUT 0x03 len=0 
[12:06:32.302895] EP OUT 0x03 len=0 
[12:06:32.305128] EP OUT 0x03 len=0 
[12:06:32.308376] EP IN  0x81 len=64 09cf230000008597845948833800001ea248000c0050018c0174510a01efa8907ca53d0190c748017094b70f2501000000000000000000000000000000000000
[12:06:32.309886] EP OUT 0x03 len=0 
[12:06:32.317326] EP OUT 0x03 len=0 
[12:06:32.320395] EP IN  0x81 len=64 09d2230000008587845948833800001ead38000c00583e8b0110370a011cb9902ad28f016e5d9600b051d50f2201000000000000000000000000000000000000
[12:06:32.321953] EP OUT 0x03 len=0 
[12:06:32.329502] EP OUT 0x03 len=0 
[12:06:32.332387] EP IN  0x81 len=64 09d5230000008687845948833800001eb948000c00f2938a01d0230a019ba49078a06601b652510010a69d0f2101000000000000000000000000000000000000
[12:06:32.333748] EP OUT 0x03 len=0 
[12:06:32.336393] EP IN  0x81 len=64 09d8230000008687845a48833800001ec438000c0036628a01e65a0a01dd79903ee9d6009834ba0050566d0f2201000000000000000000000000000000000000
[12:06:32.338553] EP OUT 0x03 len=0 
[12:06:32.340902] EP OUT 0x03 len=0 
[12:06:32.344419] EP IN  0x81 len=64 09d9230000008687845a48833800001ec848000c00005b8a01a07b0a011f6990902ca6000443e700c027790f2201000000000000000000000000000000000000
[12:06:32.345959] EP OUT 0x03 len=0 
[12:06:32.353334] EP OUT 0x03 len=0 
[12:06:32.356473] EP IN  0x81 len=64 09db230000008687845a48833800001ed048000c0084558a016cc30a0146489060723e00f0d25b0170eeae0f2101000000000000000000000000000000000000
[12:06:32.358110] EP OUT 0x03 len=0 
[12:06:32.365697] EP OUT 0x03 len=0 
[12:06:32.368392] EP IN  0x81 len=64 09e0230000008697845a48833800001ee348000c00d8338a01be5f0b010b0790fe0b5affd48762029031fa0f1f01000000000000000000000000000000000000
[12:06:32.369865] EP OUT 0x03 len=0 
[12:06:32.372045] EP OUT 0x03 len=0 
[12:06:32.374574] EP OUT 0x03 len=0 
[12:06:32.380453] EP IN  0x81 len=64 09e1230000008687845948833800001ee748000c00781d8a018e7b0b01a4fc8f3c7b32ff106a9002a0edfc0f1f01000000000000000000000000000000000000
[12:06:32.382014] EP OUT 0x03 len=0 
[12:06:32.389266] EP OUT 0x03 len=0 
[12:06:32.392405] EP IN  0x81 len=64 09e4230000008687845a58833800001ef238000c0020ba89019abd0b0124e78f045ce0fe7c6ef702c04305102001000000000000000000000000000000000000
[12:06:32.394038] EP OUT 0x03 len=0 
[12:06:32.401383] EP OUT 0x03 len=0 
[12:06:32.404418] EP IN  0x81 len=64 09e7230000008687845958833800001efe48000c00c80a890102e70b0112dc8fc85fe1fe042b240320aa04102101000000000000000000000000000000000000
[12:06:32.405918] EP OUT 0x03 len=0 
[12:06:32.408387] EP IN  0x81 len=64 09ea230000008697845a58833800001e0939000c005029880122de0b0172dc8f2610f5fe8489090300b227102201000000000000000000000000000000000000
[12:06:32.410593] EP OUT 0x03 len=0 
[12:06:32.412739] EP OUT 0x03 len=0 
[12:06:32.416381] EP IN  0x81 len=64 09eb230000008687845a48833800001e0d49000c0058cf8701e8ce0b0111de8fbec4f2fe28a4fd02e0723b102301000000000000000000000000000000000000
[12:06:32.417796] EP OUT 0x03 len=0 
[12:06:32.425248] EP OUT 0x03 len=0 
[12:06:32.428427] EP IN  0x81 len=64 09ed230000008687845948833800001e1549000c00a21b8701429e0b01a7e28f9077e5fed43dec02a0e164102401000000000000000000000000000000000000
[12:06:32.430022] EP OUT 0x03 len=0 
[12:06:32.437436] EP OUT 0x03 len=0 
[12:06:32.440422] EP IN  0x81 len=64 09f0230000008687845a48833800001e2039000c0068308601263f0b0148ec8fec84c7fee850e60280406f102101000000000000000000000000000000000000
[12:06:32.442006] EP OUT 0x03 len=0 
[12:06:32.449254] EP OUT 0x03 len=0 
[12:06:32.452470] EP IN  0x81 len=64 09f3230000008687845938833800001e2c49000c0090468501c8c40a016bfb8f94e8f0feacc8d002e06550102101000000000000000000000000000000000000
[12:06:32.454109] EP OUT 0x03 len=0 
[12:06:32.461756] EP OUT 0x03 len=0 
[12:06:32.464390] EP IN  0x81 len=64 09f8230000008687845948833800001e3f49000c00b4c08301e61f0a01aa129090bde4ff983c440280aa760f2401000000000000000000000000000000000000
[12:06:32.465834] EP OUT 0x03 len=0 
[12:06:32.468589] EP OUT 0x03 len=0 
[12:06:32.470911] EP OUT 0x03 len=0 
[12:06:32.473124] EP OUT 0x03 len=0 
[12:06:32.476478] EP IN  0x81 len=64 09f9230000008587845948833800001e4349000c00285c8301c0090a011115908ebc1a00281f0d02a0783f0f2401000000000000000000000000000000000000
[12:06:32.478067] EP OUT 0x03 len=0 
[12:06:32.485154] EP OUT 0x03 len=0 
[12:06:32.488407] EP IN  0x81 len=64 09fc230000008587845958833800001e4f49000c00f60182016ee709011c11907a029900ec41670130d1f00e2101000000000000000000000000000000000000
[12:06:32.489940] EP OUT 0x03 len=0 
[12:06:32.492402] EP IN  0x81 len=64 09ff230000008587845a48833800001e5a49000c0038c0800170e209016e009092dda90028a83301e0475f0f2101000000000000000000000000000000000000
[12:06:32.494636] EP OUT 0x03 len=0 
[12:06:32.500481] EP IN  0x81 len=64 0900230000008687845a48833800001e5e49000c003058800144e2090146f98fc2649300eac33b0150c2950f2101000000000000000000000000000000000000
[12:06:32.502140] EP OUT 0x03 len=0 
[12:06:32.509683] EP OUT 0x03 len=0 
[12:06:32.512387] EP IN  0x81 len=64 0904230000008687845948833800001e6d49000c00c40b7f01ccd9090120e38f3af9faffbcd6a70180a848102301000000000000000000000000000000000000
[12:06:32.513901] EP OUT 0x03 len=0 
[12:06:32.516372] EP OUT 0x03 len=0 
[12:06:32.518708] EP OUT 0x03 len=0 
[12:06:32.524460] EP IN  0x81 len=64 0905230000008687845948833800001e7149000c00debc7e01b0d30901a8df8f52a1c9ffb047d20140206d102401000000000000000000000000000000000000
[12:06:32.525827] EP OUT 0x03 len=0 
[12:06:32.533141] EP OUT 0x03 len=0 
[12:06:32.536408] EP IN  0x81 len=64 0908230000008697845958833800001e7d49000c001cd87d01acb70901b2dc8f721c51ff6cb630028007c8102101000000000000000000000000000000000000
[12:06:32.537868] EP OUT 0x03 len=0 
[12:06:32.545384] EP OUT 0x03 len=0 
[12:06:32.548449] EP IN  0x81 len=64 090b230000008587845a48833800001e8849000c00b8127d010e9909017be58f00b00bffa4d55902c03a06111e01000000000000000000000000000000000000
[12:06:32.550112] EP OUT 0x03 len=0 
[12:06:32.557314] EP OUT 0x03 len=0 
[12:06:32.560393] EP IN  0x81 len=64 090e230000008687845a58833800001e9449000c00104a7c0130780901e9f98fba1d0aff447a5602c040f5101801000000000000000000000000000000000000
[12:06:32.561975] EP OUT 0x03 len=0 
[12:06:32.569419] EP OUT 0x03 len=0 
[12:06:32.572462] EP IN  0x81 len=64 0911230000008587845948833800001e9f49000c0046927b01ac6609016113900abd3fff04fb20024054a7101e01000000000000000000000000000000000000
[12:06:32.574332] EP OUT 0x03 len=0 
[12:06:32.581724] EP OUT 0x03 len=0 
[12:06:32.588873] EP OUT 0x03 len=0 
[12:06:32.596050] EP OUT 0x03 len=0 
[12:06:32.600450] EP IN  0x81 len=64 0916230000008577845a58833800001eb249000c0008597a0108700901d042901a6fb1ffde14a201c03b2d102201000000000000000000000000000000000000
[12:06:32.602106] EP OUT 0x03 len=0 
[12:06:32.609396] EP OUT 0x03 len=0 
[12:06:32.612460] EP IN  0x81 len=64 091d230000008687845948833800001ecd49000c00f8fb78013acf09017375904df62100ac4c50014052db0f2201000000000000000000000000000000000000
[12:06:32.614143] EP OUT 0x03 len=0 
[12:06:32.621463] EP OUT 0x03 len=0 
[12:06:32.624397] EP IN  0x81 len=64 0920230000008687845948833800001ed949000c000c5e7801b2090a0177879072451500e0d47d01a08edb0f2101000000000000000000000000000000000000
[12:06:32.626024] EP OUT 0x03 len=0 
[12:06:32.633649] EP OUT 0x03 len=0 
[12:06:32.641209] EP OUT 0x03 len=0 
[12:06:32.648730] EP OUT 0x03 len=0 
[12:06:32.652429] EP IN  0x81 len=64 0923230000008597845a48833800001ee449000c0014bf7701d2440a01d49d9092cbefffd677b201e089d40f2601000000000000000000000000000000000000
[12:06:32.654119] EP OUT 0x03 len=0 
[12:06:32.661897] EP OUT 0x03 len=0 
[12:06:32.669183] EP OUT 0x03 len=0 
[12:06:32.676302] EP OUT 0x03 len=0 
[12:06:32.680382] EP IN  0x81 len=64 092a230000008587845a48833800001eff49000c00960176011eb50a01c3d790d9789dffbcf29401607c57101d01000000000000000000000000000000000000
[12:06:32.681618] EP OUT 0x03 len=0 
[12:06:32.684359] EP IN  0x81 len=64 092f230000008687845948833800001e124a000c00b04b750106bf0a0196ec90c06cc2ff6eac1d018039d8101b01000000000000000000000000000000000000
[12:06:32.686154] EP OUT 0x03 len=0 
[12:06:32.692897] EP OUT 0x03 len=0 
[12:06:32.696374] EP IN  0x81 len=64 0930230000008587845948833800001e164a000c00644675014aba0a017beb9053a1b0ff70931701c0faf5101b01000000000000000000000000000000000000
[12:06:32.697561] EP OUT 0x03 len=0 
[12:06:32.700353] EP IN  0x81 len=64 0933230000008687845a58833800001e224a000c00be787501b4b10a01dbe390f88372ffe85c2701e0d0b5102001000000000000000000000000000000000000
[12:06:32.702102] EP OUT 0x03 len=0 
[12:06:32.703888] EP OUT 0x03 len=0 
[12:06:32.708392] EP IN  0x81 len=64 0934230000008687845948833800001e253a000c0098867501a8b10a01abe1907e1c51fffe883b01803f87102001000000000000000000000000000000000000
[12:06:32.709641] EP OUT 0x03 len=0 
[12:06:32.712378] EP IN  0x81 len=64 0936230000008687845948833800001e2d4a000c0022967501e8b40a015bdd90767e2cffe26c630140a320101e01000000000000000000000000000000000000
[12:06:32.714263] EP OUT 0x03 len=0 
[12:06:32.720999] EP OUT 0x03 len=0 
[12:06:32.724388] EP IN  0x81 len=64 0937230000008687845948833800001e314a000c00c08d7501c4b50a0102dc9044bb25ffd86a6801b0e2fa0f1d01000000000000000000000000000000000000
[12:06:32.725693] EP OUT 0x03 len=0 
[12:06:32.728379] EP IN  0x81 len=64 093a230000008687845a48833800001e3c3a000c000c537501c8b30a0186d99008232affbc2b480190f6dd0f1e01000000000000000000000000000000000000
[12:06:32.730189] EP OUT 0x03 len=0 
[12:06:32.737032] EP OUT 0x03 len=0 
[12:06:32.740396] EP IN  0x81 len=64 093b230000008687845948833800001e404a000c004038750130b10a0115d9909e9b34ff6ea83201905ce30f2001000000000000000000000000000000000000
[12:06:32.741639] EP OUT 0x03 len=0 
[12:06:32.744389] EP IN  0x81 len=64 093e230000008687845958833800001e4c4a000c001ee87401d0a50a0111d790a6475dff2234ec00009810102001000000000000000000000000000000000000
[12:06:32.746379] EP OUT 0x03 len=0 
[12:06:32.753142] EP OUT 0x03 len=0 
[12:06:32.756456] EP IN  0x81 len=64 093f230000008597845a58833800001e504a000c00e4d074016aa10a018fd590028368ffc029e500c09522102301000000000000000000000000000000000000
[12:06:32.757756] EP OUT 0x03 len=0 
[12:06:32.760367] EP IN  0x81 len=64 0942230000008587845958833800001e5b4a000c00d6a37401f2940a01bad090dc3a73ffe62ff80000524f102301000000000000000000000000000000000000
[12:06:32.762299] EP OUT 0x03 len=0 
[12:06:32.769207] EP OUT 0x03 len=0 
[12:06:32.772583] EP IN  0x81 len=64 0945230000008577845a48833800001e674a000c000c8b740126860a0146cb90802e66ffeac2230180515b101f01000000000000000000000000000000000000
[12:06:32.773885] EP OUT 0x03 len=0 
[12:06:32.776371] EP IN  0x81 len=64 0946230000008687845948833800001e6b4a000c0044867401b47f0a018fc99004e461ff543a320180915b101f01000000000000000000000000000000000000
[12:06:32.778528] EP OUT 0x03 len=0 
[12:06:32.784402] EP IN  0x81 len=64 0947230000008687845a48833800001e6e3a000c00588474011a7a0a014ac89096975fff5a8e3e0100935a101e01000000000000000000000000000000000000
[12:06:32.785826] EP OUT 0x03 len=0 
[12:06:32.788468] EP IN  0x81 len=64 0949230000008687845a58833800001e764a000c00c08674018a670a01f1c490c2f95cff5a525001e09256101e01000000000000000000000000000000000000
[12:06:32.790389] EP OUT 0x03 len=0 
[12:06:32.797302] EP OUT 0x03 len=0 
[12:06:32.800410] EP IN  0x81 len=64 094c230000008687845948833800001e824a000c008c9e740154430a01ffbf909e1060ff34695e01801742102501000000000000000000000000000000000000
[12:06:32.801951] EP OUT 0x03 len=0 
[12:06:32.804382] EP IN  0x81 len=64 094d230000008587845a58833800001e853a000c00b0a6740164390a01bebe90feba63ffb65b6201004536102501000000000000000000000000000000000000
[12:06:32.806306] EP OUT 0x03 len=0 
[12:06:32.813341] EP OUT 0x03 len=0 
[12:06:32.816397] EP IN  0x81 len=64 0950230000008697845948833800001e914a000c0030c1740150100a01a4ba90ea4471fffe366e01e0df04102901000000000000000000000000000000000000
[12:06:32.817948] EP OUT 0x03 len=0 
[12:06:32.825162] EP OUT 0x03 len=0 
[12:06:32.828443] EP IN  0x81 len=64 0951230000008687845948833800001e954a000c0050c47401b0020a01a9b990968676ffca096e01a020f60f2901000000000000000000000000000000000000
[12:06:32.829760] EP OUT 0x03 len=0 
[12:06:32.832383] EP IN  0x81 len=64 0954230000008687845958833800001ea04a000c006cbc7401d6e10901f8b790709f89ff50796101f0dfe60f2101000000000000000000000000000000000000
[12:06:32.834352] EP OUT 0x03 len=0 
[12:06:32.840399] EP IN  0x81 len=64 0955230000008687845958833800001ea44a000c00a8b4740164d70901c7b790f5a590ffda835d01e09fe90f2101000000000000000000000000000000000000
[12:06:32.841988] EP OUT 0x03 len=0 
[12:06:32.849090] EP OUT 0x03 len=0 
[12:06:32.852474] EP IN  0x81 len=64 0957230000008587845958833800001eac4a000c00089f74016ac60901b4b79060c19dff6ed85901801df20f2001000000000000000000000000000000000000
[12:06:32.853932] EP OUT 0x03 len=0 
[12:06:32.856426] EP IN  0x81 len=64 095a230000008587845948833800001eb74a000c001c7b740178b40901d2b790a495a9ff76de5d01c05bfc0f1d01000000000000000000000000000000000000
[12:06:32.858395] EP OUT 0x03 len=0 
[12:06:32.864998] EP OUT 0x03 len=0 
[12:06:32.868402] EP IN  0x81 len=64 095b230000008687845a48833800001ebb4a000c00646d740144af090106b890b6dcaaff4c9d6101b09bfe0f1d01000000000000000000000000000000000000
[12:06:32.869938] EP OUT 0x03 len=0 
[12:06:32.872429] EP IN  0x81 len=64 095e230000008587845948833800001ec74a000c00183d740110a009017bb990bf1fa6ffca6f6d01605af90f1c01000000000000000000000000000000000000
[12:06:32.874526] EP OUT 0x03 len=0 
[12:06:32.880367] EP IN  0x81 len=64 095f230000008697845a48833800001eca3a000c009e2e74017a9c0901feb99037f1a1ff08146f01d0f3f30f1c01000000000000000000000000000000000000
[12:06:32.881799] EP OUT 0x03 len=0 
[12:06:32.884462] EP IN  0x81 len=64 0961230000008587845948833800001ed24a000c00d8027401c89409017abb90db729bffbc0a6c0100daed0f1a01000000000000000000000000000000000000
[12:06:32.886704] EP OUT 0x03 len=0 
[12:06:32.888698] EP OUT 0x03 len=0 
[12:06:32.892392] EP IN  0x81 len=64 0962230000008687845a48833800001ed64a000c0064ec730168910901fcbb9016379bfffc8b6701d0daed0f1a01000000000000000000000000000000000000
[12:06:32.893869] EP OUT 0x03 len=0 
[12:06:32.901385] EP OUT 0x03 len=0 
[12:06:32.904393] EP IN  0x81 len=64 0964230000008577845948833800001ede4a000c007cc673013e8a0901aebb90c2779fffa4365701a01bf60f1c01000000000000000000000000000000000000
[12:06:32.905814] EP OUT 0x03 len=0 
[12:06:32.908449] EP IN  0x81 len=64 0967230000008687845948833800001ee94a000c0022a27301e47c0901c4b9902c259cffce984501b0ddfa0f1d01000000000000000000000000000000000000
[12:06:32.910955] EP OUT 0x03 len=0 
[12:06:32.916441] EP IN  0x81 len=64 0968230000008577845a48833800001eed4a000c006a967301c67609012ab99061dc99ffee184401509ef50f1c01000000000000000000000000000000000000
[12:06:32.918058] EP OUT 0x03 len=0 
[12:06:32.925525] EP OUT 0x03 len=0 
[12:06:32.928395] EP IN  0x81 len=64 096c230000008697845948833800001efc3a000c00fc527301685d090158b890964099ff28d34801409fe60f1b01000000000000000000000000000000000000
[12:06:32.929961] EP OUT 0x03 len=0 
[12:06:32.934581] EP OUT 0x03 len=0 
[12:06:32.937053] EP OUT 0x03 len=0 
[12:06:32.940421] EP IN  0x81 len=64 096d230000008687845a48833800001e004b000c00a8397301d456090180b8903d599bffcee1470130d9ec0f1b01000000000000000000000000000000000000
[12:06:32.941936] EP OUT 0x03 len=0 
[12:06:32.944389] EP IN  0x81 len=64 0970230000008687845858833800001e0c4b000c00ece97201d0450901acb9903ca5a3ff826a3b01809318101a01000000000000000000000000000000000000
[12:06:32.946467] EP OUT 0x03 len=0 
[12:06:32.952442] EP IN  0x81 len=64 0971230000008697845948833800001e104b000c0036d07201d4400901deba90f2a1a8ff00e83601e05125101701000000000000000000000000000000000000
[12:06:32.954001] EP OUT 0x03 len=0 
[12:06:32.961282] EP OUT 0x03 len=0 
[12:06:32.964466] EP IN  0x81 len=64 0973230000008697845948833800001e174b000c0058a3720146390901a9bd90e2a4aeffb869260140d12f101701000000000000000000000000000000000000
[12:06:32.966167] EP OUT 0x03 len=0 
[12:06:32.973641] EP OUT 0x03 len=0 
[12:06:32.976390] EP IN  0x81 len=64 0978230000008687845948833800001e2a3b000c005a2e720194330901f0c190426ab9ff32341a01e09151102301000000000000000000000000000000000000
[12:06:32.978072] EP OUT 0x03 len=0 
[12:06:32.980409] EP OUT 0x03 len=0 
[12:06:32.982467] EP OUT 0x03 len=0 
[12:06:32.984751] EP OUT 0x03 len=0 
[12:06:32.988464] EP IN  0x81 len=64 0979230000008597845948833800001e2e4b000c0088157201583409014ac3900f9bb8ffcc601a01000e57102101000000000000000000000000000000000000
[12:06:32.990062] EP OUT 0x03 len=0 
[12:06:32.997242] EP OUT 0x03 len=0 
[12:06:33.000405] EP IN  0x81 len=64 097c230000008587845948833800001e3a4b000c0008c871015438090158c990021db7ffe6681801c08a66102101000000000000000000000000000000000000
[12:06:33.002008] EP OUT 0x03 len=0 
[12:06:33.009476] EP OUT 0x03 len=0 
[12:06:33.012443] EP IN  0x81 len=64 097f230000008687845958833800001e454b000c00cc7d7101dc3f0901d5d290c224bdffe8ec070100c979102801000000000000000000000000000000000000
[12:06:33.013989] EP OUT 0x03 len=0 
[12:06:33.021371] EP OUT 0x03 len=0 
[12:06:33.024376] EP IN  0x81 len=64 0982230000008587845958833800001e514b000c007c3d7101824c090183de9088ebb5ff7ac4ef00808b80102101000000000000000000000000000000000000
[12:06:33.025750] EP OUT 0x03 len=0 
[12:06:33.033373] EP OUT 0x03 len=0 
[12:06:33.036460] EP IN  0x81 len=64 0985230000008687845948833800001e5c4b000c00fa2271014259090172e890886cb6ff54fadc00c01079102101000000000000000000000000000000000000
[12:06:33.038219] EP OUT 0x03 len=0 
[12:06:33.045700] EP OUT 0x03 len=0 
[12:06:33.048400] EP IN  0x81 len=64 098a230000008587845958833800001e704b000c00fc2b7101587d090152f790ba4caeffb6d0e000e0575b101501000000000000000000000000000000000000
[12:06:33.050129] EP OUT 0x03 len=0 
[12:06:33.052708] EP OUT 0x03 len=0 
[12:06:33.054599] EP OUT 0x03 len=0 
[12:06:33.056859] EP OUT 0x03 len=0 
[12:06:33.060482] EP IN  0x81 len=64 098b230000008687845948833800001e733b000c00b82a7101f083090199fa90fb8bb2ffd0dbe500809757101501000000000000000000000000000000000000
[12:06:33.062029] EP OUT 0x03 len=0 
[12:06:33.069332] EP OUT 0x03 len=0 
[12:06:33.072408] EP IN  0x81 len=64 098e230000008697845948833800001e7f4b000c008c19710142a20901ca08913de0beff2cbbed00601b37101d01000000000000000000000000000000000000
[12:06:33.074062] EP OUT 0x03 len=0 
[12:06:33.081466] EP OUT 0x03 len=0 
[12:06:33.084468] EP IN  0x81 len=64 0991230000008687845958833800001e8a3b000c000ae87001ccc309013d18915955b6ffaaccf700809e0f101d01000000000000000000000000000000000000
[12:06:33.086247] EP OUT 0x03 len=0 
[12:06:33.088751] EP OUT 0x03 len=0 
[12:06:33.090871] EP OUT 0x03 len=0 
[12:06:33.092864] EP OUT 0x03 len=0 
[12:06:33.096414] EP IN  0x81 len=64 0994230000008687845958833800001e964b000c00a870700184f10901162d9134e8a0fffec20001605fd10f1d01000000000000000000000000000000000000
[12:06:33.097932] EP OUT 0x03 len=0 
[12:06:33.105200] EP OUT 0x03 len=0 
[12:06:33.108476] EP IN  0x81 len=64 0997230000008697845a58833800001ea13b000c009c9e6f0158290a019b44914ea5beff685a060100a19c0f1d01000000000000000000000000000000000000
[12:06:33.110114] EP OUT 0x03 len=0 
[12:06:33.117712] EP OUT 0x03 len=0 
[12:06:33.124982] EP OUT 0x03 len=0 
[12:06:33.132255] EP OUT 0x03 len=0 
[12:06:33.136447] EP IN  0x81 len=64 099c230000008587845958833800001eb54b000c00701a6d01149b0a0147699138c51600f020f80010fdb90f1b01000000000000000000000000000000000000
[12:06:33.138062] EP OUT 0x03 len=0 
[12:06:33.145444] EP OUT 0x03 len=0 
[12:06:33.148493] EP IN  0x81 len=64 09a1230000008487845a48833800001ec84b000c00c8826a014cfb0a01137591fdd2acff0c6120017043a40f1c01000000000000000000000000000000000000
[12:06:33.150107] EP OUT 0x03 len=0 
[12:06:33.157710] EP OUT 0x03 len=0 
[12:06:33.160386] EP IN  0x81 len=64 09a6230000008687845a48833800001edb4b000c005c6e6801cc380b01417791968533ff2a171101504dea0f1f01000000000000000000000000000000000000
[12:06:33.161969] EP OUT 0x03 len=0 
[12:06:33.166028] EP OUT 0x03 len=0 
[12:06:33.173556] EP OUT 0x03 len=0 
[12:06:33.176417] EP IN  0x81 len=64 09aa230000008587845958833800001eea4b000c00b655670182450b01087591f45f15ff4030e600401308102501000000000000000000000000000000000000
[12:06:33.178109] EP OUT 0x03 len=0 
[12:06:33.185496] EP OUT 0x03 len=0 
[12:06:33.188468] EP IN  0x81 len=64 09ab230000008697845948833800001eee4b000c00d227670194450b01f87491b24728ff462ad60060d511101c01000000000000000000000000000000000000
[12:06:33.190132] EP OUT 0x03 len=0 
[12:06:33.192762] EP OUT 0x03 len=0 
[12:06:33.195239] EP OUT 0x03 len=0 
[12:06:33.200422] EP IN  0x81 len=64 09ae230000008687845948833800001efa4b000c0088e66601e4400b017c7191e21468fffabf9300e0dc19101901000000000000000000000000000000000000
[12:06:33.202126] EP OUT 0x03 len=0 
[12:06:33.208594] EP OUT 0x03 len=0 
[12:06:33.212506] EP IN  0x81 len=64 09b1230000008587845a48833800001e054c000c00d4d3660134390b01cc6d91b8457bffe404720040e200102301000000000000000000000000000000000000
[12:06:33.213947] EP OUT 0x03 len=0 
[12:06:33.221204] EP OUT 0x03 len=0 
[12:06:33.224395] EP IN  0x81 len=64 09b4230000008597845a48833800001e114c000c002cd666018a2f0b010e6a9194795eff4cef6400a023f70f1a01000000000000000000000000000000000000
[12:06:33.225880] EP OUT 0x03 len=0 
[12:06:33.232986] EP OUT 0x03 len=0 
[12:06:33.236454] EP IN  0x81 len=64 09b7230000008587845958833800001e1c4c000c0002d2660198260b0143699126f94aff4904690080e100101a01000000000000000000000000000000000000
[12:06:33.237878] EP OUT 0x03 len=0 
[12:06:33.240370] EP IN  0x81 len=64 09ba230000008597845a58833800001e284c000c00c8c766019e1a0b015a6a9148ab48ff480a6b00209b26101a01000000000000000000000000000000000000
[12:06:33.242479] EP OUT 0x03 len=0 
[12:06:33.248422] EP IN  0x81 len=64 09bb230000008687845958833800001e2c4c000c00c0c56601aa150b011e6b9178a24bff18056b00a09837101a01000000000000000000000000000000000000
[12:06:33.249853] EP OUT 0x03 len=0 
[12:06:33.252462] EP IN  0x81 len=64 09bd230000008687845948833800001e334c000c00f2c76601780b0b019e6c91d61053ffd1f16900e05450101a01000000000000000000000000000000000000
[12:06:33.254686] EP OUT 0x03 len=0 
[12:06:33.256830] EP OUT 0x03 len=0 
[12:06:33.260453] EP IN  0x81 len=64 09be230000008687845a48833800001e374c000c005ccd6601b2040b01816d91bc0558ff8a5f6b00c01359101a01000000000000000000000000000000000000
[12:06:33.261896] EP OUT 0x03 len=0 
[12:06:33.269167] EP OUT 0x03 len=0 
[12:06:33.272387] EP IN  0x81 len=64 09c0230000008687845a38833800001e3f4c000c00d4dd660124f60a01996f91acf861ff2acb6b00a09263101d01000000000000000000000000000000000000
[12:06:33.273758] EP OUT 0x03 len=0 
[12:06:33.276433] EP IN  0x81 len=64 09c3230000008597845948833800001e4a4c000c0078fc66010ee40a01c2729150406fff48f9700080526a101d01000000000000000000000000000000000000
[12:06:33.278699] EP OUT 0x03 len=0 
[12:06:33.280860] EP OUT 0x03 len=0 
[12:06:33.284446] EP IN  0x81 len=64 09c4230000008687845a48833800001e4e4c000c000808670132df0a01267491f6c972fff5f6720080526d102001000000000000000000000000000000000000
[12:06:33.286177] EP OUT 0x03 len=0 
[12:06:33.293826] EP OUT 0x03 len=0 
[12:06:33.301689] EP OUT 0x03 len=0 
[12:06:33.309014] EP OUT 0x03 len=0 
[12:06:33.316039] EP OUT 0x03 len=0 
[12:06:33.320426] EP IN  0x81 len=64 09ca230000008587845948833800001e654c000c0058446701f6da0a01c97c911a9487ffb2ba8900a0175d101801000000000000000000000000000000000000
[12:06:33.321849] EP OUT 0x03 len=0 
[12:06:33.329006] EP OUT 0x03 len=0 
[12:06:33.332371] EP IN  0x81 len=64 09cf230000008587845948833800001e784c000c00f46f67011aeb0a01c88091282294ffd0d98e00c01958102001000000000000000000000000000000000000
[12:06:33.333679] EP OUT 0x03 len=0 
[12:06:33.336391] EP IN  0x81 len=64 09d2230000008687845a48833800001e844c000c00aca867013eee0a01a28091ee0492fff03d9500e0a124101e01000000000000000000000000000000000000
[12:06:33.338312] EP OUT 0x03 len=0 
[12:06:33.344401] EP IN  0x81 len=64 09d3230000008687845938833800001e884c000c008aba6701b6ed0a017a8091daff8dff78059b00c0a40f101e01000000000000000000000000000000000000
[12:06:33.345787] EP OUT 0x03 len=0 
[12:06:33.348383] EP IN  0x81 len=64 09d5230000008577845958833800001e8f3c000c001cd2670192eb0a016280911f5788ff9a67a8000053e70f1a01000000000000000000000000000000000000
[12:06:33.350337] EP OUT 0x03 len=0 
[12:06:33.357325] EP OUT 0x03 len=0 
[12:06:33.360371] EP IN  0x81 len=64 09d8230000008687845948833800001e9b4c000c0066da670198e60a01798191373c82ffd8eab900c06ac90f1a01000000000000000000000000000000000000
[12:06:33.361831] EP OUT 0x03 len=0 
[12:06:33.364422] EP IN  0x81 len=64 09d9230000008687845948833800001e9f4c000c00ead467011ae40a011c82911d3883ff0c82be0050e9c80f2201000000000000000000000000000000000000
[12:06:33.366638] EP OUT 0x03 len=0 
[12:06:33.368700] EP OUT 0x03 len=0 
[12:06:33.372475] EP IN  0x81 len=64 09da230000008687845948833800001ea34c000c00f2cc670144e10a01d98291c6f584ff8a90c0003068cd0f2201000000000000000000000000000000000000
[12:06:33.374126] EP OUT 0x03 len=0 
[12:06:33.381141] EP OUT 0x03 len=0 
[12:06:33.384398] EP IN  0x81 len=64 09dc230000008687845948833800001eaa4c000c00f0bb670184da0a01de8391d52a89ff345fc3009025d70f2201000000000000000000000000000000000000
[12:06:33.385858] EP OUT 0x03 len=0 
[12:06:33.388456] EP IN  0x81 len=64 09df230000008687845948833800001eb64c000c00be99670120cb0a01a0849177dd90ffbcabc00090a2e80f1a01000000000000000000000000000000000000
[12:06:33.390544] EP OUT 0x03 len=0 
[12:06:33.396539] EP IN  0x81 len=64 09e0230000008687845948833800001eba4c000c001c8e670172c50a01cf8491de5b94ff9c6cbb00c061f10f1a01000000000000000000000000000000000000
[12:06:33.398128] EP OUT 0x03 len=0 
[12:06:33.405028] EP OUT 0x03 len=0 
[12:06:33.408437] EP IN  0x81 len=64 09e2230000008697845a38833800001ec14c000c00a07a670138bb0a01da8491009998ff922cae00c01fff0f1b01000000000000000000000000000000000000
[12:06:33.410049] EP OUT 0x03 len=0 
[12:06:33.417838] EP OUT 0x03 len=0 
[12:06:33.424960] EP OUT 0x03 len=0 
[12:06:33.432115] EP OUT 0x03 len=0 
[12:06:33.436465] EP IN  0x81 len=64 09e7230000008587845a48833800001ed43c000c001056670178980a01ee819139da98ff6a59a700609c20101f01000000000000000000000000000000000000
[12:06:33.437945] EP OUT 0x03 len=0 
[12:06:33.445266] EP OUT 0x03 len=0 
[12:06:33.448421] EP IN  0x81 len=64 09ec230000008597845948833800001ee84c000c002e3b67011c730a017f7c91fe1397ffac519400a09a26102301000000000000000000000000000000000000
[12:06:33.450063] EP OUT 0x03 len=0 
[12:06:33.457131] EP OUT 0x03 len=0 
[12:06:33.460416] EP IN  0x81 len=64 09ef230000008687845a58833800001ef34c000c00f032670102600a019e779114d290ff80818f00c01a2f101a01000000000000000000000000000000000000
[12:06:33.462183] EP OUT 0x03 len=0 
[12:06:33.469481] EP OUT 0x03 len=0 
[12:06:33.472425] EP IN  0x81 len=64 09f2230000008587845a48833800001eff4c000c00102d6701004d0a013c73918c1a82ff4cc08300e09a2b101a01000000000000000000000000000000000000
[12:06:33.474065] EP OUT 0x03 len=0 
[12:06:33.481098] EP OUT 0x03 len=0 
[12:06:33.484472] EP IN  0x81 len=64 09f5230000008687845948833800001e0a4d000c000a276701283e0a01d26f91a7e481ffac008100001d20101a01000000000000000000000000000000000000
[12:06:33.486271] EP OUT 0x03 len=0 
[12:06:33.493719] EP OUT 0x03 len=0 
[12:06:33.501006] EP OUT 0x03 len=0 
[12:06:33.504466] EP IN  0x81 len=64 09fa230000008687845958833800001e1d3d000c008818670126260a012d6b91814683ff7afc7d00c04820102101000000000000000000000000000000000000
[12:06:33.506079] EP OUT 0x03 len=0 
[12:06:33.513243] EP OUT 0x03 len=0 
[12:06:33.516452] EP IN  0x81 len=64 09fd230000008587845a58833800001e294d000c007a1267019e140a01ad6891a1d783ff8bc27d00a09c1d102601000000000000000000000000000000000000
[12:06:33.517965] EP OUT 0x03 len=0 
[12:06:33.520380] EP IN  0x81 len=64 0900230000008687845948833800001e343d000c0004106701f0030a015666910d9589ffa6a07900a0f31a101d01000000000000000000000000000000000000
[12:06:33.522564] EP OUT 0x03 len=0 
[12:06:33.524739] EP OUT 0x03 len=0 
[12:06:33.528378] EP IN  0x81 len=64 0901230000008687845858833800001e384d000c00b80e6701acfd09016f659148558cff42fe7800e09c1f101d01000000000000000000000000000000000000
[12:06:33.529721] EP OUT 0x03 len=0 
[12:06:33.532438] EP IN  0x81 len=64 0903230000008697845a58833800001e404d000c000e1267012cf109013f63916ed392ff092a7600809a34102201000000000000000000000000000000000000
[12:06:33.534558] EP OUT 0x03 len=0 
[12:06:33.540521] EP IN  0x81 len=64 0904230000008587845948833800001e444d000c007018670194ea0901dc6191fe4e93ff07d9740080593d102201000000000000000000000000000000000000
[12:06:33.541914] EP OUT 0x03 len=0 
[12:06:33.544405] EP IN  0x81 len=64 0906230000008687845948833800001e4b3d000c002428670106de0901665f9162de8cff3dd47700804344102201000000000000000000000000000000000000
[12:06:33.546558] EP OUT 0x03 len=0 
[12:06:33.552411] EP IN  0x81 len=64 0907230000008697845a48833800001e4f4d000c00f431670124d70901235e91ad4789ff88c27a00e09841101801000000000000000000000000000000000000
[12:06:33.553914] EP OUT 0x03 len=0 
[12:06:33.561112] EP OUT 0x03 len=0 
[12:06:33.564463] EP IN  0x81 len=64 0909230000008587845958833800001e574d000c000843670154ca0901dd5b91cd4f86ff7c898500a01b32101801000000000000000000000000000000000000
[12:06:33.566078] EP OUT 0x03 len=0 
[12:06:33.573778] EP OUT 0x03 len=0 
[12:06:33.576380] EP IN  0x81 len=64 090e230000008687845948833800001e6a4d000c00ac4f670126b609016e57911eb685ffda34840040600f102301000000000000000000000000000000000000
[12:06:33.578115] EP OUT 0x03 len=0 
[12:06:33.580469] EP OUT 0x03 len=0 
[12:06:33.582612] EP OUT 0x03 len=0 
[12:06:33.584748] EP OUT 0x03 len=0 
[12:06:33.588503] EP IN  0x81 len=64 090f230000008687845948833800001e6e4d000c00604d67010eb40901d15691248084ffdc3a820040e00f101f01000000000000000000000000000000000000
[12:06:33.589907] EP OUT 0x03 len=0 
[12:06:33.592423] EP IN  0x81 len=64 0912230000008687845958833800001e793d000c005a4167011eb00901b05591aa0d81ff30ff8300409f16101e01000000000000000000000000000000000000
[12:06:33.594642] EP OUT 0x03 len=0 
[12:06:33.596879] EP OUT 0x03 len=0 
[12:06:33.600372] EP IN  0x81 len=64 0913230000008687845948833800001e7d4d000c00383c670128af0901825591064e81ff64498300209f18101c01000000000000000000000000000000000000
[12:06:33.601986] EP OUT 0x03 len=0 
[12:06:33.609137] EP OUT 0x03 len=0 
[12:06:33.612406] EP IN  0x81 len=64 0915230000008687845958833800001e854d000c007632670146ad0901645591860c81fff4078400c0de1b101a01000000000000000000000000000000000000
[12:06:33.613876] EP OUT 0x03 len=0 
[12:06:33.616406] EP IN  0x81 len=64 0918230000008687845948833800001e903d000c00ca25670104aa09019f559119b583ff8eff850020f514101f01000000000000000000000000000000000000
[12:06:33.618528] EP OUT 0x03 len=0 
[12:06:33.624412] EP IN  0x81 len=64 0919230000008587845948833800001e944d000c00ea1f670192a80901cd5591340685ff5a8d8600605f11101f01000000000000000000000000000000000000
[12:06:33.625863] EP OUT 0x03 len=0 
[12:06:33.628444] EP IN  0x81 len=64 091b230000008687845a48833800001e9c4d000c00ca116701b4a409016c5691bcbe87ff60d7880040600b101e01000000000000000000000000000000000000
[12:06:33.630613] EP OUT 0x03 len=0 
[12:06:33.632794] EP OUT 0x03 len=0 
[12:06:33.636513] EP IN  0x81 len=64 091c230000008597845948833800001ea04d000c00c4086701caa20901dd5691d17f89ff381e8900c05f0b101b01000000000000000000000000000000000000
[12:06:33.638158] EP OUT 0x03 len=0 
[12:06:33.645568] EP OUT 0x03 len=0 
[12:06:33.648386] EP IN  0x81 len=64 091e230000008697845958833800001ea84d000c00f8f16601f4a009013a58919b0e89ff6e2e8600201d19101b01000000000000000000000000000000000000
[12:06:33.649687] EP OUT 0x03 len=0 
[12:06:33.652452] EP IN  0x81 len=64 0921230000008697845a48833800001eb34d000c00c8d0660156a30901915a91c95f94ffae2a8700609a35101e01000000000000000000000000000000000000
[12:06:33.654652] EP OUT 0x03 len=0 
[12:06:33.660471] EP IN  0x81 len=64 0922230000008687845948833800001eb74d000c0084c7660128a50901425b9108a597ffb41f8700a0d93b101e01000000000000000000000000000000000000
[12:06:33.662072] EP OUT 0x03 len=0 
[12:06:33.669419] EP OUT 0x03 len=0 
[12:06:33.672396] EP IN  0x81 len=64 0924230000008587845a48833800001ebf4d000c00c8bc6601dca80901435c9174e29bff78c38300201a40102701000000000000000000000000000000000000
[12:06:33.673955] EP OUT 0x03 len=0 
[12:06:33.681211] EP OUT 0x03 len=0 
[12:06:33.684479] EP IN  0x81 len=64 0927230000008587845a48833800001eca4d000c004cc1660142ac0901a35c91edd69fff90d97f00a0db3b102701000000000000000000000000000000000000
[12:06:33.686013] EP OUT 0x03 len=0 
[12:06:33.693291] EP OUT 0x03 len=0 
[12:06:33.696393] EP IN  0x81 len=64 092a230000008687845a48833800001ed64d000c0008cd6601d8ad0901575c910e519afff0588800209f22102601000000000000000000000000000000000000
[12:06:33.697980] EP OUT 0x03 len=0 
[12:06:33.700443] EP IN  0x81 len=64 092d230000008687845948833800001ee14d000c0028cd660138ae09017e5c91510f97ff22f28e00a0210c101f01000000000000000000000000000000000000
[12:06:33.702737] EP OUT 0x03 len=0 
[12:06:33.705039] EP OUT 0x03 len=0 
[12:06:33.708389] EP IN  0x81 len=64 092e230000008587845a48833800001ee54d000c009cca6601e0ad0901c05c910fcd96ff24788e00c0a109101f01000000000000000000000000000000000000
[12:06:33.709893] EP OUT 0x03 len=0 
[12:06:33.712384] EP IN  0x81 len=64 0930230000008687845948833800001eed4d000c00d0c2660168ab0901725d91b9bf98ff22858c00802108101f01000000000000000000000000000000000000
[12:06:33.714471] EP OUT 0x03 len=0 
[12:06:33.720422] EP IN  0x81 len=64 0931230000008587845948833800001ef03d000c00ecbf660102aa0901c05d919a019aff8efb8900004c09101f01000000000000000000000000000000000000
[12:06:33.722010] EP OUT 0x03 len=0 
[12:06:33.729160] EP OUT 0x03 len=0 
[12:06:33.732464] EP IN  0x81 len=64 0933230000008687845a48833800001ef84d000c000eb766011aa50901af5e91d7729aff5e49860080200a101f01000000000000000000000000000000000000
[12:06:33.734042] EP OUT 0x03 len=0 
[12:06:33.741309] EP OUT 0x03 len=0 
[12:06:33.744394] EP IN  0x81 len=64 0936230000008687845958833800001e044e000c0074a56601fa9d09015c609193369eff3e937f00609f11101f01000000000000000000000000000000000000
[12:06:33.745947] EP OUT 0x03 len=0 
[12:06:33.753092] EP OUT 0x03 len=0 
[12:06:33.756507] EP IN  0x81 len=64 0939230000008587845958833800001e0f4e000c003a8f6601d49a0901df6191ed87a8ffd59e7400805e19102201000000000000000000000000000000000000
[12:06:33.758113] EP OUT 0x03 len=0 
[12:06:33.765241] EP OUT 0x03 len=0 
[12:06:33.768433] EP IN  0x81 len=64 093c230000008587845a48833800001e1b4e000c00647466011c9c0901f36291b917afff22e06d00c0dd21102201000000000000000000000000000000000000
[12:06:33.770070] EP OUT 0x03 len=0 
[12:06:33.777400] EP OUT 0x03 len=0 
[12:06:33.780487] EP IN  0x81 len=64 093f230000008687845948833800001e264e000c00f85b66017c9e0901a863912d1aaaffc01d7100001d27102101000000000000000000000000000000000000
[12:06:33.782125] EP OUT 0x03 len=0 
[12:06:33.789545] EP OUT 0x03 len=0 
[12:06:33.797012] EP OUT 0x03 len=0 
[12:06:33.804269] EP OUT 0x03 len=0 
[12:06:33.808428] EP IN  0x81 len=64 0944230000008687845a48833800001e394e000c00563f66010c9e09018c64917d09a5ff7fca7600c09b2e102101000000000000000000000000000000000000
[12:06:33.810246] EP OUT 0x03 len=0 
[12:06:33.816382] EP IN  0x81 len=64 0949230000008587845a38833800001e4d4e000c00ca2d6601a69709016d6391f780a3ff2ac07400201d26101d01000000000000000000000000000000000000
[12:06:33.819007] EP OUT 0x03 len=0 
[12:06:33.824412] EP IN  0x81 len=64 094b230000008687845958833800001e544e000c00fc276601ac94090183629115c2a3ff46047500805d23101f01000000000000000000000000000000000000
[12:06:33.826139] EP OUT 0x03 len=0 
[12:06:33.833734] EP OUT 0x03 len=0 
[12:06:33.840926] EP OUT 0x03 len=0 
[12:06:33.848290] EP OUT 0x03 len=0 
[12:06:33.852483] EP IN  0x81 len=64 094f230000008687845948833800001e644e000c00ea1666016c8e0901486091c984a0ff2e087700209d26102001000000000000000000000000000000000000
[12:06:33.854151] EP OUT 0x03 len=0 
[12:06:33.861767] EP OUT 0x03 len=0 
[12:06:33.864391] EP IN  0x81 len=64 0956230000008577845a48833800001e7e3e000c001efc6501ca840901375d91a6af94ffd3507800009d28102101000000000000000000000000000000000000
[12:06:33.865900] EP OUT 0x03 len=0 
[12:06:33.868183] EP OUT 0x03 len=0 
[12:06:33.870927] EP OUT 0x03 len=0 
[12:06:33.873026] EP OUT 0x03 len=0 
[12:06:33.876486] EP IN  0x81 len=64 0957230000008587845948833800001e824e000c0062fa65015e820901c35c913cba93ffcafc7600609c29102101000000000000000000000000000000000000
[12:06:33.878105] EP OUT 0x03 len=0 
[12:06:33.885291] EP OUT 0x03 len=0 
[12:06:33.888394] EP IN  0x81 len=64 095a230000008687845948833800001e8e4e000c0060f76501ac7909016d5d91c1668eff04fc7a00201c27101e01000000000000000000000000000000000000
[12:06:33.889939] EP OUT 0x03 len=0 
[12:06:33.897161] EP OUT 0x03 len=0 
[12:06:33.900390] EP IN  0x81 len=64 095d230000008587845958833800001e994e000c0068f1650120710901d05e91473191ffbe006f00a09f11101d01000000000000000000000000000000000000
[12:06:33.901886] EP OUT 0x03 len=0 
[12:06:33.904391] EP IN  0x81 len=64 0960230000008587845948833800001ea54e000c00b4e36501b4690901415e91473f8fff410e7500c01f10101e01000000000000000000000000000000000000
[12:06:33.906566] EP OUT 0x03 len=0 
[12:06:33.912404] EP IN  0x81 len=64 0961230000008687845a48833800001ea94e000c0040dd65012e680901265e9161848dff82537500805f12101e01000000000000000000000000000000000000
[12:06:33.913845] EP OUT 0x03 len=0 
[12:06:33.921204] EP OUT 0x03 len=0 
[12:06:33.924469] EP IN  0x81 len=64 0963230000008687845a58833800001eb04e000c0058d0650158670901365e912ed38eff43177600209e1c102101000000000000000000000000000000000000
[12:06:33.926073] EP OUT 0x03 len=0 
[12:06:33.933383] EP OUT 0x03 len=0 
[12:06:33.936413] EP IN  0x81 len=64 0966230000008687845958833800001ebc4e000c00dcc065019e670901065f9188d692ff5dc26800401d27101f01000000000000000000000000000000000000
[12:06:33.937884] EP OUT 0x03 len=0 
[12:06:33.940403] EP IN  0x81 len=64 0969230000008687845958833800001ec74e000c0060bf65010a680901d15d91bbd290ff85f06a00c0de22101b01000000000000000000000000000000000000
[12:06:33.942576] EP OUT 0x03 len=0 
[12:06:33.944920] EP OUT 0x03 len=0 
[12:06:33.948466] EP IN  0x81 len=64 096a230000008697845958833800001ecb4e000c0004bf6501d6670901875d91b8908fff12326e00a01e1f101b01000000000000000000000000000000000000
[12:06:33.949858] EP OUT 0x03 len=0 
[12:06:33.957158] EP OUT 0x03 len=0 
[12:06:33.960379] EP IN  0x81 len=64 096c230000008687845948833800001ed34e000c002cbc6501a8660901455d91130b8cffaff97100002015101e01000000000000000000000000000000000000
[12:06:33.961929] EP OUT 0x03 len=0 
[12:06:33.969204] EP OUT 0x03 len=0 
[12:06:33.972396] EP IN  0x81 len=64 096f230000008687845948833800001ede3e000c0090b16501ee620901705d91b0078dff9501740000a10c102401000000000000000000000000000000000000
[12:06:33.973818] EP OUT 0x03 len=0 
[12:06:33.981171] EP OUT 0x03 len=0 
[12:06:33.984440] EP IN  0x81 len=64 0972230000008687845948833800001eea4e000c00d6a365017c5c09011f5e91647795ff79896f0000df15102401000000000000000000000000000000000000
[12:06:33.986210] EP OUT 0x03 len=0 
[12:06:33.993695] EP OUT 0x03 len=0 
[12:06:33.996454] EP IN  0x81 len=64 0977230000008587845948833800001efd4e000c005c96650132550901d65e910b87a0ffca006200e01d21101d01000000000000000000000000000000000000
[12:06:33.998219] EP OUT 0x03 len=0 
[12:06:34.000881] EP OUT 0x03 len=0 
[12:06:34.003219] EP OUT 0x03 len=0 
[12:06:34.008446] EP IN  0x81 len=64 0978230000008697845a48833800001e014f000c004c94650116550901f65e91384ba1ff5e7d6200c0dd24101c01000000000000000000000000000000000000
[12:06:34.010108] EP OUT 0x03 len=0 
[12:06:34.016947] EP OUT 0x03 len=0 
[12:06:34.020434] EP IN  0x81 len=64 097b230000008677845948833800001e0c3f000c00dc91650170560901085f91b312a3ff839a6900e04633101d01000000000000000000000000000000000000
[12:06:34.022170] EP OUT 0x03 len=0 
[12:06:34.029616] EP OUT 0x03 len=0 
[12:06:34.032452] EP IN  0x81 len=64 0980230000008687845948833800001e204f000c009a9a6501d8590901275f910dd59bff14a87000a05d29102101000000000000000000000000000000000000
[12:06:34.034230] EP OUT 0x03 len=0 
[12:06:34.041649] EP OUT 0x03 len=0 
[12:06:34.048816] EP OUT 0x03 len=0 
[12:06:34.056029] EP OUT 0x03 len=0 
[12:06:34.060478] EP IN  0x81 len=64 0983230000008687845a48833800001e2b4f000c00969c6501b05b0901af5f91ed909efffaac6c00605f1d102101000000000000000000000000000000000000
[12:06:34.062161] EP OUT 0x03 len=0 
[12:06:34.069597] EP OUT 0x03 len=0 
[12:06:34.072404] EP IN  0x81 len=64 0988230000008687845948833800001e3e4f000c00c89b65015059090146619186449bff637b6c00c0a107102301000000000000000000000000000000000000
[12:06:34.074078] EP OUT 0x03 len=0 
[12:06:34.076779] EP OUT 0x03 len=0 
[12:06:34.078977] EP OUT 0x03 len=0 
[12:06:34.084425] EP IN  0x81 len=64 098b230000008687845a48833800001e4a4f000c00408d6501ae5909015e6391e2d19fff2a8a6a00201f1b102501000000000000000000000000000000000000
[12:06:34.086122] EP OUT 0x03 len=0 
[12:06:34.093584] EP OUT 0x03 len=0 
[12:06:34.096389] EP IN  0x81 len=64 0990230000008687845948833800001e5d4f000c0038a16501e05609014c64912d7da8ffb64d6f00409f23101a01000000000000000000000000000000000000
[12:06:34.098009] EP OUT 0x03 len=0 
[12:06:34.100352] EP OUT 0x03 len=0 
[12:06:34.102553] EP OUT 0x03 len=0 
[12:06:34.104740] EP OUT 0x03 len=0 
[12:06:34.108476] EP IN  0x81 len=64 0991230000008687845a48833800001e614f000c00b8a56501125609016164913f3fa7ffda147400806019101e01000000000000000000000000000000000000
[12:06:34.110129] EP OUT 0x03 len=0 
[12:06:34.116945] EP OUT 0x03 len=0 
[12:06:34.120395] EP IN  0x81 len=64 0994230000008597845a58833800001e6c3f000c00fca365013e550901f56491d60aa7ff49a27b0080a207101e01000000000000000000000000000000000000
[12:06:34.121924] EP OUT 0x03 len=0 
[12:06:34.129101] EP OUT 0x03 len=0 
[12:06:34.132426] EP IN  0x81 len=64 0997230000008697845a48833800001e784f000c00e4976501585509017e6591b70ea9ff1e857300c09f18101e01000000000000000000000000000000000000
[12:06:34.133800] EP OUT 0x03 len=0 
[12:06:34.141147] EP OUT 0x03 len=0 
[12:06:34.144394] EP IN  0x81 len=64 099a230000008687845958833800001e833f000c0064916501f2550901b06591e710a8fff9f46e0020f32a101a01000000000000000000000000000000000000
[12:06:34.145933] EP OUT 0x03 len=0 
[12:06:34.153255] EP OUT 0x03 len=0 
[12:06:34.156462] EP IN  0x81 len=64 099d230000008687845958833800001e8f4f000c00dc8c6501d65609018665915191a6ff7cf7720000de24101e01000000000000000000000000000000000000
[12:06:34.158041] EP OUT 0x03 len=0 
[12:06:34.165326] EP OUT 0x03 len=0 
[12:06:34.168395] EP IN  0x81 len=64 09a0230000008687845948833800001e9a3f000c009684650128560901556591230da7ff8953700040a015101e01000000000000000000000000000000000000
[12:06:34.170029] EP OUT 0x03 len=0 
[12:06:34.177427] EP OUT 0x03 len=0 
[12:06:34.180442] EP IN  0x81 len=64 09a3230000008597845958833800001ea64f000c00447c650162530901826491f983a7ff84bc670020e013102501000000000000000000000000000000000000
[12:06:34.182034] EP OUT 0x03 len=0 
[12:06:34.189619] EP OUT 0x03 len=0 
[12:06:34.192402] EP IN  0x81 len=64 09a8230000008687845a48833800001eb94f000c00a8766501204b090184629191c19aff4fbd6c00e05f13102101000000000000000000000000000000000000
[12:06:34.194083] EP OUT 0x03 len=0 
[12:06:34.196721] EP OUT 0x03 len=0 
[12:06:34.199003] EP OUT 0x03 len=0 
[12:06:34.204417] EP IN  0x81 len=64 09a9230000008597845958833800001ebd4f000c00f8736501fe490901516291b64599ffe9bf6e00a0df16102201000000000000000000000000000000000000
[12:06:34.205912] EP OUT 0x03 len=0 
[12:06:34.208361] EP IN  0x81 len=64 09ac230000008697845958833800001ec83f000c00c06d6501a046090184619192089aff66a26d00604826102401000000000000000000000000000000000000
[12:06:34.210490] EP OUT 0x03 len=0 
[12:06:34.212858] EP OUT 0x03 len=0 
[12:06:34.216405] EP IN  0x81 len=64 09ad230000008587845a48833800001ecc4f000c00ae6c65014645090114619112059affba776b00005d28102301000000000000000000000000000000000000
[12:06:34.217944] EP OUT 0x03 len=0 
[12:06:34.225193] EP OUT 0x03 len=0 
[12:06:34.228423] EP IN  0x81 len=64 09af230000008697845948833800001ed44f000c008c6b6501ee4209014f6091750699ffd4f36700c01d24102101000000000000000000000000000000000000
[12:06:34.229951] EP OUT 0x03 len=0 
[12:06:34.237244] EP OUT 0x03 len=0 
[12:06:34.240419] EP IN  0x81 len=64 09b2230000008687845948833800001edf3f000c00a86565011a410901b65f91e70d99ff13516600609f1c101f01000000000000000000000000000000000000
[12:06:34.241794] EP OUT 0x03 len=0 
[12:06:34.244461] EP IN  0x81 len=64 09b5230000008687845a48833800001eeb4f000c00045f6501503e0901395f913ec798ff27bd6500409e21101f01000000000000000000000000000000000000
[12:06:34.246598] EP OUT 0x03 len=0 
[12:06:34.252482] EP IN  0x81 len=64 09b6230000008587845948833800001eef4f000c00105d6501543d09011d5f912f4797ff387d650040de21102401000000000000000000000000000000000000
[12:06:34.254021] EP OUT 0x03 len=0 
[12:06:34.261697] EP OUT 0x03 len=0 
[12:06:34.264472] EP IN  0x81 len=64 09ba230000008587845948833800001efe4f000c008e5465014c390901155f911d8798ff02c06e0020de1f102101000000000000000000000000000000000000
[12:06:34.266129] EP OUT 0x03 len=0 
[12:06:34.268903] EP OUT 0x03 len=0 
[12:06:34.271951] EP OUT 0x03 len=0 
[12:06:34.276398] EP IN  0x81 len=64 09bb230000008687845958833800001e0240000c00dc506501803609014d60911ef199fff5857500a05c23102101000000000000000000000000000000000000
[12:06:34.277747] EP OUT 0x03 len=0 
[12:06:34.280405] EP IN  0x81 len=64 09be230000008587845848833800001e0e40000c009c4965018c2a0901f463915a9e9bff973d6200a05f12102101000000000000000000000000000000000000
[12:06:34.282571] EP OUT 0x03 len=0 
[12:06:34.288412] EP IN  0x81 len=64 09bf230000008687845a48833800001e1130000c003048650156270901036491c49a9cffe751610060a010102201000000000000000000000000000000000000
[12:06:34.289946] EP OUT 0x03 len=0 
[12:06:34.297344] EP OUT 0x03 len=0 
[12:06:34.300460] EP IN  0x81 len=64 09c1230000008587845958833800001e1940000c00b8426501d81e0901fa6391ece29bff51876800e05f11102201000000000000000000000000000000000000
[12:06:34.302110] EP OUT 0x03 len=0 
[12:06:34.309434] EP OUT 0x03 len=0 
[12:06:34.312385] EP IN  0x81 len=64 09c4230000008587845a58833800001e2540000c0082346501d21409011864919f709dff52926d00405f12101801000000000000000000000000000000000000
[12:06:34.313979] EP OUT 0x03 len=0 
[12:06:34.321082] EP OUT 0x03 len=0 
[12:06:34.324429] EP IN  0x81 len=64 09c7230000008687845948833800001e3040000c000a2365014a0d090152649167f69dff3a166d00e01e19101c01000000000000000000000000000000000000
[12:06:34.325845] EP OUT 0x03 len=0 
[12:06:34.333317] EP OUT 0x03 len=0 
[12:06:34.336424] EP IN  0x81 len=64 09ca230000008687845a48833800001e3c40000c0072106501a8060901b46491b6fc9dff7e556b00805d20101d01000000000000000000000000000000000000
[12:06:34.337965] EP OUT 0x03 len=0 
[12:06:34.345265] EP OUT 0x03 len=0 
[12:06:34.348459] EP IN  0x81 len=64 09cd230000008687845a48833800001e4740000c0018f86401f8000901ae67910ab09cff98aa6800609c22102001000000000000000000000000000000000000
[12:06:34.349989] EP OUT 0x03 len=0 
[12:06:34.357502] EP OUT 0x03 len=0 
[12:06:34.360452] EP IN  0x81 len=64 09d0230000008577845a48833800001e5340000c00f0de6401b4fd08012d6a910548a1ffebdc5e00c0dc27101c01000000000000000000000000000000000000
[12:06:34.362110] EP OUT 0x03 len=0 
[12:06:34.369562] EP OUT 0x03 len=0 
[12:06:34.372452] EP IN  0x81 len=64 09d3230000008697845a48833800001e5e40000c00ced3640124fe0801ff6a912cd49fff0a005a00209947101c01000000000000000000000000000000000000
[12:06:34.374067] EP OUT 0x03 len=0 
[12:06:34.381667] EP OUT 0x03 len=0 
[12:06:34.384363] EP IN  0x81 len=64 09d8230000008687845958833800001e7140000c006ef5640148040901db6a9121d7aaffcc325700009b43101f01000000000000000000000000000000000000
[12:06:34.386217] EP OUT 0x03 len=0 
[12:06:34.388692] EP OUT 0x03 len=0 
[12:06:34.390702] EP OUT 0x03 len=0 
[12:06:34.392768] EP OUT 0x03 len=0 
[12:06:34.396455] EP IN  0x81 len=64 09d9230000008587845a48833800001e7540000c00e0006501ea050901826a91bdd8a8ff2af05900e09d34101f01000000000000000000000000000000000000
[12:06:34.397963] EP OUT 0x03 len=0 
[12:06:34.405306] EP OUT 0x03 len=0 
[12:06:34.408433] EP IN  0x81 len=64 09dc230000008697845948833800001e8140000c00a41a6501900a0901b06991b01aa3ffae89620060a30c101f01000000000000000000000000000000000000
[12:06:34.410168] EP OUT 0x03 len=0 
[12:06:34.417758] EP OUT 0x03 len=0 
[12:06:34.424946] EP OUT 0x03 len=0 
[12:06:34.432469] EP OUT 0x03 len=0 
[12:06:34.436493] EP IN  0x81 len=64 09e1230000008687845958833800001e9440000c0064206501d00a0901eb6991da0298ff6ff56f00402208101801000000000000000000000000000000000000
[12:06:34.438011] EP OUT 0x03 len=0 
[12:06:34.445313] EP OUT 0x03 len=0 
[12:06:34.448419] EP IN  0x81 len=64 09e6230000008687845948833800001ea740000c00dc186501e2000901bb6b918574a2ff44fd7000a09f16102601000000000000000000000000000000000000
[12:06:34.450086] EP OUT 0x03 len=0 
[12:06:34.457432] EP OUT 0x03 len=0 
[12:06:34.460454] EP IN  0x81 len=64 09e9230000008587845a58833800001eb340000c00b010650140fa08018e6c91d4b5aeffc5836d00009f1a102101000000000000000000000000000000000000
[12:06:34.462187] EP OUT 0x03 len=0 
[12:06:34.469359] EP OUT 0x03 len=0 
[12:06:34.472402] EP IN  0x81 len=64 09ec230000008587845948833800001ebe40000c0020096501eef10801336f913b60b1ffcc456a00601e1b101d01000000000000000000000000000000000000
[12:06:34.473959] EP OUT 0x03 len=0 
[12:06:34.476439] EP IN  0x81 len=64 09ef230000008787845948833800001eca40000c001004650112ea0801c86f916ff2b3ff8f7d6200201f19101c01000000000000000000000000000000000000
[12:06:34.478943] EP OUT 0x03 len=0 
[12:06:34.484460] EP IN  0x81 len=64 09f0230000008687845a48833800001ecd30000c00380265018ce808018b6f916efeb2ff9aa56500409f1d102201000000000000000000000000000000000000
[12:06:34.486260] EP OUT 0x03 len=0 
[12:06:34.493757] EP OUT 0x03 len=0 
[12:06:34.501165] EP OUT 0x03 len=0 
[12:06:34.508169] EP OUT 0x03 len=0 
[12:06:34.512438] EP IN  0x81 len=64 09f4230000008577845948833800001edd40000c0040f3640184e40801f26d9151c9adff2ac86000e09e1f102201000000000000000000000000000000000000
[12:06:34.514151] EP OUT 0x03 len=0 
[12:06:34.521567] EP OUT 0x03 len=0 
[12:06:34.524446] EP IN  0x81 len=64 09fb230000008587845a48833800001ef840000c0016cd640184e20801796c913150a7ff47595800409e1d101e01000000000000000000000000000000000000
[12:06:34.526090] EP OUT 0x03 len=0 
[12:06:34.533424] EP OUT 0x03 len=0 
[12:06:34.536420] EP IN  0x81 len=64 09fc230000008687845a58833800001efb30000c0014c864013ae208018f6c911d0da7ffb1b65800e09e1e101e01000000000000000000000000000000000000
[12:06:34.538219] EP OUT 0x03 len=0 
[12:06:34.540738] EP OUT 0x03 len=0 
[12:06:34.542607] EP OUT 0x03 len=0 
[12:06:34.544665] EP OUT 0x03 len=0 
[12:06:34.548462] EP IN  0x81 len=64 09ff230000008687845948833800001e0741000c00e0b4640108e10801226d91b58ca6fff8945600c0de1c102801000000000000000000000000000000000000
[12:06:34.549886] EP OUT 0x03 len=0 
[12:06:34.557289] EP OUT 0x03 len=0 
[12:06:34.560391] EP IN  0x81 len=64 0902230000008697845948833800001e1341000c00d4a46401badf0801006e91ed07a7ff93505600a09d21101f01000000000000000000000000000000000000
[12:06:34.561898] EP OUT 0x03 len=0 
[12:06:34.569457] EP OUT 0x03 len=0 
[12:06:34.572471] EP IN  0x81 len=64 0905230000008677845948833800001e1e41000c00a298640146dd0801fd6e912e45a5ffcbcc5800a09d22102001000000000000000000000000000000000000
[12:06:34.574053] EP OUT 0x03 len=0 
[12:06:34.580952] EP OUT 0x03 len=0 
[12:06:34.584427] EP IN  0x81 len=64 0908230000008687845a48833800001e2a41000c007690640122db08016e6f918446abffc87e5700805d27102101000000000000000000000000000000000000
[12:06:34.586041] EP OUT 0x03 len=0 
[12:06:34.593481] EP OUT 0x03 len=0 
[12:06:34.601086] EP OUT 0x03 len=0 
[12:06:34.608507] EP OUT 0x03 len=0 
[12:06:34.612386] EP IN  0x81 len=64 0910230000008587845948833800001e4841000c00f0976401aad308010c6e914407a6ff11f26300a0dd27102101000000000000000000000000000000000000
[12:06:34.613938] EP OUT 0x03 len=0 
[12:06:34.621076] EP OUT 0x03 len=0 
[12:06:34.624379] EP IN  0x81 len=64 0912230000008687845948833800001e5041000c00189964014ed10801b36d91d27fa7ffdc2e6600e01c2c101e01000000000000000000000000000000000000
[12:06:34.625795] EP OUT 0x03 len=0 
[12:06:34.633229] EP OUT 0x03 len=0 
[12:06:34.636461] EP IN  0x81 len=64 0915230000008577845948833800001e5b31000c00d49b64016ccd08011b6d91faaea3ff55f16700404827101e01000000000000000000000000000000000000
[12:06:34.638024] EP OUT 0x03 len=0 
[12:06:34.645715] EP OUT 0x03 len=0 
[12:06:34.652851] EP OUT 0x03 len=0 
[12:06:34.659879] EP OUT 0x03 len=0 
[12:06:34.664434] EP IN  0x81 len=64 091a230000008687845948833800001e6f41000c00ec94640108c70801716c9192849dffb37e6500c05e1f102501000000000000000000000000000000000000
[12:06:34.666168] EP OUT 0x03 len=0 
[12:06:34.673716] EP OUT 0x03 len=0 
[12:06:34.681163] EP OUT 0x03 len=0 
[12:06:34.688412] EP OUT 0x03 len=0 
[12:06:34.692402] EP IN  0x81 len=64 0921230000008587845a48833800001e8931000c00c48e6401a8c00801cb6b91c908a1ffdff45a00a04b13101e01000000000000000000000000000000000000
[12:06:34.694076] EP OUT 0x03 len=0 
[12:06:34.701733] EP OUT 0x03 len=0 
[12:06:34.709199] EP OUT 0x03 len=0 
[12:06:34.716187] EP OUT 0x03 len=0 
[12:06:34.720395] EP IN  0x81 len=64 0928230000008597845948833800001ea431000c00fc8b640184b70801b36b91ce03a7ffc050560060a10b101e01000000000000000000000000000000000000
[12:06:34.722039] EP OUT 0x03 len=0 
[12:06:34.729497] EP OUT 0x03 len=0 
[12:06:34.732462] EP IN  0x81 len=64 092f230000008687845948833800001ebf41000c00d072640178ae0801816c910704abff2d8f5800c05c28101f01000000000000000000000000000000000000
[12:06:34.734203] EP OUT 0x03 len=0 
[12:06:34.741616] EP OUT 0x03 len=0 
[12:06:34.744432] EP IN  0x81 len=64 0932230000008587845958833800001ecb41000c006269640102ab0801226d911901adffd8035300005c31101f01000000000000000000000000000000000000
[12:06:34.746131] EP OUT 0x03 len=0 
[12:06:34.753484] EP OUT 0x03 len=0 
[12:06:34.756471] EP IN  0x81 len=64 0933230000008677845958833800001ecf41000c006067640100aa08014d6d910041aeff6a014f00c09b32101a01000000000000000000000000000000000000
[12:06:34.758187] EP OUT 0x03 len=0 
[12:06:34.765768] EP OUT 0x03 len=0 
[12:06:34.768399] EP IN  0x81 len=64 0938230000008687845a48833800001ee241000c003c76640132ab0801c16d919e50bbffc2914700a01c36101f01000000000000000000000000000000000000
[12:06:34.769903] EP OUT 0x03 len=0 
[12:06:34.772454] EP OUT 0x03 len=0 
[12:06:34.774596] EP OUT 0x03 len=0 
[12:06:34.780421] EP IN  0x81 len=64 0939230000008587845a48833800001ee641000c00787d640170ac0801886d912b93bcff858d4800805c33101f01000000000000000000000000000000000000
[12:06:34.782134] EP OUT 0x03 len=0 
[12:06:34.789815] EP OUT 0x03 len=0 
[12:06:34.797013] EP OUT 0x03 len=0 
[12:06:34.804250] EP OUT 0x03 len=0 
[12:06:34.808414] EP IN  0x81 len=64 093e230000008587845948833800001ef941000c00e89e640148b308016f6c91b7d8a9ffb052540000201f101b01000000000000000000000000000000000000
[12:06:34.810211] EP OUT 0x03 len=0 
[12:06:34.817544] EP OUT 0x03 len=0 
[12:06:34.820449] EP IN  0x81 len=64 0945230000008587845948833800001e1442000c00d8b0640130b308012a6d911d00a0ff76726400402205101f01000000000000000000000000000000000000
[12:06:34.822248] EP OUT 0x03 len=0 
[12:06:34.825164] EP OUT 0x03 len=0 
[12:06:34.827840] EP OUT 0x03 len=0 
[12:06:34.832407] EP IN  0x81 len=64 0946230000008597845a58833800001e1732000c00f8af640178b20801726d91aab0a0ff904a660080a205101f01000000000000000000000000000000000000
[12:06:34.833900] EP OUT 0x03 len=0 
[12:06:34.841321] EP OUT 0x03 len=0 
[12:06:34.844434] EP IN  0x81 len=64 0949230000008687845a48833800001e2342000c004ca6640160ae0801a86e91ff3da7ffd5086900402109102001000000000000000000000000000000000000
[12:06:34.845875] EP OUT 0x03 len=0 
[12:06:34.848386] EP IN  0x81 len=64 094c230000008687845948833800001e2f42000c000a996401a0aa0801516f91c182abff044b6600a0df17101901000000000000000000000000000000000000
[12:06:34.850706] EP OUT 0x03 len=0 
[12:06:34.853240] EP OUT 0x03 len=0 
[12:06:34.856413] EP IN  0x81 len=64 094d230000008587845958833800001e3232000c00fe956401e4a908015d6f91415cadff1c016600009f1a101901000000000000000000000000000000000000
[12:06:34.857888] EP OUT 0x03 len=0 
[12:06:34.860476] EP IN  0x81 len=64 094f230000008687845a48833800001e3a42000c00b48d640162a80801446f911ac8aeff40c9650080de1d101901000000000000000000000000000000000000
[12:06:34.862819] EP OUT 0x03 len=0 
[12:06:34.865003] EP OUT 0x03 len=0 
[12:06:34.868503] EP IN  0x81 len=64 0950230000008587845948833800001e3e42000c0070896401f2a70801176f913dcbaeffd4c86400a0de1d102101000000000000000000000000000000000000
[12:06:34.870038] EP OUT 0x03 len=0 
[12:06:34.877471] EP OUT 0x03 len=0 
[12:06:34.880397] EP IN  0x81 len=64 0952230000008687845948833800001e4642000c00607e640180a708019a6e91a251acff1611610000df1b102401000000000000000000000000000000000000
[12:06:34.881760] EP OUT 0x03 len=0 
[12:06:34.884441] EP IN  0x81 len=64 0955230000008687845948833800001e5142000c00d8696401b0a70801de6d915497a7ff141d5b0060de1d101601000000000000000000000000000000000000
[12:06:34.886806] EP OUT 0x03 len=0 
[12:06:34.888862] EP OUT 0x03 len=0 
[12:06:34.892445] EP IN  0x81 len=64 0956230000008687845948833800001e5542000c009c626401aaa70801ba6d915894a6ff2d9c5800c05d22101601000000000000000000000000000000000000
[12:06:34.894027] EP OUT 0x03 len=0 
[12:06:34.901361] EP OUT 0x03 len=0 
[12:06:34.904438] EP IN  0x81 len=64 0958230000008687845a58833800001e5d42000c006059640180a608019c6d914c0aa4ff474a5300609d28101c01000000000000000000000000000000000000
[12:06:34.905910] EP OUT 0x03 len=0 
[12:06:34.913336] EP OUT 0x03 len=0 
[12:06:34.916397] EP IN  0x81 len=64 095b230000008687845938833800001e6842000c00605364016ea20801d66d91febda0ff91025200601d26102201000000000000000000000000000000000000
[12:06:34.918040] EP OUT 0x03 len=0 
[12:06:34.925027] EP OUT 0x03 len=0 
[12:06:34.928439] EP IN  0x81 len=64 095e230000008587845958833800001e7442000c000a4a6401909d0801916e916ffda3ff2b0a5100a01e1b102401000000000000000000000000000000000000
[12:06:34.929959] EP OUT 0x03 len=0 
[12:06:34.937126] EP OUT 0x03 len=0 
[12:06:34.940463] EP IN  0x81 len=64 0961230000008577845948833800001e7f42000c00a840640194990801516f9189bda9ffbf884c00e05e1e102101000000000000000000000000000000000000
[12:06:34.942002] EP OUT 0x03 len=0 
[12:06:34.949511] EP OUT 0x03 len=0 
[12:06:34.952399] EP IN  0x81 len=64 0964230000008687845a48833800001e8b42000c00a83a640188950801cd6f91ebfdacff3c3d500080dd23102101000000000000000000000000000000000000
[12:06:34.953969] EP OUT 0x03 len=0 
[12:06:34.961156] EP OUT 0x03 len=0 
[12:06:34.964533] EP IN  0x81 len=64 0967230000008687845858833800001e9642000c0054386401a69008014370913678acff507b5700a01d23102001000000000000000000000000000000000000
[12:06:34.966023] EP OUT 0x03 len=0 
[12:06:34.973194] EP OUT 0x03 len=0 
[12:06:34.976409] EP IN  0x81 len=64 096a230000008687845958833800001ea242000c00c4316401fa8a080133719106b8afffcc045a00609e1d102601000000000000000000000000000000000000
[12:06:34.978120] EP OUT 0x03 len=0 
[12:06:34.985881] EP OUT 0x03 len=0 
[12:06:34.993230] EP OUT 0x03 len=0 
[12:06:35.000398] EP OUT 0x03 len=0 
[12:06:35.004466] EP IN  0x81 len=64 096f230000008587845a48833800001eb542000c00dc24640188840801cf7191d480bdffec835200c09e1c101b01000000000000000000000000000000000000
[12:06:35.006160] EP OUT 0x03 len=0 
[12:06:35.013580] EP OUT 0x03 len=0 
[12:06:35.016528] EP IN  0x81 len=64 0976230000008687845a48833800001ed042000c00b8126401be7f08012a70912b05b3ffda815400a0df16101b01000000000000000000000000000000000000
[12:06:35.018227] EP OUT 0x03 len=0 
[12:06:35.025641] EP OUT 0x03 len=0 
[12:06:35.028394] EP IN  0x81 len=64 0979230000008587845a48833800001edb42000c003c0c6401227c0801be6f91137caeff4e04530040a014101b01000000000000000000000000000000000000
[12:06:35.029953] EP OUT 0x03 len=0 
[12:06:35.032388] EP OUT 0x03 len=0 
[12:06:35.034661] EP OUT 0x03 len=0 
[12:06:35.036934] EP OUT 0x03 len=0 
[12:06:35.040411] EP IN  0x81 len=64 097a230000008687845a48833800001edf42000c0078096401527a0801ac6f91043cacfff2445400809f14101b01000000000000000000000000000000000000
[12:06:35.042217] EP OUT 0x03 len=0 
[12:06:35.049442] EP OUT 0x03 len=0 
[12:06:35.052469] EP IN  0x81 len=64 097d230000008587845958833800001eeb42000c005a0064017a730801f46f91c435a5ffd4875300a09e1a101b01000000000000000000000000000000000000
[12:06:35.054035] EP OUT 0x03 len=0 
[12:06:35.056940] EP OUT 0x03 len=0 
[12:06:35.060046] EP OUT 0x03 len=0 
[12:06:35.064387] EP IN  0x81 len=64 0980230000008687845958833800001ef642000c0038f463015e6d0801df7091d2b6a7ff8d934e00a01e1c102501000000000000000000000000000000000000
[12:06:35.065695] EP OUT 0x03 len=0 
[12:06:35.068457] EP IN  0x81 len=64 0983230000008697845948833800001e0243000c0090e56301846a0801ef719154c6abfffb0e4a00405d2a102201000000000000000000000000000000000000
[12:06:35.070626] EP OUT 0x03 len=0 
[12:06:35.076478] EP IN  0x81 len=64 0984230000008697845948833800001e0533000c0034e363011c6a08013972912d08acfff9014a00e0f12e102201000000000000000000000000000000000000
[12:06:35.078025] EP OUT 0x03 len=0 
[12:06:35.085438] EP OUT 0x03 len=0 
[12:06:35.088428] EP IN  0x81 len=64 0986230000008677845948833800001e0d43000c0020e0630112690801af72910405aeffeefb4a00609b37101f01000000000000000000000000000000000000
[12:06:35.089842] EP OUT 0x03 len=0 
[12:06:35.097194] EP OUT 0x03 len=0 
[12:06:35.100540] EP IN  0x81 len=64 0989230000008687845a48833800001e1943000c0090e06301c66708012c73916d86aaff0cb34b00201c33101d01000000000000000000000000000000000000
[12:06:35.102062] EP OUT 0x03 len=0 
[12:06:35.109148] EP OUT 0x03 len=0 
[12:06:35.112435] EP IN  0x81 len=64 098c230000008687845a48833800001e2443000c0024e16301a0670801c573910c4cabff75f34a00c01c2f102301000000000000000000000000000000000000
[12:06:35.113996] EP OUT 0x03 len=0 
[12:06:35.121193] EP OUT 0x03 len=0 
[12:06:35.124458] EP IN  0x81 len=64 098f230000008587845a48833800001e3043000c00e8e66301646508013f74910f7eafff5ce74d00205e26102101000000000000000000000000000000000000
[12:06:35.126098] EP OUT 0x03 len=0 
[12:06:35.133488] EP OUT 0x03 len=0 
[12:06:35.136406] EP IN  0x81 len=64 0994230000008597845948833800001e4343000c0098f76301245f0801767491b5b9afff70a44f00205f1d102301000000000000000000000000000000000000
[12:06:35.137874] EP OUT 0x03 len=0 
[12:06:35.140256] EP OUT 0x03 len=0 
[12:06:35.142667] EP OUT 0x03 len=0 
[12:06:35.144910] EP OUT 0x03 len=0 
[12:06:35.148476] EP IN  0x81 len=64 0995230000008677845958833800001e4743000c00f4f96301f65c0801427591f2f2b1ffb1a65600e01e1f102301000000000000000000000000000000000000
[12:06:35.149977] EP OUT 0x03 len=0 
[12:06:35.157205] EP OUT 0x03 len=0 
[12:06:35.160422] EP IN  0x81 len=64 0998230000008687845948833800001e5243000c0090fd6301ae520801827a919e59afffb7ee4e0000a012101d01000000000000000000000000000000000000
[12:06:35.161972] EP OUT 0x03 len=0 
[12:06:35.169302] EP OUT 0x03 len=0 
[12:06:35.172391] EP IN  0x81 len=64 099b230000008587845948833800001e5e43000c00b808640124490801f07b916de6b3ffa4204a00401f1d101d01000000000000000000000000000000000000
[12:06:35.173786] EP OUT 0x03 len=0 
[12:06:35.176399] EP IN  0x81 len=64 099e230000008687845948833800001e6943000c00041b6401124308017d7b914df1b1ff650f4d00805d28101e01000000000000000000000000000000000000
[12:06:35.178812] EP OUT 0x03 len=0 
[12:06:35.180955] EP OUT 0x03 len=0 
[12:06:35.184401] EP IN  0x81 len=64 099f230000008587845958833800001e6d43000c002c236401ae410801437b919d76b2ff1e0b4e0000de27102001000000000000000000000000000000000000
[12:06:35.185941] EP OUT 0x03 len=0 
[12:06:35.193198] EP OUT 0x03 len=0 
[12:06:35.196455] EP IN  0x81 len=64 09a1230000008597845948833800001e7543000c000c336401fa3f0801a67a918cffb3ffc60a5100c01f20102201000000000000000000000000000000000000
[12:06:35.197973] EP OUT 0x03 len=0 
[12:06:35.205204] EP OUT 0x03 len=0 
[12:06:35.208415] EP IN  0x81 len=64 09a4230000008687845a48833800001e8043000c0088426401203f08017e7991ac88b2ff53585800e09f19101e01000000000000000000000000000000000000
[12:06:35.209903] EP OUT 0x03 len=0 
[12:06:35.212397] EP IN  0x81 len=64 09a7230000008687845958833800001e8c43000c00f848640140400801b77891f14fb0ffaba95c00a09f1c101e01000000000000000000000000000000000000
[12:06:35.214521] EP OUT 0x03 len=0 
[12:06:35.216625] EP OUT 0x03 len=0 
[12:06:35.220448] EP IN  0x81 len=64 09a8230000008697845948833800001e9043000c008c496401b44008018c7891e990b0ff34ed5d0040df1d101e01000000000000000000000000000000000000
[12:06:35.221918] EP OUT 0x03 len=0 
[12:06:35.224392] EP IN  0x81 len=64 09aa230000008587845a48833800001e9743000c00d249640138410801607891c6cfb0ff65705e00a05e21101e01000000000000000000000000000000000000
[12:06:35.226622] EP OUT 0x03 len=0 
[12:06:35.228816] EP OUT 0x03 len=0 
[12:06:35.232394] EP IN  0x81 len=64 09ab230000008687845a58833800001e9b43000c00ca496401484108015378914d8db1ff6f325d00809e22101e01000000000000000000000000000000000000
[12:06:35.233975] EP OUT 0x03 len=0 
[12:06:35.241333] EP OUT 0x03 len=0 
[12:06:35.244442] EP IN  0x81 len=64 09ad230000008597845948833800001ea343000c00724864016a4108013e78919c0db4ffc7365c0020df1e102301000000000000000000000000000000000000
[12:06:35.246002] EP OUT 0x03 len=0 
[12:06:35.253263] EP OUT 0x03 len=0 
[12:06:35.256404] EP IN  0x81 len=64 09b0230000008587845948833800001eae43000c00dc406401284108016f78918d0cb5ffd8475900402016102001000000000000000000000000000000000000
[12:06:35.257819] EP OUT 0x03 len=0 
[12:06:35.260471] EP IN  0x81 len=64 09b3230000008587845a48833800001eba43000c0080326401da4008013e7991050cb4ff1dcf5400801f19102001000000000000000000000000000000000000
[12:06:35.262665] EP OUT 0x03 len=0 
[12:06:35.264780] EP OUT 0x03 len=0 
[12:06:35.268450] EP IN  0x81 len=64 09b4230000008587845948833800001ebe43000c007c2e64016c400801987991dd47b5ffa14b5200e05e1c101f01000000000000000000000000000000000000
[12:06:35.270195] EP OUT 0x03 len=0 
[12:06:35.277768] EP OUT 0x03 len=0 
[12:06:35.284951] EP OUT 0x03 len=0 
[12:06:35.291750] EP OUT 0x03 len=0 
[12:06:35.296417] EP IN  0x81 len=64 09b8230000008687845948833800001ecd43000c003c2b6401763c0801637a914afab9ffe6754f00e09e1e101e01000000000000000000000000000000000000
[12:06:35.298014] EP OUT 0x03 len=0 
[12:06:35.305648] EP OUT 0x03 len=0 
[12:06:35.308479] EP IN  0x81 len=64 09bd230000008587845948833800001ee043000c00dc2864019a380801f27a91e286b8ffc87c5200e01e1e102201000000000000000000000000000000000000
[12:06:35.310118] EP OUT 0x03 len=0 
[12:06:35.312773] EP OUT 0x03 len=0 
[12:06:35.315004] EP OUT 0x03 len=0 
[12:06:35.320403] EP IN  0x81 len=64 09c0230000008687845948833800001eec43000c00c225640132380801137b911b08bcff3cf74d00e01d25102101000000000000000000000000000000000000
[12:06:35.321875] EP OUT 0x03 len=0 
[12:06:35.324431] EP IN  0x81 len=64 09c3230000008587845a48833800001ef743000c00c82864017e370801e27a9140c6b7ffd7ec4b00a0de21101f01000000000000000000000000000000000000
[12:06:35.326539] EP OUT 0x03 len=0 
[12:06:35.328798] EP OUT 0x03 len=0 
[12:06:35.332434] EP IN  0x81 len=64 09c4230000008687845948833800001efb43000c00ca2964012a370801d67a91e886b6fff22d4c00a09f1c101f01000000000000000000000000000000000000
[12:06:35.333834] EP OUT 0x03 len=0 
[12:06:35.341299] EP OUT 0x03 len=0 
[12:06:35.344401] EP IN  0x81 len=64 09c6230000008587845948833800001e0344000c006827640172370801e17a916d0fb3ffc8fc4d0000e015101101000000000000000000000000000000000000
[12:06:35.345985] EP OUT 0x03 len=0 
[12:06:35.353355] EP OUT 0x03 len=0 
[12:06:35.356474] EP IN  0x81 len=64 09c9230000008677845a48833800001e0e44000c00901f64016c3808013b7b915210b3ff1343510000df1b101d01000000000000000000000000000000000000
[12:06:35.358091] EP OUT 0x03 len=0 
[12:06:35.365339] EP OUT 0x03 len=0 
[12:06:35.368430] EP IN  0x81 len=64 09cc230000008687845a58833800001e1a44000c00f21664014e3a0801d97b9142d4b3ff79424f00c01e1f102201000000000000000000000000000000000000
[12:06:35.370075] EP OUT 0x03 len=0 
[12:06:35.377766] EP OUT 0x03 len=0 
[12:06:35.380443] EP IN  0x81 len=64 09d1230000008687845958833800001e2d44000c00d8076401be3f0801a77c918317b8ffec855400006017101b01000000000000000000000000000000000000
[12:06:35.382079] EP OUT 0x03 len=0 
[12:06:35.384865] EP OUT 0x03 len=0 
[12:06:35.387904] EP OUT 0x03 len=0 
[12:06:35.392425] EP IN  0x81 len=64 09d2230000008687845948833800001e3144000c009803640164400801ad7c91d555b6ff59c9560000a017101c01000000000000000000000000000000000000
[12:06:35.394188] EP OUT 0x03 len=0 
[12:06:35.401217] EP OUT 0x03 len=0 
[12:06:35.404457] EP IN  0x81 len=64 09d5230000008587845948833800001e3c44000c0010f66301a0410801e07c918b13b2ff6d0e5d00401f1a101d01000000000000000000000000000000000000
[12:06:35.405974] EP OUT 0x03 len=0 
[12:06:35.413345] EP OUT 0x03 len=0 
[12:06:35.416400] EP IN  0x81 len=64 09d8230000008687845948833800001e4844000c00c0e763011a420801e57c917f0fb0ff394a5d00c01d25102101000000000000000000000000000000000000
[12:06:35.418158] EP OUT 0x03 len=0 
[12:06:35.425709] EP OUT 0x03 len=0 
[12:06:35.432953] EP OUT 0x03 len=0 
[12:06:35.440335] EP OUT 0x03 len=0 
[12:06:35.444456] EP IN  0x81 len=64 09dd230000008587845948833800001e5b44000c0078e06301d63e08019d7c914204adff1bb55500c01c2e102101000000000000000000000000000000000000
[12:06:35.446037] EP OUT 0x03 len=0 
[12:06:35.453385] EP OUT 0x03 len=0 
[12:06:35.456409] EP IN  0x81 len=64 09e2230000008587845948833800001e6e44000c0036ee6301d63808011e7c91bbf6aeff0cd94e00405c33102301000000000000000000000000000000000000
[12:06:35.458003] EP OUT 0x03 len=0 
[12:06:35.465594] EP OUT 0x03 len=0 
[12:06:35.468466] EP IN  0x81 len=64 09e5230000008687845948833800001e7a44000c00f80064016e330801cb7b9141f6adffe3174b00c05e24102301000000000000000000000000000000000000
[12:06:35.470068] EP OUT 0x03 len=0 
[12:06:35.472448] EP OUT 0x03 len=0 
[12:06:35.474530] EP OUT 0x03 len=0 
[12:06:35.476542] EP OUT 0x03 len=0 
[12:06:35.480412] EP IN  0x81 len=64 09e8230000008687845948833800001e8544000c00e80b640104310801b47b918e42b1ff3b24480040e016102401000000000000000000000000000000000000
[12:06:35.481933] EP OUT 0x03 len=0 
[12:06:35.484459] EP IN  0x81 len=64 09eb230000008687845958833800001e9144000c00d0126401c2300801a57b91780cb2ff4ae94800602016101801000000000000000000000000000000000000
[12:06:35.486649] EP OUT 0x03 len=0 
[12:06:35.492478] EP IN  0x81 len=64 09ec230000008687845a48833800001e9544000c00241564011c310801a97b91470db3ff15274a00002115101801000000000000000000000000000000000000
[12:06:35.493901] EP OUT 0x03 len=0 
[12:06:35.501228] EP OUT 0x03 len=0 
[12:06:35.504402] EP IN  0x81 len=64 09ee230000008687845a48833800001e9c44000c000c186401b6310801b57b912a0db4ff8c6b4d00406112101801000000000000000000000000000000000000
[12:06:35.505997] EP OUT 0x03 len=0 
[12:06:35.513169] EP OUT 0x03 len=0 
[12:06:35.516386] EP IN  0x81 len=64 09f1230000008587845a48833800001ea844000c006e166401fc320801d97b916a10b2ffb9ba5300006111101b01000000000000000000000000000000000000
[12:06:35.517740] EP OUT 0x03 len=0 
[12:06:35.520394] EP IN  0x81 len=64 09f4230000008687845948833800001eb344000c00d60e6401c0330801477c912d91b4ffe8035300602015102101000000000000000000000000000000000000
[12:06:35.522590] EP OUT 0x03 len=0 
[12:06:35.524684] EP OUT 0x03 len=0 
[12:06:35.528390] EP IN  0x81 len=64 09f5230000008687845948833800001eb744000c007c0b640178340801627c91fb53b5ff3ec4510040a016102101000000000000000000000000000000000000
[12:06:35.529934] EP OUT 0x03 len=0 
[12:06:35.537214] EP OUT 0x03 len=0 
[12:06:35.540455] EP IN  0x81 len=64 09f7230000008697845a48833800001ebf44000c0040036401bc350801587c91cc94b7fffc094f00c01f1a102001000000000000000000000000000000000000
[12:06:35.541999] EP OUT 0x03 len=0 
[12:06:35.549154] EP OUT 0x03 len=0 
[12:06:35.552429] EP IN  0x81 len=64 09fa230000008587845a48833800001eca44000c00acf763016e370801637c91ab51b7ff40c94e00e01d26102001000000000000000000000000000000000000
[12:06:35.553867] EP OUT 0x03 len=0 
[12:06:35.556450] EP IN  0x81 len=64 09fd230000008587845958833800001ed644000c0044f06301163708017f7c91e408b6ff43c04f0060de23101d01000000000000000000000000000000000000
[12:06:35.558502] EP OUT 0x03 len=0 
[12:06:35.564469] EP IN  0x81 len=64 09fe230000008687845948833800001eda44000c004ced6301be360801937c91e2c8b5ffc3444d00a09e1e101d01000000000000000000000000000000000000
[12:06:35.565978] EP OUT 0x03 len=0 
[12:06:35.573217] EP OUT 0x03 len=0 
[12:06:35.576401] EP IN  0x81 len=64 0900230000008587845948833800001ee144000c007ce86301b6350801a27c91b005b7ff25054800c09e1c101b01000000000000000000000000000000000000
[12:06:35.577821] EP OUT 0x03 len=0 
[12:06:35.585130] EP OUT 0x03 len=0 
[12:06:35.588394] EP IN  0x81 len=64 0903230000008587845948833800001eed44000c00a0e96301383108010e7c91fe77baff25b24300209f1a102101000000000000000000000000000000000000
[12:06:35.589810] EP OUT 0x03 len=0 
[12:06:35.592386] EP IN  0x81 len=64 0906230000008687845938833800001ef834000c00c8ea63016e2c0801747b9135aab4ff1ef84700c09f17102701000000000000000000000000000000000000
[12:06:35.594520] EP OUT 0x03 len=0 
[12:06:35.600409] EP IN  0x81 len=64 0907230000008687845a48833800001efc44000c00aae96301fe2a08015a7b9152bdb3ff503c4a00c01f19102501000000000000000000000000000000000000
[12:06:35.601914] EP OUT 0x03 len=0 
[12:06:35.609131] EP OUT 0x03 len=0 
[12:06:35.612440] EP IN  0x81 len=64 0909230000008697845948833800001e0445000c0094e5630194280801347b91ab7fb3ff48824d00001f1e102201000000000000000000000000000000000000
[12:06:35.614050] EP OUT 0x03 len=0 
[12:06:35.621262] EP OUT 0x03 len=0 
[12:06:35.624384] EP IN  0x81 len=64 090c230000008587845948833800001e0f35000c0018e26301ac250801ee7a91e203b5ff144e4b00a04823102001000000000000000000000000000000000000
[12:06:35.625924] EP OUT 0x03 len=0 
[12:06:35.633054] EP OUT 0x03 len=0 
[12:06:35.636461] EP IN  0x81 len=64 090f230000008687845948833800001e1b45000c006ae16301f4230801157b913647b3ff7035470000de25102001000000000000000000000000000000000000
[12:06:35.638047] EP OUT 0x03 len=0 
[12:06:35.645352] EP OUT 0x03 len=0 
[12:06:35.648419] EP IN  0x81 len=64 0912230000008687845a48833800001e2635000c00bce26301f82208014a7b91a108b6ff84f3480080f324101e01000000000000000000000000000000000000
[12:06:35.650023] EP OUT 0x03 len=0 
[12:06:35.657315] EP OUT 0x03 len=0 
[12:06:35.660395] EP IN  0x81 len=64 0915230000008587845948833800001e3245000c0058e563010a2308017d7b91d489b3ff67f04e00c05d27101e01000000000000000000000000000000000000
[12:06:35.661714] EP OUT 0x03 len=0 
[12:06:35.664401] EP IN  0x81 len=64 0918230000008687845a48833800001e3d35000c00c2e76301f0220801bc7b916a0bb2ff94ef520060f327101c01000000000000000000000000000000000000
[12:06:35.666444] EP OUT 0x03 len=0 
[12:06:35.672424] EP IN  0x81 len=64 0919230000008587845a58833800001e4145000c0050e9630110230801c67b912d8bb3ffb8eb5200409e25101b01000000000000000000000000000000000000
[12:06:35.674081] EP OUT 0x03 len=0 
[12:06:35.681393] EP OUT 0x03 len=0 
[12:06:35.684472] EP IN  0x81 len=64 091b230000008587845948833800001e4945000c0008ec63014a230801c37b91fd4ab5fff22d5100801f1e101b01000000000000000000000000000000000000
[12:06:35.686087] EP OUT 0x03 len=0 
[12:06:35.693738] EP OUT 0x03 len=0 
[12:06:35.701108] EP OUT 0x03 len=0 
[12:06:35.708080] EP OUT 0x03 len=0 
[12:06:35.712409] EP IN  0x81 len=64 0920230000008687845a48833800001e5c45000c0018f563017a210801347b917e44b2ff99245300406019101b01000000000000000000000000000000000000
[12:06:35.713972] EP OUT 0x03 len=0 
[12:06:35.721109] EP OUT 0x03 len=0 
[12:06:35.724412] EP IN  0x81 len=64 0925230000008687845a48833800001e6f45000c0004fb63010e210801fc7a916acdb0ffeeb14f00e02015102101000000000000000000000000000000000000
[12:06:35.726053] EP OUT 0x03 len=0 
[12:06:35.733209] EP OUT 0x03 len=0 
[12:06:35.736428] EP IN  0x81 len=64 0928230000008587845958833800001e7b45000c00b0fd6301c2200801087b91c909b0fff0b04b00802018102101000000000000000000000000000000000000
[12:06:35.737984] EP OUT 0x03 len=0 
[12:06:35.745291] EP OUT 0x03 len=0 
[12:06:35.748462] EP IN  0x81 len=64 092b230000008697845958833800001e8645000c004a0064019a2008014f7b91efc9adffa2ef4b0060df1e102001000000000000000000000000000000000000
[12:06:35.750131] EP OUT 0x03 len=0 
[12:06:35.757704] EP OUT 0x03 len=0 
[12:06:35.765308] EP OUT 0x03 len=0 
[12:06:35.772437] EP OUT 0x03 len=0 
[12:06:35.776413] EP IN  0x81 len=64 0930230000008697845948833800001e9a45000c00d80164010c1f0801527c915d06acff3ef44e0080de23101c01000000000000000000000000000000000000
[12:06:35.778192] EP OUT 0x03 len=0 
[12:06:35.785572] EP OUT 0x03 len=0 
[12:06:35.788458] EP IN  0x81 len=64 0935230000008597845958833800001ead45000c004cfa6301ec1d0801d37d91c60bafff4e414f00c01d24102001000000000000000000000000000000000000
[12:06:35.790028] EP OUT 0x03 len=0 
[12:06:35.792832] EP OUT 0x03 len=0 
[12:06:35.796088] EP OUT 0x03 len=0 
[12:06:35.800420] EP IN  0x81 len=64 0938230000008587845948833800001eb845000c00b8f36301561f0801ae7e91fdd2b4ff68fe4d0040de22102201000000000000000000000000000000000000
[12:06:35.802152] EP OUT 0x03 len=0 
[12:06:35.809760] EP OUT 0x03 len=0 
[12:06:35.812389] EP IN  0x81 len=64 093d230000008687845a48833800001ecb35000c00f4e16301ec200801ac8191e0aab8ff4cb25b00009e1f101e01000000000000000000000000000000000000
[12:06:35.813853] EP OUT 0x03 len=0 
[12:06:35.816272] EP OUT 0x03 len=0 
[12:06:35.818870] EP OUT 0x03 len=0 
[12:06:35.821032] EP OUT 0x03 len=0 
[12:06:35.824403] EP IN  0x81 len=64 093e230000008687845958833800001ecf45000c0014db6301f01e0801e88391c52ab6ffab9c5700205e1c102201000000000000000000000000000000000000
[12:06:35.825932] EP OUT 0x03 len=0 
[12:06:35.833361] EP OUT 0x03 len=0 
[12:06:35.836406] EP IN  0x81 len=64 0941230000008687845948833800001edb45000c0050cc6301661a08010287912bb6bbfff60f4a00e01f13102201000000000000000000000000000000000000
[12:06:35.837843] EP OUT 0x03 len=0 
[12:06:35.840423] EP IN  0x81 len=64 0944230000008687845958833800001ee645000c005cc36301aa1508016987916d7ab8ffee054a0040de20102301000000000000000000000000000000000000
[12:06:35.842826] EP OUT 0x03 len=0 
[12:06:35.844957] EP OUT 0x03 len=0 
[12:06:35.848386] EP IN  0x81 len=64 0945230000008687845958833800001eea45000c005cc16301861408017087913a3eb6ff99c24700005e21102301000000000000000000000000000000000000
[12:06:35.849659] EP OUT 0x03 len=0 
[12:06:35.852453] EP IN  0x81 len=64 0947230000008687845948833800001ef245000c0074bc6301141408017a8791e14bb8ffd4034600205e22102001000000000000000000000000000000000000
[12:06:35.854906] EP OUT 0x03 len=0 
[12:06:35.856982] EP OUT 0x03 len=0 
[12:06:35.860470] EP IN  0x81 len=64 0948230000008687845948833800001ef645000c00d8b963016e1408017287914910bafff8034600205e25102001000000000000000000000000000000000000
[12:06:35.861947] EP OUT 0x03 len=0 
[12:06:35.869070] EP OUT 0x03 len=0 
[12:06:35.872412] EP IN  0x81 len=64 094a230000008587845958833800001efd45000c0048b763013c1508013a87919291b8ff62fc4600601d2c102301000000000000000000000000000000000000
[12:06:35.873907] EP OUT 0x03 len=0 
[12:06:35.881090] EP OUT 0x03 len=0 
[12:06:35.884406] EP IN  0x81 len=64 094d230000008687845948833800001e0946000c009cbd6301d0160801858691faceb6ff2aa24500a05d2e102601000000000000000000000000000000000000
[12:06:35.885839] EP OUT 0x03 len=0 
[12:06:35.888402] EP IN  0x81 len=64 0950230000008687845a58833800001e1446000c004ccc63014c160801c585913985b4ff00d64400e05e22101901000000000000000000000000000000000000
[12:06:35.890546] EP OUT 0x03 len=0 
[12:06:35.896419] EP IN  0x81 len=64 0951230000008587845948833800001e1846000c0024d16301761508018885911181b2ffacdb460020601b101901000000000000000000000000000000000000
[12:06:35.898063] EP OUT 0x03 len=0 
[12:06:35.905274] EP OUT 0x03 len=0 
[12:06:35.908449] EP IN  0x81 len=64 0953230000008587845948833800001e2046000c00fcd763015c130801448591d23dafff50664b0000a111101d01000000000000000000000000000000000000
[12:06:35.909957] EP OUT 0x03 len=0 
[12:06:35.917207] EP OUT 0x03 len=0 
[12:06:35.920394] EP IN  0x81 len=64 0956230000008587845948833800001e2b36000c0078da6301741008017b8591ed03b1ff8df44c00a0a012101d01000000000000000000000000000000000000
[12:06:35.921802] EP OUT 0x03 len=0 
[12:06:35.924399] EP IN  0x81 len=64 0959230000008587845948833800001e3746000c0060dd6301f00c0801c48591a3fcb6ff82304c00c05f18101d01000000000000000000000000000000000000
[12:06:35.926702] EP OUT 0x03 len=0 
[12:06:35.932533] EP IN  0x81 len=64 095a230000008587845948833800001e3b46000c0014de6301120c0801de8591f13eb7fffd304d00a0df1b101d01000000000000000000000000000000000000
[12:06:35.933943] EP OUT 0x03 len=0 
[12:06:35.941324] EP OUT 0x03 len=0 
[12:06:35.944404] EP IN  0x81 len=64 095c230000008687845a58833800001e4236000c00e4dd63013c0b08011c8691b206b8fff44a4f00e0f322101d01000000000000000000000000000000000000
[12:06:35.946090] EP OUT 0x03 len=0 
[12:06:35.953461] EP OUT 0x03 len=0 
[12:06:35.956479] EP IN  0x81 len=64 095f230000008687845a48833800001e4e46000c0024db63016c0b08015b8691940cbaffb6b95200005e28102001000000000000000000000000000000000000
[12:06:35.958065] EP OUT 0x03 len=0 
[12:06:35.965321] EP OUT 0x03 len=0 
[12:06:35.968416] EP IN  0x81 len=64 0962230000008687845a58833800001e5936000c0028d86301940c0801748691100fb8ff1da24c0060f329102101000000000000000000000000000000000000
[12:06:35.970009] EP OUT 0x03 len=0 
[12:06:35.977755] EP OUT 0x03 len=0 
[12:06:35.980477] EP IN  0x81 len=64 0967230000008687845948833800001e6d46000c00b6dc6301f40e0801ba8591d30eb7ffe6ee4a0020df1e101c01000000000000000000000000000000000000
[12:06:35.982045] EP OUT 0x03 len=0 
[12:06:35.984812] EP OUT 0x03 len=0 
[12:06:35.987133] EP OUT 0x03 len=0 
[12:06:35.992450] EP IN  0x81 len=64 0968230000008577845948833800001e7036000c00c8dd6301120f0801908591580cb6ff76ef4b00409f1d102101000000000000000000000000000000000000
[12:06:35.994033] EP OUT 0x03 len=0 
[12:06:36.001155] EP OUT 0x03 len=0 
[12:06:36.004472] EP IN  0x81 len=64 096b230000008687845958833800001e7c46000c0038e26301be0d0801e08491bcc5b0ff95ed4d0000e015102001000000000000000000000000000000000000
[12:06:36.005989] EP OUT 0x03 len=0 
[12:06:36.013396] EP OUT 0x03 len=0 
[12:06:36.016386] EP IN  0x81 len=64 096e230000008687845a58833800001e8736000c001ae06301980b0801d98491b15cb2ff81fc5000604b0d101f01000000000000000000000000000000000000
[12:06:36.017951] EP OUT 0x03 len=0 
[12:06:36.025230] EP OUT 0x03 len=0 
[12:06:36.028427] EP IN  0x81 len=64 0971230000008687845958833800001e9346000c0086d26301e20908011a85911149b5ff43d04e0080df17102201000000000000000000000000000000000000
[12:06:36.029984] EP OUT 0x03 len=0 
[12:06:36.037181] EP OUT 0x03 len=0 
[12:06:36.040403] EP IN  0x81 len=64 0974230000008587845948833800001e9e36000c0034cc6301fe0708015f85915905b8ff934e4700004828101d01000000000000000000000000000000000000
[12:06:36.041835] EP OUT 0x03 len=0 
[12:06:36.044462] EP IN  0x81 len=64 0977230000008587845948833800001eaa46000c006ccc6301da0608017485918e08b9ff98b6460040de24101d01000000000000000000000000000000000000
[12:06:36.046650] EP OUT 0x03 len=0 
[12:06:36.048810] EP OUT 0x03 len=0 
[12:06:36.052420] EP IN  0x81 len=64 0978230000008687845948833800001eae46000c0090cb6301a20608017e859192c8b8ffcaf9470040de22101d01000000000000000000000000000000000000
[12:06:36.053994] EP OUT 0x03 len=0 
[12:06:36.061452] EP OUT 0x03 len=0 
[12:06:36.064482] EP IN  0x81 len=64 097a230000008687845948833800001eb646000c001ac96301f4060801c38591138db7ff1efc4900a01e22101e01000000000000000000000000000000000000
[12:06:36.066036] EP OUT 0x03 len=0 
[12:06:36.073363] EP OUT 0x03 len=0 
[12:06:36.076395] EP IN  0x81 len=64 097d230000008687845a58833800001ec146000c007cc56301f6070801608691d2ccb5ff9ebb4a00805d28101e01000000000000000000000000000000000000
[12:06:36.077804] EP OUT 0x03 len=0 
[12:06:36.080414] EP IN  0x81 len=64 0980230000008587845958833800001ecd46000c0014c7630106080801c08691bbc7b7ff5aaf4b00401d2b101e01000000000000000000000000000000000000
[12:06:36.082632] EP OUT 0x03 len=0 
[12:06:36.088378] EP IN  0x81 len=64 0981230000008687845938833800001ed036000c00a8c863010a080801c18691d9b3b8ff87984a0040f327101f01000000000000000000000000000000000000
[12:06:36.090075] EP OUT 0x03 len=0 
[12:06:36.097912] EP OUT 0x03 len=0 
[12:06:36.105111] EP OUT 0x03 len=0 
[12:06:36.112434] EP OUT 0x03 len=0 
[12:06:36.116398] EP IN  0x81 len=64 0985230000008587845948833800001ee046000c00bace6301a6080801758691e10abbffb56d4700406019102701000000000000000000000000000000000000
[12:06:36.118079] EP OUT 0x03 len=0 
[12:06:36.125510] EP OUT 0x03 len=0 
[12:06:36.128383] EP IN  0x81 len=64 098c230000008687845948833800001efb46000c00e0c96301f40608011086918bc5b0ff14804e00609f1d101f01000000000000000000000000000000000000
[12:06:36.130020] EP OUT 0x03 len=0 
[12:06:36.137638] EP OUT 0x03 len=0 
[12:06:36.140459] EP IN  0x81 len=64 098f230000008687845a38833800001e0647000c0020c56301bc0508017e869188c5b0ff5efc4e00401e20102101000000000000000000000000000000000000
[12:06:36.142330] EP OUT 0x03 len=0 
[12:06:36.149681] EP OUT 0x03 len=0 
[12:06:36.156905] EP OUT 0x03 len=0 
[12:06:36.163760] EP OUT 0x03 len=0 
[12:06:36.168418] EP IN  0x81 len=64 0992230000008587845948833800001e1247000c00b4bf6301cc0508010f8791bf4db2ff9a7f490000df1f101801000000000000000000000000000000000000
[12:06:36.170139] EP OUT 0x03 len=0 
[12:06:36.177674] EP OUT 0x03 len=0 
[12:06:36.180455] EP IN  0x81 len=64 0997230000008687845a58833800001e2547000c0074bc63010e060801218991bb77b7ff7db24f00801d29102001000000000000000000000000000000000000
[12:06:36.182173] EP OUT 0x03 len=0 
[12:06:36.184980] EP OUT 0x03 len=0 
[12:06:36.187347] EP OUT 0x03 len=0 
[12:06:36.189780] EP OUT 0x03 len=0 
[12:06:36.192397] EP IN  0x81 len=64 099a230000008677845a58833800001e3047000c0034be6301aa010801c18c91c137b5ff79b24000e0a011102401000000000000000000000000000000000000
[12:06:36.193858] EP OUT 0x03 len=0 
[12:06:36.196427] EP OUT 0x03 len=0 
[12:06:36.198671] EP OUT 0x03 len=0 
[12:06:36.200589] EP OUT 0x03 len=0 
[12:06:36.204464] EP IN  0x81 len=64 099d230000008587845958833800001e3c47000c0084be630142fe0701fe8c91583fb4fff1774b00605f1c102201000000000000000000000000000000000000
[12:06:36.205981] EP OUT 0x03 len=0 
[12:06:36.213187] EP OUT 0x03 len=0 
[12:06:36.216408] EP IN  0x81 len=64 09a0230000008587845a58833800001e4737000c0012c16301f8fb0701e78c91e3b0b4ff71f24a00604a1b101d01000000000000000000000000000000000000
[12:06:36.217946] EP OUT 0x03 len=0 
[12:06:36.225199] EP OUT 0x03 len=0 
[12:06:36.228406] EP IN  0x81 len=64 09a3230000008587845a48833800001e5347000c0022bd6301befa0701b48c91d20abaff2681530040df1a101801000000000000000000000000000000000000
[12:06:36.229918] EP OUT 0x03 len=0 
[12:06:36.237087] EP OUT 0x03 len=0 
[12:06:36.240409] EP IN  0x81 len=64 09a6230000008587845a48833800001e5e37000c001eb1630164fb0701d68c91620ebaffedad5600a09d26101a01000000000000000000000000000000000000
[12:06:36.241961] EP OUT 0x03 len=0 
[12:06:36.249270] EP OUT 0x03 len=0 
[12:06:36.252438] EP IN  0x81 len=64 09a9230000008687845948833800001e6a47000c00f4a563019afb0701ea8c91460cb8ffef455200e01c2a101a01000000000000000000000000000000000000
[12:06:36.254067] EP OUT 0x03 len=0 
[12:06:36.261264] EP OUT 0x03 len=0 
[12:06:36.264398] EP IN  0x81 len=64 09ac230000008687845948833800001e7537000c008e9c630168fb07010a8d91e561b6ff06ad4b00c0f225101f01000000000000000000000000000000000000
[12:06:36.265714] EP OUT 0x03 len=0 
[12:06:36.268447] EP IN  0x81 len=64 09af230000008687845948833800001e8147000c00c28f6301d6fb0701478d91e9ceb5ffa78c4300c09d25102301000000000000000000000000000000000000
[12:06:36.270578] EP OUT 0x03 len=0 
[12:06:36.276488] EP IN  0x81 len=64 09b0230000008697845a48833800001e8547000c00cc8b63012afc07015a8d91ce50b6ffd30b4300e05d24102301000000000000000000000000000000000000
[12:06:36.278141] EP OUT 0x03 len=0 
[12:06:36.285778] EP OUT 0x03 len=0 
[12:06:36.293235] EP OUT 0x03 len=0 
[12:06:36.296421] EP IN  0x81 len=64 09b4230000008687845948833800001e9447000c00487b630180fd0701e88d91a410b7ffd8124100a01f17102301000000000000000000000000000000000000
[12:06:36.297958] EP OUT 0x03 len=0 
[12:06:36.305264] EP OUT 0x03 len=0 
[12:06:36.308427] EP IN  0x81 len=64 09b7230000008687845958833800001ea047000c00c0646301bafc070102909119fdb9ffd6a8450040a010102101000000000000000000000000000000000000
[12:06:36.309844] EP OUT 0x03 len=0 
[12:06:36.317271] EP OUT 0x03 len=0 
[12:06:36.320394] EP IN  0x81 len=64 09ba230000008587845a48833800001eab47000c007c4c6301e4f907010693919ec1bdff93a33700006207102101000000000000000000000000000000000000
[12:06:36.321937] EP OUT 0x03 len=0 
[12:06:36.329094] EP OUT 0x03 len=0 
[12:06:36.332451] EP IN  0x81 len=64 09bd230000008687845a48833800001eb747000c00f835630112f80701a393913ecab9ff0fde4100e09f17102201000000000000000000000000000000000000
[12:06:36.333963] EP OUT 0x03 len=0 
[12:06:36.341157] EP OUT 0x03 len=0 
[12:06:36.344404] EP IN  0x81 len=64 09c0230000008687845948833800001ec247000c00e61d63017af60701da95916d3bb5ffe9ae480040dd24102001000000000000000000000000000000000000
[12:06:36.345917] EP OUT 0x03 len=0 
[12:06:36.348532] EP IN  0x81 len=64 09c3230000008577845948833800001ece47000c008a03630148f507011e9991304ab5ff8da03c00201d2c101d01000000000000000000000000000000000000
[12:06:36.350605] EP OUT 0x03 len=0 
[12:06:36.352936] EP OUT 0x03 len=0 
[12:06:36.356408] EP IN  0x81 len=64 09c4230000008687845948833800001ed247000c0070fe6201b8f507015999911710b6ff6a543a00e09b30101d01000000000000000000000000000000000000
[12:06:36.357883] EP OUT 0x03 len=0 
[12:06:36.360408] EP IN  0x81 len=64 09c6230000008587845948833800001ed947000c00c4f9620114f707013899910016b7ff9e433600c09b35101d01000000000000000000000000000000000000
[12:06:36.362599] EP OUT 0x03 len=0 
[12:06:36.368409] EP IN  0x81 len=64 09c7230000008697845948833800001edd47000c0058f962013ef807010c99911b99b6ff3df93400201c34101d01000000000000000000000000000000000000
[12:06:36.370055] EP OUT 0x03 len=0 
[12:06:36.377424] EP OUT 0x03 len=0 
[12:06:36.380386] EP IN  0x81 len=64 09c9230000008697845948833800001ee547000c00f8f962017cfa0701b298912c18b5ff29f43400805d29101d01000000000000000000000000000000000000
[12:06:36.381887] EP OUT 0x03 len=0 
[12:06:36.384367] EP IN  0x81 len=64 09cc230000008687845a48833800001ef047000c00cefa6201b4fc07015998915cd3b3ff36763b00c05f1c101501000000000000000000000000000000000000
[12:06:36.386496] EP OUT 0x03 len=0 
[12:06:36.392409] EP IN  0x81 len=64 09cd230000008687845958833800001ef447000c00f4f962010afd07013c98910011b3fffa393d00e01f1a101501000000000000000000000000000000000000
[12:06:36.394045] EP OUT 0x03 len=0 
[12:06:36.401357] EP OUT 0x03 len=0 
[12:06:36.404466] EP IN  0x81 len=64 09cf230000008687845958833800001efc47000c004af862012efd07010b9891c00cb1ffcbba3c00801f1b101701000000000000000000000000000000000000
[12:06:36.406017] EP OUT 0x03 len=0 
[12:06:36.413317] EP OUT 0x03 len=0 
[12:06:36.416390] EP IN  0x81 len=64 09d2230000008687845948833800001e0748000c0034fd6201a4fc0701889791b6c6b4ff99e83500005f20101d01000000000000000000000000000000000000
[12:06:36.417900] EP OUT 0x03 len=0 
[12:06:36.420398] EP IN  0x81 len=64 09d5230000008687845a48833800001e1348000c00100c6301fefa0701479691f043b2ff215c370080a018101d01000000000000000000000000000000000000
[12:06:36.422640] EP OUT 0x03 len=0 
[12:06:36.424690] EP OUT 0x03 len=0 
[12:06:36.428410] EP IN  0x81 len=64 09d6230000008687845948833800001e1748000c00d40f63014cfa0701f09591f983afffaf613b00802015101d01000000000000000000000000000000000000
[12:06:36.429980] EP OUT 0x03 len=0 
[12:06:36.437154] EP OUT 0x03 len=0 
[12:06:36.440407] EP IN  0x81 len=64 09d8230000008587845938833800001e1e48000c005c12630162f907019795919bc7aaff3b314200e0e011102001000000000000000000000000000000000000
[12:06:36.441987] EP OUT 0x03 len=0 
[12:06:36.449266] EP OUT 0x03 len=0 
[12:06:36.452487] EP IN  0x81 len=64 09db230000008687845948833800001e2a48000c00e010630112f70701c69591b002aaff4b7a4100002019102201000000000000000000000000000000000000
[12:06:36.453972] EP OUT 0x03 len=0 
[12:06:36.461031] EP OUT 0x03 len=0 
[12:06:36.464395] EP IN  0x81 len=64 09de230000008677845958833800001e3548000c00cc116301bcf407014296916f02aaff03f44000a09e21102301000000000000000000000000000000000000
[12:06:36.465877] EP OUT 0x03 len=0 
[12:06:36.468516] EP IN  0x81 len=64 09e1230000008687845a38833800001e4148000c00ec106301acf307012097913a8aacffc3794400809d28102301000000000000000000000000000000000000
[12:06:36.470859] EP OUT 0x03 len=0 
[12:06:36.473127] EP OUT 0x03 len=0 
[12:06:36.476446] EP IN  0x81 len=64 09e2230000008687845a48833800001e4548000c0030106301c0f30701549791570cacff90b94500e01d29102301000000000000000000000000000000000000
[12:06:36.478002] EP OUT 0x03 len=0 
[12:06:36.485255] EP OUT 0x03 len=0 
[12:06:36.488401] EP IN  0x81 len=64 09e4230000008687845938833800001e4c48000c00fe0e63012cf40701a09791554eaeff98394400c05d27102201000000000000000000000000000000000000
[12:06:36.489918] EP OUT 0x03 len=0 
[12:06:36.497230] EP OUT 0x03 len=0 
[12:06:36.500458] EP IN  0x81 len=64 09e7230000008587845948833800001e5848000c00560c6301e4f50701139891f413b2ffeffb4300e01f1a102001000000000000000000000000000000000000
[12:06:36.502066] EP OUT 0x03 len=0 
[12:06:36.509503] EP OUT 0x03 len=0 
[12:06:36.512398] EP IN  0x81 len=64 09ea230000008687845948833800001e6338000c0066066301e2f70701949891ce10b2ff4cff4300604b12101701000000000000000000000000000000000000
[12:06:36.514120] EP OUT 0x03 len=0 
[12:06:36.516710] EP OUT 0x03 len=0 
[12:06:36.519222] EP OUT 0x03 len=0 
[12:06:36.524435] EP IN  0x81 len=64 09ed230000008687845a48833800001e6f48000c00fcff6201f0f80701469991644bb1ff38ff4100a0df18101f01000000000000000000000000000000000000
[12:06:36.526130] EP OUT 0x03 len=0 
[12:06:36.533444] EP OUT 0x03 len=0 
[12:06:36.536430] EP IN  0x81 len=64 09f2230000008697845958833800001e8248000c00d00b6301d4f50701139a9121fcb2ff7ae43f00409f1e101f01000000000000000000000000000000000000
[12:06:36.537891] EP OUT 0x03 len=0 
[12:06:36.545361] EP OUT 0x03 len=0 
[12:06:36.548465] EP IN  0x81 len=64 09f3230000008687845948833800001e8648000c00e60e6301e0f407014a9a913ebdb2ffa7253f00205f1f101f01000000000000000000000000000000000000
[12:06:36.550057] EP OUT 0x03 len=0 
[12:06:36.557596] EP OUT 0x03 len=0 
[12:06:36.564977] EP OUT 0x03 len=0 
[12:06:36.572337] EP OUT 0x03 len=0 
[12:06:36.576421] EP IN  0x81 len=64 09f8230000008687845948833800001e9948000c004a18630190f20701389b919644baff8b2a3c00e09d27101d01000000000000000000000000000000000000
[12:06:36.577924] EP OUT 0x03 len=0 
[12:06:36.585210] EP OUT 0x03 len=0 
[12:06:36.588452] EP IN  0x81 len=64 09fd230000008687845a48833800001eac48000c0064216301b0f10701479b91ee07bcff68f23900c0de20102301000000000000000000000000000000000000
[12:06:36.589972] EP OUT 0x03 len=0 
[12:06:36.597586] EP OUT 0x03 len=0 
[12:06:36.600403] EP IN  0x81 len=64 0900230000008587845948833800001eb848000c004e1f630162f20701959b912e0dbfffa5fc3800809e22102001000000000000000000000000000000000000
[12:06:36.601962] EP OUT 0x03 len=0 
[12:06:36.604581] EP OUT 0x03 len=0 
[12:06:36.606886] EP OUT 0x03 len=0 
[12:06:36.609073] EP OUT 0x03 len=0 
[12:06:36.612469] EP IN  0x81 len=64 0903230000008687845958833800001ec348000c002c1e63014ef20701bd9b91ef07bcffc0f8370020dd28102401000000000000000000000000000000000000
[12:06:36.613978] EP OUT 0x03 len=0 
[12:06:36.621161] EP OUT 0x03 len=0 
[12:06:36.624402] EP IN  0x81 len=64 0906230000008687845a48833800001ecf48000c003a206301d2f10701009c919dc7b7ffc8b03f00409d2a101e01000000000000000000000000000000000000
[12:06:36.625959] EP OUT 0x03 len=0 
[12:06:36.633213] EP OUT 0x03 len=0 
[12:06:36.636463] EP IN  0x81 len=64 0909230000008687845948833800001eda48000c003c21630150f20701509c91980cb8ffb1744000209e24101e01000000000000000000000000000000000000
[12:06:36.637982] EP OUT 0x03 len=0 
[12:06:36.645207] EP OUT 0x03 len=0 
[12:06:36.648399] EP IN  0x81 len=64 090c230000008587845a48833800001ee648000c0048226301f8f20701819c91f9cbb9ff3d733900e05e1e101e01000000000000000000000000000000000000
[12:06:36.649771] EP OUT 0x03 len=0 
[12:06:36.652464] EP IN  0x81 len=64 090f230000008687845948833800001ef138000c00ea26630148f20701769c91cc07b8ffeb473800a0f515101e01000000000000000000000000000000000000
[12:06:36.654610] EP OUT 0x03 len=0 
[12:06:36.656836] EP OUT 0x03 len=0 
[12:06:36.660445] EP IN  0x81 len=64 0910230000008677845938833800001ef548000c00fa27630116f20701649c91d947b7ff99713900e02014101e01000000000000000000000000000000000000
[12:06:36.662183] EP OUT 0x03 len=0 
[12:06:36.669539] EP OUT 0x03 len=0 
[12:06:36.672406] EP IN  0x81 len=64 0912230000008687845a48833800001efd48000c0044296301c0f10701639c919808b8ffee733d00206112101701000000000000000000000000000000000000
[12:06:36.674076] EP OUT 0x03 len=0 
[12:06:36.681277] EP OUT 0x03 len=0 
[12:06:36.684402] EP IN  0x81 len=64 0915230000008687845a58833800001e0839000c00c82a630132f007011a9c9165b0b4ffb9f74000a0a014101101000000000000000000000000000000000000
[12:06:36.685767] EP OUT 0x03 len=0 
[12:06:36.688407] EP IN  0x81 len=64 0918230000008587845958833800001e1449000c00162863011eef0701039c912b09b4ff553e4200601f1c102201000000000000000000000000000000000000
[12:06:36.690536] EP OUT 0x03 len=0 
[12:06:36.696416] EP IN  0x81 len=64 0919230000008687845a58833800001e1849000c00dc26630120ef0701ee9b914b4cb4ff78fc4100a01e21102201000000000000000000000000000000000000
[12:06:36.697949] EP OUT 0x03 len=0 
[12:06:36.705256] EP OUT 0x03 len=0 
[12:06:36.708446] EP IN  0x81 len=64 091b230000008697845948833800001e1f39000c004a256301fcee0701cd9b91ce0ab6ff4b4e3e00804827102701000000000000000000000000000000000000
[12:06:36.710057] EP OUT 0x03 len=0 
[12:06:36.717349] EP OUT 0x03 len=0 
[12:06:36.720445] EP IN  0x81 len=64 091e230000008687845948833800001e2b49000c00ec276301aeee0701639b917f08b6ff65703e0000dd2b102701000000000000000000000000000000000000
[12:06:36.722159] EP OUT 0x03 len=0 
[12:06:36.729285] EP OUT 0x03 len=0 
[12:06:36.732443] EP IN  0x81 len=64 0921230000008687845948833800001e3639000c005e2c63010eed0701e29a91ad5bb1ff2a9d4400409e23102101000000000000000000000000000000000000
[12:06:36.734010] EP OUT 0x03 len=0 
[12:06:36.741688] EP OUT 0x03 len=0 
[12:06:36.744396] EP IN  0x81 len=64 0926230000008687845958833800001e4a49000c00ea2b6301dae80701c09a91edbeb3ffa1f53f00805e21101801000000000000000000000000000000000000
[12:06:36.746017] EP OUT 0x03 len=0 
[12:06:36.748564] EP OUT 0x03 len=0 
[12:06:36.750874] EP OUT 0x03 len=0 
[12:06:36.753083] EP OUT 0x03 len=0 
[12:06:36.756489] EP IN  0x81 len=64 0927230000008687845948833800001e4d39000c00a02c6301eee707019b9a915902b4ffb89f3e00604921101901000000000000000000000000000000000000
[12:06:36.758039] EP OUT 0x03 len=0 
[12:06:36.765228] EP OUT 0x03 len=0 
[12:06:36.768416] EP IN  0x81 len=64 092a230000008687845948833800001e5949000c00a4326301bee40701f599917901b4ffc9ec3e00009f1e101a01000000000000000000000000000000000000
[12:06:36.769952] EP OUT 0x03 len=0 
[12:06:36.777117] EP OUT 0x03 len=0 
[12:06:36.780453] EP IN  0x81 len=64 092d230000008687845948833800001e6439000c00c03a630168e30701259991325eb2ffaeea3e0000f420101b01000000000000000000000000000000000000
[12:06:36.782024] EP OUT 0x03 len=0 
[12:06:36.789572] EP OUT 0x03 len=0 
[12:06:36.792398] EP IN  0x81 len=64 0930230000008687845a58833800001e7049000c0080436301d4e207018398912c4aaeff7d674200e01f1b101d01000000000000000000000000000000000000
[12:06:36.793974] EP OUT 0x03 len=0 
[12:06:36.801212] EP OUT 0x03 len=0 
[12:06:36.804522] EP IN  0x81 len=64 0933230000008687845948833800001e7c49000c001445630100e30701d898913b0eadffb0f74500406015101c01000000000000000000000000000000000000
[12:06:36.806083] EP OUT 0x03 len=0 
[12:06:36.813270] EP OUT 0x03 len=0 
[12:06:36.816390] EP IN  0x81 len=64 0936230000008687845a48833800001e8749000c0008406301dce30701bf9991bb8dafffc27f4400605f1a101901000000000000000000000000000000000000
[12:06:36.817910] EP OUT 0x03 len=0 
[12:06:36.825463] EP OUT 0x03 len=0 
[12:06:36.828441] EP IN  0x81 len=64 0939230000008587845958833800001e9349000c003c3a63019ae40701009b9153ceb2ff08c14200a01e21101c01000000000000000000000000000000000000
[12:06:36.829928] EP OUT 0x03 len=0 
[12:06:36.837342] EP OUT 0x03 len=0 
[12:06:36.840410] EP IN  0x81 len=64 093c230000008687845948833800001e9e49000c00f0326301b4e707012f9c911819b7ff2842430020de26101c01000000000000000000000000000000000000
[12:06:36.841814] EP OUT 0x03 len=0 
[12:06:36.844454] EP IN  0x81 len=64 093f230000008587845948833800001eaa49000c009431630142eb0701d59c91da12bbff6bf13d00c09d2d101c01000000000000000000000000000000000000
[12:06:36.846709] EP OUT 0x03 len=0 
[12:06:36.848959] EP OUT 0x03 len=0 
[12:06:36.852466] EP IN  0x81 len=64 0940230000008587845948833800001ead39000c00f4326301b2eb0701f09c916eb7bafff9ef3d00209d2b102101000000000000000000000000000000000000
[12:06:36.854089] EP OUT 0x03 len=0 
[12:06:36.861353] EP OUT 0x03 len=0 
[12:06:36.864400] EP IN  0x81 len=64 0942230000008587845958833800001eb549000c005838630116ec0701e79c919c09b8ff2ae64000205f22102401000000000000000000000000000000000000
[12:06:36.865939] EP OUT 0x03 len=0 
[12:06:36.873176] EP OUT 0x03 len=0 
[12:06:36.876403] EP IN  0x81 len=64 0945230000008687845a48833800001ec149000c00c63c630114ea0701d59c917d82b7ff7633430060210e101f01000000000000000000000000000000000000
[12:06:36.877964] EP OUT 0x03 len=0 
[12:06:36.880399] EP IN  0x81 len=64 0948230000008687845a48833800001ecc49000c004c3b630134e60701829c9171bab9ff99fc400040a10b101e01000000000000000000000000000000000000
[12:06:36.882696] EP OUT 0x03 len=0 
[12:06:36.885012] EP OUT 0x03 len=0 
[12:06:36.888416] EP IN  0x81 len=64 0949230000008587845948833800001ed049000c00cc3a63018ee407014d9c91553abaff84fc3f0020a10e101e01000000000000000000000000000000000000
[12:06:36.889971] EP OUT 0x03 len=0 
[12:06:36.897107] EP OUT 0x03 len=0 
[12:06:36.900460] EP IN  0x81 len=64 094b230000008587845948833800001ed849000c00d43a630190e10701e19b9142bcbaff0ff83d00a06013101e01000000000000000000000000000000000000
[12:06:36.902007] EP OUT 0x03 len=0 
[12:06:36.909387] EP OUT 0x03 len=0 
[12:06:36.912401] EP IN  0x81 len=64 094e230000008687845a58833800001ee349000c002c3963015adf07016a9b91ac45baffb3fc3e00605f1d102501000000000000000000000000000000000000
[12:06:36.913925] EP OUT 0x03 len=0 
[12:06:36.921214] EP OUT 0x03 len=0 
[12:06:36.924450] EP IN  0x81 len=64 0951230000008687845a48833800001eef49000c00fc35630170e00701349b914cd0baff1e7c3c0080dd29101a01000000000000000000000000000000000000
[12:06:36.926098] EP OUT 0x03 len=0 
[12:06:36.933645] EP OUT 0x03 len=0 
[12:06:36.936423] EP IN  0x81 len=64 0956230000008687845948833800001e024a000c006a3d6301b2e10701fa9a916409b9ff8e693a00009e28101a01000000000000000000000000000000000000
[12:06:36.937950] EP OUT 0x03 len=0 
[12:06:36.940640] EP OUT 0x03 len=0 
[12:06:36.942667] EP OUT 0x03 len=0 
[12:06:36.948535] EP IN  0x81 len=64 0957230000008687845a58833800001e064a000c00f23e63017ae10701e89a914208b8fff02d3e00a05e24101a01000000000000000000000000000000000000
[12:06:36.949939] EP OUT 0x03 len=0 
[12:06:36.957303] EP OUT 0x03 len=0 
[12:06:36.960390] EP IN  0x81 len=64 095a230000008587845958833800001e114a000c00803d6301bae00701fc9a911808b5ff14fd4500801f1c101c01000000000000000000000000000000000000
[12:06:36.961870] EP OUT 0x03 len=0 
[12:06:36.969366] EP OUT 0x03 len=0 
[12:06:36.972466] EP IN  0x81 len=64 095d230000008687845948833800001e1d4a000c00b8366301fcdd0701349b911940b4ff3944440080de1b101d01000000000000000000000000000000000000
[12:06:36.974048] EP OUT 0x03 len=0 
[12:06:36.981421] EP OUT 0x03 len=0 
[12:06:36.984412] EP IN  0x81 len=64 0960230000008687845948833800001e284a000c00b43063018ada07013f9b91c07eb6ffa1043f00209f1b101f01000000000000000000000000000000000000
[12:06:36.986038] EP OUT 0x03 len=0 
[12:06:36.993355] EP OUT 0x03 len=0 
[12:06:36.996476] EP IN  0x81 len=64 0963230000008697845948833800001e344a000c00922c63018ad70701c39a914302baffd3fe3d00c0df19101d01000000000000000000000000000000000000
[12:06:36.998098] EP OUT 0x03 len=0 
[12:06:37.005498] EP OUT 0x03 len=0 
[12:06:37.008423] EP IN  0x81 len=64 0968230000008577845a48833800001e474a000c005822630186d40701dd99918a08b9ff02074100c05f17101c01000000000000000000000000000000000000
[12:06:37.010146] EP OUT 0x03 len=0 
[12:06:37.012825] EP OUT 0x03 len=0 
[12:06:37.014919] EP OUT 0x03 len=0 
[12:06:37.016724] EP OUT 0x03 len=0 
[12:06:37.020468] EP IN  0x81 len=64 0969230000008587845a58833800001e4b4a000c000a1f630146d40701ac999109cbb7ffab084100202018101c01000000000000000000000000000000000000
[12:06:37.021998] EP OUT 0x03 len=0 
[12:06:37.029443] EP OUT 0x03 len=0 
[12:06:37.032399] EP IN  0x81 len=64 096c230000008687845958833800001e564a000c00ec1763018cd407011b99916450b3ff3182410040df1e101e01000000000000000000000000000000000000
[12:06:37.033966] EP OUT 0x03 len=0 
[12:06:37.041449] EP OUT 0x03 len=0 
[12:06:37.044455] EP IN  0x81 len=64 096f230000008687845958833800001e624a000c008c1663012cd307016098919b85b1ff5076420080de21102201000000000000000000000000000000000000
[12:06:37.046023] EP OUT 0x03 len=0 
[12:06:37.053104] EP OUT 0x03 len=0 
[12:06:37.056408] EP IN  0x81 len=64 0972230000008587845948833800001e6d4a000c00dc126301f8d10701e397914e4aadff54014700002018102001000000000000000000000000000000000000
[12:06:37.057853] EP OUT 0x03 len=0 
[12:06:37.060527] EP IN  0x81 len=64 0975230000008687845a58833800001e794a000c00fc046301b0d107019e97918710adffa7114700401f1c101f01000000000000000000000000000000000000
[12:06:37.062895] EP OUT 0x03 len=0 
[12:06:37.065165] EP OUT 0x03 len=0 
[12:06:37.068479] EP IN  0x81 len=64 0976230000008587845948833800001e7d4a000c00e4ff620106d207019a97913993adff31504500e0de20101f01000000000000000000000000000000000000
[12:06:37.070082] EP OUT 0x03 len=0 
[12:06:37.077265] EP OUT 0x03 len=0 
[12:06:37.080405] EP IN  0x81 len=64 0978230000008687845948833800001e844a000c009cf8620188d20701949791f051affff34a4300401d28101f01000000000000000000000000000000000000
[12:06:37.081978] EP OUT 0x03 len=0 
[12:06:37.089142] EP OUT 0x03 len=0 
[12:06:37.092378] EP IN  0x81 len=64 097b230000008687845948833800001e904a000c001cf2620162d207018a9791520ab1ffd3ff420080dc2e101601000000000000000000000000000000000000
[12:06:37.093941] EP OUT 0x03 len=0 
[12:06:37.101238] EP OUT 0x03 len=0 
[12:06:37.104396] EP IN  0x81 len=64 097e230000008687845a48833800001e9b3a000c00c8f16201ccd007018e9791f306afff13f53d0080f130101601000000000000000000000000000000000000
[12:06:37.105887] EP OUT 0x03 len=0 
[12:06:37.113395] EP OUT 0x03 len=0 
[12:06:37.116419] EP IN  0x81 len=64 0981230000008687845958833800001ea74a000c00b4f7620116cf07015b97914305b4ff3f6b3400a0dd26101e01000000000000000000000000000000000000
[12:06:37.118209] EP OUT 0x03 len=0 
[12:06:37.125701] EP OUT 0x03 len=0 
[12:06:37.132923] EP OUT 0x03 len=0 
[12:06:37.140221] EP OUT 0x03 len=0 
[12:06:37.144452] EP IN  0x81 len=64 0986230000008687845948833800001eba4a000c00340363012acd07019196910008b3ff9aef3a0000a111101b01000000000000000000000000000000000000
[12:06:37.146069] EP OUT 0x03 len=0 
[12:06:37.153466] EP OUT 0x03 len=0 
[12:06:37.156468] EP IN  0x81 len=64 098b230000008687845948833800001ecb2a000c0018fd620128cd0701a296910c0db5ff1bfb3b00a0a013102401000000000000000000000000000000000000
[12:06:37.158067] EP OUT 0x03 len=0 
[12:06:37.165485] EP OUT 0x03 len=0 
[12:06:37.168370] EP IN  0x81 len=64 0990230000008587845958833800001ee03a000c0098f26201b8cd07013c9691fbb5b3ff08a9390020f51a102501000000000000000000000000000000000000
[12:06:37.169987] EP OUT 0x03 len=0 
[12:06:37.177263] EP OUT 0x03 len=0 
[12:06:37.180454] EP IN  0x81 len=64 0991230000008687845a48833800001ee22a000c0050f1620198cd07012c9691700bb3ff51fc3900409f1a102501000000000000000000000000000000000000
[12:06:37.182134] EP OUT 0x03 len=0 
[12:06:37.189832] EP OUT 0x03 len=0 
[12:06:37.192371] EP IN  0x81 len=64 0996230000008587845948833800001ef73a000c00cce06201c0cc07010996918ab2b8ffd7a53500809d2a102101000000000000000000000000000000000000
[12:06:37.193989] EP OUT 0x03 len=0 
[12:06:37.196542] EP OUT 0x03 len=0 
[12:06:37.198753] EP OUT 0x03 len=0 
[12:06:37.200776] EP OUT 0x03 len=0 
[12:06:37.204475] EP IN  0x81 len=64 0997230000008687845948833800001ef92a000c006ce1620168cc0701f295915188b9ff1a773400809d2b102101000000000000000000000000000000000000
[12:06:37.205919] EP OUT 0x03 len=0 
[12:06:37.208379] EP IN  0x81 len=64 099a230000008687845948833800001e052b000c0088ec6201bac807010e9591da04bcff77f13100009e26102201000000000000000000000000000000000000
[12:06:37.210569] EP OUT 0x03 len=0 
[12:06:37.216418] EP IN  0x81 len=64 099b230000008687845958833800001e094b000c0054f0620138c70701be9491dab9bbfff3643300801e22102201000000000000000000000000000000000000
[12:06:37.217898] EP OUT 0x03 len=0 
[12:06:37.225310] EP OUT 0x03 len=0 
[12:06:37.228442] EP IN  0x81 len=64 099d230000008587845948833800001e102b000c00c6f3620100c507014b94914106baff10f63500602016101f01000000000000000000000000000000000000
[12:06:37.229972] EP OUT 0x03 len=0 
[12:06:37.237197] EP OUT 0x03 len=0 
[12:06:37.240391] EP IN  0x81 len=64 09a0230000008687845948833800001e1c2b000c0030f362018ec207018e93912c08bbff8efa330060a014101e01000000000000000000000000000000000000
[12:06:37.241727] EP OUT 0x03 len=0 
[12:06:37.244466] EP IN  0x81 len=64 09a3230000008687845a48833800001e271b000c0094f0620104c007011b93912a0abaff1af8330040a019101e01000000000000000000000000000000000000
[12:06:37.246668] EP OUT 0x03 len=0 
[12:06:37.248759] EP OUT 0x03 len=0 
[12:06:37.252540] EP IN  0x81 len=64 09a4230000008587845a58833800001e2b4b000c0048ef620146bf0701f392914104baff5a003500809f1a101e01000000000000000000000000000000000000
[12:06:37.254026] EP OUT 0x03 len=0 
[12:06:37.261313] EP OUT 0x03 len=0 
[12:06:37.264420] EP IN  0x81 len=64 09a6230000008587845948833800001e332b000c00c0eb6201e2bd0701d192916d08b9ff697c3800c01e20102101000000000000000000000000000000000000
[12:06:37.265913] EP OUT 0x03 len=0 
[12:06:37.273039] EP OUT 0x03 len=0 
[12:06:37.276396] EP IN  0x81 len=64 09a9230000008597845948833800001e3e1b000c0088e56201bcbc07018e9291ea0ab6ff02f73b00a09c27102601000000000000000000000000000000000000
[12:06:37.277760] EP OUT 0x03 len=0 
[12:06:37.280406] EP IN  0x81 len=64 09ac230000008687845948833800001e4a2b000c00fce16201a0bc0701529291d50ab7ff4cf83800a01d2b102601000000000000000000000000000000000000
[12:06:37.282482] EP OUT 0x03 len=0 
[12:06:37.288420] EP IN  0x81 len=64 09ad230000008587845958833800001e4e4b000c0050e2620162bc0701449291e4c8b6ffa3b63800a0dd28102101000000000000000000000000000000000000
[12:06:37.289963] EP OUT 0x03 len=0 
[12:06:37.297378] EP OUT 0x03 len=0 
[12:06:37.300464] EP IN  0x81 len=64 09af230000008597845948833800001e551b000c00c0e26201cebb07014292913b0bb3ffd9f63900009f1c102001000000000000000000000000000000000000
[12:06:37.302150] EP OUT 0x03 len=0 
[12:06:37.309694] EP OUT 0x03 len=0 
[12:06:37.312392] EP IN  0x81 len=64 09b4230000008597845948833800001e692b000c007ad6620144bb0701339391588bb1ffee7c3a0060a014101e01000000000000000000000000000000000000
[12:06:37.313851] EP OUT 0x03 len=0 
[12:06:37.316157] EP OUT 0x03 len=0 
[12:06:37.318678] EP OUT 0x03 len=0 
[12:06:37.320886] EP OUT 0x03 len=0 
[12:06:37.324381] EP IN  0x81 len=64 09b5230000008687845a58833800001e6e5b000c0008d3620106bb07017f939151a3b2ff2173390020a016101601000000000000000000000000000000000000
[12:06:37.325818] EP OUT 0x03 len=0 
[12:06:37.333239] EP OUT 0x03 len=0 
[12:06:37.336442] EP IN  0x81 len=64 09b8230000008687845958833800001e782b000c005acd6201eaba0701f49391e70bb4fff47a3a00c01e1e101101000000000000000000000000000000000000
[12:06:37.338098] EP OUT 0x03 len=0 
[12:06:37.345427] EP OUT 0x03 len=0 
[12:06:37.348377] EP IN  0x81 len=64 09bb230000008687845a58833800001e853b000c00e4c46201b0bb0701579491c563b3ffc4003e00a09e20101d01000000000000000000000000000000000000
[12:06:37.349693] EP OUT 0x03 len=0 
[12:06:37.352393] EP IN  0x81 len=64 09be230000008687845958833800001e8f2b000c00c0bb620106bd07016e9491b80eb2ff36fd3e00809e24101e01000000000000000000000000000000000000
[12:06:37.354477] EP OUT 0x03 len=0 
[12:06:37.360428] EP IN  0x81 len=64 09bf230000008687845948833800001e934b000c0040b76201debd07016d94918017b2ff240d3f00c01d26101e01000000000000000000000000000000000000
[12:06:37.361985] EP OUT 0x03 len=0 
[12:06:37.369387] EP OUT 0x03 len=0 
[12:06:37.372456] EP IN  0x81 len=64 09c1230000008677845a48833800001e9c3b000c0016ad62013ac007016a9491096ab3ff3ab03e0000f328101b01000000000000000000000000000000000000
[12:06:37.374080] EP OUT 0x03 len=0 
[12:06:37.381305] EP OUT 0x03 len=0 
[12:06:37.384393] EP IN  0x81 len=64 09c4230000008687845948833800001ea62b000c008aa562014ac207013994911d0eb2ff41fa3c00209d2a101601000000000000000000000000000000000000
[12:06:37.385782] EP OUT 0x03 len=0 
[12:06:37.388449] EP IN  0x81 len=64 09c7230000008587845a58833800001eb22b000c00f8a16201b6c10701fe9391190ab2ff72f93900e01e20101c01000000000000000000000000000000000000
[12:06:37.390554] EP OUT 0x03 len=0 
[12:06:37.396489] EP IN  0x81 len=64 09c8230000008587845948833800001eb53b000c00fca0620146c10701ec9391535eb1fff9fc380060f41c101c01000000000000000000000000000000000000
[12:06:37.398161] EP OUT 0x03 len=0 
[12:06:37.405344] EP OUT 0x03 len=0 
[12:06:37.408412] EP IN  0x81 len=64 09ca230000008687845948833800001ebd2b000c006e9c620124bf07016d94910585b4ffd2fc4100a01f16102101000000000000000000000000000000000000
[12:06:37.409975] EP OUT 0x03 len=0 
[12:06:37.417332] EP OUT 0x03 len=0 
[12:06:37.420365] EP IN  0x81 len=64 09cd230000008587845848833800001ec92b000c0098826201a8b50701549a91f602b0ff41882f0080a107102101000000000000000000000000000000000000
[12:06:37.421817] EP OUT 0x03 len=0 
[12:06:37.424376] EP IN  0x81 len=64 09d0230000008687845a48833800001ed42b000c007874620180af0701a49b917204b4ff5f003000801d26102001000000000000000000000000000000000000
[12:06:37.426402] EP OUT 0x03 len=0 
[12:06:37.432431] EP IN  0x81 len=64 09d1230000008687845a58833800001ed84b000c004473620184ad0701b89b91c7b5b5ff5fc52f00c01c2d102001000000000000000000000000000000000000
[12:06:37.433926] EP OUT 0x03 len=0 
[12:06:37.441282] EP OUT 0x03 len=0 
[12:06:37.444454] EP IN  0x81 len=64 09d3230000008687845958833800001ee02b000c004c766201daaa0701949b911407b4ffcef62c00e09b30102601000000000000000000000000000000000000
[12:06:37.446039] EP OUT 0x03 len=0 
[12:06:37.453479] EP OUT 0x03 len=0 
[12:06:37.456396] EP IN  0x81 len=64 09d6230000008687845a48833800001eeb2b000c00667a62010aaa0701769b919a09baff75773100809c2d102601000000000000000000000000000000000000
[12:06:37.457966] EP OUT 0x03 len=0 
[12:06:37.465496] EP OUT 0x03 len=0 
[12:06:37.468475] EP IN  0x81 len=64 09d9230000008687845958833800001ef72b000c001c786201d2aa07013e9b91480cbbffe1f93600609d2a101b01000000000000000000000000000000000000
[12:06:37.470192] EP OUT 0x03 len=0 
[12:06:37.477541] EP OUT 0x03 len=0 
[12:06:37.480435] EP IN  0x81 len=64 09dc230000008687845a48833800001e022c000c00a078620192ab0701209b91d10abbff63f63300e01d26102001000000000000000000000000000000000000
[12:06:37.481872] EP OUT 0x03 len=0 
[12:06:37.484392] EP IN  0x81 len=64 09df230000008687845a48833800001e0e2c000c00aa7d6201c4aa0701b29a911389b9ff2ef63000202016102501000000000000000000000000000000000000
[12:06:37.486496] EP OUT 0x03 len=0 
[12:06:37.492456] EP IN  0x81 len=64 09e0230000008677845948833800001e135c000c001a7f620136aa07019c9a91e46ab8fffabb3000e0a012102501000000000000000000000000000000000000
[12:06:37.493932] EP OUT 0x03 len=0 
[12:06:37.501264] EP OUT 0x03 len=0 
[12:06:37.504378] EP IN  0x81 len=64 09e2230000008587845958833800001e192c000c000a7f620162a907019f9a91f308b6ffc3f83300a0210e102501000000000000000000000000000000000000
[12:06:37.505650] EP OUT 0x03 len=0 
[12:06:37.508455] EP IN  0x81 len=64 09e5230000008687845a48833800001e252c000c00e47a620116a707010e9b919707b6ff73fb3800a02112102101000000000000000000000000000000000000
[12:06:37.510418] EP OUT 0x03 len=0 
[12:06:37.517378] EP OUT 0x03 len=0 
[12:06:37.520369] EP IN  0x81 len=64 09e8230000008687845a48833800001e302c000c00d676620110a50701659b914888b9ff07fb3300609f1b101f01000000000000000000000000000000000000
[12:06:37.521645] EP OUT 0x03 len=0 
[12:06:37.524368] EP IN  0x81 len=64 09e9230000008787845a48833800001e344c000c00c875620186a40701769b913c84baffaa7f3200601f1d101f01000000000000000000000000000000000000
[12:06:37.526483] EP OUT 0x03 len=0 
[12:06:37.532484] EP IN  0x81 len=64 09ea230000008687845a48833800001e384c000c00f874620120a40701709b91ed05bcff8b3e300020df1f101f01000000000000000000000000000000000000
[12:06:37.533757] EP OUT 0x03 len=0 
[12:06:37.536392] EP IN  0x81 len=64 09ec230000008697845a48833800001e413c000c0040766201aca30701029b91db5dbeffe94a2c00e09d24101b01000000000000000000000000000000000000
[12:06:37.538307] EP OUT 0x03 len=0 
[12:06:37.545331] EP OUT 0x03 len=0 
[12:06:37.548465] EP IN  0x81 len=64 09ef230000008687845958833800001e4b2c000c00487b6201dea10701169a91ce07baff7df53100001f21101b01000000000000000000000000000000000000
[12:06:37.549830] EP OUT 0x03 len=0 
[12:06:37.552393] EP IN  0x81 len=64 09f0230000008687845a48833800001e4f4c000c00987c6201f0a00701b69991c402b8ffe2f03300e01e1f102101000000000000000000000000000000000000
[12:06:37.554345] EP OUT 0x03 len=0 
[12:06:37.561385] EP OUT 0x03 len=0 
[12:06:37.564474] EP IN  0x81 len=64 09f3230000008687845948833800001e5a1c000c00207b62010e9e07014299919d0bb1ff4ff73900809e20102101000000000000000000000000000000000000
[12:06:37.566142] EP OUT 0x03 len=0 
[12:06:37.573583] EP OUT 0x03 len=0 
[12:06:37.576399] EP IN  0x81 len=64 09f6230000008687845958833800001e662c000c008479620120990701e898918a05aeffe4f93600a09e1f102101000000000000000000000000000000000000
[12:06:37.578001] EP OUT 0x03 len=0 
[12:06:37.585375] EP OUT 0x03 len=0 
[12:06:37.588456] EP IN  0x81 len=64 09f7230000008577845948833800001e6a4c000c00e47862015a970701e298910cfaadfffc7d3600201f1d102101000000000000000000000000000000000000
[12:06:37.590153] EP OUT 0x03 len=0 
[12:06:37.597410] EP OUT 0x03 len=0 
[12:06:37.600416] EP IN  0x81 len=64 09fa230000008687845a48833800001e752c000c00647262018c920701e898916906b1ff1dff340080a013102201000000000000000000000000000000000000
[12:06:37.602157] EP OUT 0x03 len=0 
[12:06:37.609439] EP OUT 0x03 len=0 
[12:06:37.612462] EP IN  0x81 len=64 09ff230000008687845948833800001e8a3c000c00725d62018a8b0701369991b8aeb6ff31073200c0491d102701000000000000000000000000000000000000
[12:06:37.614003] EP OUT 0x03 len=0 
[12:06:37.621324] EP OUT 0x03 len=0 
[12:06:37.624446] EP IN  0x81 len=64 0900230000008697845958833800001e8c2c000c00b65b6201168b07013399912e08b6ff8dff3000e09e1d102001000000000000000000000000000000000000
[12:06:37.626067] EP OUT 0x03 len=0 
[12:06:37.633344] EP OUT 0x03 len=0 
[12:06:37.636491] EP IN  0x81 len=64 0903230000008687845a58833800001e982c000c0002526201308907013d9991c90ab6ffd1fe2c00001f21101a01000000000000000000000000000000000000
[12:06:37.638159] EP OUT 0x03 len=0 
[12:06:37.645580] EP OUT 0x03 len=0 
[12:06:37.648402] EP IN  0x81 len=64 0908230000008687845a48833800001eab2c000c009c46620122890701fd9891990bb6ffec7d2c00c09e22102301000000000000000000000000000000000000
[12:06:37.649854] EP OUT 0x03 len=0 
[12:06:37.652428] EP IN  0x81 len=64 0909230000008687845948833800001eaf4c000c005044620106890701009991e7cbb5ff5fc52d00809e21102201000000000000000000000000000000000000
[12:06:37.654620] EP OUT 0x03 len=0 
[12:06:37.661667] EP OUT 0x03 len=0 
[12:06:37.664459] EP IN  0x81 len=64 090c230000008697845a58833800001eba2c000c00c23b6201d4880701309991340cb2ff02ff3000401d27102201000000000000000000000000000000000000
[12:06:37.665886] EP OUT 0x03 len=0 
[12:06:37.668453] EP IN  0x81 len=64 090d230000008587845a58833800001ebe4c000c00263962014e8807016199913c88b1ff71c93000605d29102001000000000000000000000000000000000000
[12:06:37.670391] EP OUT 0x03 len=0 
[12:06:37.676490] EP IN  0x81 len=64 090e230000008587845948833800001ec24c000c00f4376201b287070193999173c4b1ff17422f00c0dc2d102001000000000000000000000000000000000000
[12:06:37.678226] EP OUT 0x03 len=0 
[12:06:37.685726] EP OUT 0x03 len=0 
[12:06:37.693159] EP OUT 0x03 len=0 
[12:06:37.700246] EP OUT 0x03 len=0 
[12:06:37.704415] EP IN  0x81 len=64 0912230000008687845a48833800001ed12c000c000e3e6201b2830701de99915506b5ff71f52800e01c2a101b01000000000000000000000000000000000000
[12:06:37.706068] EP OUT 0x03 len=0 
[12:06:37.713175] EP OUT 0x03 len=0 
[12:06:37.716367] EP IN  0x81 len=64 0917230000008687845a48833800001ee52c000c0092526201427d0701e09991f284baffd6f22b00801f21101e01000000000000000000000000000000000000
[12:06:37.717938] EP OUT 0x03 len=0 
[12:06:37.725312] EP OUT 0x03 len=0 
[12:06:37.728390] EP IN  0x81 len=64 091a230000008687845a48833800001ef02c000c00125a6201587b0701009a912b07beffe6f52e00c09f1b101e01000000000000000000000000000000000000
[12:06:37.729947] EP OUT 0x03 len=0 
[12:06:37.737289] EP OUT 0x03 len=0 
[12:06:37.740467] EP IN  0x81 len=64 091d230000008587845948833800001efc2c000c00945c6201cc7a07012f9a910189beff82f83100801f1b101e01000000000000000000000000000000000000
[12:06:37.741793] EP OUT 0x03 len=0 
[12:06:37.744428] EP IN  0x81 len=64 0920230000008687845948833800001e072d000c00245b6201ce7a0701969a91d309bdff647a3400409f1b101f01000000000000000000000000000000000000
[12:06:37.746609] EP OUT 0x03 len=0 
[12:06:37.752418] EP IN  0x81 len=64 0921230000008687845a48833800001e0b4d000c00ca596201c67a0701b19a91de09bdff17ff3300609f1c101f01000000000000000000000000000000000000
[12:06:37.753948] EP OUT 0x03 len=0 
[12:06:37.761507] EP OUT 0x03 len=0 
[12:06:37.764408] EP IN  0x81 len=64 0923230000008687845948833800001e132d000c006c576201307a07010d9b91d508bbffc8fa3300a09f1c101a01000000000000000000000000000000000000
[12:06:37.765953] EP OUT 0x03 len=0 
[12:06:37.768567] EP OUT 0x03 len=0 
[12:06:37.770795] EP OUT 0x03 len=0 
[12:06:37.772912] EP OUT 0x03 len=0 
[12:06:37.776394] EP IN  0x81 len=64 0926230000008687845958833800001e1e2d000c005a516201ee780701cd9b91ea87bcffd2fd3300a09f18101c01000000000000000000000000000000000000
[12:06:37.778025] EP OUT 0x03 len=0 
[12:06:37.785178] EP OUT 0x03 len=0 
[12:06:37.788459] EP IN  0x81 len=64 0929230000008587845948833800001e2a2d000c00ec486201027807014d9c918107c0ff87fd2f0000a019101c01000000000000000000000000000000000000
[12:06:37.789827] EP OUT 0x03 len=0 
[12:06:37.792419] EP IN  0x81 len=64 092c230000008687845958833800001e352d000c000a4462017c750701859c91fa05c1ff77fd2d00802015101d01000000000000000000000000000000000000
[12:06:37.794843] EP OUT 0x03 len=0 
[12:06:37.797033] EP OUT 0x03 len=0 
[12:06:37.800416] EP IN  0x81 len=64 092d230000008687845958833800001e394d000c004c416201a07407018f9c918340c2ff68082e0040e013101d01000000000000000000000000000000000000
[12:06:37.801911] EP OUT 0x03 len=0 
[12:06:37.804459] EP IN  0x81 len=64 092f230000008677845948833800001e412d000c00003a620196730701bf9c913c08c3ff80002e0000a016101d01000000000000000000000000000000000000
[12:06:37.806718] EP OUT 0x03 len=0 
[12:06:37.808749] EP OUT 0x03 len=0 
[12:06:37.812432] EP IN  0x81 len=64 0930230000008687845948833800001e465d000c00ec34620176730701bc9c91d00ac2ff7f172e00609f1a101d01000000000000000000000000000000000000
[12:06:37.813928] EP OUT 0x03 len=0 
[12:06:37.821183] EP OUT 0x03 len=0 
[12:06:37.824411] EP IN  0x81 len=64 0932230000008587845948833800001e4c2d000c00ac30620194730701909c91408ac3ff67fd2c00a01d25101b01000000000000000000000000000000000000
[12:06:37.825906] EP OUT 0x03 len=0 
[12:06:37.833347] EP OUT 0x03 len=0 
[12:06:37.836471] EP IN  0x81 len=64 0935230000008787845948833800001e582d000c007e31620184730701799b91b689beff09f82900609d2c101a01000000000000000000000000000000000000
[12:06:37.837938] EP OUT 0x03 len=0 
[12:06:37.840391] EP IN  0x81 len=64 0938230000008587845948833800001e632d000c005c3262012a730701df9a91660bb7ff32fa2c00809d2a101e01000000000000000000000000000000000000
[12:06:37.842439] EP OUT 0x03 len=0 
[12:06:37.848415] EP IN  0x81 len=64 0939230000008697845948833800001e674d000c00b031620146730701d69a91d20cb6ff2dbc2d0060dd29101e01000000000000000000000000000000000000
[12:06:37.849767] EP OUT 0x03 len=0 
[12:06:37.852461] EP IN  0x81 len=64 093b230000008587845a48833800001e6f2d000c00b42f620114730701e19a91958ab3ffcffa2c00401d27101e01000000000000000000000000000000000000
[12:06:37.855006] EP OUT 0x03 len=0 
[12:06:37.860485] EP IN  0x81 len=64 093c230000008697845a48833800001e734d000c00a42e6201e2720701eb9a914ec9b2ffbe3f2b00605e24101e01000000000000000000000000000000000000
[12:06:37.862158] EP OUT 0x03 len=0 
[12:06:37.869817] EP OUT 0x03 len=0 
[12:06:37.877281] EP OUT 0x03 len=0 
[12:06:37.884845] EP OUT 0x03 len=0 
[12:06:37.888450] EP IN  0x81 len=64 0940230000008677845a48833800001e822d000c00242c62016e7107013f9b913b89b4ffeffa2600609f1c101e01000000000000000000000000000000000000
[12:06:37.890253] EP OUT 0x03 len=0 
[12:06:37.897567] EP OUT 0x03 len=0 
[12:06:37.900471] EP IN  0x81 len=64 0947230000008597845958833800001e9d2d000c00bc2f6201de6f07014c9c91820bb7ff8e792d00209f1b101f01000000000000000000000000000000000000
[12:06:37.902087] EP OUT 0x03 len=0 
[12:06:37.909609] EP OUT 0x03 len=0 
[12:06:37.912406] EP IN  0x81 len=64 094a230000008587845a48833800001ea82d000c00e82d6201327107019f9c916b8cb9ff61fa3200809f1b101f01000000000000000000000000000000000000
[12:06:37.913964] EP OUT 0x03 len=0 
[12:06:37.916282] EP OUT 0x03 len=0 
[12:06:37.918750] EP OUT 0x03 len=0 
[12:06:37.920888] EP OUT 0x03 len=0 
[12:06:37.924508] EP IN  0x81 len=64 094b230000008687845948833800001eac4d000c00502c6201a2710701c09c91f00fbaff42ff3300209f1c101f01000000000000000000000000000000000000
[12:06:37.925858] EP OUT 0x03 len=0 
[12:06:37.933107] EP OUT 0x03 len=0 
[12:06:37.936421] EP IN  0x81 len=64 094e230000008587845948833800001eb82d000c002c276201ee720701089d91de0bb9ffa5f83a00009f24102201000000000000000000000000000000000000
[12:06:37.937853] EP OUT 0x03 len=0 
[12:06:37.945223] EP OUT 0x03 len=0 
[12:06:37.948392] EP IN  0x81 len=64 0951230000008687845a38833800001ec32d000c00d424620198720701e59c91510ab6ff6ff83e00001e24101701000000000000000000000000000000000000
[12:06:37.949715] EP OUT 0x03 len=0 
[12:06:37.952405] EP IN  0x81 len=64 0954230000008687845948833800001ecf2d000c0086216201b0700701e39c91d008b2ff87793e00401e24101b01000000000000000000000000000000000000
[12:06:37.954801] EP OUT 0x03 len=0 
[12:06:37.957197] EP OUT 0x03 len=0 
[12:06:37.960424] EP IN  0x81 len=64 0955230000008687845948833800001ed45d000c0068206201a06f0701df9c91d600b2ffe8983c00009e24101b01000000000000000000000000000000000000
[12:06:37.961993] EP OUT 0x03 len=0 
[12:06:37.969324] EP OUT 0x03 len=0 
[12:06:37.972478] EP IN  0x81 len=64 0957230000008687845948833800001eda2d000c00301f6201026e0701f29c919c07b2ffabf93800a01d25101b01000000000000000000000000000000000000
[12:06:37.973967] EP OUT 0x03 len=0 
[12:06:37.981138] EP OUT 0x03 len=0 
[12:06:37.984399] EP IN  0x81 len=64 095a230000008597845948833800001ee62d000c00d61d6201ae6a0701fa9c91a887b5ff69f93300409e23102201000000000000000000000000000000000000
[12:06:37.985774] EP OUT 0x03 len=0 
[12:06:37.988433] EP IN  0x81 len=64 095d230000008587845948833800001ef12d000c00f81d6201ce680701b59c915009b8ffb0782c00a09e25101f01000000000000000000000000000000000000
[12:06:37.990852] EP OUT 0x03 len=0 
[12:06:37.993196] EP OUT 0x03 len=0 
[12:06:37.996452] EP IN  0x81 len=64 095e230000008687845948833800001ef54d000c00081f6201a26807018a9c919b88b8ffd2f42900601e25101f01000000000000000000000000000000000000
[12:06:37.998008] EP OUT 0x03 len=0 
[12:06:38.005261] EP OUT 0x03 len=0 
[12:06:38.008443] EP IN  0x81 len=64 0960230000008687845a48833800001efd2d000c0080216201a4680701449c916a8ab9ff14f82400601f1d101d01000000000000000000000000000000000000
[12:06:38.010037] EP OUT 0x03 len=0 
[12:06:38.016831] EP OUT 0x03 len=0 
[12:06:38.020415] EP IN  0x81 len=64 0963230000008587845a58833800001e082e000c002c28620146680701c29b91e708baff7ef5220060a018101d01000000000000000000000000000000000000
[12:06:38.021971] EP OUT 0x03 len=0 
[12:06:38.029225] EP OUT 0x03 len=0 
[12:06:38.032399] EP IN  0x81 len=64 0966230000008687845948833800001e142e000c0008306201466707014c9b913008bbffdff6260040a10c102401000000000000000000000000000000000000
[12:06:38.033746] EP OUT 0x03 len=0 
[12:06:38.036486] EP IN  0x81 len=64 0969230000008687845a48833800001e1f2e000c0050306201346607012e9b913909bdffb7fa2b0020a20a102001000000000000000000000000000000000000
[12:06:38.038726] EP OUT 0x03 len=0 
[12:06:38.040849] EP OUT 0x03 len=0 
[12:06:38.044474] EP IN  0x81 len=64 096a230000008577845938833800001e234e000c00de2e6201b86507012c9b91aa85bdffc8002d00a0210d102001000000000000000000000000000000000000
[12:06:38.046015] EP OUT 0x03 len=0 
[12:06:38.053582] EP OUT 0x03 len=0 
[12:06:38.056392] EP IN  0x81 len=64 096c230000008587845948833800001e2b2e000c00dc29620148650701189b91fa09bdff4efe2b0040a019102001000000000000000000000000000000000000
[12:06:38.057704] EP OUT 0x03 len=0 
[12:06:38.060389] EP IN  0x81 len=64 096f230000008587845958833800001e362e000c0000256201e6640701f09a915d8abeffb17b2a00e01d28101e01000000000000000000000000000000000000
[12:06:38.062228] EP OUT 0x03 len=0 
[12:06:38.068502] EP IN  0x81 len=64 0970230000008687845948833800001e3a4e000c00b8246201d4640701dc9a918789bfffc1bc2900609d2a101e01000000000000000000000000000000000000
[12:06:38.070245] EP OUT 0x03 len=0 
[12:06:38.077739] EP OUT 0x03 len=0 
[12:06:38.084858] EP OUT 0x03 len=0 
[12:06:38.091665] EP OUT 0x03 len=0 
[12:06:38.096429] EP IN  0x81 len=64 0974230000008687845948833800001e4b3e000c0070256201f2640701249a911e5fbeff87fb2600604828102101000000000000000000000000000000000000
[12:06:38.097947] EP OUT 0x03 len=0 
[12:06:38.104983] EP OUT 0x03 len=0 
[12:06:38.108435] EP IN  0x81 len=64 0979230000008597845948833800001e5d2e000c002c256201a2640701849991110abcfffbfc2600609f19101801000000000000000000000000000000000000
[12:06:38.109883] EP OUT 0x03 len=0 
[12:06:38.117085] EP OUT 0x03 len=0 
[12:06:38.120408] EP IN  0x81 len=64 097c230000008587845948833800001e682e000c00681e62015a650701c799912d0cbcff8bff2200001f1d101801000000000000000000000000000000000000
[12:06:38.122141] EP OUT 0x03 len=0 
[12:06:38.129376] EP OUT 0x03 len=0 
[12:06:38.132442] EP IN  0x81 len=64 097f230000008687845948833800001e742e000c00ea1e620156650701629991d489b9ffc6f72100201e28102301000000000000000000000000000000000000
[12:06:38.133804] EP OUT 0x03 len=0 
[12:06:38.136427] EP IN  0x81 len=64 0982230000008687845948833800001e7f2e000c00d02762011c650701b49891260ab7ff0ef42600409e21102101000000000000000000000000000000000000
[12:06:38.138733] EP OUT 0x03 len=0 
[12:06:38.140757] EP OUT 0x03 len=0 
[12:06:38.144439] EP IN  0x81 len=64 0983230000008587845958833800001e834e000c00202b620122650701719891d60ab7fffe672800e05f1e102101000000000000000000000000000000000000
[12:06:38.145968] EP OUT 0x03 len=0 
[12:06:38.153276] EP OUT 0x03 len=0 
[12:06:38.156454] EP IN  0x81 len=64 0985230000008687845938833800001e8b2e000c00a82f6201c66407011d9891d309b5ffb1f62d00c01f16102101000000000000000000000000000000000000
[12:06:38.158096] EP OUT 0x03 len=0 
[12:06:38.165503] EP OUT 0x03 len=0 
[12:06:38.168406] EP IN  0x81 len=64 098a230000008677845a48833800001e9e2e000c00d4316201fe610701409891a207b1ffbd762e00a09e22102001000000000000000000000000000000000000
[12:06:38.170005] EP OUT 0x03 len=0 
[12:06:38.177319] EP OUT 0x03 len=0 
[12:06:38.180469] EP IN  0x81 len=64 098b230000008587845958833800001ea24e000c002c336201c66007013e98917bfdb0ff90f22d00a0de21102001000000000000000000000000000000000000
[12:06:38.182072] EP OUT 0x03 len=0 
[12:06:38.189460] EP OUT 0x03 len=0 
[12:06:38.192434] EP IN  0x81 len=64 098e230000008687845958833800001ead2e000c00ba3562017e5e07015398912888b5ffd0f82b00c09e20101e01000000000000000000000000000000000000
[12:06:38.194223] EP OUT 0x03 len=0 
[12:06:38.197068] EP OUT 0x03 len=0 
[12:06:38.199839] EP OUT 0x03 len=0 
[12:06:38.204475] EP IN  0x81 len=64 0991230000008687845948833800001eb92e000c00f6356201125e07016f9891790ab5ff88f92b00409e23101e01000000000000000000000000000000000000
[12:06:38.206086] EP OUT 0x03 len=0 
[12:06:38.213348] EP OUT 0x03 len=0 
[12:06:38.216484] EP IN  0x81 len=64 0994230000008687845948833800001ec42e000c002a366201845e0701b09891e30bb3ff2df92d00001f21101c01000000000000000000000000000000000000
[12:06:38.217911] EP OUT 0x03 len=0 
[12:06:38.225329] EP OUT 0x03 len=0 
[12:06:38.228387] EP IN  0x81 len=64 0997230000008687845948833800001ed02e000c00b6336201605f0701749991f80bb3ff627a2d00201f1f101c01000000000000000000000000000000000000
[12:06:38.229895] EP OUT 0x03 len=0 
[12:06:38.237525] EP OUT 0x03 len=0 
[12:06:38.240408] EP IN  0x81 len=64 099a230000008587845958833800001edb2e000c00883162018e600701679a91360cb2ff9df92e00e01d27101c01000000000000000000000000000000000000
[12:06:38.242054] EP OUT 0x03 len=0 
[12:06:38.249423] EP OUT 0x03 len=0 
[12:06:38.252402] EP IN  0x81 len=64 099d230000008577845948833800001ee72e000c00de356201fe6007013c9b918309b6ffc9f42d00209d2a102501000000000000000000000000000000000000
[12:06:38.253810] EP OUT 0x03 len=0 
[12:06:38.256395] EP IN  0x81 len=64 09a0230000008577845948833800001ef22e000c00bc406201c65e07019c9b912f06b6ff9ef23000601f20102001000000000000000000000000000000000000
[12:06:38.258448] EP OUT 0x03 len=0 
[12:06:38.264431] EP IN  0x81 len=64 09a1230000008587845a48833800001ef64e000c002a436201dc5d0701d39b91f8fcb5ffd2eb3000805f1c102001000000000000000000000000000000000000
[12:06:38.266132] EP OUT 0x03 len=0 
[12:06:38.273840] EP OUT 0x03 len=0 
[12:06:38.280744] EP OUT 0x03 len=0 
[12:06:38.287639] EP OUT 0x03 len=0 
[12:06:38.292494] EP IN  0x81 len=64 09a5230000008587845a38833800001e073f000c00ce416201c85b0701e59c9144b2bcff37a83100209f1b102401000000000000000000000000000000000000
[12:06:38.293924] EP OUT 0x03 len=0 
[12:06:38.301736] EP OUT 0x03 len=0 
[12:06:38.309235] EP OUT 0x03 len=0 
[12:06:38.316637] EP OUT 0x03 len=0 
[12:06:38.320436] EP IN  0x81 len=64 09ac230000008587845948833800001e201f000c00ce436201865c0701349d91f208c4ff7cf92c00609f21101b01000000000000000000000000000000000000
[12:06:38.322215] EP OUT 0x03 len=0 
[12:06:38.329498] EP OUT 0x03 len=0 
[12:06:38.332433] EP IN  0x81 len=64 09b3230000008687845948833800001e3b2f000c003c4362017a5f0701d99c91260bbeff7e782900209f20101d01000000000000000000000000000000000000
[12:06:38.333740] EP OUT 0x03 len=0 
[12:06:38.336526] EP OUT 0x03 len=0 
[12:06:38.338790] EP OUT 0x03 len=0 
[12:06:38.340955] EP OUT 0x03 len=0 
[12:06:38.344415] EP IN  0x81 len=64 09b4230000008687845948833800001e3f4f000c0088436201b05f0701ca9c91338cbcffdff72900209f1f101e01000000000000000000000000000000000000
[12:06:38.346094] EP OUT 0x03 len=0 
[12:06:38.353848] EP OUT 0x03 len=0 
[12:06:38.356429] EP IN  0x81 len=64 09b9230000008597845a48833800001e522f000c006441620114600701479d91478ab9ffe5fa2900c09f19102201000000000000000000000000000000000000
[12:06:38.357995] EP OUT 0x03 len=0 
[12:06:38.360708] EP OUT 0x03 len=0 
[12:06:38.362854] EP OUT 0x03 len=0 
[12:06:38.368476] EP IN  0x81 len=64 09ba230000008587845958833800001e564f000c00dc40620110600701789d91c589baff957d2900e0df1a102201000000000000000000000000000000000000
[12:06:38.369870] EP OUT 0x03 len=0 
[12:06:38.372469] EP IN  0x81 len=64 09bd230000008687845948833800001e622f000c00344162017c5f0701ec9d918b08bdffc9f82700e09e20102101000000000000000000000000000000000000
[12:06:38.374554] EP OUT 0x03 len=0 
[12:06:38.380471] EP IN  0x81 len=64 09be230000008687845948833800001e675f000c002c4262011a5f0701059e91169ebcffcc5a290040d220102101000000000000000000000000000000000000
[12:06:38.382062] EP OUT 0x03 len=0 
[12:06:38.384407] EP IN  0x81 len=64 09c0230000008687845948833800001e6d2f000c00c0426201b85e0701199e91d789b9ff01792c00a09e20102401000000000000000000000000000000000000
[12:06:38.386819] EP OUT 0x03 len=0 
[12:06:38.389063] EP OUT 0x03 len=0 
[12:06:38.392423] EP IN  0x81 len=64 09c1230000008697845948833800001e714f000c007c426201c25e07012f9e916ccab9ff0a7a2e00205f21102401000000000000000000000000000000000000
[12:06:38.394022] EP OUT 0x03 len=0 
[12:06:38.396478] EP IN  0x81 len=64 09c3230000008687845948833800001e792f000c00fc406201985e07014f9e91b60ab8ff607a3200c01e20102401000000000000000000000000000000000000
[12:06:38.398713] EP OUT 0x03 len=0 
[12:06:38.400895] EP OUT 0x03 len=0 
[12:06:38.404399] EP IN  0x81 len=64 09c4230000008587845a48833800001e7e5f000c007c3f62010a5e0701689e91a99fb7ff0e02330040d21f102201000000000000000000000000000000000000
[12:06:38.405822] EP OUT 0x03 len=0 
[12:06:38.408370] EP IN  0x81 len=64 09c6230000008587845938833800001e842f000c007c3e6201785d07017f9e912c09b8ffc8793200401f1e102201000000000000000000000000000000000000
[12:06:38.410464] EP OUT 0x03 len=0 
[12:06:38.416428] EP IN  0x81 len=64 09c7230000008687845a48833800001e884f000c00de3d6201165d07018f9e916e86b8ffc43b3100e09e1d102201000000000000000000000000000000000000
[12:06:38.417780] EP OUT 0x03 len=0 
[12:06:38.420459] EP IN  0x81 len=64 09c9230000008597845958833800001e902f000c00d83b6201a25c0701809e917e0ab8ff12fb2e00a09e1a102001000000000000000000000000000000000000
[12:06:38.422659] EP OUT 0x03 len=0 
[12:06:38.424854] EP OUT 0x03 len=0 
[12:06:38.428407] EP IN  0x81 len=64 09ca230000008587845958833800001e955f000c00103a6201e45c07015c9e91090fb8ff069c2d0000d31a102001000000000000000000000000000000000000
[12:06:38.429813] EP OUT 0x03 len=0 
[12:06:38.432402] EP IN  0x81 len=64 09cc230000008687845958833800001e9b2f000c007c386201905d0701459e91720cb9ffb5fa2b00201f1e102001000000000000000000000000000000000000
[12:06:38.434596] EP OUT 0x03 len=0 
[12:06:38.440424] EP IN  0x81 len=64 09cd230000008687845958833800001e9f4f000c0040386201fa5d0701239e91a250b8ff593b2b00a09e21101c01000000000000000000000000000000000000
[12:06:38.441978] EP OUT 0x03 len=0 
[12:06:38.449059] EP OUT 0x03 len=0 
[12:06:38.452487] EP IN  0x81 len=64 09cf230000008687845948833800001ea72f000c004e3a62011e5e0701c19d91468ab5ffc5762b00209e25101c01000000000000000000000000000000000000
[12:06:38.454070] EP OUT 0x03 len=0 
[12:06:38.461206] EP OUT 0x03 len=0 
[12:06:38.464449] EP IN  0x81 len=64 09d2230000008697845948833800001eb22f000c000e3e6201de5d0701779d91fd0ab1ff3df62f00001f21102901000000000000000000000000000000000000
[12:06:38.466208] EP OUT 0x03 len=0 
[12:06:38.473582] EP OUT 0x03 len=0 
[12:06:38.476475] EP IN  0x81 len=64 09d7230000008687845948833800001ec51f000c00d8396201005d0701e19d91d40bb1ff9cf92e00c09e21102301000000000000000000000000000000000000
[12:06:38.477935] EP OUT 0x03 len=0 
[12:06:38.480404] EP IN  0x81 len=64 09d8230000008587845948833800001ec94f000c00d63862014e5c0701fe9d918304b1ff05002f00e09e21102301000000000000000000000000000000000000
[12:06:38.482520] EP OUT 0x03 len=0 
[12:06:38.488407] EP IN  0x81 len=64 09d9230000008687845a48833800001ecd4f000c00f8376201725b0701219e9170c2b1ff3aff2e00e09d21102001000000000000000000000000000000000000
[12:06:38.489833] EP OUT 0x03 len=0 
[12:06:38.492462] EP IN  0x81 len=64 09db230000008687845948833800001ed52f000c0026366201065a07015c9e913f89b3ffbefb2b00c09d20101e01000000000000000000000000000000000000
[12:06:38.494738] EP OUT 0x03 len=0 
[12:06:38.496967] EP OUT 0x03 len=0 
[12:06:38.500451] EP IN  0x81 len=64 09dc230000008587845a48833800001ed94f000c005c356201a6590701719e91fe46b5ff52ff2a00001f21101e01000000000000000000000000000000000000
[12:06:38.501971] EP OUT 0x03 len=0 
[12:06:38.509253] EP OUT 0x03 len=0 
[12:06:38.512389] EP IN  0x81 len=64 09de230000008687845948833800001ee02f000c00e2356201285907017e9e91098ab7fff5f82700009e22102401000000000000000000000000000000000000
[12:06:38.513788] EP OUT 0x03 len=0 
[12:06:38.516409] EP IN  0x81 len=64 09e1230000008687845948833800001eec2f000c00b83b620118580701619e91aa08b8ffa8f52a00001f21101e01000000000000000000000000000000000000
[12:06:38.518574] EP OUT 0x03 len=0 
[12:06:38.524503] EP IN  0x81 len=64 09e2230000008687845a58833800001ef04f000c00243e6201b8570701659e91d504b7ff6ded2c00a05e20101901000000000000000000000000000000000000
[12:06:38.526084] EP OUT 0x03 len=0 
[12:06:38.533372] EP OUT 0x03 len=0 
[12:06:38.536466] EP IN  0x81 len=64 09e4230000008677845948833800001ef72f000c00f44162010c570701789e91d388b6ffc1f52e00209f1d101901000000000000000000000000000000000000
[12:06:38.537974] EP OUT 0x03 len=0 
[12:06:38.545233] EP OUT 0x03 len=0 
[12:06:38.548396] EP IN  0x81 len=64 09e7230000008687845958833800001e0320000c00a4436201f0550701cf9e912109b4ffa5f92f00601f1b101f01000000000000000000000000000000000000
[12:06:38.549648] EP OUT 0x03 len=0 
[12:06:38.552405] EP IN  0x81 len=64 09ea230000008687845948833800001e0e20000c0088416201a0540701059f91a108b8ffcffa3000c09f1a101c01000000000000000000000000000000000000
[12:06:38.554606] EP OUT 0x03 len=0 
[12:06:38.560418] EP IN  0x81 len=64 09eb230000008587845a58833800001e1240000c00a0406201e05307011e9f917e03b8ffc3be3100a05f19101c01000000000000000000000000000000000000
[12:06:38.562044] EP OUT 0x03 len=0 
[12:06:38.569316] EP OUT 0x03 len=0 
[12:06:38.572474] EP IN  0x81 len=64 09ed230000008677845a48833800001e1a20000c00a03d6201c05207015c9f915309b7ff637c320040a017101c01000000000000000000000000000000000000
[12:06:38.573954] EP OUT 0x03 len=0 
[12:06:38.581156] EP OUT 0x03 len=0 
[12:06:38.584409] EP IN  0x81 len=64 09f0230000008687845a48833800001e2520000c00a036620118530701cc9f915f0abaff5afd2e00201f1d101b01000000000000000000000000000000000000
[12:06:38.585925] EP OUT 0x03 len=0 
[12:06:38.593130] EP OUT 0x03 len=0 
[12:06:38.596489] EP IN  0x81 len=64 09f3230000008587845938833800001e3120000c0008306201d653070126a091948abcffb67c2c00209f1c101a01000000000000000000000000000000000000
[12:06:38.598169] EP OUT 0x03 len=0 
[12:06:38.604921] EP OUT 0x03 len=0 
[12:06:38.608430] EP IN  0x81 len=64 09f6230000008687845958833800001e3c10000c00bc2a62019454070197a091eb09bdffdbf92a00609d22102401000000000000000000000000000000000000
[12:06:38.610084] EP OUT 0x03 len=0 
[12:06:38.616955] EP OUT 0x03 len=0 
[12:06:38.620404] EP IN  0x81 len=64 09f9230000008587845a58833800001e4820000c00c42962013a540701e1a091fc87bbff67f82a00a09d26102401000000000000000000000000000000000000
[12:06:38.621844] EP OUT 0x03 len=0 
[12:06:38.624401] EP IN  0x81 len=64 09fc230000008687845a58833800001e5310000c002e2e6201e6520701cca0917c0abaff65fa2700209f20102001000000000000000000000000000000000000
[12:06:38.626569] EP OUT 0x03 len=0 
[12:06:38.632398] EP IN  0x81 len=64 09fd230000008587845958833800001e5740000c00d02f62014e520701c9a0914f02baff25f22700201f1e102001000000000000000000000000000000000000
[12:06:38.633763] EP OUT 0x03 len=0 
[12:06:38.636459] EP IN  0x81 len=64 09ff230000008687845a48833800001e5f20000c00b030620180510701d0a0912c88baff9bfa280080a016101e01000000000000000000000000000000000000
[12:06:38.638660] EP OUT 0x03 len=0 
[12:06:38.640924] EP OUT 0x03 len=0 
[12:06:38.644461] EP IN  0x81 len=64 0900230000008587845a58833800001e6340000c005830620116510701c9a09118c6bbffeefc280060e015101e01000000000000000000000000000000000000
[12:06:38.645969] EP OUT 0x03 len=0 
[12:06:38.653182] EP OUT 0x03 len=0 
[12:06:38.656405] EP IN  0x81 len=64 0902230000008687845948833800001e6a10000c00742f620190500701b6a091060abcffdff9260020a016101e01000000000000000000000000000000000000
[12:06:38.657807] EP OUT 0x03 len=0 
[12:06:38.665247] EP OUT 0x03 len=0 
[12:06:38.668481] EP IN  0x81 len=64 0905230000008587845958833800001e7620000c00be2e6201384f0701cea091c708bbffe2fb2300609f1d102201000000000000000000000000000000000000
[12:06:38.669959] EP OUT 0x03 len=0 
[12:06:38.677276] EP OUT 0x03 len=0 
[12:06:38.680417] EP IN  0x81 len=64 0908230000008687845a58833800001e8330000c00742f6201164e0701fea091b008bbffdff82600c04828101b01000000000000000000000000000000000000
[12:06:38.682047] EP OUT 0x03 len=0 
[12:06:38.689410] EP OUT 0x03 len=0 
[12:06:38.692460] EP IN  0x81 len=64 090b230000008687845948833800001e8d20000c0008326201164d0701f8a0916308b9ff39f82a00801d2a101e01000000000000000000000000000000000000
[12:06:38.694029] EP OUT 0x03 len=0 
[12:06:38.701295] EP OUT 0x03 len=0 
[12:06:38.704401] EP IN  0x81 len=64 090e230000008687845958833800001e9a30000c007a346201bc4c0701cda091910ab9ffed4b2e00e09d27101e01000000000000000000000000000000000000
[12:06:38.705833] EP OUT 0x03 len=0 
[12:06:38.708455] EP IN  0x81 len=64 0911230000008687845948833800001ea420000c00a8356201e44c07018ba091690ab9ff1cf82c00409d27101c01000000000000000000000000000000000000
[12:06:38.710744] EP OUT 0x03 len=0 
[12:06:38.712878] EP OUT 0x03 len=0 
[12:06:38.716456] EP IN  0x81 len=64 0912230000008687845a48833800001ea840000c00b8366201fc4c07016ea091d00ab9ff6a342c00a01d29101c01000000000000000000000000000000000000
[12:06:38.718002] EP OUT 0x03 len=0 
[12:06:38.725120] EP OUT 0x03 len=0 
[12:06:38.728401] EP IN  0x81 len=64 0914230000008587845948833800001eb130000c00263c6201504c0701f09f910c07b6ffe3ef2b00004924102101000000000000000000000000000000000000
[12:06:38.729773] EP OUT 0x03 len=0 
[12:06:38.732368] EP IN  0x81 len=64 0917230000008687845948833800001ebb20000c00e0416201e24a07019b9f913609b0ffa2763000e01f19102101000000000000000000000000000000000000
[12:06:38.734397] EP OUT 0x03 len=0 
[12:06:38.740474] EP IN  0x81 len=64 0918230000008587845948833800001ebf40000c009c4262012a4a0701a59f91cd42afff2935320060e015101d01000000000000000000000000000000000000
[12:06:38.741976] EP OUT 0x03 len=0 
[12:06:38.749138] EP OUT 0x03 len=0 
[12:06:38.752423] EP IN  0x81 len=64 091a230000008587845948833800001ec720000c00a040620126490701f39f91760baeff68fb3300e0a10c101d01000000000000000000000000000000000000
[12:06:38.754065] EP OUT 0x03 len=0 
[12:06:38.761327] EP OUT 0x03 len=0 
[12:06:38.764456] EP IN  0x81 len=64 091d230000008687845a58833800001ed220000c002c3a62014e48070197a0910b0ab2ff3ffd3100402015101901000000000000000000000000000000000000
[12:06:38.765957] EP OUT 0x03 len=0 
[12:06:38.773316] EP OUT 0x03 len=0 
[12:06:38.776435] EP IN  0x81 len=64 0920230000008687845a48833800001ede20000c000a3662013047070147a191080ab3ffdbf93200409e21101b01000000000000000000000000000000000000
[12:06:38.778033] EP OUT 0x03 len=0 
[12:06:38.785420] EP OUT 0x03 len=0 
[12:06:38.788470] EP IN  0x81 len=64 0923230000008587845a48833800001ee920000c00cc356201fc460701baa1911b0bb5ff69f93000009e21101b01000000000000000000000000000000000000
[12:06:38.789968] EP OUT 0x03 len=0 
[12:06:38.797177] EP OUT 0x03 len=0 
[12:06:38.800400] EP IN  0x81 len=64 0926230000008687845958833800001ef520000c0016336201da470701c6a191608cbaff42fa2f00c09d24101a01000000000000000000000000000000000000
[12:06:38.801961] EP OUT 0x03 len=0 
[12:06:38.809075] EP OUT 0x03 len=0 
[12:06:38.812463] EP IN  0x81 len=64 0929230000008697845a48833800001e0021000c009c316201ac4807018aa191db0bb8ffde783300201e27101b01000000000000000000000000000000000000
[12:06:38.813862] EP OUT 0x03 len=0 
[12:06:38.821423] EP OUT 0x03 len=0 
[12:06:38.824389] EP IN  0x81 len=64 092c230000008587845948833800001e0c21000c00ce2e6201ae4807016ca191e80ab6ffc37a3800e01c2a101e01000000000000000000000000000000000000
[12:06:38.825955] EP OUT 0x03 len=0 
[12:06:38.833277] EP OUT 0x03 len=0 
[12:06:38.836465] EP IN  0x81 len=64 092f230000008687845948833800001e1721000c00b02a6201fa4807019ca1916e0bb6ff447b3200009d29102101000000000000000000000000000000000000
[12:06:38.837981] EP OUT 0x03 len=0 
[12:06:38.845249] EP OUT 0x03 len=0 
[12:06:38.848404] EP IN  0x81 len=64 0932230000008677845948833800001e2321000c00182c6201cc480701d6a191b589b9ff18f82700401e24101b01000000000000000000000000000000000000
[12:06:38.849919] EP OUT 0x03 len=0 
[12:06:38.852456] EP IN  0x81 len=64 0935230000008587845948833800001e2e21000c000e336201b64707018ea1911008bcff7cf42300801f19101b01000000000000000000000000000000000000
[12:06:38.854983] EP OUT 0x03 len=0 
[12:06:38.860423] EP IN  0x81 len=64 0936230000008697845a48833800001e3241000c00083662014c47070175a1910e04bcffeba92400c06015101b01000000000000000000000000000000000000
[12:06:38.861986] EP OUT 0x03 len=0 
[12:06:38.869797] EP OUT 0x03 len=0 
[12:06:38.877016] EP OUT 0x03 len=0 
[12:06:38.883735] EP OUT 0x03 len=0 
[12:06:38.888385] EP IN  0x81 len=64 093a230000008587845948833800001e4121000c00d8356201da4507013ea191548abaff8cfc2700a02011101c01000000000000000000000000000000000000
[12:06:38.890067] EP OUT 0x03 len=0 
[12:06:38.897577] EP OUT 0x03 len=0 
[12:06:38.900418] EP IN  0x81 len=64 093f230000008687845a58833800001e5521000c0070396201424407015ea0917b07c0ff3af62200401f1e102301000000000000000000000000000000000000
[12:06:38.902219] EP OUT 0x03 len=0 
[12:06:38.910014] EP OUT 0x03 len=0 
[12:06:38.917525] EP OUT 0x03 len=0 
[12:06:38.920369] EP IN  0x81 len=64 0946230000008687845948833800001e6f11000c002e3862019e4207010d9f915a09c0ffc5f92400a0a01b102301000000000000000000000000000000000000
[12:06:38.922091] EP OUT 0x03 len=0 
[12:06:38.924501] EP OUT 0x03 len=0 
[12:06:38.926383] EP OUT 0x03 len=0 
[12:06:38.928877] EP OUT 0x03 len=0 
[12:06:38.932464] EP IN  0x81 len=64 0947230000008687845948833800001e7341000c007c36620108420701f89e916005c0ffa9042500809f1c102301000000000000000000000000000000000000
[12:06:38.934103] EP OUT 0x03 len=0 
[12:06:38.941382] EP OUT 0x03 len=0 
[12:06:38.944405] EP IN  0x81 len=64 094a230000008677845a38833800001e7f21000c00842f6201a23f0701f29e91dc07bdff3a7f2500401e21102101000000000000000000000000000000000000
[12:06:38.945892] EP OUT 0x03 len=0 
[12:06:38.948477] EP IN  0x81 len=64 094d230000008687845a58833800001e8a21000c00e0296201243e0701f69e915808bffff07d2100401e26102101000000000000000000000000000000000000
[12:06:38.950749] EP OUT 0x03 len=0 
[12:06:38.953016] EP OUT 0x03 len=0 
[12:06:38.956402] EP IN  0x81 len=64 094e230000008587845948833800001e8e41000c0070286201ea3d0701ea9e917108bfff61032000e01d26102001000000000000000000000000000000000000
[12:06:38.957676] EP OUT 0x03 len=0 
[12:06:38.960394] EP IN  0x81 len=64 0950230000008687845948833800001e9621000c003e276201323d0701b59e910b88bcff92fc1d00601e25102001000000000000000000000000000000000000
[12:06:38.962492] EP OUT 0x03 len=0 
[12:06:38.968429] EP IN  0x81 len=64 0951230000008587845948833800001e9a41000c00e6266201c83c0701ae9e910c46bbff7cbd1e00205e25102001000000000000000000000000000000000000
[12:06:38.970034] EP OUT 0x03 len=0 
[12:06:38.977240] EP OUT 0x03 len=0 
[12:06:38.980461] EP IN  0x81 len=64 0953230000008587845a48833800001ea121000c0064276201a63b0701999e91eb87b8ffe8f92000c09d27101f01000000000000000000000000000000000000
[12:06:38.982001] EP OUT 0x03 len=0 
[12:06:38.989271] EP OUT 0x03 len=0 
[12:06:38.992403] EP IN  0x81 len=64 0956230000008587845958833800001ead21000c00fa306201da3807017f9e91da07b3ff82f42300201e28101a01000000000000000000000000000000000000
[12:06:38.993915] EP OUT 0x03 len=0 
[12:06:38.996494] EP IN  0x81 len=64 0959230000008677845a48833800001eb821000c00623a62010e3807016a9e91578ab5ff72732c00c01e22101a01000000000000000000000000000000000000
[12:06:38.998680] EP OUT 0x03 len=0 
[12:06:39.004485] EP IN  0x81 len=64 095a230000008687845a48833800001ebc41000c004e3d62012e380701499e91f70ab6ff09e92e00009f20101a01000000000000000000000000000000000000
[12:06:39.005931] EP OUT 0x03 len=0 
[12:06:39.013326] EP OUT 0x03 len=0 
[12:06:39.016414] EP IN  0x81 len=64 095c230000008577845a38833800001ec421000c00dc4262016a3807010c9e91e70ab6ff2a743100c01e1b101c01000000000000000000000000000000000000
[12:06:39.018179] EP OUT 0x03 len=0 
[12:06:39.025648] EP OUT 0x03 len=0 
[12:06:39.032757] EP OUT 0x03 len=0 
[12:06:39.036476] EP IN  0x81 len=64 0961230000008587845a48833800001ed721000c00644a6201e4380701219e91628bb2ff3cf63200a0a015102101000000000000000000000000000000000000
[12:06:39.037963] EP OUT 0x03 len=0 
[12:06:39.045407] EP OUT 0x03 len=0 
[12:06:39.048431] EP IN  0x81 len=64 0964230000008687845958833800001ee321000c00ca4c6201c4380701689e91280bb0ffd1f63300609f1b102101000000000000000000000000000000000000
[12:06:39.050046] EP OUT 0x03 len=0 
[12:06:39.057567] EP OUT 0x03 len=0 
[12:06:39.060463] EP IN  0x81 len=64 0969230000008587845948833800001ef621000c00bc4d62014e390701099f913c0cb1ff4b783400609e21101e01000000000000000000000000000000000000
[12:06:39.062199] EP OUT 0x03 len=0 
[12:06:39.064735] EP OUT 0x03 len=0 
[12:06:39.066973] EP OUT 0x03 len=0 
[12:06:39.072412] EP IN  0x81 len=64 096a230000008587845a58833800001efa41000c00384d62018e390701309f91910db2ff4b7a3400a09e21101e01000000000000000000000000000000000000
[12:06:39.073736] EP OUT 0x03 len=0 
[12:06:39.076442] EP IN  0x81 len=64 096d230000008697845a48833800001e0522000c00824b6201343a07019d9f91060cb3ff12f93000009e24101f01000000000000000000000000000000000000
[12:06:39.078569] EP OUT 0x03 len=0 
[12:06:39.084531] EP IN  0x81 len=64 096e230000008687845a48833800001e0942000c00944b6201503a0701c89f91574bb3ffc2f83000405e25101f01000000000000000000000000000000000000
[12:06:39.086252] EP OUT 0x03 len=0 
[12:06:39.093798] EP OUT 0x03 len=0 
[12:06:39.101125] EP OUT 0x03 len=0 
[12:06:39.108328] EP OUT 0x03 len=0 
[12:06:39.112417] EP IN  0x81 len=64 0972230000008677845958833800001e1822000c0012506201783a07015ba091010bb5ff45f62f00a01f1c102201000000000000000000000000000000000000
[12:06:39.113919] EP OUT 0x03 len=0 
[12:06:39.121385] EP OUT 0x03 len=0 
[12:06:39.124454] EP IN  0x81 len=64 0977230000008577845958833800001e2d32000c00de4f62010c39070150a1912b07b4ff75513000e0a010101e01000000000000000000000000000000000000
[12:06:39.126125] EP OUT 0x03 len=0 
[12:06:39.133680] EP OUT 0x03 len=0 
[12:06:39.136417] EP IN  0x81 len=64 097c230000008597845958833800001e3f42000c00704962014437070178a2914b04baff9aff2800009f1d101801000000000000000000000000000000000000
[12:06:39.137883] EP OUT 0x03 len=0 
[12:06:39.140321] EP OUT 0x03 len=0 
[12:06:39.142668] EP OUT 0x03 len=0 
[12:06:39.144827] EP OUT 0x03 len=0 
[12:06:39.148470] EP IN  0x81 len=64 097d230000008687845948833800001e4342000c007c496201de36070192a2918444bbffa73b2800a05e23101801000000000000000000000000000000000000
[12:06:39.149860] EP OUT 0x03 len=0 
[12:06:39.157193] EP OUT 0x03 len=0 
[12:06:39.160421] EP IN  0x81 len=64 0980230000008687845948833800001e4f42000c00b64e6201b2360701d6a291b607beffc86b2700609d2c102101000000000000000000000000000000000000
[12:06:39.162074] EP OUT 0x03 len=0 
[12:06:39.169513] EP OUT 0x03 len=0 
[12:06:39.172481] EP IN  0x81 len=64 0983230000008587845948833800001e5a42000c0020546201b83707010ea391d30bbeff6630270060dd2a102101000000000000000000000000000000000000
[12:06:39.174143] EP OUT 0x03 len=0 
[12:06:39.181420] EP OUT 0x03 len=0 
[12:06:39.184422] EP IN  0x81 len=64 0986230000008687845a48833800001e6642000c008c566201c838070164a391c64cbdff4fb52c00401e26102201000000000000000000000000000000000000
[12:06:39.186171] EP OUT 0x03 len=0 
[12:06:39.193592] EP OUT 0x03 len=0 
[12:06:39.196484] EP IN  0x81 len=64 0989230000008687845a48833800001e7142000c005e5862010a39070198a3917d48bfff33b52b00a0de23101e01000000000000000000000000000000000000
[12:06:39.198275] EP OUT 0x03 len=0 
[12:06:39.200933] EP OUT 0x03 len=0 
[12:06:39.203428] EP OUT 0x03 len=0 
[12:06:39.205635] EP OUT 0x03 len=0 
[12:06:39.208430] EP IN  0x81 len=64 098c230000008687845948833800001e7d42000c00905f6201cc37070157a3918a80c1fff0e82800e01e21101f01000000000000000000000000000000000000
[12:06:39.209978] EP OUT 0x03 len=0 
[12:06:39.212510] EP OUT 0x03 len=0 
[12:06:39.214618] EP OUT 0x03 len=0 
[12:06:39.216419] EP OUT 0x03 len=0 
[12:06:39.220472] EP IN  0x81 len=64 098f230000008697845a58833800001e8842000c006c6562017a360701cea2913b04c2ff2c332a00c01f18102101000000000000000000000000000000000000
[12:06:39.222098] EP OUT 0x03 len=0 
[12:06:39.229319] EP OUT 0x03 len=0 
[12:06:39.232400] EP IN  0x81 len=64 0992230000008687845948833800001e9442000c0078676201f235070151a291e608c2ff28f72c0060e017102101000000000000000000000000000000000000
[12:06:39.233977] EP OUT 0x03 len=0 
[12:06:39.241389] EP OUT 0x03 len=0 
[12:06:39.244460] EP IN  0x81 len=64 0995230000008687845958833800001e9f42000c009c6b62017c340701bea1919302c1ff82302c00809f1c102101000000000000000000000000000000000000
[12:06:39.246047] EP OUT 0x03 len=0 
[12:06:39.253159] EP OUT 0x03 len=0 
[12:06:39.256420] EP IN  0x81 len=64 0998230000008577845948833800001eab42000c004c706201ac320701fda0912284bdff52f32d00201f1d102101000000000000000000000000000000000000
[12:06:39.257856] EP OUT 0x03 len=0 
[12:06:39.260475] EP IN  0x81 len=64 099b230000008687845948833800001eb642000c00567062015a3107015aa091a246baff4cbd2f00802017102301000000000000000000000000000000000000
[12:06:39.262699] EP OUT 0x03 len=0 
[12:06:39.264834] EP OUT 0x03 len=0 
[12:06:39.268449] EP IN  0x81 len=64 099c230000008587845a48833800001eba42000c00106f6201203107011ea091894ab9ff81ff2f00e0df16102301000000000000000000000000000000000000
[12:06:39.270039] EP OUT 0x03 len=0 
[12:06:39.277555] EP OUT 0x03 len=0 
[12:06:39.280422] EP IN  0x81 len=64 099e230000008677845948833800001ec242000c00326c6201ea2f0701c49f91ba04b8ff6bc13000c01f17102401000000000000000000000000000000000000
[12:06:39.282121] EP OUT 0x03 len=0 
[12:06:39.284825] EP OUT 0x03 len=0 
[12:06:39.287202] EP OUT 0x03 len=0 
[12:06:39.292501] EP IN  0x81 len=64 09a1230000008687845a48833800001ecd42000c009e666201902d0701a99f914403b4ff07c72f0000a016102001000000000000000000000000000000000000
[12:06:39.293996] EP OUT 0x03 len=0 
[12:06:39.301056] EP OUT 0x03 len=0 
[12:06:39.304412] EP IN  0x81 len=64 09a4230000008697845948833800001ed942000c00186262010c2b0701799f91d943b6ff55002e00e01e21101d01000000000000000000000000000000000000
[12:06:39.305905] EP OUT 0x03 len=0 
[12:06:39.313026] EP OUT 0x03 len=0 
[12:06:39.316465] EP IN  0x81 len=64 09a7230000008687845948833800001ee442000c0014636201582807010c9f919742b3ff46b72f0040de22102201000000000000000000000000000000000000
[12:06:39.318095] EP OUT 0x03 len=0 
[12:06:39.325604] EP OUT 0x03 len=0 
[12:06:39.328376] EP IN  0x81 len=64 09ac230000008687845958833800001ef732000c00c4646201be270701a49e91fa0ab5ff54f52800e04826101101000000000000000000000000000000000000
[12:06:39.329863] EP OUT 0x03 len=0 
[12:06:39.332362] EP OUT 0x03 len=0 
[12:06:39.334718] EP OUT 0x03 len=0 
[12:06:39.337152] EP OUT 0x03 len=0 
[12:06:39.340493] EP IN  0x81 len=64 09ad230000008587845938833800001efb42000c006e666201b82707017e9e91190bb5ffd2f12600609e24101101000000000000000000000000000000000000
[12:06:39.342051] EP OUT 0x03 len=0 
[12:06:39.349371] EP OUT 0x03 len=0 
[12:06:39.352405] EP IN  0x81 len=64 09b0230000008687845958833800001e0743000c00fc6b620118280701659e91a70eb2ff57b12800a05f1e101b01000000000000000000000000000000000000
[12:06:39.353968] EP OUT 0x03 len=0 
[12:06:39.361327] EP OUT 0x03 len=0 
[12:06:39.364397] EP IN  0x81 len=64 09b3230000008687845948833800001e1243000c00746c62013a280701ca9e91f009afff41f92a0000df1f101e01000000000000000000000000000000000000
[12:06:39.365706] EP OUT 0x03 len=0 
[12:06:39.368412] EP IN  0x81 len=64 09b6230000008687845a58833800001e1e43000c0004756201d6270701ed9e91ad45b0ffb6e32800009e26101d01000000000000000000000000000000000000
[12:06:39.370556] EP OUT 0x03 len=0 
[12:06:39.376419] EP IN  0x81 len=64 09b7230000008587845958833800001e2243000c005c79620194270701f09e917c45b1ffb5222900a01e24101d01000000000000000000000000000000000000
[12:06:39.377999] EP OUT 0x03 len=0 
[12:06:39.385407] EP OUT 0x03 len=0 
[12:06:39.388480] EP IN  0x81 len=64 09b9230000008587845948833800001e2943000c00b0806201f42607010d9f91e002b3ff82632a00c01f1d101d01000000000000000000000000000000000000
[12:06:39.390111] EP OUT 0x03 len=0 
[12:06:39.397320] EP OUT 0x03 len=0 
[12:06:39.400396] EP IN  0x81 len=64 09bc230000008687845a48833800001e3543000c00d8856201f02607015d9f91aa8bb3ff1b75300000a019102201000000000000000000000000000000000000
[12:06:39.401828] EP OUT 0x03 len=0 
[12:06:39.404469] EP IN  0x81 len=64 09bf230000008587845958833800001e4043000c0020836201b8280701fd9f9110d3b4ff76003100209f20102101000000000000000000000000000000000000
[12:06:39.406689] EP OUT 0x03 len=0 
[12:06:39.412478] EP IN  0x81 len=64 09c0230000008687845958833800001e4443000c0078826201862907013ea091e692b5fff67b2f00601e25102101000000000000000000000000000000000000
[12:06:39.414049] EP OUT 0x03 len=0 
[12:06:39.421422] EP OUT 0x03 len=0 
[12:06:39.424402] EP IN  0x81 len=64 09c2230000008587845958833800001e4c43000c0094836201aa2a0701c2a0916c0eb7ff14f52c00c09d2a101f01000000000000000000000000000000000000
[12:06:39.426136] EP OUT 0x03 len=0 
[12:06:39.433708] EP OUT 0x03 len=0 
[12:06:39.440779] EP OUT 0x03 len=0 
[12:06:39.448078] EP OUT 0x03 len=0 
[12:06:39.452481] EP IN  0x81 len=64 09c7230000008687845948833800001e5f43000c00b88b6201d42a0701a0a191de89b5fff5f42f00201f1d102301000000000000000000000000000000000000
[12:06:39.454202] EP OUT 0x03 len=0 
[12:06:39.461727] EP OUT 0x03 len=0 
[12:06:39.464511] EP IN  0x81 len=64 09ce230000008687845948833800001e7a43000c008c896201dc2b070191a291f9c8bbff07b92d00c0a013101e01000000000000000000000000000000000000
[12:06:39.466188] EP OUT 0x03 len=0 
[12:06:39.468913] EP OUT 0x03 len=0 
[12:06:39.471943] EP OUT 0x03 len=0 
[12:06:39.476417] EP IN  0x81 len=64 09cf230000008587845a48833800001e7e43000c0064896201862b0701a5a291cb45bdfff2393000e0a013102301000000000000000000000000000000000000
[12:06:39.478163] EP OUT 0x03 len=0 
[12:06:39.485434] EP OUT 0x03 len=0 
[12:06:39.488444] EP IN  0x81 len=64 09d2230000008687845958833800001e8a43000c00c68762015a2a070109a3917306c0fff9fb340000a111102501000000000000000000000000000000000000
[12:06:39.490191] EP OUT 0x03 len=0 
[12:06:39.497294] EP OUT 0x03 len=0 
[12:06:39.500453] EP IN  0x81 len=64 09d5230000008787845948833800001e9543000c00c08462018829070105a391e107c0ff5a00340080a013102501000000000000000000000000000000000000
[12:06:39.502295] EP OUT 0x03 len=0 
[12:06:39.509765] EP OUT 0x03 len=0 
[12:06:39.516857] EP OUT 0x03 len=0 
[12:06:39.524038] EP OUT 0x03 len=0 
[12:06:39.528423] EP IN  0x81 len=64 09da230000008687845a48833800001ea833000c009a7f62017028070180a2914b5fbdff77fb3100e0491e101e01000000000000000000000000000000000000
[12:06:39.529911] EP OUT 0x03 len=0 
[12:06:39.532451] EP IN  0x81 len=64 09df230000008587845a58833800001ebb33000c00f87d62017027070109a2911309b9ff1aa22f00409e23101e01000000000000000000000000000000000000
[12:06:39.534882] EP OUT 0x03 len=0 
[12:06:39.540481] EP IN  0x81 len=64 09e0230000008697845948833800001ebf43000c00647e620134270701faa1913808b9ff4ab72e00405e24102001000000000000000000000000000000000000
[12:06:39.542173] EP OUT 0x03 len=0 
[12:06:39.549672] EP OUT 0x03 len=0 
[12:06:39.552433] EP IN  0x81 len=64 09e4230000008677845948833800001ecf43000c00e8836201402607019fa1911e08bbff66ef2d00009e26101d01000000000000000000000000000000000000
[12:06:39.553990] EP OUT 0x03 len=0 
[12:06:39.556153] EP OUT 0x03 len=0 
[12:06:39.558757] EP OUT 0x03 len=0 
[12:06:39.561095] EP OUT 0x03 len=0 
[12:06:39.564471] EP IN  0x81 len=64 09e5230000008587845948833800001ed343000c00208562012226070184a1911589bbff25f22d00401e24101d01000000000000000000000000000000000000
[12:06:39.566052] EP OUT 0x03 len=0 
[12:06:39.573155] EP OUT 0x03 len=0 
[12:06:39.576417] EP IN  0x81 len=64 09e8230000008587845948833800001ede43000c00ec8562017625070151a191e907bbff37392e00a01e22102401000000000000000000000000000000000000
[12:06:39.577958] EP OUT 0x03 len=0 
[12:06:39.585190] EP OUT 0x03 len=0 
[12:06:39.588408] EP IN  0x81 len=64 09eb230000008587845a48833800001eea43000c00708662017e240701f9a0917006b9ff08f82e00a01e22102701000000000000000000000000000000000000
[12:06:39.589865] EP OUT 0x03 len=0 
[12:06:39.592382] EP IN  0x81 len=64 09ee230000008587845948833800001ef543000c00208862013e2307017ba0916d06b7ff64752f0080de21102001000000000000000000000000000000000000
[12:06:39.594574] EP OUT 0x03 len=0 
[12:06:39.600414] EP IN  0x81 len=64 09ef230000008687845a48833800001ef943000c0046886201962207014da091e804b6ff77b92e00609e21102001000000000000000000000000000000000000
[12:06:39.601860] EP OUT 0x03 len=0 
[12:06:39.608935] EP OUT 0x03 len=0 
[12:06:39.612468] EP IN  0x81 len=64 09f1230000008687845a48833800001e0144000c00728962018c210701eb9f91d706b5fff6f62b00a09e21101f01000000000000000000000000000000000000
[12:06:39.614039] EP OUT 0x03 len=0 
[12:06:39.621145] EP OUT 0x03 len=0 
[12:06:39.624408] EP IN  0x81 len=64 09f4230000008687845a48833800001e0c44000c006a8e6201ba1f07015a9f9105c3b4ffffef2600e05e20102101000000000000000000000000000000000000
[12:06:39.625934] EP OUT 0x03 len=0 
[12:06:39.633122] EP OUT 0x03 len=0 
[12:06:39.636522] EP IN  0x81 len=64 09f7230000008587845958833800001e1844000c0008936201981d0701239f917645b2ffde372900809f19102701000000000000000000000000000000000000
[12:06:39.638110] EP OUT 0x03 len=0 
[12:06:39.645459] EP OUT 0x03 len=0 
[12:06:39.648465] EP IN  0x81 len=64 09fa230000008687845958833800001e2344000c006c9262013e1c0701589f914d45b5ffd8fb2b00c09f18102401000000000000000000000000000000000000
[12:06:39.650086] EP OUT 0x03 len=0 
[12:06:39.657407] EP OUT 0x03 len=0 
[12:06:39.660467] EP IN  0x81 len=64 09fd230000008697845958833800001e2f44000c00cc8f6201aa1b0701c09f91f609b5ffd7ff290040a018102101000000000000000000000000000000000000
[12:06:39.662092] EP OUT 0x03 len=0 
[12:06:39.669461] EP OUT 0x03 len=0 
[12:06:39.672417] EP IN  0x81 len=64 0900230000008687845948833800001e3a44000c00948b62019e1b07014ca091ffc8b5ff5f032d00e09f19102101000000000000000000000000000000000000
[12:06:39.673919] EP OUT 0x03 len=0 
[12:06:39.676188] EP OUT 0x03 len=0 
[12:06:39.678723] EP OUT 0x03 len=0 
[12:06:39.680992] EP OUT 0x03 len=0 
[12:06:39.684473] EP IN  0x81 len=64 0903230000008587845948833800001e4644000c00d48762013e1b070190a0919048b5ffa6fd2f00c09e21102101000000000000000000000000000000000000
[12:06:39.686108] EP OUT 0x03 len=0 
[12:06:39.693518] EP OUT 0x03 len=0 
[12:06:39.696408] EP IN  0x81 len=64 0906230000008687845a48833800001e5144000c00528a62017c19070197a0911103b5ff68f13000e0dc2c101e01000000000000000000000000000000000000
[12:06:39.697873] EP OUT 0x03 len=0 
[12:06:39.705146] EP OUT 0x03 len=0 
[12:06:39.708415] EP IN  0x81 len=64 0909230000008587845958833800001e5d44000c00729062016817070172a091cfc1b5ff87ae3200a0dd2a102101000000000000000000000000000000000000
[12:06:39.709982] EP OUT 0x03 len=0 
[12:06:39.717515] EP OUT 0x03 len=0 
[12:06:39.720394] EP IN  0x81 len=64 090c230000008687845958833800001e6844000c0034946201bc16070186a0918706b8ffa9f23200405d28102501000000000000000000000000000000000000
[12:06:39.722008] EP OUT 0x03 len=0 
[12:06:39.724492] EP OUT 0x03 len=0 
[12:06:39.726948] EP OUT 0x03 len=0 
[12:06:39.729064] EP OUT 0x03 len=0 
[12:06:39.732417] EP IN  0x81 len=64 090f230000008697845958833800001e7444000c007295620176160701daa0914848b9ff6c363100609e23102101000000000000000000000000000000000000
[12:06:39.733891] EP OUT 0x03 len=0 
[12:06:39.741105] EP OUT 0x03 len=0 
[12:06:39.744420] EP IN  0x81 len=64 0912230000008577845958833800001e7f44000c00f29562010216070191a191c605b7ffdc382f00401f1e102101000000000000000000000000000000000000
[12:06:39.746038] EP OUT 0x03 len=0 
[12:06:39.753313] EP OUT 0x03 len=0 
[12:06:39.756485] EP IN  0x81 len=64 0915230000008577845958833800001e8b44000c00dc936201f41507019ca2913a88b9ff15ff2e00a09f1e102101000000000000000000000000000000000000
[12:06:39.758076] EP OUT 0x03 len=0 
[12:06:39.765274] EP OUT 0x03 len=0 
[12:06:39.768432] EP IN  0x81 len=64 0918230000008597845a48833800001e9644000c0078916201ee1507015ea391d407bdff983c3000001f1d102201000000000000000000000000000000000000
[12:06:39.769956] EP OUT 0x03 len=0 
[12:06:39.777153] EP OUT 0x03 len=0 
[12:06:39.780394] EP IN  0x81 len=64 091b230000008687845958833800001ea244000c008c8f6201d0140701aaa391eb04bdff8dfc3100e0e012102601000000000000000000000000000000000000
[12:06:39.781824] EP OUT 0x03 len=0 
[12:06:39.784403] EP IN  0x81 len=64 091e230000008687845a58833800001ead44000c00c889620108140701f0a3918d07bfff8c083200c0e010102401000000000000000000000000000000000000
[12:06:39.786378] EP OUT 0x03 len=0 
[12:06:39.788811] EP OUT 0x03 len=0 
[12:06:39.792431] EP IN  0x81 len=64 091f230000008677845958833800001eb144000c0090876201ac130701fca3916007c0ffc6c5300000e112102201000000000000000000000000000000000000
[12:06:39.793968] EP OUT 0x03 len=0 
[12:06:39.801204] EP OUT 0x03 len=0 
[12:06:39.804459] EP IN  0x81 len=64 0921230000008687845958833800001eb944000c009c84620198120701c7a3917905c0fff9002e00809f1a102201000000000000000000000000000000000000
[12:06:39.806039] EP OUT 0x03 len=0 
[12:06:39.813159] EP OUT 0x03 len=0 
[12:06:39.816410] EP IN  0x81 len=64 0924230000008587845958833800001ec444000c00a8866201b410070156a3914803bfffe8732a00a09e21102201000000000000000000000000000000000000
[12:06:39.817812] EP OUT 0x03 len=0 
[12:06:39.825036] EP OUT 0x03 len=0 
[12:06:39.828448] EP IN  0x81 len=64 0927230000008687845958833800001ed044000c00548b6201fc0d0701c6a2918a80baff07342a00a01e20102601000000000000000000000000000000000000
[12:06:39.829826] EP OUT 0x03 len=0 
[12:06:39.837184] EP OUT 0x03 len=0 
[12:06:39.840418] EP IN  0x81 len=64 092a230000008687845a48833800001edb34000c00948d6201600b070183a29182adb8ffe54d2900209f1d102601000000000000000000000000000000000000
[12:06:39.842121] EP OUT 0x03 len=0 
[12:06:39.849333] EP OUT 0x03 len=0 
[12:06:39.852407] EP IN  0x81 len=64 092d230000008587845948833800001ee744000c00e08d62019a0807016ca291be00b7ff1bfd2800601e20101a01000000000000000000000000000000000000
[12:06:39.853762] EP OUT 0x03 len=0 
[12:06:39.856425] EP IN  0x81 len=64 0930230000008697845958833800001ef234000c00648e62014807070165a2911c5ebcffe8f82600809e23102701000000000000000000000000000000000000
[12:06:39.858513] EP OUT 0x03 len=0 
[12:06:39.864445] EP IN  0x81 len=64 0931230000008687845948833800001ef644000c00808e62012607070152a2919749bcff64fa2600809e23102701000000000000000000000000000000000000
[12:06:39.866056] EP OUT 0x03 len=0 
[12:06:39.873354] EP OUT 0x03 len=0 
[12:06:39.876463] EP IN  0x81 len=64 0933230000008687845848833800001efe44000c0008906201aa06070157a291dc86bcff0e352800c0de20101d01000000000000000000000000000000000000
[12:06:39.878017] EP OUT 0x03 len=0 
[12:06:39.885368] EP OUT 0x03 len=0 
[12:06:39.888409] EP IN  0x81 len=64 0936230000008697845948833800001e0935000c00649062014406070143a291c908bcff3f502c00a09e1f101a01000000000000000000000000000000000000
[12:06:39.889919] EP OUT 0x03 len=0 
[12:06:39.892463] EP IN  0x81 len=64 0939230000008687845948833800001e1545000c00128f62015405070129a2914f07bbff00bd2f00405e23101d01000000000000000000000000000000000000
[12:06:39.894690] EP OUT 0x03 len=0 
[12:06:39.900441] EP IN  0x81 len=64 093a230000008687845948833800001e1945000c00648e6201100507011da2914508bafffcfc2f00409e23101d01000000000000000000000000000000000000
[12:06:39.902041] EP OUT 0x03 len=0 
[12:06:39.909467] EP OUT 0x03 len=0 
[12:06:39.912401] EP IN  0x81 len=64 093c230000008577845948833800001e2035000c001e8d6201ee040701f5a191860ab9ffd9fb2e00409e23101d01000000000000000000000000000000000000
[12:06:39.914058] EP OUT 0x03 len=0 
[12:06:39.921394] EP OUT 0x03 len=0 
[12:06:39.924401] EP IN  0x81 len=64 093f230000008687845948833800001e2c45000c001c8c62017004070193a1914c08bbffe0f92900e01e1d101d01000000000000000000000000000000000000
[12:06:39.925958] EP OUT 0x03 len=0 
[12:06:39.933065] EP OUT 0x03 len=0 
[12:06:39.936428] EP IN  0x81 len=64 0942230000008687845958833800001e3845000c00d68a62014604070160a191910ab8ff75fe2700802017101f01000000000000000000000000000000000000
[12:06:39.938095] EP OUT 0x03 len=0 
[12:06:39.945493] EP OUT 0x03 len=0 
[12:06:39.948474] EP IN  0x81 len=64 0945230000008687845948833800001e4345000c006c8762014404070171a191670ab7ffeb812b00e0df16101e01000000000000000000000000000000000000
[12:06:39.950092] EP OUT 0x03 len=0 
[12:06:39.952838] EP OUT 0x03 len=0 
[12:06:39.955103] EP OUT 0x03 len=0 
[12:06:39.960430] EP IN  0x81 len=64 0948230000008587845a58833800001e4e35000c00348262012e030701dba1915507b2ffe1003000409f1d102701000000000000000000000000000000000000
[12:06:39.961940] EP OUT 0x03 len=0 
[12:06:39.969462] EP OUT 0x03 len=0 
[12:06:39.972491] EP IN  0x81 len=64 094b230000008677845958833800001e5a45000c00187262015afc060132a7912b55b1ff23e83400009d20102701000000000000000000000000000000000000
[12:06:39.974122] EP OUT 0x03 len=0 
[12:06:39.981177] EP OUT 0x03 len=0 
[12:06:39.984438] EP IN  0x81 len=64 094e230000008687845938833800001e6535000c00546a620184f60601eaa991724fbbffed02290020f517102301000000000000000000000000000000000000
[12:06:39.986216] EP OUT 0x03 len=0 
[12:06:39.993708] EP OUT 0x03 len=0 
[12:06:39.996479] EP IN  0x81 len=64 0953230000008587845958833800001e7945000c008c64620142f306019eaa91c1c8b9ffc63d2a00805e21102201000000000000000000000000000000000000
[12:06:39.998108] EP OUT 0x03 len=0 
[12:06:40.000606] EP OUT 0x03 len=0 
[12:06:40.002532] EP OUT 0x03 len=0 
[12:06:40.004513] EP OUT 0x03 len=0 
[12:06:40.008387] EP IN  0x81 len=64 0954230000008687845948833800001e7d45000c00f86362016ef30601aaaa91e04bbcff49fd2900c0de22102401000000000000000000000000000000000000
[12:06:40.009874] EP OUT 0x03 len=0 
[12:06:40.017164] EP OUT 0x03 len=0 
[12:06:40.020458] EP IN  0x81 len=64 0957230000008587845958833800001e8845000c00fc656201c8f2060184aa910b07bcff8db32b0060de23102601000000000000000000000000000000000000
[12:06:40.022029] EP OUT 0x03 len=0 
[12:06:40.029179] EP OUT 0x03 len=0 
[12:06:40.032407] EP IN  0x81 len=64 095a230000008597845948833800001e9445000c0038686201acf1060194aa9135c7b9ffc5362a00609e22102101000000000000000000000000000000000000
[12:06:40.033902] EP OUT 0x03 len=0 
[12:06:40.041106] EP OUT 0x03 len=0 
[12:06:40.044480] EP IN  0x81 len=64 095d230000008687845958833800001e9f45000c00ea6962011af10601d1aa91e907bbff06b6270060de24101f01000000000000000000000000000000000000
[12:06:40.046019] EP OUT 0x03 len=0 
[12:06:40.053325] EP OUT 0x03 len=0 
[12:06:40.056398] EP IN  0x81 len=64 0960230000008587845a48833800001eab45000c003e70620132f10601f1aa91ba08beff98ec2200409d2a101f01000000000000000000000000000000000000
[12:06:40.057873] EP OUT 0x03 len=0 
[12:06:40.065210] EP OUT 0x03 len=0 
[12:06:40.068468] EP IN  0x81 len=64 0963230000008687845a48833800001eb645000c006078620140f106012cab919705bfffab692600005e27101f01000000000000000000000000000000000000
[12:06:40.070209] EP OUT 0x03 len=0 
[12:06:40.077581] EP OUT 0x03 len=0 
[12:06:40.080399] EP IN  0x81 len=64 0968230000008587845948833800001ec945000c003481620122f20601c4ab91424bbfffd3f53000006019102701000000000000000000000000000000000000
[12:06:40.081810] EP OUT 0x03 len=0 
[12:06:40.084489] EP IN  0x81 len=64 0969230000008587845a48833800001ecd45000c00c480620128f20601dbab91c309beffb7b93200a09f18102301000000000000000000000000000000000000
[12:06:40.086683] EP OUT 0x03 len=0 
[12:06:40.092408] EP IN  0x81 len=64 096a230000008687845a48833800001ed145000c00b07f62011af20601f6ab91e949bdff73fe3200c05f19101f01000000000000000000000000000000000000
[12:06:40.094021] EP OUT 0x03 len=0 
[12:06:40.101556] EP OUT 0x03 len=0 
[12:06:40.104422] EP IN  0x81 len=64 096c230000008687845948833800001ed945000c00fc7c6201aaf106013aac91ca47bdff70403300e01f1a101f01000000000000000000000000000000000000
[12:06:40.106134] EP OUT 0x03 len=0 
[12:06:40.109008] EP OUT 0x03 len=0 
[12:06:40.112220] EP OUT 0x03 len=0 
[12:06:40.116419] EP IN  0x81 len=64 096f230000008687845958833800001ee445000c002679620138f006017fac91a703beff8bfe3200605f1c102401000000000000000000000000000000000000
[12:06:40.117962] EP OUT 0x03 len=0 
[12:06:40.125107] EP OUT 0x03 len=0 
[12:06:40.128406] EP IN  0x81 len=64 0972230000008587845948833800001ef045000c003078620188ed06019dac91bdffbdff23392f00c0de1e101f01000000000000000000000000000000000000
[12:06:40.130085] EP OUT 0x03 len=0 
[12:06:40.137448] EP OUT 0x03 len=0 
[12:06:40.140495] EP IN  0x81 len=64 0975230000008587845948833800001efb45000c00ca7c620136eb06018cac9143ffbefffaac2e00c05e21101f01000000000000000000000000000000000000
[12:06:40.142149] EP OUT 0x03 len=0 
[12:06:40.149633] EP OUT 0x03 len=0 
[12:06:40.152415] EP IN  0x81 len=64 097a230000008697845948833800001e0e36000c00d886620158e90601c9ab91bf5dbeff799c2c0040a019101f01000000000000000000000000000000000000
[12:06:40.153980] EP OUT 0x03 len=0 
[12:06:40.156314] EP OUT 0x03 len=0 
[12:06:40.158697] EP OUT 0x03 len=0 
[12:06:40.161123] EP OUT 0x03 len=0 
[12:06:40.164474] EP IN  0x81 len=64 097b230000008687845a58833800001e1246000c006488620114e90601a1ab912606beff4b712d0000a019101f01000000000000000000000000000000000000
[12:06:40.166023] EP OUT 0x03 len=0 
[12:06:40.168427] EP IN  0x81 len=64 097e230000008587845a48833800001e1e46000c00c48a620174e806017bab911b07bcff40f72f00e0df17101f01000000000000000000000000000000000000
[12:06:40.170610] EP OUT 0x03 len=0 
[12:06:40.173337] EP OUT 0x03 len=0 
[12:06:40.176421] EP IN  0x81 len=64 097f230000008687845948833800001e2246000c00308a620140e8060184ab910708bcffcefb3000206019101f01000000000000000000000000000000000000
[12:06:40.178014] EP OUT 0x03 len=0 
[12:06:40.185345] EP OUT 0x03 len=0 
[12:06:40.188408] EP IN  0x81 len=64 0981230000008687845948833800001e2946000c008c8762010ee8060190ab91f409bcff0b022f00605f1b101f01000000000000000000000000000000000000
[12:06:40.190045] EP OUT 0x03 len=0 
[12:06:40.192417] EP IN  0x81 len=64 0984230000008687845948833800001e3546000c00a8836201b6e7060197ab91250abcffd03f2a00001f1f102101000000000000000000000000000000000000
[12:06:40.194529] EP OUT 0x03 len=0 
[12:06:40.200389] EP IN  0x81 len=64 0985230000008687845958833800001e3946000c00d882620192e7060186ab913689bcffd4be2900a0de1f102101000000000000000000000000000000000000
[12:06:40.201921] EP OUT 0x03 len=0 
[12:06:40.209488] EP OUT 0x03 len=0 
[12:06:40.212463] EP IN  0x81 len=64 0987230000008687845948833800001e4046000c00f480620194e7060160ab91670bbefff2ff2900a09f1d102b01000000000000000000000000000000000000
[12:06:40.213952] EP OUT 0x03 len=0 
[12:06:40.221435] EP OUT 0x03 len=0 
[12:06:40.224424] EP IN  0x81 len=64 098a230000008587845a48833800001e4c46000c00f87a6201a0e706014cab910b0cbcffe2c52800a05e20102801000000000000000000000000000000000000
[12:06:40.225681] EP OUT 0x03 len=0 
[12:06:40.228457] EP IN  0x81 len=64 098d230000008687845a38833800001e5746000c00607762010ae7060133ab91ce06bdff44012800009e24102101000000000000000000000000000000000000
[12:06:40.230609] EP OUT 0x03 len=0 
[12:06:40.236489] EP IN  0x81 len=64 098e230000008687845948833800001e5b46000c0078766201fae6060131ab91e149bdffb07f2800209e25102101000000000000000000000000000000000000
[12:06:40.237951] EP OUT 0x03 len=0 
[12:06:40.245250] EP OUT 0x03 len=0 
[12:06:40.248417] EP IN  0x81 len=64 0990230000008697845948833800001e6346000c003c75620138e7060147ab91e74bbdffd3fd280080de22102101000000000000000000000000000000000000
[12:06:40.250077] EP OUT 0x03 len=0 
[12:06:40.257534] EP OUT 0x03 len=0 
[12:06:40.260373] EP IN  0x81 len=64 0993230000008587845a48833800001e6e36000c0004726201c6e7060142ab918c0dbaff60fd2c00a09e21102201000000000000000000000000000000000000
[12:06:40.261765] EP OUT 0x03 len=0 
[12:06:40.264426] EP OUT 0x03 len=0 
[12:06:40.266686] EP OUT 0x03 len=0 
[12:06:40.272421] EP IN  0x81 len=64 0996230000008687845a48833800001e7a46000c00946f6201dee706013cab917e0ab9ff7cfc2a00809e21102201000000000000000000000000000000000000
[12:06:40.274235] EP OUT 0x03 len=0 
[12:06:40.281766] EP OUT 0x03 len=0 
[12:06:40.284488] EP IN  0x81 len=64 099b230000008687845948833800001e8d46000c008c736201ece3060190aa91ae00b7ff5ef8260040e015102201000000000000000000000000000000000000
[12:06:40.285992] EP OUT 0x03 len=0 
[12:06:40.288560] EP OUT 0x03 len=0 
[12:06:40.290853] EP OUT 0x03 len=0 
[12:06:40.293050] EP OUT 0x03 len=0 
[12:06:40.296389] EP IN  0x81 len=64 099c230000008587845958833800001e9146000c00d8736201cee2060174aa91caffb6ff383a280000a015102201000000000000000000000000000000000000
[12:06:40.297813] EP OUT 0x03 len=0 
[12:06:40.300463] EP IN  0x81 len=64 099f230000008687845a48833800001e9c36000c0048726201dedf060127aa91b6aeb7ff38a82c00604a18102101000000000000000000000000000000000000
[12:06:40.302635] EP OUT 0x03 len=0 
[12:06:40.304909] EP OUT 0x03 len=0 
[12:06:40.308412] EP IN  0x81 len=64 09a0230000008677845948833800001ea046000c00e0706201e0de060120aa91be00b7ffec012d00c09f19102101000000000000000000000000000000000000
[12:06:40.309917] EP OUT 0x03 len=0 
[12:06:40.316947] EP OUT 0x03 len=0 
[12:06:40.320403] EP IN  0x81 len=64 09a2230000008677845958833800001ea846000c00e06d620192dd060129aa916985b8ff40032b0000df1e102101000000000000000000000000000000000000
[12:06:40.321935] EP OUT 0x03 len=0 
[12:06:40.329270] EP OUT 0x03 len=0 
[12:06:40.332474] EP IN  0x81 len=64 09a5230000008587845a48833800001eb336000c00ae6e62015cdc060122aa91ea05bcfffaf62700e09d25102501000000000000000000000000000000000000
[12:06:40.333828] EP OUT 0x03 len=0 
[12:06:40.341210] EP OUT 0x03 len=0 
[12:06:40.344404] EP IN  0x81 len=64 09a8230000008687845938833800001ebf46000c0020736201b6da060121aa910a85b7ffa1322b00a09e21101701000000000000000000000000000000000000
[12:06:40.345872] EP OUT 0x03 len=0 
[12:06:40.353500] EP OUT 0x03 len=0 
[12:06:40.356470] EP IN  0x81 len=64 09ab230000008687845948833800001eca36000c007a726201a4da060165aa91a65fb9ffcefb2c00a04a1c101701000000000000000000000000000000000000
[12:06:40.358052] EP OUT 0x03 len=0 
[12:06:40.360530] EP OUT 0x03 len=0 
[12:06:40.362722] EP OUT 0x03 len=0 
[12:06:40.364952] EP OUT 0x03 len=0 
[12:06:40.368392] EP IN  0x81 len=64 09ae230000008687845948833800001ed646000c00246d620150db0601f4aa91394cbaff99c32a00409f1b101f01000000000000000000000000000000000000
[12:06:40.369753] EP OUT 0x03 len=0 
[12:06:40.372455] EP IN  0x81 len=64 09b1230000008687845948833800001ee136000c006e6762016cdb06019fab91060abbffb200290000f41f101c01000000000000000000000000000000000000
[12:06:40.374570] EP OUT 0x03 len=0 
[12:06:40.380468] EP IN  0x81 len=64 09b2230000008587845948833800001ee546000c009e656201a6db0601cfab91818cbbff8fc32900e01e23101c01000000000000000000000000000000000000
[12:06:40.382067] EP OUT 0x03 len=0 
[12:06:40.389416] EP OUT 0x03 len=0 
[12:06:40.392428] EP IN  0x81 len=64 09b4230000008587845948833800001eed46000c0050646201ccdb060131ac9133cabaff20bb2b00409d28102101000000000000000000000000000000000000
[12:06:40.394048] EP OUT 0x03 len=0 
[12:06:40.401481] EP OUT 0x03 len=0 
[12:06:40.404396] EP IN  0x81 len=64 09b7230000008697845a48833800001ef836000c00fe6a6201eada06015aac912805b9ff0d442d00c09d25102601000000000000000000000000000000000000
[12:06:40.405925] EP OUT 0x03 len=0 
[12:06:40.408377] EP IN  0x81 len=64 09ba230000008597845958833800001e0447000c00987162014cda06016cac914089baff29b12c00009f1d102201000000000000000000000000000000000000
[12:06:40.410472] EP OUT 0x03 len=0 
[12:06:40.416393] EP IN  0x81 len=64 09bb230000008587845948833800001e0847000c00a072620196da060166ac91080cbcff73732b00605f1d102201000000000000000000000000000000000000
[12:06:40.417693] EP OUT 0x03 len=0 
[12:06:40.420458] EP IN  0x81 len=64 09bd230000008687845a58833800001e0f37000c00a87362011edb06014fac917761bfff5ef72a00a0f41c101f01000000000000000000000000000000000000
[12:06:40.422767] EP OUT 0x03 len=0 
[12:06:40.425063] EP OUT 0x03 len=0 
[12:06:40.428461] EP IN  0x81 len=64 09be230000008687845a48833800001e1347000c00a473620174db060142ac918ccdbeffd7f92a00601f1e101f01000000000000000000000000000000000000
[12:06:40.430064] EP OUT 0x03 len=0 
[12:06:40.437437] EP OUT 0x03 len=0 
[12:06:40.440399] EP IN  0x81 len=64 09c0230000008687845958833800001e1b47000c00f673620132dc060125ac918a0dbfff56f72c00009f21101f01000000000000000000000000000000000000
[12:06:40.442052] EP OUT 0x03 len=0 
[12:06:40.449797] EP OUT 0x03 len=0 
[12:06:40.457240] EP OUT 0x03 len=0 
[12:06:40.464598] EP OUT 0x03 len=0 
[12:06:40.468499] EP IN  0x81 len=64 09c5230000008687845958833800001e2e47000c00787d6201a0db0601f6ab919d85beffb76b2c00005f20102301000000000000000000000000000000000000
[12:06:40.470139] EP OUT 0x03 len=0 
[12:06:40.477337] EP OUT 0x03 len=0 
[12:06:40.480404] EP IN  0x81 len=64 09ca230000008687845a48833800001e4137000c00727b62014ada0601beab918b08beff5efd2c00409f1a102701000000000000000000000000000000000000
[12:06:40.481787] EP OUT 0x03 len=0 
[12:06:40.484451] EP IN  0x81 len=64 09cd230000008587845948833800001e4d47000c006c76620134d9060186ab91ac45bfffd3432800c0de1e102401000000000000000000000000000000000000
[12:06:40.486900] EP OUT 0x03 len=0 
[12:06:40.492476] EP IN  0x81 len=64 09ce230000008687845a48833800001e5147000c0014756201b8d806016bab919d06bfff3b022700e01e20102201000000000000000000000000000000000000
[12:06:40.494311] EP OUT 0x03 len=0 
[12:06:40.501807] EP OUT 0x03 len=0 
[12:06:40.509394] EP OUT 0x03 len=0 
[12:06:40.512414] EP IN  0x81 len=64 09d2230000008697845948833800001e6047000c004a726201e2d6060103ab91e805bdff01fc260040de22101e01000000000000000000000000000000000000
[12:06:40.514061] EP OUT 0x03 len=0 
[12:06:40.516405] EP IN  0x81 len=64 09d5230000008677845948833800001e6c47000c001a7362013ad50601baaa91c544bbff2e772400e05e1f101c01000000000000000000000000000000000000
[12:06:40.518632] EP OUT 0x03 len=0 
[12:06:40.520820] EP OUT 0x03 len=0 
[12:06:40.524445] EP IN  0x81 len=64 09d6230000008587845a48833800001e6f37000c0050736201c8d40601a7aa913c06bbfffef92200c0f41c101601000000000000000000000000000000000000
[12:06:40.525821] EP OUT 0x03 len=0 
[12:06:40.533186] EP OUT 0x03 len=0 
[12:06:40.536429] EP IN  0x81 len=64 09d8230000008687845948833800001e7747000c003c7362019ed3060193aa915f04baff713c2400809f1a101601000000000000000000000000000000000000
[12:06:40.538035] EP OUT 0x03 len=0 
[12:06:40.545679] EP OUT 0x03 len=0 
[12:06:40.548481] EP IN  0x81 len=64 09dd230000008687845a48833800001e8a47000c0048706201ced00601caaa91c285b7ff31002800805f1e101e01000000000000000000000000000000000000
[12:06:40.550134] EP OUT 0x03 len=0 
[12:06:40.557581] EP OUT 0x03 len=0 
[12:06:40.560424] EP IN  0x81 len=64 09e0230000008687845948833800001e9647000c00866d620124cf06010aab916506b9ff083f2900009f1f101e01000000000000000000000000000000000000
[12:06:40.562138] EP OUT 0x03 len=0 
[12:06:40.569782] EP OUT 0x03 len=0 
[12:06:40.572453] EP IN  0x81 len=64 09e3230000008687845948833800001ea137000c003c6c6201d0cd060110ab91efb1bcff40fb2900409f1c102301000000000000000000000000000000000000
[12:06:40.574345] EP OUT 0x03 len=0 
[12:06:40.577200] EP OUT 0x03 len=0 
[12:06:40.579735] EP OUT 0x03 len=0 
[12:06:40.584439] EP IN  0x81 len=64 09e4230000008587845958833800001ea547000c009e6b620166cd060110ab912386bbffe63d2900409f1c102301000000000000000000000000000000000000
[12:06:40.585938] EP OUT 0x03 len=0 
[12:06:40.593080] EP OUT 0x03 len=0 
[12:06:40.596512] EP IN  0x81 len=64 09e7230000008687845a48833800001eb147000c003269620100cc060167ab911805bbff8cff2a00a05e20101e01000000000000000000000000000000000000
[12:06:40.598094] EP OUT 0x03 len=0 
[12:06:40.605333] EP OUT 0x03 len=0 
[12:06:40.608415] EP IN  0x81 len=64 09ea230000008687845948833800001ebc47000c0028666201e8cb06016fab91c90abaff157f2f0020de26101c01000000000000000000000000000000000000
[12:06:40.610037] EP OUT 0x03 len=0 
[12:06:40.617464] EP OUT 0x03 len=0 
[12:06:40.620471] EP IN  0x81 len=64 09ed230000008687845958833800001ec847000c00006462012ecc06014aab91110cbcffa5f93000801d2b101901000000000000000000000000000000000000
[12:06:40.622002] EP OUT 0x03 len=0 
[12:06:40.629289] EP OUT 0x03 len=0 
[12:06:40.632407] EP IN  0x81 len=64 09f0230000008587845948833800001ed347000c00bc636201a8cb060100ab913ac9bbffed782c00209d2b102301000000000000000000000000000000000000
[12:06:40.633657] EP OUT 0x03 len=0 
[12:06:40.636478] EP IN  0x81 len=64 09f3230000008697845948833800001edf47000c0004686201ecca060187aa91b7c5bdff06702600e09c2d101a01000000000000000000000000000000000000
[12:06:40.639045] EP OUT 0x03 len=0 
[12:06:40.644490] EP IN  0x81 len=64 09f4230000008587845948833800001ee347000c00146b620192ca06015faa9137c5beff46eb2500e0dc2b101a01000000000000000000000000000000000000
[12:06:40.646067] EP OUT 0x03 len=0 
[12:06:40.653650] EP OUT 0x03 len=0 
[12:06:40.661203] EP OUT 0x03 len=0 
[12:06:40.668491] EP OUT 0x03 len=0 
[12:06:40.672417] EP IN  0x81 len=64 09fb230000008587845948833800001efe47000c00707362014ec7060123ab910e83bbff3fbe2b00a0df19102001000000000000000000000000000000000000
[12:06:40.674126] EP OUT 0x03 len=0 
[12:06:40.681321] EP OUT 0x03 len=0 
[12:06:40.684471] EP IN  0x81 len=64 09fd230000008597845948833800001e0548000c002473620150c60601c1ab919081beff9dba2900a09f1a102001000000000000000000000000000000000000
[12:06:40.685950] EP OUT 0x03 len=0 
[12:06:40.693815] EP OUT 0x03 len=0 
[12:06:40.701214] EP OUT 0x03 len=0 
[12:06:40.708450] EP OUT 0x03 len=0 
[12:06:40.712404] EP IN  0x81 len=64 0902230000008687845958833800001e1848000c003e74620148c3060183ac911d03c2ffcdfc2900206110102301000000000000000000000000000000000000
[12:06:40.713780] EP OUT 0x03 len=0 
[12:06:40.716450] EP IN  0x81 len=64 0907230000008687845a48833800001e2b38000c00a46f620188c2060190ac911809c3ff9f502600604a1b102701000000000000000000000000000000000000
[12:06:40.718490] EP OUT 0x03 len=0 
[12:06:40.721049] EP OUT 0x03 len=0 
[12:06:40.724467] EP IN  0x81 len=64 0908230000008587845a48833800001e2f48000c008070620164c2060164ac913707c4ff43772500a09f1c102201000000000000000000000000000000000000
[12:06:40.726218] EP OUT 0x03 len=0 
[12:06:40.733926] EP OUT 0x03 len=0 
[12:06:40.741203] EP OUT 0x03 len=0 
[12:06:40.744415] EP IN  0x81 len=64 090c230000008687845948833800001e3f48000c005477620112c2060154ab91d4c7c3ff5db12600c09f1c102001000000000000000000000000000000000000
[12:06:40.746048] EP OUT 0x03 len=0 
[12:06:40.753475] EP OUT 0x03 len=0 
[12:06:40.756469] EP IN  0x81 len=64 090f230000008687845a48833800001e4a48000c006e7a620160c0060192aa910382c1ffbcf52800409e23102001000000000000000000000000000000000000
[12:06:40.757988] EP OUT 0x03 len=0 
[12:06:40.760419] EP IN  0x81 len=64 0912230000008687845a58833800001e5648000c00847d620158bd0601d5a9916ebdbfffa7b62600e09e21102501000000000000000000000000000000000000
[12:06:40.763004] EP OUT 0x03 len=0 
[12:06:40.768424] EP IN  0x81 len=64 0913230000008687845938833800001e5a48000c00ac7d62015ebc0601a8a9917e7fc0ffecf92500a05e21102501000000000000000000000000000000000000
[12:06:40.770244] EP OUT 0x03 len=0 
[12:06:40.777811] EP OUT 0x03 len=0 
[12:06:40.785195] EP OUT 0x03 len=0 
[12:06:40.792375] EP OUT 0x03 len=0 
[12:06:40.796492] EP IN  0x81 len=64 0917230000008687845948833800001e6948000c00f87c6201f0b90601cda8915c87c0ffc3ba2100201e25102501000000000000000000000000000000000000
[12:06:40.798292] EP OUT 0x03 len=0 
[12:06:40.804469] EP IN  0x81 len=64 091c230000008697845a48833800001e7c48000c0010866201a4b90601e7a791238bbbff1d6d200080de23101e01000000000000000000000000000000000000
[12:06:40.807061] EP OUT 0x03 len=0 
[12:06:40.812481] EP IN  0x81 len=64 091e230000008687845948833800001e8448000c00e88962017ab90601d0a7918a88b8ff6cf12400805f1f102101000000000000000000000000000000000000
[12:06:40.814407] EP OUT 0x03 len=0 
[12:06:40.820416] EP IN  0x81 len=64 0920230000008587845948833800001e8b38000c00528b620126b90601f2a791085fb5ff8da32800209f1c102101000000000000000000000000000000000000
[12:06:40.822577] EP OUT 0x03 len=0 
[12:06:40.828523] EP IN  0x81 len=64 0922230000008587845948833800001e9348000c00348a620110b9060162a8915d49b5ffbbfd290080df1c102601000000000000000000000000000000000000
[12:06:40.830449] EP OUT 0x03 len=0 
[12:06:40.836515] EP IN  0x81 len=64 0924230000008687845948833800001e9b48000c00448a6201a6b90601bca891830cb9ff5eb82900c09e22102601000000000000000000000000000000000000
[12:06:40.838971] EP OUT 0x03 len=0 
[12:06:40.844516] EP IN  0x81 len=64 0926230000008597845948833800001ea238000c00d48f6201bcb90601c7a891a107bbfff0962700a04924102701000000000000000000000000000000000000
[12:06:40.846172] EP OUT 0x03 len=0 
[12:06:40.853552] EP OUT 0x03 len=0 
[12:06:40.856477] EP IN  0x81 len=64 0928230000008587845a48833800001eaa48000c00dc996201ecb80601aca89103c2b9ffc85e2900805f1b102701000000000000000000000000000000000000
[12:06:40.857832] EP OUT 0x03 len=0 
[12:06:40.860454] EP IN  0x81 len=64 092b230000008687845a48833800001eb648000c00e4a162010cb70601cca891ec02b6ff2133300000620b101f01000000000000000000000000000000000000
[12:06:40.862697] EP OUT 0x03 len=0 
[12:06:40.864891] EP OUT 0x03 len=0 
[12:06:40.868507] EP IN  0x81 len=64 092c230000008587845948833800001eb938000c00c4a1620188b60601e0a8919905b6ff3bf93000c0a109101f01000000000000000000000000000000000000
[12:06:40.870192] EP OUT 0x03 len=0 
[12:06:40.877761] EP OUT 0x03 len=0 
[12:06:40.880403] EP IN  0x81 len=64 0930230000008687845a48833800001ec948000c00009d620134b3060182a991da00b6ffc7412b00002017101d01000000000000000000000000000000000000
[12:06:40.882120] EP OUT 0x03 len=0 
[12:06:40.884804] EP OUT 0x03 len=0 
[12:06:40.887204] EP OUT 0x03 len=0 
[12:06:40.892422] EP IN  0x81 len=64 0931230000008587845a48833800001ecd48000c00549b62019eb20601a8a991e543b5ffce032a00801f1b101e01000000000000000000000000000000000000
[12:06:40.893881] EP OUT 0x03 len=0 
[12:06:40.896411] EP IN  0x81 len=64 0934230000008787845948833800001ed848000c006898620162b20601fba9914f09baff573f2a00e01d27101f01000000000000000000000000000000000000
[12:06:40.898544] EP OUT 0x03 len=0 
[12:06:40.904398] EP IN  0x81 len=64 0935230000008687845958833800001edc48000c00469862019ab206010aaa91460cbbffc67a2a00401d2a102001000000000000000000000000000000000000
[12:06:40.906051] EP OUT 0x03 len=0 
[12:06:40.913524] EP OUT 0x03 len=0 
[12:06:40.916450] EP IN  0x81 len=64 0937230000008697845a48833800001ee448000c0092986201fcb2060130aa91790abaff5c782b0080dd2a102301000000000000000000000000000000000000
[12:06:40.918020] EP OUT 0x03 len=0 
[12:06:40.925323] EP OUT 0x03 len=0 
[12:06:40.928392] EP IN  0x81 len=64 093a230000008697845948833800001eef48000c0010976201dcb3060193aa910d0cbbffd83c3000001e27102301000000000000000000000000000000000000
[12:06:40.929861] EP OUT 0x03 len=0 
[12:06:40.932449] EP IN  0x81 len=64 093d230000008687845a48833800001efb48000c003c95620112b40601f8aa91e809baff833b320020de25102301000000000000000000000000000000000000
[12:06:40.934730] EP OUT 0x03 len=0 
[12:06:40.937017] EP OUT 0x03 len=0 
[12:06:40.940464] EP IN  0x81 len=64 093e230000008687845958833800001eff48000c00e8946201fcb306012cab911848bbffdb3a3100005e25102601000000000000000000000000000000000000
[12:06:40.941752] EP OUT 0x03 len=0 
[12:06:40.944406] EP IN  0x81 len=64 0940230000008687845948833800001e0649000c004896620188b306016aab91c205beffc4b42d00e09e21102601000000000000000000000000000000000000
[12:06:40.946576] EP OUT 0x03 len=0 
[12:06:40.952451] EP IN  0x81 len=64 0941230000008697845a48833800001e0a49000c008c97620104b306017dab914403bfff65332c00001f1e102601000000000000000000000000000000000000
[12:06:40.954177] EP OUT 0x03 len=0 
[12:06:40.961702] EP OUT 0x03 len=0 
[12:06:40.964402] EP IN  0x81 len=64 0945230000008587845948833800001e1939000c00309862010ab006013eac912803bdffd4a62a00a0f516101e01000000000000000000000000000000000000
[12:06:40.965885] EP OUT 0x03 len=0 
[12:06:40.968307] EP OUT 0x03 len=0 
[12:06:40.970675] EP OUT 0x03 len=0 
[12:06:40.972804] EP OUT 0x03 len=0 
[12:06:40.976444] EP IN  0x81 len=64 0946230000008587845a48833800001e1d49000c00f897620192af06017aac91b882bdffce7b2900c09f19102101000000000000000000000000000000000000
[12:06:40.977973] EP OUT 0x03 len=0 
[12:06:40.985177] EP OUT 0x03 len=0 
[12:06:40.988473] EP IN  0x81 len=64 0949230000008597845948833800001e2949000c00009b6201b0ae0601d2ac912843c4fff1332600a01e20102401000000000000000000000000000000000000
[12:06:40.989969] EP OUT 0x03 len=0 
[12:06:40.997107] EP OUT 0x03 len=0 
[12:06:41.000378] EP IN  0x81 len=64 094c230000008597845938833800001e3439000c0086a1620100ae0601cbac91e7afc6ff0e9c280040f41f102a01000000000000000000000000000000000000
[12:06:41.001867] EP OUT 0x03 len=0 
[12:06:41.004465] EP IN  0x81 len=64 094f230000008687845948833800001e4049000c0048a662011cad06018dac913906c8ff62b42f00002019101f01000000000000000000000000000000000000
[12:06:41.006549] EP OUT 0x03 len=0 
[12:06:41.012443] EP IN  0x81 len=64 0950230000008687845948833800001e4449000c0006a66201feac060162ac919c88c6ffc7f93000006019101f01000000000000000000000000000000000000
[12:06:41.014029] EP OUT 0x03 len=0 
[12:06:41.021283] EP OUT 0x03 len=0 
[12:06:41.024399] EP IN  0x81 len=64 0952230000008687845948833800001e4b49000c0070a462019aac060115ac918188c4ffe23e3100401f1d101f01000000000000000000000000000000000000
[12:06:41.026015] EP OUT 0x03 len=0 
[12:06:41.033350] EP OUT 0x03 len=0 
[12:06:41.036482] EP IN  0x81 len=64 0955230000008687845948833800001e5749000c0004a66201f4aa060154ab913242c2ff76322d00c0de21102001000000000000000000000000000000000000
[12:06:41.037963] EP OUT 0x03 len=0 
[12:06:41.045106] EP OUT 0x03 len=0 
[12:06:41.048408] EP IN  0x81 len=64 0958230000008687845948833800001e6249000c009ca9620110a9060180aa91a743bfff30f52b00201f1d102501000000000000000000000000000000000000
[12:06:41.049762] EP OUT 0x03 len=0 
[12:06:41.057202] EP OUT 0x03 len=0 
[12:06:41.060454] EP IN  0x81 len=64 095b230000008577845a48833800001e6e49000c00dca762018ea70601faa991b705beffa7bf2b00c09e1e102201000000000000000000000000000000000000
[12:06:41.062124] EP OUT 0x03 len=0 
[12:06:41.069830] EP OUT 0x03 len=0 
[12:06:41.072401] EP IN  0x81 len=64 0960230000008677845948833800001e8149000c0078ab620138a5060167a9913405bbfffe6f2700405e26101c01000000000000000000000000000000000000
[12:06:41.073899] EP OUT 0x03 len=0 
[12:06:41.076163] EP OUT 0x03 len=0 
[12:06:41.078756] EP OUT 0x03 len=0 
[12:06:41.080875] EP OUT 0x03 len=0 
[12:06:41.084481] EP IN  0x81 len=64 0961230000008587845948833800001e8549000c0018ad6201aca4060150a991bc42b9ffec712900409e24101c01000000000000000000000000000000000000
[12:06:41.085974] EP OUT 0x03 len=0 
[12:06:41.088408] EP IN  0x81 len=64 0964230000008597845948833800001e9039000c008cb06201d6a3060113a991af07b9ffb7f62c00209f1f102101000000000000000000000000000000000000
[12:06:41.090611] EP OUT 0x03 len=0 
[12:06:41.092761] EP OUT 0x03 len=0 
[12:06:41.096429] EP IN  0x81 len=64 0965230000008587845958833800001e9449000c0004b1620176a3060103a9915786b9ff72772c00609f1f102101000000000000000000000000000000000000
[12:06:41.098045] EP OUT 0x03 len=0 
[12:06:41.105402] EP OUT 0x03 len=0 
[12:06:41.108412] EP IN  0x81 len=64 0967230000008687845a58833800001e9c49000c00c0b2620122a30601d2a891a7c8baffa3732a0080df1d102201000000000000000000000000000000000000
[12:06:41.109944] EP OUT 0x03 len=0 
[12:06:41.112405] EP IN  0x81 len=64 096a230000008587845a48833800001ea739000c002cb56201e0a206015ba891180abbff80a12b0020f51a102701000000000000000000000000000000000000
[12:06:41.114582] EP OUT 0x03 len=0 
[12:06:41.120424] EP IN  0x81 len=64 096b230000008687845958833800001eab49000c00e8b56201d4a2060145a891348abbff76b52c00a0df19102701000000000000000000000000000000000000
[12:06:41.121944] EP OUT 0x03 len=0 
[12:06:41.129175] EP OUT 0x03 len=0 
[12:06:41.132470] EP IN  0x81 len=64 096d230000008677845a48833800001eb349000c0050b66201f2a1060126a8916604bbff66f92c00e09f18101b01000000000000000000000000000000000000
[12:06:41.134006] EP OUT 0x03 len=0 
[12:06:41.141197] EP OUT 0x03 len=0 
[12:06:41.144424] EP IN  0x81 len=64 0970230000008587845958833800001ebe39000c00bcb3620154a1060141a8915e5eb9ffcdfe2c00004a1b102301000000000000000000000000000000000000
[12:06:41.146106] EP OUT 0x03 len=0 
[12:06:41.153451] EP OUT 0x03 len=0 
[12:06:41.156529] EP IN  0x81 len=64 0973230000008587845a58833800001eca49000c0040b16201f0a0060148a8910e0bbcff18bc2800605e21102301000000000000000000000000000000000000
[12:06:41.158004] EP OUT 0x03 len=0 
[12:06:41.160415] EP IN  0x81 len=64 0976230000008587845a48833800001ed539000c0098b3620166a006010da891ffb1bbff434b2a00409e25102301000000000000000000000000000000000000
[12:06:41.162716] EP OUT 0x03 len=0 
[12:06:41.164933] EP OUT 0x03 len=0 
[12:06:41.168417] EP IN  0x81 len=64 0977230000008587845958833800001ed949000c00e6b4620110a00601f5a7914d86baff45f32b00401e24102301000000000000000000000000000000000000
[12:06:41.170059] EP OUT 0x03 len=0 
[12:06:41.177386] EP OUT 0x03 len=0 
[12:06:41.180420] EP IN  0x81 len=64 0979230000008597845948833800001ee149000c0040b662017a9f0601c3a7912708b9ff84f62e0040df1e102101000000000000000000000000000000000000
[12:06:41.181849] EP OUT 0x03 len=0 
[12:06:41.184398] EP IN  0x81 len=64 097c230000008687845948833800001eec39000c0084b36201ae9e0601d4a791f508baff1bff2b00004a1d102001000000000000000000000000000000000000
[12:06:41.186491] EP OUT 0x03 len=0 
[12:06:41.192421] EP IN  0x81 len=64 097d230000008687845958833800001ef049000c0036b26201569e0601cca791c487bbff20012a00009f1d102001000000000000000000000000000000000000
[12:06:41.194089] EP OUT 0x03 len=0 
[12:06:41.201564] EP OUT 0x03 len=0 
[12:06:41.204468] EP IN  0x81 len=64 097f230000008687845948833800001ef849000c005cb06201309e06019aa791768bbdff5bbf240080de1f102001000000000000000000000000000000000000
[12:06:41.206202] EP OUT 0x03 len=0 
[12:06:41.208806] EP OUT 0x03 len=0 
[12:06:41.211210] EP OUT 0x03 len=0 
[12:06:41.216406] EP IN  0x81 len=64 0982230000008687845a48833800001e044a000c0048b26201cc9d060147a791200abbffb7342300e05e20101d01000000000000000000000000000000000000
[12:06:41.217968] EP OUT 0x03 len=0 
[12:06:41.224938] EP OUT 0x03 len=0 
[12:06:41.228450] EP IN  0x81 len=64 0985230000008677845958833800001e0f4a000c0098b36201729d060164a7915a48b9ff39f92700e0df1a102601000000000000000000000000000000000000
[12:06:41.230035] EP OUT 0x03 len=0 
[12:06:41.237597] EP OUT 0x03 len=0 
[12:06:41.240461] EP IN  0x81 len=64 098a230000008687845a48833800001e224a000c00b2af6201d69d06014fa8911846bfffe4362700609e20101f01000000000000000000000000000000000000
[12:06:41.242108] EP OUT 0x03 len=0 
[12:06:41.249478] EP OUT 0x03 len=0 
[12:06:41.252406] EP IN  0x81 len=64 098b230000008597845938833800001e264a000c003cb16201629d060176a891e282c0ffc7b22800c05e20101f01000000000000000000000000000000000000
[12:06:41.253994] EP OUT 0x03 len=0 
[12:06:41.261105] EP OUT 0x03 len=0 
[12:06:41.264415] EP IN  0x81 len=64 098e230000008687845a58833800001e324a000c005cb56201109c0601cca8911e43bfff61b32e00c0de1d102101000000000000000000000000000000000000
[12:06:41.265918] EP OUT 0x03 len=0 
[12:06:41.268483] EP IN  0x81 len=64 0991230000008687845a48833800001e3d4a000c0040b56201f29a060109a9916005c0ff88b93100c05f1b102101000000000000000000000000000000000000
[12:06:41.270837] EP OUT 0x03 len=0 
[12:06:41.272912] EP OUT 0x03 len=0 
[12:06:41.276452] EP IN  0x81 len=64 0992230000008697845948833800001e414a000c0006b56201829a06011aa9915e84c0ff75ba3100809f1a102101000000000000000000000000000000000000
[12:06:41.278130] EP OUT 0x03 len=0 
[12:06:41.285676] EP OUT 0x03 len=0 
[12:06:41.288389] EP IN  0x81 len=64 0996230000008687845948833800001e504a000c0078b1620132990601b8a8912a47c1ff74fe2c00605f1f101e01000000000000000000000000000000000000
[12:06:41.289789] EP OUT 0x03 len=0 
[12:06:41.291997] EP OUT 0x03 len=0 
[12:06:41.294135] EP OUT 0x03 len=0 
[12:06:41.301522] EP OUT 0x03 len=0 
[12:06:41.304417] EP IN  0x81 len=64 099a230000008687845948833800001e604a000c0024ad62019699060168a891b00dbfff2000290040de22101e01000000000000000000000000000000000000
[12:06:41.305926] EP OUT 0x03 len=0 
[12:06:41.308748] EP OUT 0x03 len=0 
[12:06:41.311170] EP OUT 0x03 len=0 
[12:06:41.316488] EP IN  0x81 len=64 099b230000008587845948833800001e644a000c00d0ab6201ae99060167a891a2cbbeff9e012800601e23101e01000000000000000000000000000000000000
[12:06:41.318132] EP OUT 0x03 len=0 
[12:06:41.325603] EP OUT 0x03 len=0 
[12:06:41.328409] EP IN  0x81 len=64 09a0230000008587845a48833800001e774a000c0080a662016c990601d0a891294abbff98012b00201f1e101b01000000000000000000000000000000000000
[12:06:41.329893] EP OUT 0x03 len=0 
[12:06:41.332443] EP IN  0x81 len=64 09a1230000008587845948833800001e7a3a000c0044a562019899060101a991df60bbff18ff2b0060491f101b01000000000000000000000000000000000000
[12:06:41.334546] EP OUT 0x03 len=0 
[12:06:41.336946] EP OUT 0x03 len=0 
[12:06:41.340437] EP IN  0x81 len=64 09a2230000008697845948833800001e7e4a000c0036a36201b499060130a9918a0bbbffb2032d00a09e20101b01000000000000000000000000000000000000
[12:06:41.341945] EP OUT 0x03 len=0 
[12:06:41.349195] EP OUT 0x03 len=0 
[12:06:41.352423] EP IN  0x81 len=64 09a4230000008697845948833800001e864a000c0048a062010c9a06018ca991d2cbbcff18002c00401e24101b01000000000000000000000000000000000000
[12:06:41.353972] EP OUT 0x03 len=0 
[12:06:41.361246] EP OUT 0x03 len=0 
[12:06:41.364401] EP IN  0x81 len=64 09a7230000008687845948833800001e924a000c008ca462016499060181a99118c3c2ffceee2900809e21101b01000000000000000000000000000000000000
[12:06:41.365679] EP OUT 0x03 len=0 
[12:06:41.368404] EP IN  0x81 len=64 09aa230000008587845948833800001e9d4a000c00faab620132980601eca8912a83c2ffae6c2a0000e018101e01000000000000000000000000000000000000
[12:06:41.370592] EP OUT 0x03 len=0 
[12:06:41.376470] EP IN  0x81 len=64 09ab230000008697845a48833800001ea14a000c00a4ad6201cc970601b1a8912845c2ffab702b00006017102201000000000000000000000000000000000000
[12:06:41.378153] EP OUT 0x03 len=0 
[12:06:41.385490] EP OUT 0x03 len=0 
[12:06:41.388500] EP IN  0x81 len=64 09ad230000008687845948833800001ea94a000c0048b06201cc96060146a891abc3beff8c732c00602016102201000000000000000000000000000000000000
[12:06:41.390148] EP OUT 0x03 len=0 
[12:06:41.397355] EP OUT 0x03 len=0 
[12:06:41.400420] EP IN  0x81 len=64 09b0230000008687845948833800001eb44a000c00ccb1620104950601c6a791be03bcff6a382e0000e01a102601000000000000000000000000000000000000
[12:06:41.401882] EP OUT 0x03 len=0 
[12:06:41.404467] EP IN  0x81 len=64 09b3230000008687845a48833800001ec04a000c00ccb162012e9306016da791e503bdffde7c2a00c0df1c102001000000000000000000000000000000000000
[12:06:41.406709] EP OUT 0x03 len=0 
[12:06:41.408657] EP OUT 0x03 len=0 
[12:06:41.412464] EP IN  0x81 len=64 09b4230000008687845938833800001ec44a000c002cb16201c892060160a7915646befffbfd2800e05e1e102001000000000000000000000000000000000000
[12:06:41.413940] EP OUT 0x03 len=0 
[12:06:41.421356] EP OUT 0x03 len=0 
[12:06:41.424406] EP IN  0x81 len=64 09b6230000008687845a48833800001ecb4a000c0080af6201b492060148a7919b8abfff4f002800c0de21102001000000000000000000000000000000000000
[12:06:41.426023] EP OUT 0x03 len=0 
[12:06:41.428836] EP OUT 0x03 len=0 
[12:06:41.431072] EP OUT 0x03 len=0 
[12:06:41.436449] EP IN  0x81 len=64 09b9230000008687845a48833800001ed74a000c0038ac6201c292060139a7917b8bbfffd4bf2700205e27102001000000000000000000000000000000000000
[12:06:41.437948] EP OUT 0x03 len=0 
[12:06:41.445130] EP OUT 0x03 len=0 
[12:06:41.448442] EP IN  0x81 len=64 09bc230000008687845948833800001ee24a000c0070a862014c9306012aa791134fbcffea812c00a0de22102501000000000000000000000000000000000000
[12:06:41.449784] EP OUT 0x03 len=0 
[12:06:41.452493] EP IN  0x81 len=64 09bf230000008687845948833800001eee4a000c00b8a162017894060119a7910111bdffdbc52900405f1b101f01000000000000000000000000000000000000
[12:06:41.455014] EP OUT 0x03 len=0 
[12:06:41.460560] EP IN  0x81 len=64 09c0230000008687845948833800001ef13a000c0034a06201869406010ea7910a0cbdff34ac280000a01b101e01000000000000000000000000000000000000
[12:06:41.462244] EP OUT 0x03 len=0 
[12:06:41.469795] EP OUT 0x03 len=0 
[12:06:41.472405] EP IN  0x81 len=64 09c4230000008687845958833800001e014b000c00f099620136920601f0a6916781b8ff04822700a01f1d102301000000000000000000000000000000000000
[12:06:41.473794] EP OUT 0x03 len=0 
[12:06:41.476113] EP OUT 0x03 len=0 
[12:06:41.478705] EP OUT 0x03 len=0 
[12:06:41.480839] EP OUT 0x03 len=0 
[12:06:41.484514] EP IN  0x81 len=64 09c5230000008697845958833800001e054b000c004e9a62013c910601e6a6917580b8ff1a7b2600201f1d102301000000000000000000000000000000000000
[12:06:41.486194] EP OUT 0x03 len=0 
[12:06:41.493428] EP OUT 0x03 len=0 
[12:06:41.496430] EP IN  0x81 len=64 09c8230000008687845958833800001e104b000c00f89b6201f68d0601faa691ba7db7ff8fb82600209f1e102301000000000000000000000000000000000000
[12:06:41.498057] EP OUT 0x03 len=0 
[12:06:41.505299] EP OUT 0x03 len=0 
[12:06:41.508409] EP IN  0x81 len=64 09cb230000008687845a48833800001e1c4b000c0044a06201de8a060120a791ebfebbff76f22300a01e20102101000000000000000000000000000000000000
[12:06:41.509960] EP OUT 0x03 len=0 
[12:06:41.512405] EP IN  0x81 len=64 09ce230000008687845a58833800001e274b000c0004a562016c88060102a7911900bcff0274270040df1c101d01000000000000000000000000000000000000
[12:06:41.514554] EP OUT 0x03 len=0 
[12:06:41.520430] EP IN  0x81 len=64 09cf230000008587845948833800001e2b4b000c00e6a56201ea8706010ea79122c3bbff94f42a00809f1d101d01000000000000000000000000000000000000
[12:06:41.521941] EP OUT 0x03 len=0 
[12:06:41.529169] EP OUT 0x03 len=0 
[12:06:41.532452] EP IN  0x81 len=64 09d1230000008687845a48833800001e334b000c00cca462010a87060144a79108c6baff2ffe2f00809e20102801000000000000000000000000000000000000
[12:06:41.534105] EP OUT 0x03 len=0 
[12:06:41.541743] EP OUT 0x03 len=0 
[12:06:41.544407] EP IN  0x81 len=64 09d6230000008697845948833800001e464b000c009c9f6201fc870601cca791764dc1ff3bfb2d00009d28102101000000000000000000000000000000000000
[12:06:41.546004] EP OUT 0x03 len=0 
[12:06:41.548406] EP OUT 0x03 len=0 
[12:06:41.550741] EP OUT 0x03 len=0 
[12:06:41.552827] EP OUT 0x03 len=0 
[12:06:41.556498] EP IN  0x81 len=64 09d7230000008687845948833800001e4a4b000c001c9f620184880601d0a791eecec2ffe1ba2e00809e25102101000000000000000000000000000000000000
[12:06:41.557904] EP OUT 0x03 len=0 
[12:06:41.560423] EP IN  0x81 len=64 09da230000008587845a58833800001e554b000c00e89a6201ca890601f1a791584fc0ff26c33000c09e1e102101000000000000000000000000000000000000
[12:06:41.562634] EP OUT 0x03 len=0 
[12:06:41.568423] EP IN  0x81 len=64 09db230000008687845948833800001e594b000c00e0976201648a06010ea8917451bfff02873100a05f1d102101000000000000000000000000000000000000
[12:06:41.570018] EP OUT 0x03 len=0 
[12:06:41.577416] EP OUT 0x03 len=0 
[12:06:41.580402] EP IN  0x81 len=64 09dd230000008697845948833800001e614b000c0050906201568b060154a8914b51bfffd38d2f0000df1b101601000000000000000000000000000000000000
[12:06:41.581774] EP OUT 0x03 len=0 
[12:06:41.589073] EP OUT 0x03 len=0 
[12:06:41.592448] EP IN  0x81 len=64 09e0230000008697845948833800001e6c4b000c007c866201c48b0601c4a891f38dc0ff020c290000df1d101b01000000000000000000000000000000000000
[12:06:41.594159] EP OUT 0x03 len=0 
[12:06:41.601397] EP OUT 0x03 len=0 
[12:06:41.604471] EP IN  0x81 len=64 09e3230000008687845a48833800001e784b000c0014786201308706019aac91fe9bbdffd8a52700c01c25102a01000000000000000000000000000000000000
[12:06:41.606070] EP OUT 0x03 len=0 
[12:06:41.613370] EP OUT 0x03 len=0 
[12:06:41.616414] EP IN  0x81 len=64 09e6230000008587845948833800001e834b000c00b8716201fa8106016aaf91fc74c2ffc5bf1900205e22102701000000000000000000000000000000000000
[12:06:41.618016] EP OUT 0x03 len=0 
[12:06:41.625110] EP OUT 0x03 len=0 
[12:06:41.628409] EP IN  0x81 len=64 09e9230000008587845958833800001e8f4b000c0080786201147d060186af91fe39c2ffc86d2200405d2a102101000000000000000000000000000000000000
[12:06:41.629875] EP OUT 0x03 len=0 
[12:06:41.637196] EP OUT 0x03 len=0 
[12:06:41.640425] EP IN  0x81 len=64 09ec230000008597845a48833800001e9a3b000c00c28062015a7b060157af91c304c5ff27f32000a0491e102101000000000000000000000000000000000000
[12:06:41.642026] EP OUT 0x03 len=0 
[12:06:41.649405] EP OUT 0x03 len=0 
[12:06:41.652425] EP IN  0x81 len=64 09ef230000008697845a48833800001ea64b000c005a886201de7a060188ae918687c6ff55aa2500805f1f102001000000000000000000000000000000000000
[12:06:41.653989] EP OUT 0x03 len=0 
[12:06:41.661212] EP OUT 0x03 len=0 
[12:06:41.664421] EP IN  0x81 len=64 09f2230000008687845a58833800001eb13b000c00988e6201727a0601acad91635dc0ff77f32a00609f1d102101000000000000000000000000000000000000
[12:06:41.665891] EP OUT 0x03 len=0 
[12:06:41.668468] EP IN  0x81 len=64 09f5230000008687845a58833800001ebd4b000c006c9162019c790601e6ac91a506beff40782700006018101f01000000000000000000000000000000000000
[12:06:41.670934] EP OUT 0x03 len=0 
[12:06:41.673101] EP OUT 0x03 len=0 
[12:06:41.676463] EP IN  0x81 len=64 09f6230000008687845a58833800001ec14b000c00489262011c790601abac91ce04beff7736250000201a101d01000000000000000000000000000000000000
[12:06:41.678252] EP OUT 0x03 len=0 
[12:06:41.685710] EP OUT 0x03 len=0 
[12:06:41.688410] EP IN  0x81 len=64 09fa230000008677845948833800001ed04b000c00a2966201cc760601d1ab91e081bcff9fb4240060de20102401000000000000000000000000000000000000
[12:06:41.689976] EP OUT 0x03 len=0 
[12:06:41.694177] EP OUT 0x03 len=0 
[12:06:41.701236] EP OUT 0x03 len=0 
[12:06:41.704416] EP IN  0x81 len=64 09fb230000008687845948833800001ed44b000c00b0976201e475060194ab916100bcff83752500201f1f102401000000000000000000000000000000000000
[12:06:41.705892] EP OUT 0x03 len=0 
[12:06:41.713286] EP OUT 0x03 len=0 
[12:06:41.716418] EP IN  0x81 len=64 09ff230000008687845948833800001ee34b000c0034966201e6730601eaaa911e48bbff6903270020a017102401000000000000000000000000000000000000
[12:06:41.718006] EP OUT 0x03 len=0 
[12:06:41.725384] EP OUT 0x03 len=0 
[12:06:41.728394] EP IN  0x81 len=64 0902230000008677845958833800001eef4b000c009c8d6201f4730601d8aa91ae8cbeffe90a2600205f1d102601000000000000000000000000000000000000
[12:06:41.729865] EP OUT 0x03 len=0 
[12:06:41.732441] EP IN  0x81 len=64 0905230000008687845958833800001efa3b000c006c856201b0750601b9aa917cbabfffd6022500e09d25102601000000000000000000000000000000000000
[12:06:41.734546] EP OUT 0x03 len=0 
[12:06:41.740539] EP IN  0x81 len=64 0906230000008687845948833800001efe4b000c00d083620124760601aaaa916e90bfff73432500601e25102301000000000000000000000000000000000000
[12:06:41.741912] EP OUT 0x03 len=0 
[12:06:41.749231] EP OUT 0x03 len=0 
[12:06:41.752419] EP IN  0x81 len=64 0908230000008687845948833800001e064c000c007c826201de7606018faa91a80dbfffccfc2300409e22102201000000000000000000000000000000000000
[12:06:41.753998] EP OUT 0x03 len=0 
[12:06:41.761420] EP OUT 0x03 len=0 
[12:06:41.764418] EP IN  0x81 len=64 090b230000008687845a48833800001e114c000c0084836201ae76060172aa9134c8bbfff9b62400c0df1c102601000000000000000000000000000000000000
[12:06:41.765766] EP OUT 0x03 len=0 
[12:06:41.768402] EP IN  0x81 len=64 090e230000008687845948833800001e1d4c000c00b4856201167606016eaa916388b9ff45b82400e01f17102401000000000000000000000000000000000000
[12:06:41.770571] EP OUT 0x03 len=0 
[12:06:41.776416] EP IN  0x81 len=64 090f230000008687845948833800001e214c000c0024866201ce75060161aa9120c8b8ffa077250040a016102201000000000000000000000000000000000000
[12:06:41.778007] EP OUT 0x03 len=0 
[12:06:41.785407] EP OUT 0x03 len=0 
[12:06:41.788552] EP IN  0x81 len=64 0911230000008687845948833800001e284c000c0078866201e674060172aa91ae04b7ff73fa240020a017102201000000000000000000000000000000000000
[12:06:41.790283] EP OUT 0x03 len=0 
[12:06:41.797673] EP OUT 0x03 len=0 
[12:06:41.800400] EP IN  0x81 len=64 0916230000008587845948833800001e3c4c000c00549262013a710601efaa91457eb9ff316a2500a01f1b101d01000000000000000000000000000000000000
[12:06:41.801924] EP OUT 0x03 len=0 
[12:06:41.804114] EP OUT 0x03 len=0 
[12:06:41.806745] EP OUT 0x03 len=0 
[12:06:41.808650] EP OUT 0x03 len=0 
[12:06:41.812490] EP IN  0x81 len=64 0917230000008587845948833800001e3f3c000c00b4946201c070060104ab91a003baffd8442600c09f1a102901000000000000000000000000000000000000
[12:06:41.813982] EP OUT 0x03 len=0 
[12:06:41.821371] EP OUT 0x03 len=0 
[12:06:41.824413] EP IN  0x81 len=64 091a230000008687845958833800001e4b4c000c004e99620144700601c2ab918ec8baff51362c0040df1d102901000000000000000000000000000000000000
[12:06:41.826013] EP OUT 0x03 len=0 
[12:06:41.833388] EP OUT 0x03 len=0 
[12:06:41.836494] EP IN  0x81 len=64 091d230000008687845a58833800001e563c000c008a9762014072060165ac918e10bdff40a62e00604924101e01000000000000000000000000000000000000
[12:06:41.838037] EP OUT 0x03 len=0 
[12:06:41.845201] EP OUT 0x03 len=0 
[12:06:41.848416] EP IN  0x81 len=64 0920230000008687845958833800001e624c000c004e94620156760601e7ac91f317bdff63bb2b00a05d2b101f01000000000000000000000000000000000000
[12:06:41.849804] EP OUT 0x03 len=0 
[12:06:41.852514] EP IN  0x81 len=64 0923230000008687845948833800001e6d3c000c007c9562014a79060147ad917410bbff4cf52700c09d29101f01000000000000000000000000000000000000
[12:06:41.854791] EP OUT 0x03 len=0 
[12:06:41.857037] EP OUT 0x03 len=0 
[12:06:41.860466] EP IN  0x81 len=64 0924230000008597845958833800001e714c000c006c9662010a7a06017cad914d90bafff6322700601e26102001000000000000000000000000000000000000
[12:06:41.862151] EP OUT 0x03 len=0 
[12:06:41.869853] EP OUT 0x03 len=0 
[12:06:41.877110] EP OUT 0x03 len=0 
[12:06:41.884181] EP OUT 0x03 len=0 
[12:06:41.888410] EP IN  0x81 len=64 0928230000008687845a58833800001e814c000c0054956201a87b0601bbae91378cbaff5c3e2800409f1b101e01000000000000000000000000000000000000
[12:06:41.890068] EP OUT 0x03 len=0 
[12:06:41.897164] EP OUT 0x03 len=0 
[12:06:41.900466] EP IN  0x81 len=64 092d230000008587845a58833800001e944c000c001c9e6201a67906013eaf912e81c1ff9429250000201a102401000000000000000000000000000000000000
[12:06:41.902182] EP OUT 0x03 len=0 
[12:06:41.909686] EP OUT 0x03 len=0 
[12:06:41.912392] EP IN  0x81 len=64 0932230000008687845a48833800001ea74c000c00109f62017879060172af91f74ac4ff31c0270080a016101e01000000000000000000000000000000000000
[12:06:41.913881] EP OUT 0x03 len=0 
[12:06:41.916323] EP OUT 0x03 len=0 
[12:06:41.918884] EP OUT 0x03 len=0 
[12:06:41.921041] EP OUT 0x03 len=0 
[12:06:41.924466] EP IN  0x81 len=64 0933230000008687845948833800001eab4c000c00ca9e62016e79060168af91e508c4ff0efd2600009f1c101e01000000000000000000000000000000000000
[12:06:41.926016] EP OUT 0x03 len=0 
[12:06:41.933410] EP OUT 0x03 len=0 
[12:06:41.936424] EP IN  0x81 len=64 0936230000008587845948833800001eb64c000c0026a16201787806013eaf91bf82c2ff19742700c09d26102101000000000000000000000000000000000000
[12:06:41.937919] EP OUT 0x03 len=0 
[12:06:41.940478] EP IN  0x81 len=64 0939230000008677845948833800001ec24c000c002ca46201c4760601ecae915e04c1ff6cf62500c0de22102301000000000000000000000000000000000000
[12:06:41.942560] EP OUT 0x03 len=0 
[12:06:41.944947] EP OUT 0x03 len=0 
[12:06:41.948384] EP IN  0x81 len=64 093a230000008587845948833800001ec64c000c00c8a462012c760601cdae911d03c2ff78f72500605e21102301000000000000000000000000000000000000
[12:06:41.949779] EP OUT 0x03 len=0 
[12:06:41.952402] EP IN  0x81 len=64 093c230000008687845a48833800001ecd3c000c00f8a56201007506017dae91f904c1ffc8f82700e0491e102501000000000000000000000000000000000000
[12:06:41.954710] EP OUT 0x03 len=0 
[12:06:41.956825] EP OUT 0x03 len=0 
[12:06:41.960444] EP IN  0x81 len=64 093d230000008587845948833800001ed14c000c00d0a562012874060157ae913b81c1ff34fb280020df1c102601000000000000000000000000000000000000
[12:06:41.962019] EP OUT 0x03 len=0 
[12:06:41.969384] EP OUT 0x03 len=0 
[12:06:41.972464] EP IN  0x81 len=64 093f230000008687845958833800001ed94c000c0058a26201e07206013bae914cc4c0ffc7062b00009f1c102601000000000000000000000000000000000000
[12:06:41.973957] EP OUT 0x03 len=0 
[12:06:41.981238] EP OUT 0x03 len=0 
[12:06:41.984417] EP IN  0x81 len=64 0942230000008697845958833800001ee43c000c00f09c62011e72060121ae912f09c2ff60ff2800809e22102301000000000000000000000000000000000000
[12:06:41.985795] EP OUT 0x03 len=0 
[12:06:41.988466] EP IN  0x81 len=64 0945230000008587845a58833800001ef04c000c00209e62016a700601cdad910201c1ff5af52500405e21102101000000000000000000000000000000000000
[12:06:41.990709] EP OUT 0x03 len=0 
[12:06:41.996487] EP IN  0x81 len=64 0946230000008587845a58833800001ef44c000c00849f62015e6f0601adad9153fdc0ff61f42500001f1f102101000000000000000000000000000000000000
[12:06:41.997956] EP OUT 0x03 len=0 
[12:06:42.005149] EP OUT 0x03 len=0 
[12:06:42.012460] EP IN  0x81 len=64 0948230000008587845948833800001efb3c000c007ea16201d26d060182ad91a902c1ffaff72600e09f1a102101000000000000000000000000000000000000
[12:06:42.013956] EP OUT 0x03 len=0 
[12:06:42.021208] EP OUT 0x03 len=0 
[12:06:42.024410] EP IN  0x81 len=64 094c230000008587845948833800001e0b4d000c00f69f62012e6b060115ad91b103bfff4a812400801f18101d01000000000000000000000000000000000000
[12:06:42.026123] EP OUT 0x03 len=0 
[12:06:42.033260] EP OUT 0x03 len=0 
[12:06:42.036478] EP IN  0x81 len=64 094f230000008697845948833800001e164d000c00549d6201ac690601e3ac9114c6bbff8141250020df1b101e01000000000000000000000000000000000000
[12:06:42.037919] EP OUT 0x03 len=0 
[12:06:42.045454] EP OUT 0x03 len=0 
[12:06:42.048421] EP IN  0x81 len=64 0952230000008687845a58833800001e224d000c006c966201b0690601dcac91570ebbffa9082800a05e21102401000000000000000000000000000000000000
[12:06:42.050119] EP OUT 0x03 len=0 
[12:06:42.057694] EP OUT 0x03 len=0 
[12:06:42.060408] EP IN  0x81 len=64 0957230000008687845a48833800001e354d000c00a0906201ba6a0601daac91bf88b9ff91f82400a09c2c102401000000000000000000000000000000000000
[12:06:42.061939] EP OUT 0x03 len=0 
[12:06:42.064343] EP OUT 0x03 len=0 
[12:06:42.066665] EP OUT 0x03 len=0 
[12:06:42.069037] EP OUT 0x03 len=0 
[12:06:42.072442] EP IN  0x81 len=64 0958230000008587845948833800001e394d000c00a89162019c6a0601c5ac918249b9ff1bb62500409d2c102401000000000000000000000000000000000000
[12:06:42.073988] EP OUT 0x03 len=0 
[12:06:42.081150] EP OUT 0x03 len=0 
[12:06:42.084447] EP IN  0x81 len=64 095b230000008587845948833800001e444d000c00f89762012a69060195ac918b02b9ff0a2e280000de26102401000000000000000000000000000000000000
[12:06:42.086082] EP OUT 0x03 len=0 
[12:06:42.093340] EP OUT 0x03 len=0 
[12:06:42.096405] EP IN  0x81 len=64 095e230000008687845a58833800001e504d000c000a9f62017c6606017cac917effb8ff50f02800601e21102101000000000000000000000000000000000000
[12:06:42.098051] EP OUT 0x03 len=0 
[12:06:42.100439] EP IN  0x81 len=64 0961230000008687845a48833800001e5b3d000c003ca262019e64060192ac910205baff48f92600a09f1a102101000000000000000000000000000000000000
[12:06:42.102544] EP OUT 0x03 len=0 
[12:06:42.108453] EP IN  0x81 len=64 0962230000008587845948833800001e5f4d000c005ca2620134640601a2ac91ad84baff61fa260000a01a102101000000000000000000000000000000000000
[12:06:42.109826] EP OUT 0x03 len=0 
[12:06:42.112394] EP IN  0x81 len=64 0964230000008687845a58833800001e674d000c0098a3620128630601d5ac91f101bdffb3362500a05f1a102101000000000000000000000000000000000000
[12:06:42.114513] EP OUT 0x03 len=0 
[12:06:42.120424] EP IN  0x81 len=64 0965230000008687845948833800001e6b4d000c0090a462015e620601f2ac91dfc0bcff57362500e09f19102101000000000000000000000000000000000000
[12:06:42.122047] EP OUT 0x03 len=0 
[12:06:42.129390] EP OUT 0x03 len=0 
[12:06:42.132474] EP IN  0x81 len=64 0967230000008697845948833800001e723d000c0048a56201aa60060146ad91fdacb9ff614f2800e04a15102801000000000000000000000000000000000000
[12:06:42.133995] EP OUT 0x03 len=0 
[12:06:42.141086] EP OUT 0x03 len=0 
[12:06:42.144436] EP IN  0x81 len=64 096a230000008687845a48833800001e7e4d000c0036a16201525e060125ae916cc3b8ff8b862b0080a10e102101000000000000000000000000000000000000
[12:06:42.145916] EP OUT 0x03 len=0 
[12:06:42.148460] EP IN  0x81 len=64 096d230000008687845a58833800001e893d000c0038966201da5d06014eaf9171b4bdff5eb42900a04b13101f01000000000000000000000000000000000000
[12:06:42.150916] EP OUT 0x03 len=0 
[12:06:42.156507] EP IN  0x81 len=64 096e230000008687845a58833800001e8d4d000c0046916201065e0601afaf91cbcbbfff1214290000e015101f01000000000000000000000000000000000000
[12:06:42.158083] EP OUT 0x03 len=0 
[12:06:42.165763] EP OUT 0x03 len=0 
[12:06:42.168461] EP IN  0x81 len=64 0972230000008687845948833800001e9d4d000c00007d6201aa6006011fb1914115c4ffc9532a00801e23102101000000000000000000000000000000000000
[12:06:42.169974] EP OUT 0x03 len=0 
[12:06:42.172347] EP OUT 0x03 len=0 
[12:06:42.174683] EP OUT 0x03 len=0 
[12:06:42.180479] EP IN  0x81 len=64 0973230000008687845a58833800001ea03d000c00727962018a6106015cb191cbbcc4ffcb0a2a0040f325102301000000000000000000000000000000000000
[12:06:42.182024] EP OUT 0x03 len=0 
[12:06:42.189398] EP OUT 0x03 len=0 
[12:06:42.192417] EP IN  0x81 len=64 0976230000008677845948833800001eac4d000c00a06e62011265060146b2918195c0ff81492600a05c30102401000000000000000000000000000000000000
[12:06:42.194243] EP OUT 0x03 len=0 
[12:06:42.201590] EP OUT 0x03 len=0 
[12:06:42.204416] EP IN  0x81 len=64 0979230000008587845958833800001eb73d000c00dc6a6201cc670601e7b291b7b9beffada6200040472e102a01000000000000000000000000000000000000
[12:06:42.206207] EP OUT 0x03 len=0 
[12:06:42.208419] EP OUT 0x03 len=0 
[12:06:42.210517] EP OUT 0x03 len=0 
[12:06:42.212808] EP OUT 0x03 len=0 
[12:06:42.216393] EP IN  0x81 len=64 097c230000008587845a58833800001ec34d000c00146d62011e6a060152b391ad8fbdff58f71d00809e25102301000000000000000000000000000000000000
[12:06:42.217848] EP OUT 0x03 len=0 
[12:06:42.225379] EP OUT 0x03 len=0 
[12:06:42.228432] EP IN  0x81 len=64 097f230000008697845a48833800001ece3d000c00ac726201766b060173b391050bbeffe8f11e00209f1f102301000000000000000000000000000000000000
[12:06:42.230235] EP OUT 0x03 len=0 
[12:06:42.237582] EP OUT 0x03 len=0 
[12:06:42.240417] EP IN  0x81 len=64 0984230000008687845a48833800001ee24d000c00c87c6201306c06012eb4918e08bfffa870210000e01b102001000000000000000000000000000000000000
[12:06:42.241976] EP OUT 0x03 len=0 
[12:06:42.249165] EP OUT 0x03 len=0 
[12:06:42.252486] EP IN  0x81 len=64 0985230000008687845a48833800001ee64d000c001e7f6201e26b060153b49168c3c0ff09f02000805f1c102001000000000000000000000000000000000000
[12:06:42.254085] EP OUT 0x03 len=0 
[12:06:42.261248] EP OUT 0x03 len=0 
[12:06:42.264477] EP IN  0x81 len=64 0988230000008587845958833800001ef14d000c00f6876201aa6a060198b4914fc1c0fff0ea2300002019101a01000000000000000000000000000000000000
[12:06:42.266006] EP OUT 0x03 len=0 
[12:06:42.273161] EP OUT 0x03 len=0 
[12:06:42.276400] EP IN  0x81 len=64 098b230000008687845948833800001efd4d000c00da8c62014e690601eeb4914d04c1fff8362a00606110101d01000000000000000000000000000000000000
[12:06:42.277759] EP OUT 0x03 len=0 
[12:06:42.280423] EP IN  0x81 len=64 098e230000008697845948833800001e084e000c00808a6201e06806011ab5910c88c2ff60ff2d00e0a013102101000000000000000000000000000000000000
[12:06:42.282589] EP OUT 0x03 len=0 
[12:06:42.288398] EP IN  0x81 len=64 098f230000008587845a48833800001e0c4e000c0066896201c66806010eb5910549c3ff15bf2e00e09f16102001000000000000000000000000000000000000
[12:06:42.290024] EP OUT 0x03 len=0 
[12:06:42.297851] EP OUT 0x03 len=0 
[12:06:42.304984] EP OUT 0x03 len=0 
[12:06:42.312164] EP OUT 0x03 len=0 
[12:06:42.316411] EP IN  0x81 len=64 0993230000008577845958833800001e1b4e000c00908562010068060174b491ce46c3ff07ff2f00601e24101d01000000000000000000000000000000000000
[12:06:42.317824] EP OUT 0x03 len=0 
[12:06:42.320414] EP IN  0x81 len=64 0998230000008677845948833800001e2e3e000c00f079620130670601c4b391a40cc0ffa4b12b00409f1d102101000000000000000000000000000000000000
[12:06:42.322604] EP OUT 0x03 len=0 
[12:06:42.328396] EP IN  0x81 len=64 0999230000008687845848833800001e324e000c002e76620144670601a3b391940ec0ff268e2800209f1c102101000000000000000000000000000000000000
[12:06:42.329936] EP OUT 0x03 len=0 
[12:06:42.337252] EP OUT 0x03 len=0 
[12:06:42.340470] EP IN  0x81 len=64 099b230000008687845958833800001e3a4e000c00a46f62014e6706014db3912c4cc0ff8d4b2300001f20102101000000000000000000000000000000000000
[12:06:42.342200] EP OUT 0x03 len=0 
[12:06:42.349668] EP OUT 0x03 len=0 
[12:06:42.352395] EP IN  0x81 len=64 09a0230000008687845948833800001e4d4e000c00c06e620170650601b5b2914284baff40f52000c05d26102101000000000000000000000000000000000000
[12:06:42.353726] EP OUT 0x03 len=0 
[12:06:42.356050] EP OUT 0x03 len=0 
[12:06:42.358692] EP OUT 0x03 len=0 
[12:06:42.361004] EP OUT 0x03 len=0 
[12:06:42.364494] EP IN  0x81 len=64 09a1230000008587845a58833800001e514e000c00087062011e65060190b291fb45b8ffdcf4200040de24102101000000000000000000000000000000000000
[12:06:42.365987] EP OUT 0x03 len=0 
[12:06:42.373222] EP OUT 0x03 len=0 
[12:06:42.376413] EP IN  0x81 len=64 09a4230000008587845948833800001e5d4e000c00bc716201826406015eb2919f08b7ff37fb220000201a102101000000000000000000000000000000000000
[12:06:42.378075] EP OUT 0x03 len=0 
[12:06:42.385397] EP OUT 0x03 len=0 
[12:06:42.388411] EP IN  0x81 len=64 09a7230000008587845a38833800001e684e000c0078716201b463060125b29167c5b9ffe83b2300a01f1a102101000000000000000000000000000000000000
[12:06:42.389888] EP OUT 0x03 len=0 
[12:06:42.392407] EP IN  0x81 len=64 09aa230000008687845948833800001e744e000c00507062011661060105b2918342b9ffe0bf250060e016101d01000000000000000000000000000000000000
[12:06:42.394697] EP OUT 0x03 len=0 
[12:06:42.396835] EP OUT 0x03 len=0 
[12:06:42.400423] EP IN  0x81 len=64 09ab230000008687845948833800001e773e000c00f86e62018a6006010bb291f6afbaff72562600c09f16101d01000000000000000000000000000000000000
[12:06:42.402070] EP OUT 0x03 len=0 
[12:06:42.409528] EP OUT 0x03 len=0 
[12:06:42.412451] EP IN  0x81 len=64 09ad230000008687845948833800001e7f4e000c00a86962013c5f060118b2914905bbffc98a2700a01f19102801000000000000000000000000000000000000
[12:06:42.414003] EP OUT 0x03 len=0 
[12:06:42.416649] EP OUT 0x03 len=0 
[12:06:42.419096] EP OUT 0x03 len=0 
[12:06:42.424432] EP IN  0x81 len=64 09b0230000008697845948833800001e8b4e000c000c5e6201a45d06013fb2916009baffe9102500209e22102801000000000000000000000000000000000000
[12:06:42.426050] EP OUT 0x03 len=0 
[12:06:42.433072] EP OUT 0x03 len=0 
[12:06:42.436411] EP IN  0x81 len=64 09b3230000008687845948833800001e964e000c00e45462014c5d06017eb2917bcbb9ff18cb2100801e25102001000000000000000000000000000000000000
[12:06:42.437887] EP OUT 0x03 len=0 
[12:06:42.440418] EP IN  0x81 len=64 09b6230000008687845948833800001ea24e000c0008496201145e0601fbb291d010b7ffe1111e00209f1e101c01000000000000000000000000000000000000
[12:06:42.442877] EP OUT 0x03 len=0 
[12:06:42.445320] EP OUT 0x03 len=0 
[12:06:42.448415] EP IN  0x81 len=64 09b7230000008687845958833800001ea53e000c0062456201a45e06013eb391b910b6ffcab71c00809f1c101c01000000000000000000000000000000000000
[12:06:42.449967] EP OUT 0x03 len=0 
[12:06:42.457476] EP OUT 0x03 len=0 
[12:06:42.460389] EP IN  0x81 len=64 09b9230000008577845948833800001ead4e000c00e83a62013c600601fdb391d814b6fff1971b0060df1d101e01000000000000000000000000000000000000
[12:06:42.461805] EP OUT 0x03 len=0 
[12:06:42.464409] EP IN  0x81 len=64 09bc230000008587845a48833800001eb94e000c009c2c6201a26306013ab5914b99b6ffb4101c0000de26102101000000000000000000000000000000000000
[12:06:42.466327] EP OUT 0x03 len=0 
[12:06:42.472439] EP IN  0x81 len=64 09bd230000008687845958833800001ebd4e000c00a62962012065060193b591a79ab7ff8a0a1d00401d2a102101000000000000000000000000000000000000
[12:06:42.474155] EP OUT 0x03 len=0 
[12:06:42.481746] EP OUT 0x03 len=0 
[12:06:42.488961] EP OUT 0x03 len=0 
[12:06:42.496052] EP OUT 0x03 len=0 
[12:06:42.500538] EP IN  0x81 len=64 09c1230000008687845a58833800001ecc4e000c0018296201d468060185b691d20ebbffabf01a00605c31102201000000000000000000000000000000000000
[12:06:42.502108] EP OUT 0x03 len=0 
[12:06:42.509293] EP OUT 0x03 len=0 
[12:06:42.512414] EP IN  0x81 len=64 09c6230000008687845a48833800001edf4e000c00d83962016c660601abb791783ab8ff13ea1f00c0dd25102401000000000000000000000000000000000000
[12:06:42.514123] EP OUT 0x03 len=0 
[12:06:42.521389] EP OUT 0x03 len=0 
[12:06:42.524462] EP IN  0x81 len=64 09c9230000008687845948833800001eea3e000c00483f620148620601c9b891ffa7b9ff5c4c200020a017102401000000000000000000000000000000000000
[12:06:42.526191] EP OUT 0x03 len=0 
[12:06:42.533539] EP OUT 0x03 len=0 
[12:06:42.536437] EP IN  0x81 len=64 09ce230000008587845958833800001efe4e000c0032436201085b06013aba91613ac6ff88b91e00a02014102401000000000000000000000000000000000000
[12:06:42.538012] EP OUT 0x03 len=0 
[12:06:42.540506] EP OUT 0x03 len=0 
[12:06:42.542754] EP OUT 0x03 len=0 
[12:06:42.545029] EP OUT 0x03 len=0 
[12:06:42.548483] EP IN  0x81 len=64 09cf230000008687845958833800001e024f000c00b4436201285a060144ba91397dc7ff48b92000206015102601000000000000000000000000000000000000
[12:06:42.550007] EP OUT 0x03 len=0 
[12:06:42.557610] EP OUT 0x03 len=0 
[12:06:42.560386] EP IN  0x81 len=64 09d2230000008687845a48833800001e0d4f000c00f44262012059060109ba914786c9ff1abc290060a019102401000000000000000000000000000000000000
[12:06:42.561939] EP OUT 0x03 len=0 
[12:06:42.569338] EP OUT 0x03 len=0 
[12:06:42.572407] EP IN  0x81 len=64 09d5230000008697845958833800001e194f000c004e3f62013e59060158b991918cc6ff62012e00809f1d102301000000000000000000000000000000000000
[12:06:42.573693] EP OUT 0x03 len=0 
[12:06:42.576401] EP IN  0x81 len=64 09d8230000008587845948833800001e244f000c005a3962019c590601a7b891800cc3ffaf032d00205e22101d01000000000000000000000000000000000000
[12:06:42.578513] EP OUT 0x03 len=0 
[12:06:42.584451] EP IN  0x81 len=64 09d9230000008687845a48833800001e284f000c0054386201c65906015bb891274dc3ffb9002b00609e22101d01000000000000000000000000000000000000
[12:06:42.586055] EP OUT 0x03 len=0 
[12:06:42.593458] EP OUT 0x03 len=0 
[12:06:42.596488] EP IN  0x81 len=64 09db230000008687845948833800001e304f000c0090386201aa590601b2b791b748c5ffdab92300c05e1f102101000000000000000000000000000000000000
[12:06:42.598214] EP OUT 0x03 len=0 
[12:06:42.605677] EP OUT 0x03 len=0 
[12:06:42.608409] EP IN  0x81 len=64 09e0230000008697845a58833800001e434f000c003a3862014857060147b6914047c1ff93c4210080a10e101e01000000000000000000000000000000000000
[12:06:42.609898] EP OUT 0x03 len=0 
[12:06:42.612457] EP OUT 0x03 len=0 
[12:06:42.614911] EP OUT 0x03 len=0 
[12:06:42.616892] EP OUT 0x03 len=0 
[12:06:42.620417] EP IN  0x81 len=64 09e1230000008687845948833800001e474f000c0058356201e856060136b69197c7bfffd289230060610f101e01000000000000000000000000000000000000
[12:06:42.621886] EP OUT 0x03 len=0 
[12:06:42.624413] EP IN  0x81 len=64 09e4230000008687845958833800001e524f000c00d82c62014855060143b691c603beff8dcc2000401f1b101a01000000000000000000000000000000000000
[12:06:42.626489] EP OUT 0x03 len=0 
[12:06:42.632464] EP IN  0x81 len=64 09e5230000008587845a48833800001e564f000c00d02a62019a54060149b6918403bfff72c81e00205f1e101a01000000000000000000000000000000000000
[12:06:42.633971] EP OUT 0x03 len=0 
[12:06:42.641334] EP OUT 0x03 len=0 
[12:06:42.644409] EP IN  0x81 len=64 09e7230000008577845948833800001e5e4f000c00802862018c53060147b6916e05c0ffb2021d00809e20101801000000000000000000000000000000000000
[12:06:42.645949] EP OUT 0x03 len=0 
[12:06:42.653272] EP OUT 0x03 len=0 
[12:06:42.656440] EP IN  0x81 len=64 09ea230000008687845948833800001e694f000c00bc2462015c5306011ab691370bc2ff07051c00e0de1e101801000000000000000000000000000000000000
[12:06:42.657920] EP OUT 0x03 len=0 
[12:06:42.664982] EP OUT 0x03 len=0 
[12:06:42.668414] EP IN  0x81 len=64 09ed230000008587845948833800001e754f000c00481e6201e253060115b691be0dbeffb4091d00e09e20102701000000000000000000000000000000000000
[12:06:42.669774] EP OUT 0x03 len=0 
[12:06:42.672413] EP IN  0x81 len=64 09f0230000008687845958833800001e804f000c0020166201dc54060154b691f291bdfffb0b1c00e09e22101e01000000000000000000000000000000000000
[12:06:42.674287] EP OUT 0x03 len=0 
[12:06:42.681346] EP OUT 0x03 len=0 
[12:06:42.684389] EP IN  0x81 len=64 09f3230000008687845948833800001e8c4f000c00680c62016057060183b691f2d5bcff38cd1a00605e21101e01000000000000000000000000000000000000
[12:06:42.685658] EP OUT 0x03 len=0 
[12:06:42.688390] EP IN  0x81 len=64 09f4230000008687845958833800001e904f000c00240962016a5806019bb6913516bdff528c1a00201f1f101e01000000000000000000000000000000000000
[12:06:42.690243] EP OUT 0x03 len=0 
[12:06:42.697338] EP OUT 0x03 len=0 
[12:06:42.700362] EP IN  0x81 len=64 09f7230000008687845a58833800001e9b4f000c0074ff61018c5b0601acb6919b98b8ffa80f1800809f1b101e01000000000000000000000000000000000000
[12:06:42.701595] EP OUT 0x03 len=0 
[12:06:42.704378] EP IN  0x81 len=64 09f8230000008587845a58833800001e9f4f000c005cfb6101a65c0601ceb691cb19b7ff4c11180000e01b102301000000000000000000000000000000000000
[12:06:42.706207] EP OUT 0x03 len=0 
[12:06:42.712938] EP OUT 0x03 len=0 
[12:06:42.716387] EP IN  0x81 len=64 09f9230000008677845a58833800001ea34f000c0024f76101925d0601f7b6911117b5ff8c111800e01f1a102301000000000000000000000000000000000000
[12:06:42.717641] EP OUT 0x03 len=0 
[12:06:42.720428] EP IN  0x81 len=64 09fc230000008587845948833800001eae4f000c006ae96101ca5f0601bbb7915a55b0ff22181a00402019102301000000000000000000000000000000000000
[12:06:42.722318] EP OUT 0x03 len=0 
[12:06:42.729255] EP OUT 0x03 len=0 
[12:06:42.732381] EP IN  0x81 len=64 09ff230000008587845a48833800001eba4f000c00f8d761010062060149b9916913b0ff5a991800405f1d102301000000000000000000000000000000000000
[12:06:42.733575] EP OUT 0x03 len=0 
[12:06:42.736381] EP IN  0x81 len=64 0900230000008587845948833800001ebe4f000c0020d26101fa61060135ba916d4cb4ffd1991900805e20102101000000000000000000000000000000000000
[12:06:42.738189] EP OUT 0x03 len=0 
[12:06:42.745057] EP OUT 0x03 len=0 
[12:06:42.748387] EP IN  0x81 len=64 0901230000008687845a58833800001ec13f000c0066cd6101486106011cbb91d057b5ff57151700e0f320102101000000000000000000000000000000000000
[12:06:42.749627] EP OUT 0x03 len=0 
[12:06:42.752370] EP IN  0x81 len=64 0904230000008687845958833800001ecd4f000c0014c361015a600601e0bc917108b9ff0d481100a01d28102201000000000000000000000000000000000000
[12:06:42.754211] EP OUT 0x03 len=0 
[12:06:42.761277] EP OUT 0x03 len=0 
[12:06:42.764516] EP IN  0x81 len=64 0907230000008687845948833800001ed83f000c00b4c56101065f060121bd91735ab9fff5f51200209c32102301000000000000000000000000000000000000
[12:06:42.765786] EP OUT 0x03 len=0 
[12:06:42.768416] EP IN  0x81 len=64 0908230000008687845958833800001edc4f000c0020c961015e5e06011ebd917400b8ffff6b130080dc30102201000000000000000000000000000000000000
[12:06:42.770617] EP OUT 0x03 len=0 
[12:06:42.776416] EP IN  0x81 len=64 0909230000008587845948833800001ee04f000c007ecc6101f65d060123bd911103b7ffb5aa1400e01c2e102001000000000000000000000000000000000000
[12:06:42.778007] EP OUT 0x03 len=0 
[12:06:42.784892] EP OUT 0x03 len=0 
[12:06:42.788384] EP IN  0x81 len=64 090b230000008687845948833800001ee84f000c0030d361013a5d060112bd91a8c4baff092a1600601d28102001000000000000000000000000000000000000
[12:06:42.789748] EP OUT 0x03 len=0 
[12:06:42.792403] EP IN  0x81 len=64 090e230000008587845a48833800001ef33f000c0038de61016e5b060188bc912458bcff98431800204a1d102301000000000000000000000000000000000000
[12:06:42.794617] EP OUT 0x03 len=0 
[12:06:42.800405] EP IN  0x81 len=64 090f230000008687845948833800001ef74f000c00b8e161017e5a060148bc91baffbaff372a1900202019102301000000000000000000000000000000000000
[12:06:42.801738] EP OUT 0x03 len=0 
[12:06:42.804456] EP IN  0x81 len=64 0911230000008687845948833800001eff4f000c0010e661017258060103bc916800baffb5321d0020a014102101000000000000000000000000000000000000
[12:06:42.806352] EP OUT 0x03 len=0 
[12:06:42.813414] EP OUT 0x03 len=0 
[12:06:42.816379] EP IN  0x81 len=64 0914230000008697845948833800001e0a40000c0012e9610182550601e3bb91a1fbbbff7df71e0060df1a102101000000000000000000000000000000000000
[12:06:42.817766] EP OUT 0x03 len=0 
[12:06:42.820381] EP IN  0x81 len=64 0915230000008687845948833800001e0e40000c00d4ea6101d8530601dbbb91aef7bbff08f51e00009f1c102101000000000000000000000000000000000000
[12:06:42.822261] EP OUT 0x03 len=0 
[12:06:42.829319] EP OUT 0x03 len=0 
[12:06:42.832374] EP IN  0x81 len=64 0918230000008587845958833800001e1a40000c0096ec61014a4f06011cbc9146fabbff22002100c09e20102101000000000000000000000000000000000000
[12:06:42.833736] EP OUT 0x03 len=0 
[12:06:42.836394] EP IN  0x81 len=64 0919230000008587845948833800001e1d30000c0094eb6101984e060139bc912d03bdff2eab2000409e22102201000000000000000000000000000000000000
[12:06:42.838327] EP OUT 0x03 len=0 
[12:06:42.845535] EP OUT 0x03 len=0 
[12:06:42.848382] EP IN  0x81 len=64 091c230000008597845948833800001e2940000c00ece66101784d0601ccbc9149c9c0ff3d031e00c05d28102301000000000000000000000000000000000000
[12:06:42.849733] EP OUT 0x03 len=0 
[12:06:42.852430] EP IN  0x81 len=64 091d230000008687845958833800001e2d40000c00f2e56101564d0601eabc910548c2fff1001e00201d29102201000000000000000000000000000000000000
[12:06:42.854472] EP OUT 0x03 len=0 
[12:06:42.861561] EP OUT 0x03 len=0 
[12:06:42.864389] EP IN  0x81 len=64 0920230000008697845948833800001e3830000c0024e66101044d06010dbd914308c2ff67fa1c00209e25102201000000000000000000000000000000000000
[12:06:42.865698] EP OUT 0x03 len=0 
[12:06:42.868380] EP IN  0x81 len=64 0921230000008687845a58833800001e3c40000c0076e661012a4d060107bd91510bc1ffd7f91c00c01e23102201000000000000000000000000000000000000
[12:06:42.870387] EP OUT 0x03 len=0 
[12:06:42.877554] EP OUT 0x03 len=0 
[12:06:42.880380] EP IN  0x81 len=64 0924230000008697845938833800001e4840000c00d8e66101704d0601fcbc917c09bfffdefa2000409f1c102301000000000000000000000000000000000000
[12:06:42.881713] EP OUT 0x03 len=0 
[12:06:42.884402] EP IN  0x81 len=64 0925230000008687845958833800001e4c40000c0028e76101a04d0601f4bc91bacbbeff51f91f00c05f1b102201000000000000000000000000000000000000
[12:06:42.886577] EP OUT 0x03 len=0 
[12:06:42.892501] EP IN  0x81 len=64 0926230000008687845958833800001e4f30000c0064e76101c04d0601fabc91060bbfff1efa1e00c09f19101f01000000000000000000000000000000000000
[12:06:42.894112] EP OUT 0x03 len=0 
[12:06:42.901348] EP OUT 0x03 len=0 
[12:06:42.904411] EP IN  0x81 len=64 0928230000008697845938833800001e5740000c0000e76101924d060119bd9122c9bfffae3d1f00a0a015101f01000000000000000000000000000000000000
[12:06:42.905912] EP OUT 0x03 len=0 
[12:06:42.913097] EP OUT 0x03 len=0 
[12:06:42.916427] EP IN  0x81 len=64 092b230000008697845a48833800001e6340000c0080e261016e4c060142bd9185c5bfffed052300c02014102201000000000000000000000000000000000000
[12:06:42.917922] EP OUT 0x03 len=0 
[12:06:42.925671] EP OUT 0x03 len=0 
[12:06:42.933070] EP OUT 0x03 len=0 
[12:06:42.940237] EP OUT 0x03 len=0 
[12:06:42.944407] EP IN  0x81 len=64 0930230000008577845a48833800001e7640000c000cdf6101ee4906013ebc91f281bfff95bc1f00609f19102901000000000000000000000000000000000000
[12:06:42.945753] EP OUT 0x03 len=0 
[12:06:42.948412] EP IN  0x81 len=64 0935230000008677845948833800001e8940000c00d4da61015e470601d2ba911709b7ffdbc61f00c05f17102201000000000000000000000000000000000000
[12:06:42.950594] EP OUT 0x03 len=0 
[12:06:42.953129] EP OUT 0x03 len=0 
[12:06:42.956476] EP IN  0x81 len=64 0936230000008687845938833800001e8d40000c00ecd761010a4706019dba91d20ab7ffab0a1f00e09f18102401000000000000000000000000000000000000
[12:06:42.958122] EP OUT 0x03 len=0 
[12:06:42.965704] EP OUT 0x03 len=0 
[12:06:42.973034] EP OUT 0x03 len=0 
[12:06:42.980210] EP OUT 0x03 len=0 
[12:06:42.984444] EP IN  0x81 len=64 093a230000008487845a48833800001e9c40000c00bcc661014046060149ba91020eb5ff3a581a00801e20102501000000000000000000000000000000000000
[12:06:42.986094] EP OUT 0x03 len=0 
[12:06:42.993367] EP OUT 0x03 len=0 
[12:06:42.996472] EP IN  0x81 len=64 093f230000008687845948833800001eaf40000c009eb26101f4450601b4ba91b20db1ff70521200c01d28102001000000000000000000000000000000000000
[12:06:42.998189] EP OUT 0x03 len=0 
[12:06:43.005543] EP OUT 0x03 len=0 
[12:06:43.012975] EP OUT 0x03 len=0 
[12:06:43.020215] EP OUT 0x03 len=0 
[12:06:43.024401] EP IN  0x81 len=64 0944230000008687845958833800001ec340000c003c9e610194480601fcbb9135d3b4ffe4510700a09e24102501000000000000000000000000000000000000
[12:06:43.025967] EP OUT 0x03 len=0 
[12:06:43.033474] EP OUT 0x03 len=0 
[12:06:43.036473] EP IN  0x81 len=64 0949230000008687845948833800001ed640000c00b6926101604a06018cbd91f40ab6ffe9050d00a01e22102601000000000000000000000000000000000000
[12:06:43.038001] EP OUT 0x03 len=0 
[12:06:43.045394] EP OUT 0x03 len=0 
[12:06:43.048415] EP IN  0x81 len=64 094c230000008687845948833800001ee140000c00a28c61013e4b0601ccbe91b2ceb6ffda090e00609e25102201000000000000000000000000000000000000
[12:06:43.050121] EP OUT 0x03 len=0 
[12:06:43.057738] EP OUT 0x03 len=0 
[12:06:43.060455] EP IN  0x81 len=64 0951230000008687845948833800001ef430000c001e9d61015c4e060170bf911c0abcff45e20500009c34102001000000000000000000000000000000000000
[12:06:43.061990] EP OUT 0x03 len=0 
[12:06:43.069396] EP OUT 0x03 len=0 
[12:06:43.072412] EP IN  0x81 len=64 0952230000008687845958833800001ef840000c003ca66101fa4e060156bf9102cbbcff4f4d070020dd2e102001000000000000000000000000000000000000
[12:06:43.073989] EP OUT 0x03 len=0 
[12:06:43.081514] EP OUT 0x03 len=0 
[12:06:43.084466] EP IN  0x81 len=64 0955230000008687845a58833800001e0441000c0014bf61012051060120bf91aecbbeff1bd4130080a017101f01000000000000000000000000000000000000
[12:06:43.086266] EP OUT 0x03 len=0 
[12:06:43.089006] EP OUT 0x03 len=0 
[12:06:43.091447] EP OUT 0x03 len=0 
[12:06:43.093835] EP OUT 0x03 len=0 
[12:06:43.101131] EP OUT 0x03 len=0 
[12:06:43.104436] EP IN  0x81 len=64 0958230000008687845958833800001e0f41000c004cce6101825206010bbf91a58ab7ff0ae11c00602209102201000000000000000000000000000000000000
[12:06:43.105997] EP OUT 0x03 len=0 
[12:06:43.113236] EP OUT 0x03 len=0 
[12:06:43.116470] EP IN  0x81 len=64 095d230000008687845948833800001e2341000c00e4d061013c51060126c0915147b3ffaa00230040e015102101000000000000000000000000000000000000
[12:06:43.118129] EP OUT 0x03 len=0 
[12:06:43.125769] EP OUT 0x03 len=0 
[12:06:43.133032] EP OUT 0x03 len=0 
[12:06:43.140106] EP OUT 0x03 len=0 
[12:06:43.144455] EP IN  0x81 len=64 0962230000008677845948833800001e3641000c0026d06101e04e060124c1912b44bbff49fb2000e01d26102201000000000000000000000000000000000000
[12:06:43.146083] EP OUT 0x03 len=0 
[12:06:43.153627] EP OUT 0x03 len=0 
[12:06:43.156458] EP IN  0x81 len=64 0967230000008687845948833800001e4941000c0078cb61013a4f0601b6c191bf0dbeff79832000809e24102201000000000000000000000000000000000000
[12:06:43.158075] EP OUT 0x03 len=0 
[12:06:43.160969] EP OUT 0x03 len=0 
[12:06:43.164072] EP OUT 0x03 len=0 
[12:06:43.168442] EP IN  0x81 len=64 096a230000008687845a58833800001e5431000c00fcc66101b24f060110c2919009bfffe7541e0020f420102801000000000000000000000000000000000000
[12:06:43.170109] EP OUT 0x03 len=0 
[12:06:43.177433] EP OUT 0x03 len=0 
[12:06:43.180452] EP IN  0x81 len=64 096d230000008687845958833800001e6041000c006ec36101d84f06011bc2917b0bbfff11841d0080df1a102101000000000000000000000000000000000000
[12:06:43.182032] EP OUT 0x03 len=0 
[12:06:43.189184] EP OUT 0x03 len=0 
[12:06:43.192410] EP IN  0x81 len=64 0970230000008697845a48833800001e6b31000c0088bf6101e44e060146c291dc05bdffbbab1d00409f1b102101000000000000000000000000000000000000
[12:06:43.194167] EP OUT 0x03 len=0 
[12:06:43.201766] EP OUT 0x03 len=0 
[12:06:43.208890] EP OUT 0x03 len=0 
[12:06:43.215925] EP OUT 0x03 len=0 
[12:06:43.220503] EP IN  0x81 len=64 0975230000008597845a48833800001e7f41000c007cbf61014a490601b3c2917afcbaff08fe1900e05f19102101000000000000000000000000000000000000
[12:06:43.222303] EP OUT 0x03 len=0 
[12:06:43.229618] EP OUT 0x03 len=0 
[12:06:43.232381] EP IN  0x81 len=64 097c230000008587845958833800001e9931000c00eeb461017844060152c291725dc3ff01031900409f1e102301000000000000000000000000000000000000
[12:06:43.234186] EP OUT 0x03 len=0 
[12:06:43.241154] EP OUT 0x03 len=0 
[12:06:43.244472] EP IN  0x81 len=64 097d230000008587845948833800001e9d41000c003cb361017c4406012ac2912f8bc3ffbcc41800405f1e102201000000000000000000000000000000000000
[12:06:43.245974] EP OUT 0x03 len=0 
[12:06:43.253475] EP OUT 0x03 len=0 
[12:06:43.256412] EP IN  0x81 len=64 0980230000008687845948833800001ea941000c0024ac6101c6440601a0c191940bc1fff60b190020a018102101000000000000000000000000000000000000
[12:06:43.258087] EP OUT 0x03 len=0 
[12:06:43.265546] EP OUT 0x03 len=0 
[12:06:43.268469] EP IN  0x81 len=64 0983230000008587845a58833800001eb441000c00509f61011a4506017fc191b20dbeff4a971600e09f19102101000000000000000000000000000000000000
[12:06:43.270225] EP OUT 0x03 len=0 
[12:06:43.277608] EP OUT 0x03 len=0 
[12:06:43.280400] EP IN  0x81 len=64 0988230000008687845a48833800001ec731000c004c8161018e420601bcc1914809b8fff3bf130020f41f101d01000000000000000000000000000000000000
[12:06:43.281830] EP OUT 0x03 len=0 
[12:06:43.284675] EP OUT 0x03 len=0 
[12:06:43.287049] EP OUT 0x03 len=0 
[12:06:43.292451] EP IN  0x81 len=64 0989230000008587845948833800001ecb41000c00be7a610114420601dac19100c9b7ffd8e11100c0de21101d01000000000000000000000000000000000000
[12:06:43.293921] EP OUT 0x03 len=0 
[12:06:43.301378] EP OUT 0x03 len=0 
[12:06:43.309055] EP OUT 0x03 len=0 
[12:06:43.316717] EP OUT 0x03 len=0 
[12:06:43.320423] EP IN  0x81 len=64 0991230000008587845948833800001eea41000c00a05b610102440601fec1915015b7ff8bc7030000de28102101000000000000000000000000000000000000
[12:06:43.321930] EP OUT 0x03 len=0 
[12:06:43.329303] EP OUT 0x03 len=0 
[12:06:43.332450] EP IN  0x81 len=64 0993230000008587845948833800001ef241000c00505a6101be45060102c291edd3b6ff0d000400009e26101d01000000000000000000000000000000000000
[12:06:43.334145] EP OUT 0x03 len=0 
[12:06:43.341699] EP OUT 0x03 len=0 
[12:06:43.349106] EP OUT 0x03 len=0 
[12:06:43.356630] EP OUT 0x03 len=0 
[12:06:43.360449] EP IN  0x81 len=64 0998230000008687845a58833800001e0542000c00ec6c610114440601f9c1919cc1b0fff2a80800e0a013101d01000000000000000000000000000000000000
[12:06:43.362048] EP OUT 0x03 len=0 
[12:06:43.369408] EP OUT 0x03 len=0 
[12:06:43.372471] EP IN  0x81 len=64 099d230000008687845948833800001e1842000c00fc7061018840060138c3918500b6fffcc11a00c06013102201000000000000000000000000000000000000
[12:06:43.374187] EP OUT 0x03 len=0 
[12:06:43.381864] EP OUT 0x03 len=0 
[12:06:43.389209] EP OUT 0x03 len=0 
[12:06:43.396284] EP OUT 0x03 len=0 
[12:06:43.400433] EP IN  0x81 len=64 09a2230000008687845948833800001e2b32000c003e716101523b060118c4919b00bfffabf91800c09d2a101e01000000000000000000000000000000000000
[12:06:43.402196] EP OUT 0x03 len=0 
[12:06:43.409560] EP OUT 0x03 len=0 
[12:06:43.412444] EP IN  0x81 len=64 09a9230000008687845a48833800001e4642000c00a47161014236060176c3912306c2ffe5c21d00e01c2b102401000000000000000000000000000000000000
[12:06:43.413979] EP OUT 0x03 len=0 
[12:06:43.416604] EP OUT 0x03 len=0 
[12:06:43.419157] EP OUT 0x03 len=0 
[12:06:43.424418] EP IN  0x81 len=64 09aa230000008687845948833800001e4a42000c00f87061010836060150c391ab47c1ffbf7f1c00e05c2f102401000000000000000000000000000000000000
[12:06:43.425997] EP OUT 0x03 len=0 
[12:06:43.433326] EP OUT 0x03 len=0 
[12:06:43.436419] EP IN  0x81 len=64 09ad230000008587845a48833800001e5642000c00347361012c360601c3c2915b8ac0ff74741400c05c30102601000000000000000000000000000000000000
[12:06:43.437903] EP OUT 0x03 len=0 
[12:06:43.440410] EP IN  0x81 len=64 09b0230000008697845948833800001e6142000c0048786101de36060158c291b88dbeff87f41100009f1e102001000000000000000000000000000000000000
[12:06:43.442568] EP OUT 0x03 len=0 
[12:06:43.448420] EP IN  0x81 len=64 09b1230000008697845a48833800001e6542000c00bc786101343706013ec291fb8dbcff7bb91200606017102001000000000000000000000000000000000000
[12:06:43.450006] EP OUT 0x03 len=0 
[12:06:43.457336] EP OUT 0x03 len=0 
[12:06:43.460404] EP IN  0x81 len=64 09b3230000008597845948833800001e6d42000c00d07761013a37060126c291044abaff30ff120020210e102401000000000000000000000000000000000000
[12:06:43.462019] EP OUT 0x03 len=0 
[12:06:43.469392] EP OUT 0x03 len=0 
[12:06:43.472402] EP IN  0x81 len=64 09b6230000008687845948833800001e7842000c00507861016435060110c2910600baff7fba120020a10e102901000000000000000000000000000000000000
[12:06:43.473796] EP OUT 0x03 len=0 
[12:06:43.476464] EP IN  0x81 len=64 09b9230000008687845938833800001e8442000c00747e610152330601c8c1919282befff971140020210f102001000000000000000000000000000000000000
[12:06:43.478575] EP OUT 0x03 len=0 
[12:06:43.484483] EP IN  0x81 len=64 09ba230000008687845938833800001e8732000c003480610108330601bac1914206c0ffecf41400404c10102001000000000000000000000000000000000000
[12:06:43.486103] EP OUT 0x03 len=0 
[12:06:43.493423] EP OUT 0x03 len=0 
[12:06:43.496386] EP IN  0x81 len=64 09bc230000008687845a48833800001e8f42000c00b8846101743206017cc19153c5c2ff02b1160000a111101601000000000000000000000000000000000000
[12:06:43.498171] EP OUT 0x03 len=0 
[12:06:43.505469] EP OUT 0x03 len=0 
[12:06:43.508427] EP IN  0x81 len=64 09bf230000008687845958833800001e9b42000c000887610110320601f9c0915549c3ffc9fb180080a015101601000000000000000000000000000000000000
[12:06:43.509946] EP OUT 0x03 len=0 
[12:06:43.512403] EP IN  0x81 len=64 09c2230000008687845958833800001ea642000c0056836101d23206016fc09141cfc1ff01041500609f1e102101000000000000000000000000000000000000
[12:06:43.514606] EP OUT 0x03 len=0 
[12:06:43.520434] EP IN  0x81 len=64 09c3230000008587845948833800001eaa42000c00d08161012e33060133c091d38fc0ff7e051200609e21102101000000000000000000000000000000000000
[12:06:43.521953] EP OUT 0x03 len=0 
[12:06:43.529337] EP OUT 0x03 len=0 
[12:06:43.532475] EP IN  0x81 len=64 09c5230000008587845958833800001eb242000c00947f6101d8330601e1bf915e0fc0ff0e020e00c05d26102101000000000000000000000000000000000000
[12:06:43.534192] EP OUT 0x03 len=0 
[12:06:43.541880] EP OUT 0x03 len=0 
[12:06:43.548952] EP OUT 0x03 len=0 
[12:06:43.556269] EP OUT 0x03 len=0 
[12:06:43.560462] EP IN  0x81 len=64 09ca230000008687845a58833800001ec542000c0016776101203506014bbf91d110b7ff23090d00809e24101e01000000000000000000000000000000000000
[12:06:43.562194] EP OUT 0x03 len=0 
[12:06:43.569648] EP OUT 0x03 len=0 
[12:06:43.572470] EP IN  0x81 len=64 09cf230000008687845958833800001ed842000c00986761019e3706011ebf914b55b4ff018f0400609f1e102101000000000000000000000000000000000000
[12:06:43.574272] EP OUT 0x03 len=0 
[12:06:43.577142] EP OUT 0x03 len=0 
[12:06:43.579741] EP OUT 0x03 len=0 
[12:06:43.584413] EP IN  0x81 len=64 09d2230000008687845948833800001ee442000c00105f61019839060122bf91c095b3ff720e0500405f20101401000000000000000000000000000000000000
[12:06:43.586074] EP OUT 0x03 len=0 
[12:06:43.593417] EP OUT 0x03 len=0 
[12:06:43.596468] EP IN  0x81 len=64 09d5230000008687845a48833800001eef42000c00085e6101c23806019ebf919282b5ffdfbb1000e01d24101d01000000000000000000000000000000000000
[12:06:43.597871] EP OUT 0x03 len=0 
[12:06:43.605525] EP OUT 0x03 len=0 
[12:06:43.608423] EP IN  0x81 len=64 09d8230000008687845948833800001efb42000c00c4596101363106013bc391f76fafffc1440c00c09f12101d01000000000000000000000000000000000000
[12:06:43.610117] EP OUT 0x03 len=0 
[12:06:43.617746] EP OUT 0x03 len=0 
[12:06:43.624944] EP OUT 0x03 len=0 
[12:06:43.632060] EP OUT 0x03 len=0 
[12:06:43.636464] EP IN  0x81 len=64 09dd230000008697845948833800001e0e43000c002c5e6101302906014ec391033cb5ff72f01000201e27102201000000000000000000000000000000000000
[12:06:43.638000] EP OUT 0x03 len=0 
[12:06:43.645469] EP OUT 0x03 len=0 
[12:06:43.648424] EP IN  0x81 len=64 09e2230000008687845948833800001e2143000c00e06d610116280601b0c291a80cbaff112f1500205f20102401000000000000000000000000000000000000
[12:06:43.650011] EP OUT 0x03 len=0 
[12:06:43.657490] EP OUT 0x03 len=0 
[12:06:43.660450] EP IN  0x81 len=64 09e5230000008687845948833800001e2d43000c0024706101382a060146c2912994b4ff77f91700c01f1e102401000000000000000000000000000000000000
[12:06:43.662036] EP OUT 0x03 len=0 
[12:06:43.669321] EP OUT 0x03 len=0 
[12:06:43.672404] EP IN  0x81 len=64 09e8230000008587845a48833800001e3843000c0070716101822c060123c2919f55b6ffc6f61400009f20102401000000000000000000000000000000000000
[12:06:43.673907] EP OUT 0x03 len=0 
[12:06:43.676474] EP IN  0x81 len=64 09eb230000008697845958833800001e4443000c00fc776101022e0601f4c191ec0cb5fff0ee1200e09e1f102601000000000000000000000000000000000000
[12:06:43.678809] EP OUT 0x03 len=0 
[12:06:43.680977] EP OUT 0x03 len=0 
[12:06:43.684469] EP IN  0x81 len=64 09ec230000008697845948833800001e4733000c00e0796101382e060100c291deb6b3ffbaf31300209f1f102601000000000000000000000000000000000000
[12:06:43.686129] EP OUT 0x03 len=0 
[12:06:43.693532] EP OUT 0x03 len=0 
[12:06:43.696394] EP IN  0x81 len=64 09ee230000008787845a48833800001e4f43000c00987e6101022e060130c2916647b2ffb1301600e09e1f101f01000000000000000000000000000000000000
[12:06:43.697922] EP OUT 0x03 len=0 
[12:06:43.700115] EP OUT 0x03 len=0 
[12:06:43.702805] EP OUT 0x03 len=0 
[12:06:43.704733] EP OUT 0x03 len=0 
[12:06:43.708435] EP IN  0x81 len=64 09f1230000008687845948833800001e5b43000c006c846101942c0601abc2914f03b3fff8f4150020df1d101f01000000000000000000000000000000000000
[12:06:43.709886] EP OUT 0x03 len=0 
[12:06:43.717092] EP OUT 0x03 len=0 
[12:06:43.720404] EP IN  0x81 len=64 09f4230000008587845948833800001e6643000c00dc886101de2a060117c391a340b7ff7ab51000209f1d101f01000000000000000000000000000000000000
[12:06:43.722104] EP OUT 0x03 len=0 
[12:06:43.729320] EP OUT 0x03 len=0 
[12:06:43.732470] EP IN  0x81 len=64 09f7230000008587845958833800001e7243000c0014916101d428060173c391ff80bbff456f1000c05e1e102401000000000000000000000000000000000000
[12:06:43.733993] EP OUT 0x03 len=0 
[12:06:43.741495] EP OUT 0x03 len=0 
[12:06:43.744421] EP IN  0x81 len=64 09fc230000008697845a48833800001e8543000c00cc9d6101f025060197c39136c2bbff9b731600c09f19102201000000000000000000000000000000000000
[12:06:43.745985] EP OUT 0x03 len=0 
[12:06:43.753327] EP OUT 0x03 len=0 
[12:06:43.756485] EP IN  0x81 len=64 09fd230000008697845a48833800001e8943000c00f49e61017225060191c3911b04bbff8ef61700a01f19102201000000000000000000000000000000000000
[12:06:43.758071] EP OUT 0x03 len=0 
[12:06:43.765729] EP OUT 0x03 len=0 
[12:06:43.768423] EP IN  0x81 len=64 0902230000008587845948833800001e9c43000c00109f610120230601a6c391ea05bdff91fe1700e05f19102301000000000000000000000000000000000000
[12:06:43.770040] EP OUT 0x03 len=0 
[12:06:43.772248] EP OUT 0x03 len=0 
[12:06:43.774678] EP OUT 0x03 len=0 
[12:06:43.780525] EP IN  0x81 len=64 0903230000008697845a48833800001ea043000c00ec9e6101ac220601acc3919905bdff8f7e1600c09f1b102601000000000000000000000000000000000000
[12:06:43.782206] EP OUT 0x03 len=0 
[12:06:43.789344] EP OUT 0x03 len=0 
[12:06:43.792407] EP IN  0x81 len=64 0906230000008687845a58833800001eab43000c0090a161012e210601aec391ddc1beff0637130040df1f102601000000000000000000000000000000000000
[12:06:43.793990] EP OUT 0x03 len=0 
[12:06:43.801210] EP OUT 0x03 len=0 
[12:06:43.804396] EP IN  0x81 len=64 0909230000008687845948833800001eb743000c00eea561012220060171c3918c85c1ff0c351400401e23102601000000000000000000000000000000000000
[12:06:43.805823] EP OUT 0x03 len=0 
[12:06:43.808377] EP IN  0x81 len=64 090c230000008687845948833800001ec243000c0004aa61010e20060103c3913109c1fffaf31100205e25102201000000000000000000000000000000000000
[12:06:43.810516] EP OUT 0x03 len=0 
[12:06:43.816397] EP IN  0x81 len=64 090d230000008587845a58833800001ec643000c00dcab61011c200601e6c2918189bfff8af31000009e24102201000000000000000000000000000000000000
[12:06:43.817871] EP OUT 0x03 len=0 
[12:06:43.825276] EP OUT 0x03 len=0 
[12:06:43.828450] EP IN  0x81 len=64 090f230000008687845948833800001ece43000c00fcae610132200601afc291fb89bcff5bf51100e05e22101e01000000000000000000000000000000000000
[12:06:43.830050] EP OUT 0x03 len=0 
[12:06:43.837440] EP OUT 0x03 len=0 
[12:06:43.840434] EP IN  0x81 len=64 0912230000008687845958833800001ed943000c0050b261013a1f060190c2914f05baff5177130000201b101d01000000000000000000000000000000000000
[12:06:43.842052] EP OUT 0x03 len=0 
[12:06:43.849492] EP OUT 0x03 len=0 
[12:06:43.852484] EP IN  0x81 len=64 0915230000008687845a48833800001ee543000c00eab26101c41d060188c2916c84b9ff09fd1500c02016102301000000000000000000000000000000000000
[12:06:43.854118] EP OUT 0x03 len=0 
[12:06:43.861561] EP OUT 0x03 len=0 
[12:06:43.864419] EP IN  0x81 len=64 0918230000008687845948833800001ef043000c0096b16101a01c060193c29118c7bbffa1be150000601b102201000000000000000000000000000000000000
[12:06:43.866051] EP OUT 0x03 len=0 
[12:06:43.873794] EP OUT 0x03 len=0 
[12:06:43.880981] EP OUT 0x03 len=0 
[12:06:43.887594] EP OUT 0x03 len=0 
[12:06:43.892475] EP IN  0x81 len=64 091d230000008697845948833800001e0334000c00f4b66101fc19060183c2911d05bcff834e1300409e1f102201000000000000000000000000000000000000
[12:06:43.894064] EP OUT 0x03 len=0 
[12:06:43.901542] EP OUT 0x03 len=0 
[12:06:43.904412] EP IN  0x81 len=64 0922230000008687845a48833800001e1744000c0030b36101d018060153c2914908bbffda061400405f1e102101000000000000000000000000000000000000
[12:06:43.905966] EP OUT 0x03 len=0 
[12:06:43.908726] EP OUT 0x03 len=0 
[12:06:43.911214] EP OUT 0x03 len=0 
[12:06:43.916427] EP IN  0x81 len=64 0925230000008587845a48833800001e2244000c0084b16101901706015dc2915604baffd7fe140020de23102101000000000000000000000000000000000000
[12:06:43.917970] EP OUT 0x03 len=0 
[12:06:43.920400] EP IN  0x81 len=64 0928230000008677845958833800001e2e44000c0022b06101a21506017cc291abc3b7ff81001700809e21102101000000000000000000000000000000000000
[12:06:43.922823] EP OUT 0x03 len=0 
[12:06:43.924836] EP OUT 0x03 len=0 
[12:06:43.928409] EP IN  0x81 len=64 0929230000008687845938833800001e3134000c0094af61015415060183c291f807b7ff56ff150060f41f102101000000000000000000000000000000000000
[12:06:43.929914] EP OUT 0x03 len=0 
[12:06:43.937294] EP OUT 0x03 len=0 
[12:06:43.940469] EP IN  0x81 len=64 092b230000008687845948833800001e3944000c006cad61016a150601abc291334cb8ff29031400209f1f102101000000000000000000000000000000000000
[12:06:43.941979] EP OUT 0x03 len=0 
[12:06:43.949342] EP OUT 0x03 len=0 
[12:06:43.952412] EP IN  0x81 len=64 092e230000008687845958833800001e4544000c0050ac6101d8150601e2c291ef0bbaff033e1300c01e21101f01000000000000000000000000000000000000
[12:06:43.953939] EP OUT 0x03 len=0 
[12:06:43.961102] EP OUT 0x03 len=0 
[12:06:43.964421] EP IN  0x81 len=64 0931230000008587845a48833800001e5044000c0010af610102160601fac291f109baffd8f31400805e21102101000000000000000000000000000000000000
[12:06:43.966004] EP OUT 0x03 len=0 
[12:06:43.968422] EP IN  0x81 len=64 0934230000008687845948833800001e5c44000c0020b56101f2150601cfc291d608b9ffca721400605f1e102101000000000000000000000000000000000000
[12:06:43.970826] EP OUT 0x03 len=0 
[12:06:43.972934] EP OUT 0x03 len=0 
[12:06:43.976406] EP IN  0x81 len=64 0935230000008687845a48833800001e6044000c00a0b66101e6150601c9c2918509b9fffbb41300401f1c102101000000000000000000000000000000000000
[12:06:43.977997] EP OUT 0x03 len=0 
[12:06:43.985220] EP OUT 0x03 len=0 
[12:06:43.988449] EP IN  0x81 len=64 0937230000008687845b48833800001e6744000c0066b961019e150601b2c2913f48baff1b34130020a018102101000000000000000000000000000000000000
[12:06:43.990034] EP OUT 0x03 len=0 
[12:06:43.997148] EP OUT 0x03 len=0 
[12:06:44.000382] EP IN  0x81 len=64 093a230000008587845948833800001e7344000c00f8ba6101ea130601a0c2914d83b9ff46fd1500a01f19102901000000000000000000000000000000000000
[12:06:44.001819] EP OUT 0x03 len=0 
[12:06:44.004502] EP IN  0x81 len=64 093d230000008587845948833800001e7e44000c00d0b9610182120601bbc291f085baff2b001900209f1f102201000000000000000000000000000000000000
[12:06:44.006696] EP OUT 0x03 len=0 
[12:06:44.012449] EP IN  0x81 len=64 093e230000008687845948833800001e8244000c003cb96101f6110601d1c291ebc3bbff56001900809e20102001000000000000000000000000000000000000
[12:06:44.013935] EP OUT 0x03 len=0 
[12:06:44.021050] EP OUT 0x03 len=0 
[12:06:44.024410] EP IN  0x81 len=64 0940230000008687845948833800001e8a44000c0074b86101d8100601d5c2919ac2beff3f3f1900209e25102001000000000000000000000000000000000000
[12:06:44.025855] EP OUT 0x03 len=0 
[12:06:44.032993] EP OUT 0x03 len=0 
[12:06:44.036435] EP IN  0x81 len=64 0943230000008687845958833800001e9544000c0088b96101980f0601b8c2913344bdff12fa1900401d2b102701000000000000000000000000000000000000
[12:06:44.038226] EP OUT 0x03 len=0 
[12:06:44.045639] EP OUT 0x03 len=0 
[12:06:44.048453] EP IN  0x81 len=64 0948230000008587845a48833800001ea834000c00acbf6101280f060150c291e15ebfff75a0170000f41f102401000000000000000000000000000000000000
[12:06:44.049961] EP OUT 0x03 len=0 
[12:06:44.057395] EP OUT 0x03 len=0 
[12:06:44.060429] EP IN  0x81 len=64 0949230000008787845948833800001eac44000c0046c16101140f06013ac2917c07c0fffef21500e09f1a102501000000000000000000000000000000000000
[12:06:44.062126] EP OUT 0x03 len=0 
[12:06:44.069390] EP OUT 0x03 len=0 
[12:06:44.072422] EP IN  0x81 len=64 094c230000008687845a48833800001eb844000c0060c16101a40f060100c2914f4cc0ff0efe1300c02014102801000000000000000000000000000000000000
[12:06:44.074172] EP OUT 0x03 len=0 
[12:06:44.081002] EP OUT 0x03 len=0 
[12:06:44.084489] EP IN  0x81 len=64 094f230000008587845948833800001ec344000c005abf6101a00e060119c2918d03bfff62021900006111102301000000000000000000000000000000000000
[12:06:44.086189] EP OUT 0x03 len=0 
[12:06:44.093591] EP OUT 0x03 len=0 
[12:06:44.096421] EP IN  0x81 len=64 0952230000008587845a48833800001ecf44000c0030b86101140d06017ec291b006bfffe90d1800e06011101d01000000000000000000000000000000000000
[12:06:44.098107] EP OUT 0x03 len=0 
[12:06:44.105028] EP OUT 0x03 len=0 
[12:06:44.108426] EP IN  0x81 len=64 0955230000008687845948833800001eda44000c003aaf6101a80c0601d2c2910b09c3ffb90d150020df1e101d01000000000000000000000000000000000000
[12:06:44.110112] EP OUT 0x03 len=0 
[12:06:44.117337] EP OUT 0x03 len=0 
[12:06:44.120423] EP IN  0x81 len=64 0958230000008587845948833800001ee644000c0020ae61019c0b0601c2c2912605c2ffd0f91200209d2e102701000000000000000000000000000000000000
[12:06:44.121897] EP OUT 0x03 len=0 
[12:06:44.129299] EP OUT 0x03 len=0 
[12:06:44.132465] EP IN  0x81 len=64 095b230000008687845948833800001ef134000c00ccb0610124080601f9c4913c4abeff35ff110040f228102101000000000000000000000000000000000000
[12:06:44.134145] EP OUT 0x03 len=0 
[12:06:44.141829] EP OUT 0x03 len=0 
[12:06:44.149018] EP OUT 0x03 len=0 
[12:06:44.156081] EP OUT 0x03 len=0 
[12:06:44.160428] EP IN  0x81 len=64 0960230000008587845a48833800001e0545000c003cb861019a03060148c5911e7dbfff77741800a05e22101e01000000000000000000000000000000000000
[12:06:44.162108] EP OUT 0x03 len=0 
[12:06:44.169583] EP OUT 0x03 len=0 
[12:06:44.172510] EP IN  0x81 len=64 0965230000008687845a48833800001e1845000c000cc161018afe050173c491f5bec2ff1ff71200c01f18101f01000000000000000000000000000000000000
[12:06:44.174163] EP OUT 0x03 len=0 
[12:06:44.181476] EP OUT 0x03 len=0 
[12:06:44.184408] EP IN  0x81 len=64 0968230000008687845a58833800001e2345000c00dac66101b8fb050186c391f13fbdff5f35120040a015101b01000000000000000000000000000000000000
[12:06:44.186031] EP OUT 0x03 len=0 
[12:06:44.193352] EP OUT 0x03 len=0 
[12:06:44.196469] EP IN  0x81 len=64 096b230000008677845a48833800001e2f45000c0084c9610136f90501c6c291b384b7ffa57a1700e0df1a102101000000000000000000000000000000000000
[12:06:44.198080] EP OUT 0x03 len=0 
[12:06:44.205442] EP OUT 0x03 len=0 
[12:06:44.208440] EP IN  0x81 len=64 096e230000008687845a48833800001e3a45000c00f4c861012af8050144c291d648b6ff943e1400c0dd27102101000000000000000000000000000000000000
[12:06:44.210177] EP OUT 0x03 len=0 
[12:06:44.217659] EP OUT 0x03 len=0 
[12:06:44.225079] EP OUT 0x03 len=0 
[12:06:44.232613] EP OUT 0x03 len=0 
[12:06:44.236494] EP IN  0x81 len=64 0973230000008587845948833800001e4d35000c00fcd06101dcf60501bdc191d306b7ff0ff51300e09d24101f01000000000000000000000000000000000000
[12:06:44.238129] EP OUT 0x03 len=0 
[12:06:44.245711] EP OUT 0x03 len=0 
[12:06:44.248417] EP IN  0x81 len=64 097a230000008687845a48833800001e6845000c0038cd610176f5050101c291a18fb8ff010b1500a0e014102101000000000000000000000000000000000000
[12:06:44.250137] EP OUT 0x03 len=0 
[12:06:44.253086] EP OUT 0x03 len=0 
[12:06:44.255985] EP OUT 0x03 len=0 
[12:06:44.260482] EP IN  0x81 len=64 097b230000008687845948833800001e6c45000c00a6ca610118f605011cc2916cd2b9ffae4a1400006018102201000000000000000000000000000000000000
[12:06:44.262085] EP OUT 0x03 len=0 
[12:06:44.269686] EP OUT 0x03 len=0 
[12:06:44.272413] EP IN  0x81 len=64 097e230000008687845a38833800001e7845000c0056c861011af7050144c291adcdb7ff803c1500e0dd26102701000000000000000000000000000000000000
[12:06:44.273959] EP OUT 0x03 len=0 
[12:06:44.276515] EP OUT 0x03 len=0 
[12:06:44.278821] EP OUT 0x03 len=0 
[12:06:44.281033] EP OUT 0x03 len=0 
[12:06:44.284478] EP IN  0x81 len=64 0981230000008587845958833800001e8345000c002ccc6101b0f7050167c291a60ab8ff8e731a00009e28102101000000000000000000000000000000000000
[12:06:44.285990] EP OUT 0x03 len=0 
[12:06:44.293140] EP OUT 0x03 len=0 
[12:06:44.296419] EP IN  0x81 len=64 0984230000008687845948833800001e8f45000c0070d161017ef7050166c2916708b9ff9af51c00e01d26101f01000000000000000000000000000000000000
[12:06:44.297959] EP OUT 0x03 len=0 
[12:06:44.300483] EP IN  0x81 len=64 0987230000008687845948833800001e9a45000c0064d2610114f7050186c2915808baff1d3b1c00201e25101f01000000000000000000000000000000000000
[12:06:44.302898] EP OUT 0x03 len=0 
[12:06:44.305056] EP OUT 0x03 len=0 
[12:06:44.308451] EP IN  0x81 len=64 0988230000008687845948833800001e9e45000c0040d26101a6f6050197c291f605baffbefd1b00a0dd25102301000000000000000000000000000000000000
[12:06:44.309768] EP OUT 0x03 len=0 
[12:06:44.312372] EP IN  0x81 len=64 098a230000008587845a58833800001ea645000c007cd3610182f50501a5c2919543bcfffaf81b0000de26102501000000000000000000000000000000000000
[12:06:44.314159] EP OUT 0x03 len=0 
[12:06:44.315937] EP OUT 0x03 len=0 
[12:06:44.320445] EP IN  0x81 len=64 098b230000008687845958833800001eaa45000c00c8d46101dcf40501a5c291df01bdffca761b0020de24102501000000000000000000000000000000000000
[12:06:44.321830] EP OUT 0x03 len=0 
[12:06:44.329178] EP OUT 0x03 len=0 
[12:06:44.332455] EP IN  0x81 len=64 098d230000008687845a58833800001eb145000c0002d7610198f30501d4c2914700bcff42761800205e21101d01000000000000000000000000000000000000
[12:06:44.333829] EP OUT 0x03 len=0 
[12:06:44.336420] EP IN  0x81 len=64 0990230000008587845948833800001ebd45000c0078db61014ef1050121c391687fbfff6af11600e01e21101e01000000000000000000000000000000000000
[12:06:44.338606] EP OUT 0x03 len=0 
[12:06:44.344462] EP IN  0x81 len=64 0991230000008687845948833800001ec145000c0024de61016ef0050139c3916a3dbfff47f01500a05e1e101f01000000000000000000000000000000000000
[12:06:44.345926] EP OUT 0x03 len=0 
[12:06:44.353252] EP OUT 0x03 len=0 
[12:06:44.356467] EP IN  0x81 len=64 0993230000008687845948833800001ec845000c0000e361010aef05015dc39189fdc0ff44ef1200c01f1a101f01000000000000000000000000000000000000
[12:06:44.357993] EP OUT 0x03 len=0 
[12:06:44.365236] EP OUT 0x03 len=0 
[12:06:44.368396] EP IN  0x81 len=64 0996230000008687845948833800001ed445000c00e4e7610134ee05017cc39132c7c1ffe7761100c01f17102201000000000000000000000000000000000000
[12:06:44.369759] EP OUT 0x03 len=0 
[12:06:44.372478] EP IN  0x81 len=64 0999230000008587845948833800001edf45000c00e0eb6101e4ee050178c391d00ac4ff11f41000609f1b102001000000000000000000000000000000000000
[12:06:44.374612] EP OUT 0x03 len=0 
[12:06:44.380472] EP IN  0x81 len=64 099a230000008687845a48833800001ee345000c0058ee610100ef05015ec391d208c4ff5d6f1100801f1d102001000000000000000000000000000000000000
[12:06:44.382055] EP OUT 0x03 len=0 
[12:06:44.389419] EP OUT 0x03 len=0 
[12:06:44.392419] EP IN  0x81 len=64 099c230000008587845948833800001eeb45000c0094f3610124ef050115c3911309c3ffa3ed1500e01f1a102001000000000000000000000000000000000000
[12:06:44.393912] EP OUT 0x03 len=0 
[12:06:44.401271] EP OUT 0x03 len=0 
[12:06:44.404423] EP IN  0x81 len=64 099f230000008587845948833800001ef645000c00b6f76101d2ed0501a8c2913602c1ffec371c00402015102701000000000000000000000000000000000000
[12:06:44.405948] EP OUT 0x03 len=0 
[12:06:44.408396] EP IN  0x81 len=64 09a2230000008687845958833800001e0246000c0028f56101deeb050146c291ee43c3ff39451b00a01f1b101f01000000000000000000000000000000000000
[12:06:44.410589] EP OUT 0x03 len=0 
[12:06:44.412782] EP OUT 0x03 len=0 
[12:06:44.416399] EP IN  0x81 len=64 09a3230000008587845948833800001e0646000c001ef361017aeb050129c291f406c4ff54c81900e09e1f101f01000000000000000000000000000000000000
[12:06:44.417794] EP OUT 0x03 len=0 
[12:06:44.420509] EP IN  0x81 len=64 09a5230000008697845948833800001e0d36000c00ccf0610104eb0501c2c191c908c5ff8cab1500004927101d01000000000000000000000000000000000000
[12:06:44.422695] EP OUT 0x03 len=0 
[12:06:44.428476] EP IN  0x81 len=64 09a6230000008687845958833800001e1146000c007af0610172ea050179c191c105c5ffaf801400609d28101c01000000000000000000000000000000000000
[12:06:44.430012] EP OUT 0x03 len=0 
[12:06:44.437361] EP OUT 0x03 len=0 
[12:06:44.440415] EP IN  0x81 len=64 09a8230000008587845a48833800001e1946000c0014f3610140e90501e5c091e602c3ff60f51100805d29101c01000000000000000000000000000000000000
[12:06:44.441797] EP OUT 0x03 len=0 
[12:06:44.444456] EP IN  0x81 len=64 09ab230000008577845948833800001e2436000c0084f661015ce8050132c091a808bfffc9fb130000f421102601000000000000000000000000000000000000
[12:06:44.446578] EP OUT 0x03 len=0 
[12:06:44.448875] EP OUT 0x03 len=0 
[12:06:44.452498] EP IN  0x81 len=64 09ac230000008587845a58833800001e2846000c0038f7610170e8050105c091cf0abefff7f81300c05e20102601000000000000000000000000000000000000
[12:06:44.454011] EP OUT 0x03 len=0 
[12:06:44.461206] EP OUT 0x03 len=0 
[12:06:44.464414] EP IN  0x81 len=64 09ae230000008677845a48833800001e3046000c008cf8610186e80501b2bf91d909beff58f91200809e21102101000000000000000000000000000000000000
[12:06:44.465951] EP OUT 0x03 len=0 
[12:06:44.473182] EP OUT 0x03 len=0 
[12:06:44.476385] EP IN  0x81 len=64 09b1230000008687845a58833800001e3b36000c0040fd6101e4e7050147bf913d07bdff13a01400c09f1a102101000000000000000000000000000000000000
[12:06:44.477692] EP OUT 0x03 len=0 
[12:06:44.480443] EP IN  0x81 len=64 09b4230000008687845a48833800001e4746000c00e4fd610188e7050101bf91250abcffbbbf1600802014102001000000000000000000000000000000000000
[12:06:44.482658] EP OUT 0x03 len=0 
[12:06:44.488426] EP IN  0x81 len=64 09b5230000008687845a58833800001e4b46000c00fcfb610160e70501f8be9136c9baffc1c51700a02015102001000000000000000000000000000000000000
[12:06:44.490015] EP OUT 0x03 len=0 
[12:06:44.497270] EP OUT 0x03 len=0 
[12:06:44.500469] EP IN  0x81 len=64 09b7230000008687845958833800001e5236000c00fef76101b6e705010fbf91c2b7b9ff95041800e0f418102301000000000000000000000000000000000000
[12:06:44.502040] EP OUT 0x03 len=0 
[12:06:44.509335] EP OUT 0x03 len=0 
[12:06:44.512395] EP IN  0x81 len=64 09ba230000008587845948833800001e5e46000c00faf261011ee805015fbf91710cb9ff00831400809e20102601000000000000000000000000000000000000
[12:06:44.513861] EP OUT 0x03 len=0 
[12:06:44.516407] EP IN  0x81 len=64 09bd230000008687845948833800001e6936000c004cf2610112e80501e5bf91265fb7ffee501200409e25102701000000000000000000000000000000000000
[12:06:44.518559] EP OUT 0x03 len=0 
[12:06:44.524454] EP IN  0x81 len=64 09be230000008687845958833800001e6d46000c0034f4610144e80501febf9174cab8ffbaf31200009e25102501000000000000000000000000000000000000
[12:06:44.525808] EP OUT 0x03 len=0 
[12:06:44.528407] EP IN  0x81 len=64 09c0230000008687845a48833800001e7546000c00ccf9610130e80501febf91b507b8ff56ec1400e01e24102301000000000000000000000000000000000000
[12:06:44.530528] EP OUT 0x03 len=0 
[12:06:44.536428] EP IN  0x81 len=64 09c1230000008587845948833800001e7946000c007afd6101fce70501f0bf9190c6b7ff82691600c0de20102301000000000000000000000000000000000000
[12:06:44.537798] EP OUT 0x03 len=0 
[12:06:44.545198] EP OUT 0x03 len=0 
[12:06:44.548460] EP IN  0x81 len=64 09c3230000008587845948833800001e8036000c00f403620154e70501b8bf9144b1b7ff4aef180020f51b101a01000000000000000000000000000000000000
[12:06:44.549871] EP OUT 0x03 len=0 
[12:06:44.557362] EP OUT 0x03 len=0 
[12:06:44.560419] EP IN  0x81 len=64 09c6230000008697845948833800001e8c46000c00e80a6201b8e605019dbf91d808b7ff28f21b0000e016101b01000000000000000000000000000000000000
[12:06:44.561924] EP OUT 0x03 len=0 
[12:06:44.569347] EP OUT 0x03 len=0 
[12:06:44.572473] EP IN  0x81 len=64 09c9230000008587845a48833800001e9846000c00f80c6201f8e60501a2bf91bb0cb8fffd391b0080a015101f01000000000000000000000000000000000000
[12:06:44.574098] EP OUT 0x03 len=0 
[12:06:44.581417] EP OUT 0x03 len=0 
[12:06:44.584410] EP IN  0x81 len=64 09cc230000008687845a48833800001ea346000c006a0b62010ae70501eebf917d0cb6ff9cfd1d0020e019102401000000000000000000000000000000000000
[12:06:44.586179] EP OUT 0x03 len=0 
[12:06:44.593449] EP OUT 0x03 len=0 
[12:06:44.596411] EP IN  0x81 len=64 09cf230000008687845958833800001eaf46000c004a0a620154e605017dc091c6c8b3ffa4ff1d00801e21102101000000000000000000000000000000000000
[12:06:44.597962] EP OUT 0x03 len=0 
[12:06:44.605375] EP OUT 0x03 len=0 
[12:06:44.608379] EP IN  0x81 len=64 09d2230000008687845948833800001eba46000c003c09620166e605013fc191df4ab6ffdc7b1b00e01d27102101000000000000000000000000000000000000
[12:06:44.609957] EP OUT 0x03 len=0 
[12:06:44.617400] EP OUT 0x03 len=0 
[12:06:44.620445] EP IN  0x81 len=64 09d5230000008687845a48833800001ec646000c00140a620172e70501a4c191d90bbdff777a1500401d2b101e01000000000000000000000000000000000000
[12:06:44.621978] EP OUT 0x03 len=0 
[12:06:44.629272] EP OUT 0x03 len=0 
[12:06:44.632408] EP IN  0x81 len=64 09d8230000008587845a58833800001ed146000c006a0f6201c2e8050108c291b8cbbdffec701400809d29101e01000000000000000000000000000000000000
[12:06:44.633842] EP OUT 0x03 len=0 
[12:06:44.636463] EP IN  0x81 len=64 09db230000008687845a48833800001edd46000c006416620178e9050151c291e808c1ff70af1700809f1d102201000000000000000000000000000000000000
[12:06:44.638766] EP OUT 0x03 len=0 
[12:06:44.641044] EP OUT 0x03 len=0 
[12:06:44.644479] EP IN  0x81 len=64 09dc230000008587845a48833800001ee036000c00d817620144e905015cc2918906c1ffdb4a1900204a1c102601000000000000000000000000000000000000
[12:06:44.645992] EP OUT 0x03 len=0 
[12:06:44.653337] EP OUT 0x03 len=0 
[12:06:44.656420] EP IN  0x81 len=64 09de230000008687845948833800001ee846000c001c1c620156e8050179c2910203c0ffedf11a00809f1a102601000000000000000000000000000000000000
[12:06:44.657979] EP OUT 0x03 len=0 
[12:06:44.665371] EP OUT 0x03 len=0 
[12:06:44.668463] EP IN  0x81 len=64 09e1230000008697845958833800001ef446000c00ca1e6201cae50501c8c29144fec0ff1d7a1d0020a016102101000000000000000000000000000000000000
[12:06:44.670006] EP OUT 0x03 len=0 
[12:06:44.677096] EP OUT 0x03 len=0 
[12:06:44.680400] EP IN  0x81 len=64 09e4230000008587845948833800001eff46000c00141f620128e30501ddc29108ffc4ff287c1b00e0e012102101000000000000000000000000000000000000
[12:06:44.682043] EP OUT 0x03 len=0 
[12:06:44.689476] EP OUT 0x03 len=0 
[12:06:44.692476] EP IN  0x81 len=64 09e7230000008687845948833800001e0b47000c00b81f6201c0e00501a6c291a680c7ff74fa1700202017102101000000000000000000000000000000000000
[12:06:44.694239] EP OUT 0x03 len=0 
[12:06:44.701765] EP OUT 0x03 len=0 
[12:06:44.708979] EP OUT 0x03 len=0 
[12:06:44.715926] EP OUT 0x03 len=0 
[12:06:44.720447] EP IN  0x81 len=64 09ec230000008597845a48833800001e1e47000c00341d62010ce0050155c291580bc8ff03021b00809f1e101f01000000000000000000000000000000000000
[12:06:44.722034] EP OUT 0x03 len=0 
[12:06:44.729320] EP OUT 0x03 len=0 
[12:06:44.732494] EP IN  0x81 len=64 09f1230000008587845a58833800001e3147000c0020196201aae2050123c2919310c7ff167b170040dd2a101b01000000000000000000000000000000000000
[12:06:44.734139] EP OUT 0x03 len=0 
[12:06:44.741483] EP OUT 0x03 len=0 
[12:06:44.744402] EP IN  0x81 len=64 09f6230000008587845a38833800001e4447000c008c1a620122e60501cdc191bd90c4ffe17d1b00009f1e102201000000000000000000000000000000000000
[12:06:44.745872] EP OUT 0x03 len=0 
[12:06:44.748450] EP IN  0x81 len=64 09f7230000008697845948833800001e4847000c00681962018ce60501b2c191fe0fc4ffad401c00601f1e102201000000000000000000000000000000000000
[12:06:44.750548] EP OUT 0x03 len=0 
[12:06:44.756486] EP IN  0x81 len=64 09f8230000008587845a58833800001e4c47000c0074186201a0e605018dc191c60cc3ffa4c11c00401f1f102101000000000000000000000000000000000000
[12:06:44.758115] EP OUT 0x03 len=0 
[12:06:44.765710] EP OUT 0x03 len=0 
[12:06:44.773252] EP OUT 0x03 len=0 
[12:06:44.780923] EP OUT 0x03 len=0 
[12:06:44.784434] EP IN  0x81 len=64 09fc230000008697845948833800001e5b47000c003a1f6201eae2050157c091703bc4ffa06e1500e01f1a102101000000000000000000000000000000000000
[12:06:44.786191] EP OUT 0x03 len=0 
[12:06:44.793800] EP OUT 0x03 len=0 
[12:06:44.796407] EP IN  0x81 len=64 0903230000008687845948833800001e7647000c00602d620156d8050145bd9130ffbaff9b791800a09e1e102101000000000000000000000000000000000000
[12:06:44.797915] EP OUT 0x03 len=0 
[12:06:44.800772] EP OUT 0x03 len=0 
[12:06:44.803093] EP OUT 0x03 len=0 
[12:06:44.808422] EP IN  0x81 len=64 0904230000008787845a58833800001e7a47000c00022e620140d70501f2bc916e00b9ff847a1900401e23102101000000000000000000000000000000000000
[12:06:44.809977] EP OUT 0x03 len=0 
[12:06:44.817358] EP OUT 0x03 len=0 
[12:06:44.820465] EP IN  0x81 len=64 0907230000008587845948833800001e8537000c00b8306201a4d505014bbc91815cb7ffe4f71b00609d29101b01000000000000000000000000000000000000
[12:06:44.822052] EP OUT 0x03 len=0 
[12:06:44.829590] EP OUT 0x03 len=0 
[12:06:44.832400] EP IN  0x81 len=64 090a230000008687845a48833800001e9147000c00943262018cd50501edbb91fb0cb5ff087c1c00409e25102301000000000000000000000000000000000000
[12:06:44.834008] EP OUT 0x03 len=0 
[12:06:44.836778] EP OUT 0x03 len=0 
[12:06:44.838951] EP OUT 0x03 len=0 
[12:06:44.841136] EP OUT 0x03 len=0 
[12:06:44.844429] EP IN  0x81 len=64 090d230000008487845958833800001e9c37000c003a2f6201f0d60501eabb913410b6ff88aa1b00a0f41e102101000000000000000000000000000000000000
[12:06:44.845933] EP OUT 0x03 len=0 
[12:06:44.853211] EP OUT 0x03 len=0 
[12:06:44.856388] EP IN  0x81 len=64 0910230000008697845958833800001ea847000c003e2b6201f4d705010ebc91e50cb6ff37421900609f1c101f01000000000000000000000000000000000000
[12:06:44.857730] EP OUT 0x03 len=0 
[12:06:44.860465] EP IN  0x81 len=64 0913230000008687845948833800001eb447000c00a028620136d805018abc91df0bb6ff97031700a0e015102601000000000000000000000000000000000000
[12:06:44.862614] EP OUT 0x03 len=0 
[12:06:44.864993] EP OUT 0x03 len=0 
[12:06:44.868505] EP IN  0x81 len=64 0914230000008687845a48833800001eb737000c003027620160d80501aabc91bab6b6ff56581800e0f513102601000000000000000000000000000000000000
[12:06:44.870138] EP OUT 0x03 len=0 
[12:06:44.877429] EP OUT 0x03 len=0 
[12:06:44.880408] EP IN  0x81 len=64 0916230000008697845948833800001ebf47000c00dc236201c0d805010cbd918eccb8ffa9041b0060a017102801000000000000000000000000000000000000
[12:06:44.881920] EP OUT 0x03 len=0 
[12:06:44.889175] EP OUT 0x03 len=0 
[12:06:44.892400] EP IN  0x81 len=64 0919230000008687845958833800001ecb47000c003c22620110d9050148bd91678cb9ff91fc190000a01a102801000000000000000000000000000000000000
[12:06:44.893860] EP OUT 0x03 len=0 
[12:06:44.896428] EP IN  0x81 len=64 091c230000008697845958833800001ed647000c0038206201c4d9050188bd91f60dbaff71401800801f1d102b01000000000000000000000000000000000000
[12:06:44.898629] EP OUT 0x03 len=0 
[12:06:44.904440] EP IN  0x81 len=64 091d230000008597845a48833800001eda47000c00b6206201aad905019cbd916b09baff2afb1600205f1f102b01000000000000000000000000000000000000
[12:06:44.905909] EP OUT 0x03 len=0 
[12:06:44.908459] EP IN  0x81 len=64 091f230000008587845948833800001ee247000c00b4236201f6d8050190bd91ac05b7ff2d34190000df1f102001000000000000000000000000000000000000
[12:06:44.910821] EP OUT 0x03 len=0 
[12:06:44.913041] EP OUT 0x03 len=0 
[12:06:44.916480] EP IN  0x81 len=64 0920230000008687845958833800001ee537000c00d424620190d805019ebd919c06b5ff154c1b00c09e1f102001000000000000000000000000000000000000
[12:06:44.918122] EP OUT 0x03 len=0 
[12:06:44.925293] EP OUT 0x03 len=0 
[12:06:44.928388] EP IN  0x81 len=64 0922230000008677845a48833800001eed47000c0056266201d8d70501dcbd91c905b6ffee371d00a05e20102101000000000000000000000000000000000000
[12:06:44.929950] EP OUT 0x03 len=0 
[12:06:44.932446] EP IN  0x81 len=64 0925230000008687845948833800001ef947000c006026620178d605012fbe911f44baff403a1b00601e21102201000000000000000000000000000000000000
[12:06:44.934696] EP OUT 0x03 len=0 
[12:06:44.936855] EP OUT 0x03 len=0 
[12:06:44.940484] EP IN  0x81 len=64 0926230000008587845a48833800001efc37000c00c8266201fcd505012fbe91b605bbffe1fb1800e04921102201000000000000000000000000000000000000
[12:06:44.941899] EP OUT 0x03 len=0 
[12:06:44.944406] EP IN  0x81 len=64 0928230000008687845958833800001e0448000c009e286201c0d405013abe913282bcffeff91400609f1d102301000000000000000000000000000000000000
[12:06:44.946482] EP OUT 0x03 len=0 
[12:06:44.952434] EP IN  0x81 len=64 0929230000008697845a58833800001e0848000c00dc28620136d405014fbe917c83befff9fb140080df1b102301000000000000000000000000000000000000
[12:06:44.953895] EP OUT 0x03 len=0 
[12:06:44.961482] EP OUT 0x03 len=0 
[12:06:44.964439] EP IN  0x81 len=64 092b230000008587845948833800001e1048000c00e828620176d3050184be915cc6c0ffe6fc160040a01a102801000000000000000000000000000000000000
[12:06:44.965845] EP OUT 0x03 len=0 
[12:06:44.968429] EP IN  0x81 len=64 092e230000008687845958833800001e1b48000c00ec25620184d30501b4be914bccc0ffabc21600401f1e102801000000000000000000000000000000000000
[12:06:44.970645] EP OUT 0x03 len=0 
[12:06:44.972861] EP OUT 0x03 len=0 
[12:06:44.976416] EP IN  0x81 len=64 092f230000008687845948833800001e1f48000c00fc246201f8d30501cdbe91efcdc2ffb801160020df1e102301000000000000000000000000000000000000
[12:06:44.977941] EP OUT 0x03 len=0 
[12:06:44.980473] EP IN  0x81 len=64 0931230000008687845948833800001e2748000c00782362011ed50501ccbe918fd0c6ff15011400009f1d102301000000000000000000000000000000000000
[12:06:44.982811] EP OUT 0x03 len=0 
[12:06:44.985041] EP OUT 0x03 len=0 
[12:06:44.988486] EP IN  0x81 len=64 0932230000008587845948833800001e2a38000c004c23620166d50501c1be91ed0bc7ffe3fd1300409f1d102301000000000000000000000000000000000000
[12:06:44.990019] EP OUT 0x03 len=0 
[12:06:44.997282] EP OUT 0x03 len=0 
[12:06:45.000410] EP IN  0x81 len=64 0934230000008687845a48833800001e3248000c00522362014ed50501adbe917d07c6ff927c1700e0df19102601000000000000000000000000000000000000
[12:06:45.001815] EP OUT 0x03 len=0 
[12:06:45.004480] EP IN  0x81 len=64 0937230000008587845948833800001e3e48000c0080216201d2d305017fbe91b302c3ff0c031b0040e015102901000000000000000000000000000000000000
[12:06:45.006712] EP OUT 0x03 len=0 
[12:06:45.012492] EP IN  0x81 len=64 0938230000008687845958833800001e4248000c00fc2062010ed3050187be91ab40c4ff37001a00e09f17102b01000000000000000000000000000000000000
[12:06:45.014017] EP OUT 0x03 len=0 
[12:06:45.020976] EP OUT 0x03 len=0 
[12:06:45.024371] EP IN  0x81 len=64 093a230000008587845948833800001e4948000c00e81f620194d105016fbe913100c8ff62011900401f1d102b01000000000000000000000000000000000000
[12:06:45.025569] EP OUT 0x03 len=0 
[12:06:45.028400] EP IN  0x81 len=64 093d230000008697845a48833800001e5548000c00642262013cce0501f0bd91ca3bcbff44f61900601d2a102301000000000000000000000000000000000000
[12:06:45.030157] EP OUT 0x03 len=0 
[12:06:45.031894] EP OUT 0x03 len=0 
[12:06:45.036374] EP IN  0x81 len=64 093e230000008587845948833800001e5948000c00bc2362014ecd0501a2bd91267ecaff3fb61900e05c2b102301000000000000000000000000000000000000
[12:06:45.037566] EP OUT 0x03 len=0 
[12:06:45.040358] EP IN  0x81 len=64 0940230000008587845948833800001e6048000c00e225620170cc0501f6bc915c05c8ff4ff61800a0dd2a102201000000000000000000000000000000000000
[12:06:45.042091] EP OUT 0x03 len=0 
[12:06:45.043893] EP OUT 0x03 len=0 
[12:06:45.048380] EP IN  0x81 len=64 0941230000008687845948833800001e6448000c00bc26620146cc05019cbc914947c7ff5df71800405d28102201000000000000000000000000000000000000
[12:06:45.049542] EP OUT 0x03 len=0 
[12:06:45.052434] EP IN  0x81 len=64 0943230000008587845948833800001e6c48000c00c4266201a2cc0501f9bb91db0cc5ff85bc1700c09d26102001000000000000000000000000000000000000
[12:06:45.054246] EP OUT 0x03 len=0 
[12:06:45.061109] EP OUT 0x03 len=0 
[12:06:45.064373] EP IN  0x81 len=64 0944230000008687845958833800001e7048000c00c4266201e6cc0501a8bb918a8ec3ffcffc1500205e25101b01000000000000000000000000000000000000
[12:06:45.065539] EP OUT 0x03 len=0 
[12:06:45.068428] EP IN  0x81 len=64 0947230000008587845948833800001e7b48000c000c29620122cd0501f5ba91d58bbeff12781400805e21101b01000000000000000000000000000000000000
[12:06:45.070285] EP OUT 0x03 len=0 
[12:06:45.077020] EP OUT 0x03 len=0 
[12:06:45.080375] EP IN  0x81 len=64 0948230000008677845958833800001e7f48000c002429620106cd0501b2ba91114bbcffe97b1600401f20101b01000000000000000000000000000000000000
[12:06:45.081600] EP OUT 0x03 len=0 
[12:06:45.084423] EP IN  0x81 len=64 094b230000008587845a48833800001e8a38000c008e296201bacc050128ba914a60b5ff59fc1a00609f1e101b01000000000000000000000000000000000000
[12:06:45.086234] EP OUT 0x03 len=0 
[12:06:45.093077] EP OUT 0x03 len=0 
[12:06:45.096450] EP IN  0x81 len=64 094c230000008687845a58833800001e8e48000c0078296201b0cc05011eba91074bb4ffc8bc1c00405f1f101c01000000000000000000000000000000000000
[12:06:45.097944] EP OUT 0x03 len=0 
[12:06:45.105235] EP OUT 0x03 len=0 
[12:06:45.108454] EP IN  0x81 len=64 094f230000008677845948833800001e9a48000c00ec2762014ecc0501fab991f709b6fffabf1a0020df1c101d01000000000000000000000000000000000000
[12:06:45.109894] EP OUT 0x03 len=0 
[12:06:45.112406] EP IN  0x81 len=64 0952230000008587845948833800001ea548000c000e2762011ccc0501c3b991b00ab8ff093e1800809f1d101701000000000000000000000000000000000000
[12:06:45.114662] EP OUT 0x03 len=0 
[12:06:45.120387] EP IN  0x81 len=64 0953230000008577845a48833800001ea948000c00bc276201f2cb0501a5b9915e0ab8ff5afa1700a05e20101701000000000000000000000000000000000000
[12:06:45.121907] EP OUT 0x03 len=0 
[12:06:45.129131] EP OUT 0x03 len=0 
[12:06:45.132464] EP IN  0x81 len=64 0955230000008687845a48833800001eb148000c001a2d6201a0ca05014fb991a400b7ff3f6c1800605e22102301000000000000000000000000000000000000
[12:06:45.133987] EP OUT 0x03 len=0 
[12:06:45.141180] EP OUT 0x03 len=0 
[12:06:45.144409] EP IN  0x81 len=64 0958230000008587845958833800001ebc48000c000c366201c4c80501fdb891d842b6ff17ed190040a017102201000000000000000000000000000000000000
[12:06:45.145868] EP OUT 0x03 len=0 
[12:06:45.148400] EP IN  0x81 len=64 095b230000008587845a48833800001ec848000c00b036620180c70501e7b8916246bbff37401c0040a10f102001000000000000000000000000000000000000
[12:06:45.150462] EP OUT 0x03 len=0 
[12:06:45.156529] EP IN  0x81 len=64 095c230000008597845958833800001ecc48000c00443562013cc70501dcb8913ec8baffae031e00402111102201000000000000000000000000000000000000
[12:06:45.158068] EP OUT 0x03 len=0 
[12:06:45.160402] EP IN  0x81 len=64 095e230000008687845a48833800001ed338000c00fc3162010ac70501d7b89135b5b7ffd7021d00a09f16102a01000000000000000000000000000000000000
[12:06:45.162621] EP OUT 0x03 len=0 
[12:06:45.168448] EP IN  0x81 len=64 095f230000008597845948833800001ed748000c00e02f6201e8c60501c8b891c98bb7ff07081d00801f1a102a01000000000000000000000000000000000000
[12:06:45.169964] EP OUT 0x03 len=0 
[12:06:45.177404] EP OUT 0x03 len=0 
[12:06:45.180474] EP IN  0x81 len=64 0961230000008587845958833800001edf48000c00282d6201a6c60501aeb8918a0ab8ff79821a00005f20101e01000000000000000000000000000000000000
[12:06:45.182080] EP OUT 0x03 len=0 
[12:06:45.189309] EP OUT 0x03 len=0 
[12:06:45.192406] EP IN  0x81 len=64 0964230000008587845a48833800001eea38000c00f0296201e6c605018bb891350cb6ff7a54180000f326101e01000000000000000000000000000000000000
[12:06:45.193956] EP OUT 0x03 len=0 
[12:06:45.201244] EP OUT 0x03 len=0 
[12:06:45.204505] EP IN  0x81 len=64 0967230000008587845948833800001ef648000c00802862017cc60501b5b891c407b6ffa77c1b00201c31102201000000000000000000000000000000000000
[12:06:45.206152] EP OUT 0x03 len=0 
[12:06:45.213642] EP OUT 0x03 len=0 
[12:06:45.216390] EP IN  0x81 len=64 096c230000008687845a48833800001e0949000c00082f6201d6c3050154b9915002b9ffd2751b0000dc32102101000000000000000000000000000000000000
[12:06:45.218043] EP OUT 0x03 len=0 
[12:06:45.220536] EP OUT 0x03 len=0 
[12:06:45.222831] EP OUT 0x03 len=0 
[12:06:45.224787] EP OUT 0x03 len=0 
[12:06:45.228400] EP IN  0x81 len=64 096d230000008677845958833800001e0d49000c00c83062019cc3050184b9918204bbffdbb3190080dc30102301000000000000000000000000000000000000
[12:06:45.229868] EP OUT 0x03 len=0 
[12:06:45.232405] EP IN  0x81 len=64 0970230000008687845948833800001e1839000c0014386201d2c20501e5b9910205c2ffbcf31100c09d26102501000000000000000000000000000000000000
[12:06:45.234508] EP OUT 0x03 len=0 
[12:06:45.240418] EP IN  0x81 len=64 0971230000008687845958833800001e1c49000c00023b6201a8c20501e7b9910e05c2ff5b6d1000009e24102201000000000000000000000000000000000000
[12:06:45.241945] EP OUT 0x03 len=0 
[12:06:45.249148] EP OUT 0x03 len=0 
[12:06:45.252480] EP IN  0x81 len=64 0973230000008587845958833800001e2449000c0008416201c2c20501feb991b087c4ff00ad0f00401f1e101a01000000000000000000000000000000000000
[12:06:45.254006] EP OUT 0x03 len=0 
[12:06:45.261196] EP OUT 0x03 len=0 
[12:06:45.264422] EP IN  0x81 len=64 0976230000008687845948833800001e2f39000c007449620190c2050105ba912207c7ffc6481500c04a16101a01000000000000000000000000000000000000
[12:06:45.265957] EP OUT 0x03 len=0 
[12:06:45.268478] EP IN  0x81 len=64 0979230000008687845948833800001e3b49000c00304c62011ec3050114ba917c0ac7ffb1bc180080e011101a01000000000000000000000000000000000000
[12:06:45.270723] EP OUT 0x03 len=0 
[12:06:45.272842] EP OUT 0x03 len=0 
[12:06:45.276499] EP IN  0x81 len=64 097a230000008687845948833800001e3f49000c00c64b62014ec3050120ba916d0ac7ff353e1a00c02013102e01000000000000000000000000000000000000
[12:06:45.278004] EP OUT 0x03 len=0 
[12:06:45.285300] EP OUT 0x03 len=0 
[12:06:45.288417] EP IN  0x81 len=64 097c230000008697845948833800001e4639000c00784a620104c40501ffb991860cc7ff40a91b00e0a014102e01000000000000000000000000000000000000
[12:06:45.289965] EP OUT 0x03 len=0 
[12:06:45.297235] EP OUT 0x03 len=0 
[12:06:45.300463] EP IN  0x81 len=64 097f230000008587845948833800001e5249000c00844562016ac50501d0b991840ec6ffd2851b00e09f16102101000000000000000000000000000000000000
[12:06:45.301997] EP OUT 0x03 len=0 
[12:06:45.309120] EP OUT 0x03 len=0 
[12:06:45.312402] EP IN  0x81 len=64 0982230000008697845a58833800001e5e49000c00a0426201cac4050170b9919245c4ff37001b00805f1a102101000000000000000000000000000000000000
[12:06:45.313893] EP OUT 0x03 len=0 
[12:06:45.316492] EP IN  0x81 len=64 0985230000008687845958833800001e6949000c00d841620130c2050114b991693fc0ff3bff1900206019102101000000000000000000000000000000000000
[12:06:45.318687] EP OUT 0x03 len=0 
[12:06:45.324460] EP IN  0x81 len=64 0986230000008687845a58833800001e6d49000c00b24062014cc10501f8b8917c01c0ff63431900a09f19102301000000000000000000000000000000000000
[12:06:45.325993] EP OUT 0x03 len=0 
[12:06:45.332927] EP OUT 0x03 len=0 
[12:06:45.336422] EP IN  0x81 len=64 0988230000008687845a48833800001e7549000c00503d620100c00501c0b8916905c0ff1bc71400405f1d102501000000000000000000000000000000000000
[12:06:45.337828] EP OUT 0x03 len=0 
[12:06:45.345263] EP OUT 0x03 len=0 
[12:06:45.348473] EP IN  0x81 len=64 098b230000008687845948833800001e8049000c009c3d620172be050127b891b103c1ffc6f90f0020de24102701000000000000000000000000000000000000
[12:06:45.349984] EP OUT 0x03 len=0 
[12:06:45.357330] EP OUT 0x03 len=0 
[12:06:45.360428] EP IN  0x81 len=64 098e230000008687845958833800001e8c49000c0028426201d2bd050126b7917f89bfffb4b31500409d29102701000000000000000000000000000000000000
[12:06:45.361990] EP OUT 0x03 len=0 
[12:06:45.369405] EP OUT 0x03 len=0 
[12:06:45.372459] EP IN  0x81 len=64 0991230000008597845948833800001e9749000c00a44462019abd050137b6912a4abbff72b81800009e24102801000000000000000000000000000000000000
[12:06:45.373833] EP OUT 0x03 len=0 
[12:06:45.381303] EP OUT 0x03 len=0 
[12:06:45.384393] EP IN  0x81 len=64 0994230000008687845a48833800001ea349000c0038456201b8bc0501a0b5918707b8ffb9bb1600c0de21102601000000000000000000000000000000000000
[12:06:45.386320] EP OUT 0x03 len=0 
[12:06:45.393777] EP OUT 0x03 len=0 
[12:06:45.401111] EP OUT 0x03 len=0 
[12:06:45.408441] EP OUT 0x03 len=0 
[12:06:45.412464] EP IN  0x81 len=64 0999230000008687845948833800001eb649000c00184e620172bb050120b5915e88bbff98b21600409f1f102101000000000000000000000000000000000000
[12:06:45.413894] EP OUT 0x03 len=0 
[12:06:45.416394] EP IN  0x81 len=64 099e230000008687845a38833800001ec949000c00f4576201aebc0501f8b491c6cbb7fff06b180020de24102001000000000000000000000000000000000000
[12:06:45.418581] EP OUT 0x03 len=0 
[12:06:45.420810] EP OUT 0x03 len=0 
[12:06:45.424406] EP IN  0x81 len=64 099f230000008687845a48833800001ecd49000c00a85b6201bcbc0501f0b491f588b5ff08e81800401f21102001000000000000000000000000000000000000
[12:06:45.425899] EP OUT 0x03 len=0 
[12:06:45.433230] EP OUT 0x03 len=0 
[12:06:45.436470] EP IN  0x81 len=64 09a1230000008687845948833800001ed439000c0060616201e0bc0501e8b491ea5eb5ffbbf01800004b16102001000000000000000000000000000000000000
[12:06:45.437973] EP OUT 0x03 len=0 
[12:06:45.445383] EP OUT 0x03 len=0 
[12:06:45.448425] EP IN  0x81 len=64 09a4230000008587845948833800001ee049000c004864620134bd05012fb591dd0ab6ff2d3d1b0040220c102801000000000000000000000000000000000000
[12:06:45.449722] EP OUT 0x03 len=0 
[12:06:45.452456] EP IN  0x81 len=64 09a7230000008587845948833800001eec49000c002a5f62016cbd0501cfb591854bb6ff91071d00e02012102601000000000000000000000000000000000000
[12:06:45.454564] EP OUT 0x03 len=0 
[12:06:45.456983] EP OUT 0x03 len=0 
[12:06:45.460428] EP IN  0x81 len=64 09a8230000008687845b58833800001eef39000c001e5d620184bd05010ab691adb5b7ffd6041e0020a015102101000000000000000000000000000000000000
[12:06:45.462060] EP OUT 0x03 len=0 
[12:06:45.469444] EP OUT 0x03 len=0 
[12:06:45.472421] EP IN  0x81 len=64 09aa230000008587845958833800001ef749000c00ae576201debd05019eb6910b0cb9ff99491e00801f1d102101000000000000000000000000000000000000
[12:06:45.474062] EP OUT 0x03 len=0 
[12:06:45.481466] EP OUT 0x03 len=0 
[12:06:45.484407] EP IN  0x81 len=64 09ad230000008587845948833800001e034a000c00dc506201e4bd050147b791ca88b9ff84871e00801e23102601000000000000000000000000000000000000
[12:06:45.485821] EP OUT 0x03 len=0 
[12:06:45.488409] EP IN  0x81 len=64 09b0230000008687845a48833800001e0e4a000c00764a6201ccbd050112b8916c89b8ffc8491c00409e23102401000000000000000000000000000000000000
[12:06:45.490623] EP OUT 0x03 len=0 
[12:06:45.496421] EP IN  0x81 len=64 09b1230000008587845958833800001e124a000c00544862012ebe050153b891a14eb8ff99871a0080de24102401000000000000000000000000000000000000
[12:06:45.497868] EP OUT 0x03 len=0 
[12:06:45.505435] EP OUT 0x03 len=0 
[12:06:45.508466] EP IN  0x81 len=64 09b3230000008687845a58833800001e1a4a000c007c46620142bf0501b4b891dfcfbcffe67e180080dd29102401000000000000000000000000000000000000
[12:06:45.510223] EP OUT 0x03 len=0 
[12:06:45.517597] EP OUT 0x03 len=0 
[12:06:45.524809] EP OUT 0x03 len=0 
[12:06:45.531970] EP OUT 0x03 len=0 
[12:06:45.536441] EP IN  0x81 len=64 09bb230000008587845a48833800001e384a000c009052620100c205013cb9918b0dc0ff6d3a180000601a102301000000000000000000000000000000000000
[12:06:45.537948] EP OUT 0x03 len=0 
[12:06:45.545274] EP OUT 0x03 len=0 
[12:06:45.548477] EP IN  0x81 len=64 09bd230000008587845948833800001e404a000c00145362012ac2050170b9914208c1ff4afa1800a09f1a102301000000000000000000000000000000000000
[12:06:45.550101] EP OUT 0x03 len=0 
[12:06:45.557415] EP OUT 0x03 len=0 
[12:06:45.560411] EP IN  0x81 len=64 09c0230000008587845948833800001e4c4a000c00ac53620114c105017cb9917745c0ff163d1a00402018102201000000000000000000000000000000000000
[12:06:45.562079] EP OUT 0x03 len=0 
[12:06:45.569533] EP OUT 0x03 len=0 
[12:06:45.572466] EP IN  0x81 len=64 09c3230000008587845a48833800001e574a000c0018526201d6bf05019eb991b004c3ff46011a00006017102101000000000000000000000000000000000000
[12:06:45.574048] EP OUT 0x03 len=0 
[12:06:45.576419] EP IN  0x81 len=64 09c6230000008687845958833800001e634a000c008a506201c0bd050181b991f601c3ff53011b00e09f19102101000000000000000000000000000000000000
[12:06:45.578784] EP OUT 0x03 len=0 
[12:06:45.581228] EP OUT 0x03 len=0 
[12:06:45.584420] EP IN  0x81 len=64 09c7230000008697845948833800001e663a000c00d04f620160bd050180b9913606c4fff4ff1900c09f1a102101000000000000000000000000000000000000
[12:06:45.586127] EP OUT 0x03 len=0 
[12:06:45.593481] EP OUT 0x03 len=0 
[12:06:45.596393] EP IN  0x81 len=64 09c9230000008587845948833800001e6e4a000c00e24d620140bc050168b9918784c5ff0d021a00a05e21102201000000000000000000000000000000000000
[12:06:45.597889] EP OUT 0x03 len=0 
[12:06:45.600435] EP IN  0x81 len=64 09cc230000008687845948833800001e7a4a000c00ec4e620166bb0501e1b8917a87c7ff32371a00c0dd28102301000000000000000000000000000000000000
[12:06:45.602659] EP OUT 0x03 len=0 
[12:06:45.608379] EP IN  0x81 len=64 09cd230000008587845948833800001e7d3a000c00a450620128bb0501adb89141b0c7ff524a1a00209d29101f01000000000000000000000000000000000000
[12:06:45.609867] EP OUT 0x03 len=0 
[12:06:45.617353] EP OUT 0x03 len=0 
[12:06:45.620446] EP IN  0x81 len=64 09cf230000008587845a48833800001e854a000c009455620148ba05010fb8917782c6ffbcef1c00805d27101e01000000000000000000000000000000000000
[12:06:45.621894] EP OUT 0x03 len=0 
[12:06:45.629133] EP OUT 0x03 len=0 
[12:06:45.632438] EP IN  0x81 len=64 09d2230000008587845a48833800001e914a000c00fe5a6201d8b7050109b7911581c2ff7cf61e0080de1f102201000000000000000000000000000000000000
[12:06:45.633853] EP OUT 0x03 len=0 
[12:06:45.636379] EP IN  0x81 len=64 09d5230000008687845958833800001e9c4a000c00885a620154b605015db6912b06c1ff47c01900c0df19102101000000000000000000000000000000000000
[12:06:45.638319] EP OUT 0x03 len=0 
[12:06:45.644476] EP IN  0x81 len=64 09d6230000008687845958833800001ea04a000c002c5a6201f0b5050126b6917b87c0ffb9ff1600801f1b102101000000000000000000000000000000000000
[12:06:45.645943] EP OUT 0x03 len=0 
[12:06:45.653385] EP OUT 0x03 len=0 
[12:06:45.656438] EP IN  0x81 len=64 09d8230000008587845948833800001ea84a000c00dc5a620110b50501dcb5912145c1ff773a1700a0df1b102101000000000000000000000000000000000000
[12:06:45.658076] EP OUT 0x03 len=0 
[12:06:45.665657] EP OUT 0x03 len=0 
[12:06:45.668479] EP IN  0x81 len=64 09dd230000008687845a58833800001ebb4a000c00f85962016ab405010fb591b8c9bdff14401b00e09f19102101000000000000000000000000000000000000
[12:06:45.670213] EP OUT 0x03 len=0 
[12:06:45.672644] EP OUT 0x03 len=0 
[12:06:45.674591] EP OUT 0x03 len=0 
[12:06:45.676681] EP OUT 0x03 len=0 
[12:06:45.680449] EP IN  0x81 len=64 09de230000008687845a58833800001ebf4a000c00525962011cb4050104b591c147bcffefff1a00c05f19101f01000000000000000000000000000000000000
[12:06:45.682014] EP OUT 0x03 len=0 
[12:06:45.689078] EP OUT 0x03 len=0 
[12:06:45.692480] EP IN  0x81 len=64 09e1230000008687845a48833800001eca4a000c008855620166b30501f7b4915ecab8ff0b051b0080df1a101f01000000000000000000000000000000000000
[12:06:45.694247] EP OUT 0x03 len=0 
[12:06:45.701732] EP OUT 0x03 len=0 
[12:06:45.704414] EP IN  0x81 len=64 09e6230000008587845a58833800001edd3a000c00fe5162010eb40501b4b491a30ab7ff95fb1900804823102301000000000000000000000000000000000000
[12:06:45.705972] EP OUT 0x03 len=0 
[12:06:45.708517] EP OUT 0x03 len=0 
[12:06:45.710684] EP OUT 0x03 len=0 
[12:06:45.716453] EP IN  0x81 len=64 09e7230000008687845948833800001ee14a000c0038536201f4b305018cb4916d8ab7ffd1f61900a05e23102601000000000000000000000000000000000000
[12:06:45.717955] EP OUT 0x03 len=0 
[12:06:45.725489] EP OUT 0x03 len=0 
[12:06:45.728408] EP IN  0x81 len=64 09ea230000008687845858833800001eed4a000c00f858620124b20501fbb391eb42b6ff4af41b00409f1d102301000000000000000000000000000000000000
[12:06:45.729922] EP OUT 0x03 len=0 
[12:06:45.737335] EP OUT 0x03 len=0 
[12:06:45.740483] EP IN  0x81 len=64 09ed230000008577845a58833800001ef84a000c0038586201d0b00501cbb3917648b7ffcbc01c00c09f1a102001000000000000000000000000000000000000
[12:06:45.742196] EP OUT 0x03 len=0 
[12:06:45.749360] EP OUT 0x03 len=0 
[12:06:45.752391] EP IN  0x81 len=64 09f2230000008597845948833800001e0b3b000c00d8556201faaf05019eb391a40bbaff94a51500c04921102001000000000000000000000000000000000000
[12:06:45.753884] EP OUT 0x03 len=0 
[12:06:45.756473] EP IN  0x81 len=64 09f3230000008687845a48833800001e0f4b000c00b2566201e4af050188b391f609bbffa7f81600209e22102001000000000000000000000000000000000000
[12:06:45.758546] EP OUT 0x03 len=0 
[12:06:45.764501] EP IN  0x81 len=64 09f4230000008687845a48833800001e134b000c00ce576201e8af05016eb39168cab9ff54361800809e22102001000000000000000000000000000000000000
[12:06:45.766212] EP OUT 0x03 len=0 
[12:06:45.773763] EP OUT 0x03 len=0 
[12:06:45.781014] EP OUT 0x03 len=0 
[12:06:45.788321] EP OUT 0x03 len=0 
[12:06:45.792405] EP IN  0x81 len=64 09f8230000008677845a58833800001e223b000c003259620192b005015eb3916f0db7ff9afd180040f420102401000000000000000000000000000000000000
[12:06:45.794124] EP OUT 0x03 len=0 
[12:06:45.801432] EP OUT 0x03 len=0 
[12:06:45.804468] EP IN  0x81 len=64 09fd230000008587845948833800001e364b000c008851620192b10501bcb3914a4bb9ff36081a00609f1b102601000000000000000000000000000000000000
[12:06:45.805969] EP OUT 0x03 len=0 
[12:06:45.813216] EP OUT 0x03 len=0 
[12:06:45.816416] EP IN  0x81 len=64 0900230000008787845a48833800001e414b000c00e04b62019cb005012ab491fd83bcffd4881600e09e1f102001000000000000000000000000000000000000
[12:06:45.818052] EP OUT 0x03 len=0 
[12:06:45.825462] EP OUT 0x03 len=0 
[12:06:45.828454] EP IN  0x81 len=64 0903230000008687845a48833800001e4d4b000c0016486201f4ae050176b491b3c3beffe6021500c01e22102201000000000000000000000000000000000000
[12:06:45.829944] EP OUT 0x03 len=0 
[12:06:45.837209] EP OUT 0x03 len=0 
[12:06:45.840414] EP IN  0x81 len=64 0906230000008687845948833800001e584b000c00d6446201fead0501a0b49185c7bffffec21700409f1d102401000000000000000000000000000000000000
[12:06:45.841960] EP OUT 0x03 len=0 
[12:06:45.849469] EP OUT 0x03 len=0 
[12:06:45.852451] EP IN  0x81 len=64 0909230000008687845948833800001e644b000c00803f620132ad0501d2b49199c7beff8106190040df1d101d01000000000000000000000000000000000000
[12:06:45.854045] EP OUT 0x03 len=0 
[12:06:45.861385] EP OUT 0x03 len=0 
[12:06:45.864407] EP IN  0x81 len=64 090c230000008587845a48833800001e6f4b000c00b43d6201aeac0501bab4914b48c0ff44be1700809e22101f01000000000000000000000000000000000000
[12:06:45.865790] EP OUT 0x03 len=0 
[12:06:45.868469] EP IN  0x81 len=64 090f230000008577845a58833800001e7b4b000c00643e62012aac0501a4b4910a87c0ffbbfa1500a05e21101f01000000000000000000000000000000000000
[12:06:45.870763] EP OUT 0x03 len=0 
[12:06:45.872910] EP OUT 0x03 len=0 
[12:06:45.876488] EP IN  0x81 len=64 0910230000008687845a48833800001e7f4b000c00703e62010aac0501a9b491da46bfffb97c1500e0de21102901000000000000000000000000000000000000
[12:06:45.878098] EP OUT 0x03 len=0 
[12:06:45.885433] EP OUT 0x03 len=0 
[12:06:45.893233] EP OUT 0x03 len=0 
[12:06:45.900607] EP OUT 0x03 len=0 
[12:06:45.904416] EP IN  0x81 len=64 0917230000008587845a58833800001e993b000c00f84062011aac050113b591fab3c1ffb7a01500c04824102901000000000000000000000000000000000000
[12:06:45.905947] EP OUT 0x03 len=0 
[12:06:45.913158] EP OUT 0x03 len=0 
[12:06:45.916473] EP IN  0x81 len=64 0919230000008687845948833800001ea14b000c008a4462013aac0501ceb491ed08c3ff75331500205f1d102201000000000000000000000000000000000000
[12:06:45.918187] EP OUT 0x03 len=0 
[12:06:45.924473] EP IN  0x81 len=64 091c230000008687845948833800001ead4b000c001c46620118ac050142b4917109c0ff8bfd190060a014102401000000000000000000000000000000000000
[12:06:45.927104] EP OUT 0x03 len=0 
[12:06:45.932512] EP IN  0x81 len=64 091e230000008597845948833800001eb44b000c007245620172ab0501f7b391c087bcfff3fd1b0040a018102601000000000000000000000000000000000000
[12:06:45.934221] EP OUT 0x03 len=0 
[12:06:45.940402] EP IN  0x81 len=64 0920230000008687845958833800001ebc4b000c00584662015caa050174b391ff05bcff59ba1900a05f1c102401000000000000000000000000000000000000
[12:06:45.942538] EP OUT 0x03 len=0 
[12:06:45.948470] EP IN  0x81 len=64 0922230000008587845938833800001ec44b000c00f448620130a9050110b391e603bdff1ef51900801f1d102101000000000000000000000000000000000000
[12:06:45.949887] EP OUT 0x03 len=0 
[12:06:45.957323] EP OUT 0x03 len=0 
[12:06:45.960415] EP IN  0x81 len=64 0924230000008587845958833800001ecb4b000c009a4a62012ca80501beb291ff43bcffa1781a0060df1b102101000000000000000000000000000000000000
[12:06:45.962094] EP OUT 0x03 len=0 
[12:06:45.969505] EP OUT 0x03 len=0 
[12:06:45.972514] EP IN  0x81 len=64 0927230000008587845958833800001ed74b000c000049620190a605017db291da08b9ff38821a00201f1e102801000000000000000000000000000000000000
[12:06:45.974261] EP OUT 0x03 len=0 
[12:06:45.981335] EP OUT 0x03 len=0 
[12:06:45.984419] EP IN  0x81 len=64 092a230000008587845a48833800001ee23b000c00aa436201a6a6050140b291050dbaff8004180040f420102701000000000000000000000000000000000000
[12:06:45.986070] EP OUT 0x03 len=0 
[12:06:45.993533] EP OUT 0x03 len=0 
[12:06:45.996477] EP IN  0x81 len=64 092d230000008687845a58833800001eee4b000c00ec3c6201cea60501fdb191a1cbb7ff13081800209e23102701000000000000000000000000000000000000
[12:06:45.997963] EP OUT 0x03 len=0 
[12:06:46.000749] EP OUT 0x03 len=0 
[12:06:46.003157] EP OUT 0x03 len=0 
[12:06:46.008409] EP IN  0x81 len=64 0930230000008687845948833800001ef93b000c00c03862017aa50501f7b191205fb4ffc4011900c0f322102801000000000000000000000000000000000000
[12:06:46.009880] EP OUT 0x03 len=0 
[12:06:46.012404] EP IN  0x81 len=64 0933230000008687845a58833800001e054c000c00e0336201f0a40501deb191200bb4ffddc61500c05e20102401000000000000000000000000000000000000
[12:06:46.014502] EP OUT 0x03 len=0 
[12:06:46.020431] EP IN  0x81 len=64 0934230000008687845948833800001e094c000c007c326201f0a40501e0b191160cb5ff09051500809e20102401000000000000000000000000000000000000
[12:06:46.022054] EP OUT 0x03 len=0 
[12:06:46.029258] EP OUT 0x03 len=0 
[12:06:46.032408] EP IN  0x81 len=64 0936230000008697845a48833800001e103c000c0046306201e4a40501e5b191eb0ab6ff20021500609f1e102701000000000000000000000000000000000000
[12:06:46.033967] EP OUT 0x03 len=0 
[12:06:46.041390] EP OUT 0x03 len=0 
[12:06:46.044398] EP IN  0x81 len=64 0939230000008697845948833800001e1c4c000c009e2a6201e4a4050127b291f08cb5ff51071600a05e21102501000000000000000000000000000000000000
[12:06:46.045951] EP OUT 0x03 len=0 
[12:06:46.053080] EP OUT 0x03 len=0 
[12:06:46.056425] EP IN  0x81 len=64 093c230000008687845938833800001e273c000c00902b6201d6a405011cb2918a5eb8ffc9f81200804826102101000000000000000000000000000000000000
[12:06:46.057885] EP OUT 0x03 len=0 
[12:06:46.065261] EP OUT 0x03 len=0 
[12:06:46.068488] EP IN  0x81 len=64 093f230000008687845958833800001e334c000c002831620176a305010ab2919a03b8ff8ef61000a09f1c102601000000000000000000000000000000000000
[12:06:46.070209] EP OUT 0x03 len=0 
[12:06:46.077570] EP OUT 0x03 len=0 
[12:06:46.080422] EP IN  0x81 len=64 0942230000008687845a58833800001e3e3c000c007c30620142a2050157b291cf06b7ff0e01150060a013102801000000000000000000000000000000000000
[12:06:46.082149] EP OUT 0x03 len=0 
[12:06:46.089634] EP OUT 0x03 len=0 
[12:06:46.092445] EP IN  0x81 len=64 0947230000008687845a48833800001e524c000c00cc286201589e050107b3910ac0b9ffbf841600405f1d102301000000000000000000000000000000000000
[12:06:46.094173] EP OUT 0x03 len=0 
[12:06:46.101397] EP OUT 0x03 len=0 
[12:06:46.104450] EP IN  0x81 len=64 0948230000008687845958833800001e553c000c0056286201b49d05011bb3918f03baff33001800009f1f102301000000000000000000000000000000000000
[12:06:46.106243] EP OUT 0x03 len=0 
[12:06:46.113570] EP OUT 0x03 len=0 
[12:06:46.116467] EP IN  0x81 len=64 094d230000008687845a48833800001e694c000c0064276201c89b0501e0b2912a0abbffa2bb1d00609d2c102201000000000000000000000000000000000000
[12:06:46.118228] EP OUT 0x03 len=0 
[12:06:46.125712] EP OUT 0x03 len=0 
[12:06:46.133070] EP OUT 0x03 len=0 
[12:06:46.136422] EP IN  0x81 len=64 0950230000008687845948833800001e744c000c00b0286201b09c0501b4b291e48dbcff15781a00605d2a102901000000000000000000000000000000000000
[12:06:46.137762] EP OUT 0x03 len=0 
[12:06:46.145329] EP OUT 0x03 len=0 
[12:06:46.148491] EP IN  0x81 len=64 0953230000008587845958833800001e804c000c004c2a6201d89c0501c3b291f087bcff45f91400801e23101b01000000000000000000000000000000000000
[12:06:46.150109] EP OUT 0x03 len=0 
[12:06:46.157709] EP OUT 0x03 len=0 
[12:06:46.164833] EP OUT 0x03 len=0 
[12:06:46.171859] EP OUT 0x03 len=0 
[12:06:46.176439] EP IN  0x81 len=64 0958230000008687845a48833800001e934c000c003e2d62017a9a0501c8b391d301bdfff43a1500009f1f102b01000000000000000000000000000000000000
[12:06:46.178298] EP OUT 0x03 len=0 
[12:06:46.185539] EP OUT 0x03 len=0 
[12:06:46.188444] EP IN  0x81 len=64 095d230000008687845a48833800001ea64c000c00b82d62016e980501eeb49159c5c0ff3dbb140080df1b101f01000000000000000000000000000000000000
[12:06:46.190334] EP OUT 0x03 len=0 
[12:06:46.192990] EP OUT 0x03 len=0 
[12:06:46.195399] EP OUT 0x03 len=0 
[12:06:46.197643] EP OUT 0x03 len=0 
[12:06:46.200418] EP IN  0x81 len=64 0960230000008687845a48833800001eb24c000c00f82c6201849905010ab591690ec4ffd2be1400a0a016102201000000000000000000000000000000000000
[12:06:46.201939] EP OUT 0x03 len=0 
[12:06:46.209171] EP OUT 0x03 len=0 
[12:06:46.212434] EP IN  0x81 len=64 0963230000008577845a58833800001ebd4c000c00702b62010e9a0501f6b491ea8ac1ff62c01700802014102001000000000000000000000000000000000000
[12:06:46.213943] EP OUT 0x03 len=0 
[12:06:46.221222] EP OUT 0x03 len=0 
[12:06:46.224383] EP IN  0x81 len=64 0966230000008687845948833800001ec94c000c00a426620192990501cab491bc09beff4a071a0020e110101f01000000000000000000000000000000000000
[12:06:46.226084] EP OUT 0x03 len=0 
[12:06:46.233354] EP OUT 0x03 len=0 
[12:06:46.236533] EP IN  0x81 len=64 0969230000008587845a48833800001ed44c000c005c2162012498050181b491a505bfffe0c6170020e015101f01000000000000000000000000000000000000
[12:06:46.238080] EP OUT 0x03 len=0 
[12:06:46.245247] EP OUT 0x03 len=0 
[12:06:46.248414] EP IN  0x81 len=64 096c230000008687845948833800001ee04c000c00c01a62012296050104b491a985beffea4a150060de21102901000000000000000000000000000000000000
[12:06:46.249892] EP OUT 0x03 len=0 
[12:06:46.252506] EP IN  0x81 len=64 096f230000008587845958833800001eeb4c000c009c196201a694050140b3918587bfffdffc1300609d2b102901000000000000000000000000000000000000
[12:06:46.254723] EP OUT 0x03 len=0 
[12:06:46.256809] EP OUT 0x03 len=0 
[12:06:46.260462] EP IN  0x81 len=64 0970230000008687845948833800001eef4c000c00341b620124940501dbb2919605bfff57361200c05c2d102401000000000000000000000000000000000000
[12:06:46.261991] EP OUT 0x03 len=0 
[12:06:46.269329] EP OUT 0x03 len=0 
[12:06:46.272438] EP IN  0x81 len=64 0972230000008687845948833800001ef74c000c00ac206201f892050114b29192c3bcff7b2f0b00c0dd28102401000000000000000000000000000000000000
[12:06:46.274250] EP OUT 0x03 len=0 
[12:06:46.281374] EP OUT 0x03 len=0 
[12:06:46.284519] EP IN  0x81 len=64 0975230000008587845948833800001e024d000c00202b62018691050132b1913606bbff61ec0900601f1d102101000000000000000000000000000000000000
[12:06:46.286169] EP OUT 0x03 len=0 
[12:06:46.293558] EP OUT 0x03 len=0 
[12:06:46.296420] EP IN  0x81 len=64 0978230000008687845a48833800001e0e4d000c00b03162011e9105018cb091d5cab7ffecb51000a0a014101f01000000000000000000000000000000000000
[12:06:46.298069] EP OUT 0x03 len=0 
[12:06:46.305383] EP OUT 0x03 len=0 
[12:06:46.308492] EP IN  0x81 len=64 097b230000008687845a48833800001e194d000c005c3162010691050196b091720cb7ff49811100202019101f01000000000000000000000000000000000000
[12:06:46.310098] EP OUT 0x03 len=0 
[12:06:46.317577] EP OUT 0x03 len=0 
[12:06:46.320404] EP IN  0x81 len=64 0980230000008597845948833800001e2c3d000c002c306201e29005013db1912b09b9ff88511700004925102601000000000000000000000000000000000000
[12:06:46.321850] EP OUT 0x03 len=0 
[12:06:46.324463] EP IN  0x81 len=64 0981230000008587845948833800001e304d000c00463162019c90050146b19155c6b9ff7c36170020de23102301000000000000000000000000000000000000
[12:06:46.326568] EP OUT 0x03 len=0 
[12:06:46.332506] EP IN  0x81 len=64 0982230000008587845a48833800001e344d000c00d03162015890050150b1914606baffa4391700809e21102301000000000000000000000000000000000000
[12:06:46.334004] EP OUT 0x03 len=0 
[12:06:46.341391] EP OUT 0x03 len=0 
[12:06:46.344404] EP IN  0x81 len=64 0984230000008677845958833800001e3c4d000c00b83162011a90050188b191f507bbff54fe1700209f1d102301000000000000000000000000000000000000
[12:06:46.345907] EP OUT 0x03 len=0 
[12:06:46.348419] EP IN  0x81 len=64 0987230000008597845a48833800001e474d000c00a430620118900501dcb1919d0abafffb3f1400609f1d102301000000000000000000000000000000000000
[12:06:46.350771] EP OUT 0x03 len=0 
[12:06:46.353020] EP OUT 0x03 len=0 
[12:06:46.356475] EP IN  0x81 len=64 0988230000008687845948833800001e4b4d000c00283062018e900501e8b191daceb8fff8be1300209f1e102301000000000000000000000000000000000000
[12:06:46.357875] EP OUT 0x03 len=0 
[12:06:46.360436] EP IN  0x81 len=64 098a230000008697845a48833800001e534d000c00382f62011292050136b29194d1b7ff38fe1100809e22102701000000000000000000000000000000000000
[12:06:46.362653] EP OUT 0x03 len=0 
[12:06:46.368429] EP IN  0x81 len=64 098b230000008687845a48833800001e574d000c0092306201949205015cb291724eb9ff33f71000a01e24102701000000000000000000000000000000000000
[12:06:46.369878] EP OUT 0x03 len=0 
[12:06:46.377365] EP OUT 0x03 len=0 
[12:06:46.380474] EP IN  0x81 len=64 098d230000008697845a48833800001e5e4d000c00e03462012693050193b291520abaff386f1100e01e20102301000000000000000000000000000000000000
[12:06:46.382213] EP OUT 0x03 len=0 
[12:06:46.389463] EP OUT 0x03 len=0 
[12:06:46.392447] EP IN  0x81 len=64 0990230000008687845a48833800001e6a4d000c00b43a62010a940501eab2918b8cb7ffaff3170000a019102201000000000000000000000000000000000000
[12:06:46.394035] EP OUT 0x03 len=0 
[12:06:46.401273] EP OUT 0x03 len=0 
[12:06:46.404484] EP IN  0x81 len=64 0993230000008687845948833800001e754d000c0000406201209405014bb3918906b8fff6ef1a00201f1d102001000000000000000000000000000000000000
[12:06:46.406041] EP OUT 0x03 len=0 
[12:06:46.413276] EP OUT 0x03 len=0 
[12:06:46.416408] EP IN  0x81 len=64 0996230000008687845938833800001e814d000c00584662012e930501adb3911504b9ff67b11d00c05f1b101f01000000000000000000000000000000000000
[12:06:46.417959] EP OUT 0x03 len=0 
[12:06:46.425354] EP OUT 0x03 len=0 
[12:06:46.428444] EP IN  0x81 len=64 0999230000008587845948833800001e8c3d000c00744862010c92050116b4915006baff88fc210020f612101f01000000000000000000000000000000000000
[12:06:46.429932] EP OUT 0x03 len=0 
[12:06:46.437369] EP OUT 0x03 len=0 
[12:06:46.440431] EP IN  0x81 len=64 099c230000008587845a48833800001e984d000c0038416201309105018fb49165cabbfff34d1e00c0df18102001000000000000000000000000000000000000
[12:06:46.442033] EP OUT 0x03 len=0 
[12:06:46.449390] EP OUT 0x03 len=0 
[12:06:46.452507] EP IN  0x81 len=64 099f230000008687845a58833800001ea33d000c005839620128910501dbb4911a0bbfff8b05180020f421102001000000000000000000000000000000000000
[12:06:46.454200] EP OUT 0x03 len=0 
[12:06:46.461436] EP OUT 0x03 len=0 
[12:06:46.464447] EP IN  0x81 len=64 09a2230000008687845958833800001eaf4d000c00003462010c92050118b591848ebfff73441100a0de21102201000000000000000000000000000000000000
[12:06:46.465950] EP OUT 0x03 len=0 
[12:06:46.468479] EP IN  0x81 len=64 09a5230000008687845958833800001eba3d000c00cc316201b89105011db591f406bffff6ff0e00209f1f102201000000000000000000000000000000000000
[12:06:46.470832] EP OUT 0x03 len=0 
[12:06:46.472942] EP OUT 0x03 len=0 
[12:06:46.476455] EP IN  0x81 len=64 09a6230000008687845948833800001ebe4d000c00e03162011e9105011db5913944bfff823e0f00a05e21102201000000000000000000000000000000000000
[12:06:46.478099] EP OUT 0x03 len=0 
[12:06:46.485342] EP OUT 0x03 len=0 
[12:06:46.488408] EP IN  0x81 len=64 09a8230000008687845958833800001ec64d000c00a6316201a48f050128b5919f81beff677f110020de23102301000000000000000000000000000000000000
[12:06:46.490000] EP OUT 0x03 len=0 
[12:06:46.497237] EP OUT 0x03 len=0 
[12:06:46.500489] EP IN  0x81 len=64 09ab230000008687845948833800001ed13d000c00e4316201848d05014db591a302c1ff47fd1100609d28102701000000000000000000000000000000000000
[12:06:46.502066] EP OUT 0x03 len=0 
[12:06:46.509738] EP OUT 0x03 len=0 
[12:06:46.516989] EP OUT 0x03 len=0 
[12:06:46.524361] EP OUT 0x03 len=0 
[12:06:46.528411] EP IN  0x81 len=64 09b0230000008587845948833800001ee54d000c00243762013889050131b5914401c3ffff781200009e22101d01000000000000000000000000000000000000
[12:06:46.529817] EP OUT 0x03 len=0 
[12:06:46.532451] EP IN  0x81 len=64 09b5230000008587845958833800001ef84d000c00ac3d62014687050141b4911745c2ff3f761300e09f19102101000000000000000000000000000000000000
[12:06:46.534540] EP OUT 0x03 len=0 
[12:06:46.540475] EP IN  0x81 len=64 09b6230000008587845948833800001efc4d000c00283e62011a87050100b4911a08c2ff2cfa1300202019102101000000000000000000000000000000000000
[12:06:46.541836] EP OUT 0x03 len=0 
[12:06:46.549338] EP OUT 0x03 len=0 
[12:06:46.552425] EP IN  0x81 len=64 09b8230000008597845958833800001e034e000c00503f6201c68605018fb3916cc7c1ff19f91400e0df1a102101000000000000000000000000000000000000
[12:06:46.554075] EP OUT 0x03 len=0 
[12:06:46.561533] EP OUT 0x03 len=0 
[12:06:46.564414] EP IN  0x81 len=64 09bb230000008697845a58833800001e0f4e000c00104162013c860501ccb2919789beffdbfa170020a018102301000000000000000000000000000000000000
[12:06:46.565708] EP OUT 0x03 len=0 
[12:06:46.568408] EP IN  0x81 len=64 09be230000008687845958833800001e1a4e000c003a3f62012086050174b2910a4bbcff97801700202019102301000000000000000000000000000000000000
[12:06:46.570672] EP OUT 0x03 len=0 
[12:06:46.576445] EP IN  0x81 len=64 09bf230000008687845938833800001e1e4e000c00003f6201ec8505015fb291ee08bdff5efe1700c01f1a102301000000000000000000000000000000000000
[12:06:46.578069] EP OUT 0x03 len=0 
[12:06:46.585670] EP OUT 0x03 len=0 
[12:06:46.588472] EP IN  0x81 len=64 09c1230000008587845a58833800001e264e000c007c3f6201c48405011ab291b143bcff33fc1800609f1a102301000000000000000000000000000000000000
[12:06:46.590315] EP OUT 0x03 len=0 
[12:06:46.592979] EP OUT 0x03 len=0 
[12:06:46.596082] EP OUT 0x03 len=0 
[12:06:46.600464] EP IN  0x81 len=64 09c4230000008677845948833800001e313e000c0070406201a2810501d2b1916757bbffedfc1800809f1a102001000000000000000000000000000000000000
[12:06:46.601988] EP OUT 0x03 len=0 
[12:06:46.604474] EP IN  0x81 len=64 09c7230000008587845948833800001e3d4e000c00403d6201ac7e0501aab1912002bcff9b051900a0df1b102201000000000000000000000000000000000000
[12:06:46.606645] EP OUT 0x03 len=0 
[12:06:46.612499] EP IN  0x81 len=64 09c8230000008687845948833800001e414e000c001e3b6201fe7d05018cb1919a05bdff52c81800205f1d102501000000000000000000000000000000000000
[12:06:46.614010] EP OUT 0x03 len=0 
[12:06:46.621227] EP OUT 0x03 len=0 
[12:06:46.624415] EP IN  0x81 len=64 09ca230000008597845948833800001e483e000c00cc376201d87c05016ab1917407bcff31031700e04820102501000000000000000000000000000000000000
[12:06:46.625975] EP OUT 0x03 len=0 
[12:06:46.633383] EP OUT 0x03 len=0 
[12:06:46.636428] EP IN  0x81 len=64 09cd230000008687845948833800001e544e000c0086306201e27b05010bb1917249bbff10ca1500601e23102101000000000000000000000000000000000000
[12:06:46.637880] EP OUT 0x03 len=0 
[12:06:46.640398] EP IN  0x81 len=64 09d0230000008587845948833800001e5f3e000c00f02b6201f47b0501c7b0919862b8ffb1ac1200409e25102601000000000000000000000000000000000000
[12:06:46.642572] EP OUT 0x03 len=0 
[12:06:46.648446] EP IN  0x81 len=64 09d1230000008587845948833800001e634e000c002c2b6201047c050196b091a90db9ff74021200009e25102601000000000000000000000000000000000000
[12:06:46.649927] EP OUT 0x03 len=0 
[12:06:46.657217] EP OUT 0x03 len=0 
[12:06:46.660477] EP IN  0x81 len=64 09d3230000008697845948833800001e6b4e000c00d62a62017e7b05014cb091b8c7b7ff99fe1000809e23102601000000000000000000000000000000000000
[12:06:46.662101] EP OUT 0x03 len=0 
[12:06:46.669624] EP OUT 0x03 len=0 
[12:06:46.672450] EP IN  0x81 len=64 09d6230000008697845948833800001e763e000c00ec296201d27a050138b0914260b3ffa1aa1200809e20101801000000000000000000000000000000000000
[12:06:46.674044] EP OUT 0x03 len=0 
[12:06:46.676470] EP IN  0x81 len=64 09d9230000008587845a48833800001e824e000c004c2862016a7a05017eb091e408b6ff1cfe1000a05e25102a01000000000000000000000000000000000000
[12:06:46.678584] EP OUT 0x03 len=0 
[12:06:46.681115] EP OUT 0x03 len=0 
[12:06:46.684466] EP IN  0x81 len=64 09da230000008687845948833800001e864e000c00f0296201387a050184b09163c8b7ff31f61000809e24102a01000000000000000000000000000000000000
[12:06:46.686047] EP OUT 0x03 len=0 
[12:06:46.693515] EP OUT 0x03 len=0 
[12:06:46.696411] EP IN  0x81 len=64 09dc230000008587845a48833800001e8d3e000c00742e62014e79050190b0914c05b8ffee9e1000604920101f01000000000000000000000000000000000000
[12:06:46.697890] EP OUT 0x03 len=0 
[12:06:46.705096] EP OUT 0x03 len=0 
[12:06:46.708469] EP IN  0x81 len=64 09df230000008587845948833800001e994e000c009c326201c0770501bcb0918882b7ffdf391500c0e014101a01000000000000000000000000000000000000
[12:06:46.710145] EP OUT 0x03 len=0 
[12:06:46.717298] EP OUT 0x03 len=0 
[12:06:46.720413] EP IN  0x81 len=64 09e2230000008687845958833800001ea43e000c002c3262016c75050100b19131aebaff2ffe170080f612101d01000000000000000000000000000000000000
[12:06:46.722142] EP OUT 0x03 len=0 
[12:06:46.729644] EP OUT 0x03 len=0 
[12:06:46.732459] EP IN  0x81 len=64 09e7230000008687845948833800001eb84e000c0080306201d66f0501deb091d0fcbcff0f84170040a016102401000000000000000000000000000000000000
[12:06:46.734100] EP OUT 0x03 len=0 
[12:06:46.741476] EP OUT 0x03 len=0 
[12:06:46.744423] EP IN  0x81 len=64 09e8230000008687845948833800001ebc4e000c00402e6201ea6e0501d6b091e900bcff0a091700a09f18102301000000000000000000000000000000000000
[12:06:46.745874] EP OUT 0x03 len=0 
[12:06:46.748483] EP IN  0x81 len=64 09eb230000008697845a48833800001ec74e000c008c256201246e0501efb091c0cbbcff6e101600001f22102001000000000000000000000000000000000000
[12:06:46.750763] EP OUT 0x03 len=0 
[12:06:46.753102] EP OUT 0x03 len=0 
[12:06:46.756462] EP IN  0x81 len=64 09ec230000008597845a58833800001ecb4e000c00302262013c6e050101b1910d4cbeff2bcf1400e05d25102001000000000000000000000000000000000000
[12:06:46.757936] EP OUT 0x03 len=0 
[12:06:46.760417] EP IN  0x81 len=64 09ee230000008687845a48833800001ed34e000c00d01c6201806e0501feb091be4cbeff244b1200801d2a101e01000000000000000000000000000000000000
[12:06:46.762662] EP OUT 0x03 len=0 
[12:06:46.768415] EP IN  0x81 len=64 09ef230000008587845a58833800001ed63e000c004c1b6201946e0501fcb091390cbdff0d051200a09d2a101e01000000000000000000000000000000000000
[12:06:46.769981] EP OUT 0x03 len=0 
[12:06:46.777318] EP OUT 0x03 len=0 
[12:06:46.780404] EP IN  0x81 len=64 09f1230000008687845848833800001ede4e000c0008186201fc6e050107b1911e0ebcff78051100c09d29102001000000000000000000000000000000000000
[12:06:46.781946] EP OUT 0x03 len=0 
[12:06:46.784428] EP IN  0x81 len=64 09f4230000008597845948833800001eea4e000c0036156201e46e050132b1919f08bcff8ac00e00209e25102101000000000000000000000000000000000000
[12:06:46.786668] EP OUT 0x03 len=0 
[12:06:46.792428] EP IN  0x81 len=64 09f5230000008587845948833800001eed3e000c00521562017e6e050135b191905bbbff98a80e00409e23102401000000000000000000000000000000000000
[12:06:46.794110] EP OUT 0x03 len=0 
[12:06:46.801521] EP OUT 0x03 len=0 
[12:06:46.804463] EP IN  0x81 len=64 09f7230000008687845958833800001ef54e000c0016156201ba6d050148b191cb86bcfffeff0c0080de1f102601000000000000000000000000000000000000
[12:06:46.805885] EP OUT 0x03 len=0 
[12:06:46.813501] EP OUT 0x03 len=0 
[12:06:46.816402] EP IN  0x81 len=64 09fa230000008687845a58833800001e014f000c00e8136201ba6c050160b191a105c1ff3e420f00e01f18102801000000000000000000000000000000000000
[12:06:46.817954] EP OUT 0x03 len=0 
[12:06:46.825175] EP OUT 0x03 len=0 
[12:06:46.828455] EP IN  0x81 len=64 09fd230000008687845948833800001e0c4f000c001c0f6201466c050178b1914789c1ff71c81100c01f1a102601000000000000000000000000000000000000
[12:06:46.830137] EP OUT 0x03 len=0 
[12:06:46.837393] EP OUT 0x03 len=0 
[12:06:46.840409] EP IN  0x81 len=64 0900230000008587845948833800001e184f000c00080e6201d86b05016db191b548c3ff613b1200c09e21102001000000000000000000000000000000000000
[12:06:46.841996] EP OUT 0x03 len=0 
[12:06:46.848447] EP IN  0x81 len=64 0903230000008587845948833800001e234f000c00dc0d62016a6b05011fb1910b49c0ff00ff1300001f1f101d01000000000000000000000000000000000000
[12:06:46.853019] EP OUT 0x03 len=0 
[12:06:46.856390] EP IN  0x81 len=64 0905230000008687845a48833800001e2b4f000c00480c62016c6b0501f2b091444abdffec001500005f1e101d01000000000000000000000000000000000000
[12:06:46.857789] EP OUT 0x03 len=0 
[12:06:46.860477] EP IN  0x81 len=64 0907230000008687845948833800001e323f000c00580a6201586b0501cfb09196b4bcffb8ab1300404921101f01000000000000000000000000000000000000
[12:06:46.862683] EP OUT 0x03 len=0 
[12:06:46.868527] EP IN  0x81 len=64 0908230000008687845948833800001e364f000c004e0962010e6b0501c4b091e907bcff33c31300a09e23101f01000000000000000000000000000000000000
[12:06:46.870275] EP OUT 0x03 len=0 
[12:06:46.877578] EP OUT 0x03 len=0 
[12:06:46.880419] EP IN  0x81 len=64 090a230000008587845a58833800001e3e4f000c00b0096201026a0501c3b091e682bcff747c1000605d27101e01000000000000000000000000000000000000
[12:06:46.882123] EP OUT 0x03 len=0 
[12:06:46.889597] EP OUT 0x03 len=0 
[12:06:46.896957] EP OUT 0x03 len=0 
[12:06:46.904069] EP OUT 0x03 len=0 
[12:06:46.908495] EP IN  0x81 len=64 090f230000008687845a58833800001e514f000c00340e6201ae6505013eb09173ffbffff03d1000c05f18102101000000000000000000000000000000000000
[12:06:46.910272] EP OUT 0x03 len=0 
[12:06:46.917854] EP OUT 0x03 len=0 
[12:06:46.925295] EP OUT 0x03 len=0 
[12:06:46.932536] EP OUT 0x03 len=0 
[12:06:46.936446] EP IN  0x81 len=64 0916230000008587845a48833800001e6c4f000c0076026201ec5e05017daf911504bdffad871000801e21102501000000000000000000000000000000000000
[12:06:46.937928] EP OUT 0x03 len=0 
[12:06:46.945309] EP OUT 0x03 len=0 
[12:06:46.948477] EP IN  0x81 len=64 091b230000008677845958833800001e7f4f000c00d0026201ae60050150ae91d811bdff4af60a00e0dd26102901000000000000000000000000000000000000
[12:06:46.950011] EP OUT 0x03 len=0 
[12:06:46.957536] EP OUT 0x03 len=0 
[12:06:46.960406] EP IN  0x81 len=64 091e230000008697845948833800001e8b4f000c0094046201f0610501f8ad9199ceb7ff6e7d0c00c0df1e102901000000000000000000000000000000000000
[12:06:46.962048] EP OUT 0x03 len=0 
[12:06:46.969301] EP OUT 0x03 len=0 
[12:06:46.972404] EP IN  0x81 len=64 0921230000008587845a48833800001e964f000c00fcff6101d662050133ae91d78eb3ffb007100040df1e102601000000000000000000000000000000000000
[12:06:46.973697] EP OUT 0x03 len=0 
[12:06:46.976437] EP IN  0x81 len=64 0924230000008587845948833800001ea24f000c002cfc6101f462050198ae9130c9b4ff8e031000001f1d102201000000000000000000000000000000000000
[12:06:46.978832] EP OUT 0x03 len=0 
[12:06:46.981009] EP OUT 0x03 len=0 
[12:06:46.984429] EP IN  0x81 len=64 0925230000008787845a58833800001ea64f000c00c8fb6101ba620501b9ae91b3c8b5ffb5001000c09f1a102201000000000000000000000000000000000000
[12:06:46.986056] EP OUT 0x03 len=0 
[12:06:46.993504] EP OUT 0x03 len=0 
[12:06:46.996468] EP IN  0x81 len=64 0927230000008687845948833800001ead4f000c00c2fa6101d0610501efae91c004b6ffd9c11000802016102101000000000000000000000000000000000000
[12:06:46.998202] EP OUT 0x03 len=0 
[12:06:47.005654] EP OUT 0x03 len=0 
[12:06:47.012843] EP OUT 0x03 len=0 
[12:06:47.020040] EP OUT 0x03 len=0 
[12:06:47.024429] EP IN  0x81 len=64 092c230000008687845958833800001ec03f000c0028f06101685f0501c1af91775eb8ffcc5e120040a015102301000000000000000000000000000000000000
[12:06:47.026230] EP OUT 0x03 len=0 
[12:06:47.033772] EP OUT 0x03 len=0 
[12:06:47.041204] EP OUT 0x03 len=0 
[12:06:47.048452] EP OUT 0x03 len=0 
[12:06:47.052431] EP IN  0x81 len=64 0933230000008587845958833800001edb3f000c00c0eb6101985f050117b091290cc0ff2bf81000e09c30102b01000000000000000000000000000000000000
[12:06:47.054003] EP OUT 0x03 len=0 
[12:06:47.056415] EP IN  0x81 len=64 0938230000008687845948833800001eef4f000c006cf0610164600501ceaf91dcc5baff1a751900609c30102101000000000000000000000000000000000000
[12:06:47.058594] EP OUT 0x03 len=0 
[12:06:47.064434] EP IN  0x81 len=64 0939230000008687845948833800001ef23f000c0064f16101e05f0501c4af91f704baff16f81900e09c2d102101000000000000000000000000000000000000
[12:06:47.066142] EP OUT 0x03 len=0 
[12:06:47.073672] EP OUT 0x03 len=0 
[12:06:47.076412] EP IN  0x81 len=64 093d230000008697845a48833800001e0240000c00ecf361016a5d0501c8af913843baff573c1400402019101f01000000000000000000000000000000000000
[12:06:47.078135] EP OUT 0x03 len=0 
[12:06:47.080744] EP OUT 0x03 len=0 
[12:06:47.082827] EP OUT 0x03 len=0 
[12:06:47.084949] EP OUT 0x03 len=0 
[12:06:47.088413] EP IN  0x81 len=64 093e230000008587845948833800001e0640000c00b4f36101e85c0501e2af915304baff2b3f1300006016101f01000000000000000000000000000000000000
[12:06:47.089917] EP OUT 0x03 len=0 
[12:06:47.092506] EP IN  0x81 len=64 0941230000008587845938833800001e1140000c0068f46101265c050116b0910e06bcfff878110000a016102501000000000000000000000000000000000000
[12:06:47.094758] EP OUT 0x03 len=0 
[12:06:47.096826] EP OUT 0x03 len=0 
[12:06:47.100481] EP IN  0x81 len=64 0942230000008687845948833800001e1540000c0086f56101285c050120b09152c8bcff8377100080e016102501000000000000000000000000000000000000
[12:06:47.101951] EP OUT 0x03 len=0 
[12:06:47.109440] EP OUT 0x03 len=0 
[12:06:47.112392] EP IN  0x81 len=64 0944230000008687845a58833800001e1d40000c00daf76101d05c05012cb0913e4dbfffdaf50d00c02015102101000000000000000000000000000000000000
[12:06:47.113989] EP OUT 0x03 len=0 
[12:06:47.121159] EP OUT 0x03 len=0 
[12:06:47.124433] EP IN  0x81 len=64 0947230000008687845958833800001e2840000c0030fd6101b45d050142b091d3cbc0ffbff00e00a06015101e01000000000000000000000000000000000000
[12:06:47.125844] EP OUT 0x03 len=0 
[12:06:47.133219] EP OUT 0x03 len=0 
[12:06:47.136446] EP IN  0x81 len=64 094a230000008687845948833800001e3440000c0088026201805e050144b091800bc0ff7bf61000006111101d01000000000000000000000000000000000000
[12:06:47.137998] EP OUT 0x03 len=0 
[12:06:47.145213] EP OUT 0x03 len=0 
[12:06:47.148469] EP IN  0x81 len=64 094d230000008587845958833800001e3f40000c001c006201e65e05015bb09189cbbfff1204160040a016101d01000000000000000000000000000000000000
[12:06:47.149980] EP OUT 0x03 len=0 
[12:06:47.157356] EP OUT 0x03 len=0 
[12:06:47.160439] EP IN  0x81 len=64 0950230000008687845a48833800001e4b40000c0028f96101f65d050172b091d4c6bcff034b1200401f1f101d01000000000000000000000000000000000000
[12:06:47.162095] EP OUT 0x03 len=0 
[12:06:47.169568] EP OUT 0x03 len=0 
[12:06:47.172479] EP IN  0x81 len=64 0953230000008697845958833800001e5640000c0056f361012e5c050168b0916d83bdffd2ca0c00209f20102501000000000000000000000000000000000000
[12:06:47.174228] EP OUT 0x03 len=0 
[12:06:47.181805] EP OUT 0x03 len=0 
[12:06:47.188894] EP OUT 0x03 len=0 
[12:06:47.196051] EP OUT 0x03 len=0 
[12:06:47.200390] EP IN  0x81 len=64 0958230000008587845958833800001e6930000c0048e96101d05705013fb091fd58c2ffe2040100e09d23102501000000000000000000000000000000000000
[12:06:47.202127] EP OUT 0x03 len=0 
[12:06:47.209825] EP OUT 0x03 len=0 
[12:06:47.217249] EP OUT 0x03 len=0 
[12:06:47.224689] EP OUT 0x03 len=0 
[12:06:47.228501] EP IN  0x81 len=64 095f230000008687845a58833800001e8440000c0044ed6101ca5205017daf918c81c1ff1d7d0600a01e1f102101000000000000000000000000000000000000
[12:06:47.229904] EP OUT 0x03 len=0 
[12:06:47.232437] EP IN  0x81 len=64 0964230000008687845958833800001e9730000c006cf561014c500501e4ae91fe04bfffc49f0a00009f1f102501000000000000000000000000000000000000
[12:06:47.234572] EP OUT 0x03 len=0 
[12:06:47.236950] EP OUT 0x03 len=0 
[12:06:47.240414] EP IN  0x81 len=64 0965230000008687845948833800001e9b40000c00c6f76101d24f0501c3ae91bcc3bdff62720a00209f1d102501000000000000000000000000000000000000
[12:06:47.241907] EP OUT 0x03 len=0 
[12:06:47.249454] EP OUT 0x03 len=0 
[12:06:47.252488] EP IN  0x81 len=64 0967230000008697845958833800001ea340000c0030fc6101fe4e0501baae91eb03bdffafb20a0020e017102401000000000000000000000000000000000000
[12:06:47.254121] EP OUT 0x03 len=0 
[12:06:47.261400] EP OUT 0x03 len=0 
[12:06:47.264432] EP IN  0x81 len=64 096a230000008687845958833800001eae30000c00140162017c4d0501d2ae918604bdff49a20e0000a017102301000000000000000000000000000000000000
[12:06:47.265773] EP OUT 0x03 len=0 
[12:06:47.268472] EP IN  0x81 len=64 096d230000008697845948833800001eba40000c00d40362019e4b0501f4ae913782bcff05fb1200205f1b102301000000000000000000000000000000000000
[12:06:47.270757] EP OUT 0x03 len=0 
[12:06:47.276511] EP IN  0x81 len=64 096e230000008687845a48833800001ebe40000c0058046201164b050102af91ed83bcff39fb1200605f1e102901000000000000000000000000000000000000
[12:06:47.278279] EP OUT 0x03 len=0 
[12:06:47.285819] EP OUT 0x03 len=0 
[12:06:47.293224] EP OUT 0x03 len=0 
[12:06:47.296417] EP IN  0x81 len=64 0972230000008587845958833800001ecd40000c009407620106490501c6ae91b905bdff93fa1000001f21102701000000000000000000000000000000000000
[12:06:47.298109] EP OUT 0x03 len=0 
[12:06:47.305474] EP OUT 0x03 len=0 
[12:06:47.308442] EP IN  0x81 len=64 0975230000008687845958833800001ed940000c0016086201784805017cae913e08baff1b7f1100605e20102201000000000000000000000000000000000000
[12:06:47.309916] EP OUT 0x03 len=0 
[12:06:47.317647] EP OUT 0x03 len=0 
[12:06:47.320415] EP IN  0x81 len=64 0978230000008677845958833800001ee440000c00b8096201ec47050154ae911706b9ff4af81200009f20102101000000000000000000000000000000000000
[12:06:47.321955] EP OUT 0x03 len=0 
[12:06:47.324409] EP OUT 0x03 len=0 
[12:06:47.326842] EP OUT 0x03 len=0 
[12:06:47.329108] EP OUT 0x03 len=0 
[12:06:47.332465] EP IN  0x81 len=64 097b230000008687845a48833800001ef040000c00e00c6201f8460501c2ae917c84b8ff71f91100609f1e102201000000000000000000000000000000000000
[12:06:47.334012] EP OUT 0x03 len=0 
[12:06:47.341113] EP OUT 0x03 len=0 
[12:06:47.344420] EP IN  0x81 len=64 097e230000008687845a48833800001efb40000c00580e6201d64605016caf910249bcffd73b0f0020df1e102201000000000000000000000000000000000000
[12:06:47.345905] EP OUT 0x03 len=0 
[12:06:47.348477] EP IN  0x81 len=64 0981230000008597845a48833800001e0741000c00640f62013c480501fdaf9192ccbfffe2f90e00a09e21102401000000000000000000000000000000000000
[12:06:47.350564] EP OUT 0x03 len=0 
[12:06:47.356494] EP IN  0x81 len=64 0982230000008687845a38833800001e0b41000c00b01062019848050122b091630bc0ffaeb60f00605e23102401000000000000000000000000000000000000
[12:06:47.358060] EP OUT 0x03 len=0 
[12:06:47.365770] EP OUT 0x03 len=0 
[12:06:47.372909] EP OUT 0x03 len=0 
[12:06:47.380069] EP OUT 0x03 len=0 
[12:06:47.384455] EP IN  0x81 len=64 0986230000008697845a58833800001e1a41000c0094186201d8480501b5b091bb85bdff4ff01300e01e21102201000000000000000000000000000000000000
[12:06:47.386261] EP OUT 0x03 len=0 
[12:06:47.393692] EP OUT 0x03 len=0 
[12:06:47.396464] EP IN  0x81 len=64 098d230000008597845948833800001e3541000c00a81b62015647050173b1913548baff50ff1800a09f1a102501000000000000000000000000000000000000
[12:06:47.398046] EP OUT 0x03 len=0 
[12:06:47.400887] EP OUT 0x03 len=0 
[12:06:47.403329] EP OUT 0x03 len=0 
[12:06:47.408444] EP IN  0x81 len=64 098e230000008687845a48833800001e3941000c002e1b6201144705018ab1916f46bbff1d001900609f19102501000000000000000000000000000000000000
[12:06:47.410154] EP OUT 0x03 len=0 
[12:06:47.417644] EP OUT 0x03 len=0 
[12:06:47.420403] EP IN  0x81 len=64 0993230000008687845958833800001e4c41000c002c1a62013a450501e6b1917605bfffc67e1500e09f1a102801000000000000000000000000000000000000
[12:06:47.422018] EP OUT 0x03 len=0 
[12:06:47.429193] EP OUT 0x03 len=0 
[12:06:47.432409] EP IN  0x81 len=64 0994230000008687845948833800001e5041000c002e1a6201e64405010ab2919604c0ff26fe1300609f1b102c01000000000000000000000000000000000000
[12:06:47.434061] EP OUT 0x03 len=0 
[12:06:47.441713] EP OUT 0x03 len=0 
[12:06:47.444457] EP IN  0x81 len=64 0999230000008687845a58833800001e6341000c00341962017a44050111b2912609c2ff7bfd1000609f1e102201000000000000000000000000000000000000
[12:06:47.446050] EP OUT 0x03 len=0 
[12:06:47.448648] EP OUT 0x03 len=0 
[12:06:47.450834] EP OUT 0x03 len=0 
[12:06:47.456433] EP IN  0x81 len=64 099a230000008687845948833800001e6741000c009e19620152440501feb1913888c1ff9a3b1000e05e1f102201000000000000000000000000000000000000
[12:06:47.457704] EP OUT 0x03 len=0 
[12:06:47.460389] EP IN  0x81 len=64 099d230000008677845948833800001e7241000c00041e620126440501bfb1910809c1ff6c730e00601f1f102201000000000000000000000000000000000000
[12:06:47.462499] EP OUT 0x03 len=0 
[12:06:47.468528] EP IN  0x81 len=64 099e230000008687845958833800001e7641000c00002062010a440501a9b1912607c1ffb4f20d00405f1d102201000000000000000000000000000000000000
[12:06:47.470252] EP OUT 0x03 len=0 
[12:06:47.477616] EP OUT 0x03 len=0 
[12:06:47.480423] EP IN  0x81 len=64 09a0230000008587845948833800001e7e41000c0096236201744305015cb19159c5c0ffc5340f00c09f1a101f01000000000000000000000000000000000000
[12:06:47.482031] EP OUT 0x03 len=0 
[12:06:47.489392] EP OUT 0x03 len=0 
[12:06:47.492411] EP IN  0x81 len=64 09a3230000008687845948833800001e8941000c005c256201644205012cb1919a05beff82bb120040df1c101f01000000000000000000000000000000000000
[12:06:47.493929] EP OUT 0x03 len=0 
[12:06:47.496401] EP IN  0x81 len=64 09a6230000008587845a48833800001e9541000c0030266201a8400501e5b0917903bfff45fd1000601e21102701000000000000000000000000000000000000
[12:06:47.498464] EP OUT 0x03 len=0 
[12:06:47.504437] EP IN  0x81 len=64 09a7230000008597845948833800001e9941000c00e026620124400501cfb091e383beff3efb1000a01e22102701000000000000000000000000000000000000
[12:06:47.505882] EP OUT 0x03 len=0 
[12:06:47.513329] EP OUT 0x03 len=0 
[12:06:47.516447] EP IN  0x81 len=64 09a9230000008687845948833800001ea041000c0028286201c63e0501b5b091a3ffbdff4afb1200e01d25102201000000000000000000000000000000000000
[12:06:47.518187] EP OUT 0x03 len=0 
[12:06:47.525649] EP OUT 0x03 len=0 
[12:06:47.528390] EP IN  0x81 len=64 09ae230000008687845948833800001eb331000c00bc2862013c3a050149b09129afbfffcaab1300004a1d102201000000000000000000000000000000000000
[12:06:47.529834] EP OUT 0x03 len=0 
[12:06:47.532211] EP OUT 0x03 len=0 
[12:06:47.534680] EP OUT 0x03 len=0 
[12:06:47.536916] EP OUT 0x03 len=0 
[12:06:47.540483] EP IN  0x81 len=64 09af230000008687845948833800001eb741000c004c276201b439050142b0916644c0ffd3041200605f1c102201000000000000000000000000000000000000
[12:06:47.541791] EP OUT 0x03 len=0 
[12:06:47.544455] EP IN  0x81 len=64 09b2230000008687845958833800001ec341000c00d02262016c3805010ab0914805c1ffe0440e00809e21102601000000000000000000000000000000000000
[12:06:47.546755] EP OUT 0x03 len=0 
[12:06:47.549034] EP OUT 0x03 len=0 
[12:06:47.552428] EP IN  0x81 len=64 09b3230000008687845948833800001ec741000c009a226201d6370501f1af916004c0ff18010e00609e22102601000000000000000000000000000000000000
[12:06:47.553978] EP OUT 0x03 len=0 
[12:06:47.561268] EP OUT 0x03 len=0 
[12:06:47.564416] EP IN  0x81 len=64 09b5230000008687845948833800001ece41000c0078236201fc360501beaf919205bfff22bb0d00001f21102901000000000000000000000000000000000000
[12:06:47.565754] EP OUT 0x03 len=0 
[12:06:47.568411] EP IN  0x81 len=64 09b8230000008587845948833800001eda41000c000c266201e235050140af91f285bcff8afa0900806019102b01000000000000000000000000000000000000
[12:06:47.570661] EP OUT 0x03 len=0 
[12:06:47.576458] EP IN  0x81 len=64 09b9230000008587845a48833800001ede41000c0028266201c835050126af913249bbff85bd0a00c01f18102401000000000000000000000000000000000000
[12:06:47.578094] EP OUT 0x03 len=0 
[12:06:47.585335] EP OUT 0x03 len=0 
[12:06:47.588482] EP IN  0x81 len=64 09bb230000008687845948833800001ee541000c00ba256201aa35050102af91e6c9bcffc37f0c00a0df1a102201000000000000000000000000000000000000
[12:06:47.590098] EP OUT 0x03 len=0 
[12:06:47.597325] EP OUT 0x03 len=0 
[12:06:47.600400] EP IN  0x81 len=64 09be230000008597845948833800001ef141000c000c2a62011e350501b3ae910288bcfff7330d00e05e1e102201000000000000000000000000000000000000
[12:06:47.601932] EP OUT 0x03 len=0 
[12:06:47.604477] EP IN  0x81 len=64 09c1230000008687845948833800001efc41000c00762d62012635050184ae9130cbbaffebb70f00609f1c102001000000000000000000000000000000000000
[12:06:47.606623] EP OUT 0x03 len=0 
[12:06:47.612478] EP IN  0x81 len=64 09c2230000008687845948833800001e0042000c00602e6201303505017cae91030abcff13791100405f1c101d01000000000000000000000000000000000000
[12:06:47.613963] EP OUT 0x03 len=0 
[12:06:47.621327] EP OUT 0x03 len=0 
[12:06:47.624404] EP IN  0x81 len=64 09c4230000008697845948833800001e0842000c00403162013435050155ae91824abaff3b741200409f1d101d01000000000000000000000000000000000000
[12:06:47.626054] EP OUT 0x03 len=0 
[12:06:47.633378] EP OUT 0x03 len=0 
[12:06:47.636484] EP IN  0x81 len=64 09c7230000008787845948833800001e1332000c00603762018834050126ae91115bbaff0c9e1400a09e1f102501000000000000000000000000000000000000
[12:06:47.637952] EP OUT 0x03 len=0 
[12:06:47.645218] EP OUT 0x03 len=0 
[12:06:47.648418] EP IN  0x81 len=64 09ca230000008687845a48833800001e1f42000c00c8396201ea32050157ae9141c4b9ff20fd1400609f1d102001000000000000000000000000000000000000
[12:06:47.649767] EP OUT 0x03 len=0 
[12:06:47.652475] EP IN  0x81 len=64 09cd230000008687845958833800001e2a32000c00ce376201d8310501c9ae911108bbff76561400009f1e102001000000000000000000000000000000000000
[12:06:47.654645] EP OUT 0x03 len=0 
[12:06:47.660489] EP IN  0x81 len=64 09ce230000008587845a58833800001e2e42000c008a366201ca310501fcae917208bcff99c41400805e20102301000000000000000000000000000000000000
[12:06:47.662176] EP OUT 0x03 len=0 
[12:06:47.669858] EP OUT 0x03 len=0 
[12:06:47.676936] EP OUT 0x03 len=0 
[12:06:47.680417] EP IN  0x81 len=64 09d2230000008687845a48833800001e3e42000c0038356201cc320501b8af91a60cbeff477c1000209d29102601000000000000000000000000000000000000
[12:06:47.681936] EP OUT 0x03 len=0 
[12:06:47.684462] EP IN  0x81 len=64 09d5230000008687845948833800001e4942000c00823a6201e834050122b091b24fbffff36f0c0080de23102701000000000000000000000000000000000000
[12:06:47.686903] EP OUT 0x03 len=0 
[12:06:47.688957] EP OUT 0x03 len=0 
[12:06:47.692462] EP IN  0x81 len=64 09d6230000008687845938833800001e4d42000c004c3c62018e3505014db091750ec0ff22f20c00401f1f102601000000000000000000000000000000000000
[12:06:47.694153] EP OUT 0x03 len=0 
[12:06:47.701775] EP OUT 0x03 len=0 
[12:06:47.709011] EP OUT 0x03 len=0 
[12:06:47.715846] EP OUT 0x03 len=0 
[12:06:47.720421] EP IN  0x81 len=64 09da230000008687845948833800001e5c42000c00b03b62014c380501e7b091760fbfffb6fe1400c0df1a102601000000000000000000000000000000000000
[12:06:47.722114] EP OUT 0x03 len=0 
[12:06:47.729550] EP OUT 0x03 len=0 
[12:06:47.732479] EP IN  0x81 len=64 09e1230000008687845938833800001e7742000c0098426201e836050143b191b306c2ff97ba1600c0df1a102201000000000000000000000000000000000000
[12:06:47.734072] EP OUT 0x03 len=0 
[12:06:47.740486] EP IN  0x81 len=64 09e2230000008587845948833800001e7b42000c00864362012e3605012fb19137c2c1ffccf9150080df1c102201000000000000000000000000000000000000
[12:06:47.742957] EP OUT 0x03 len=0 
[12:06:47.748406] EP IN  0x81 len=64 09e4230000008587845948833800001e8342000c009048620152340501e9b0914ffdbfffc1ef1300405f1b102601000000000000000000000000000000000000
[12:06:47.749962] EP OUT 0x03 len=0 
[12:06:47.757307] EP OUT 0x03 len=0 
[12:06:47.760393] EP IN  0x81 len=64 09e6230000008587845a48833800001e8a42000c002e4d62015c320501aeb091d77bbfff0e701500006018102601000000000000000000000000000000000000
[12:06:47.762281] EP OUT 0x03 len=0 
[12:06:47.769803] EP OUT 0x03 len=0 
[12:06:47.772475] EP IN  0x81 len=64 09eb230000008687845958833800001e9e42000c00e44c6201082f05015cb0915dc6bfff4bc31400005f1d102301000000000000000000000000000000000000
[12:06:47.774262] EP OUT 0x03 len=0 
[12:06:47.776855] EP OUT 0x03 len=0 
[12:06:47.779094] EP OUT 0x03 len=0 
[12:06:47.781165] EP OUT 0x03 len=0 
[12:06:47.784412] EP IN  0x81 len=64 09ec230000008687845a58833800001ea132000c00fc4b6201f62e05015ab0915309c0fff0ac1200409f20102301000000000000000000000000000000000000
[12:06:47.785841] EP OUT 0x03 len=0 
[12:06:47.788473] EP IN  0x81 len=64 09ef230000008697845948833800001ead42000c00e44a62019a2f050177b091f50bc3ff1ffe0c00201e26102201000000000000000000000000000000000000
[12:06:47.790598] EP OUT 0x03 len=0 
[12:06:47.796513] EP IN  0x81 len=64 09f0230000008687845958833800001eb142000c00084b6201163005017bb091ce0ec3ff2e3d0c00c09d27102201000000000000000000000000000000000000
[12:06:47.798319] EP OUT 0x03 len=0 
[12:06:47.805551] EP OUT 0x03 len=0 
[12:06:47.808418] EP IN  0x81 len=64 09f4230000008587845958833800001ec042000c003c4f62019e30050144b0913107c1ff17f60c00005e25102401000000000000000000000000000000000000
[12:06:47.810000] EP OUT 0x03 len=0 
[12:06:47.817229] EP OUT 0x03 len=0 
[12:06:47.820436] EP IN  0x81 len=64 09f5230000008587845958833800001ec442000c00ae5062016e3005012cb091ae46c0ff9ab60e00c09e24102401000000000000000000000000000000000000
[12:06:47.821984] EP OUT 0x03 len=0 
[12:06:47.829019] EP OUT 0x03 len=0 
[12:06:47.832411] EP IN  0x81 len=64 09f8230000008597845a58833800001ecf32000c0028556201f62f0501e6af913108bfffdef71100009f20102401000000000000000000000000000000000000
[12:06:47.833686] EP OUT 0x03 len=0 
[12:06:47.836473] EP IN  0x81 len=64 09fb230000008687845948833800001edb42000c00e0576201c62f050185af91fd08bcffcbfb1100006019102401000000000000000000000000000000000000
[12:06:47.838613] EP OUT 0x03 len=0 
[12:06:47.844495] EP IN  0x81 len=64 09fc230000008677845a48833800001edf42000c0040576201b22f050178af91278abbff7f00110020a018102201000000000000000000000000000000000000
[12:06:47.846112] EP OUT 0x03 len=0 
[12:06:47.853380] EP OUT 0x03 len=0 
[12:06:47.856401] EP IN  0x81 len=64 09fe230000008587845a48833800001ee632000c00f6556201582f05016aaf91ed08baffabff1000a0f41b102201000000000000000000000000000000000000
[12:06:47.857906] EP OUT 0x03 len=0 
[12:06:47.865204] EP OUT 0x03 len=0 
[12:06:47.868461] EP IN  0x81 len=64 0901230000008587845958833800001ef242000c0080586201c42d050133af915844b9ffb8f80f00001f1f102101000000000000000000000000000000000000
[12:06:47.870022] EP OUT 0x03 len=0 
[12:06:47.877399] EP OUT 0x03 len=0 
[12:06:47.880417] EP IN  0x81 len=64 0904230000008687845a48833800001efd32000c00b65b6201dc2c0501f4ae91d008bbff5d500e0040f518102101000000000000000000000000000000000000
[12:06:47.882002] EP OUT 0x03 len=0 
[12:06:47.889329] EP OUT 0x03 len=0 
[12:06:47.892469] EP IN  0x81 len=64 0907230000008687845958833800001e0943000c00245c6201a62c0501deae914008bbff4efd1100206017102101000000000000000000000000000000000000
[12:06:47.894125] EP OUT 0x03 len=0 
[12:06:47.901366] EP OUT 0x03 len=0 
[12:06:47.904431] EP IN  0x81 len=64 090a230000008587845958833800001e1433000c00b05b6201562c050102af91ecb4b9ff5dfe1300c0f41c102101000000000000000000000000000000000000
[12:06:47.906316] EP OUT 0x03 len=0 
[12:06:47.913690] EP OUT 0x03 len=0 
[12:06:47.916539] EP IN  0x81 len=64 090f230000008597845958833800001e2843000c00e65f6201a22c05011baf91ff85bbff21321900605d2a102801000000000000000000000000000000000000
[12:06:47.918290] EP OUT 0x03 len=0 
[12:06:47.925581] EP OUT 0x03 len=0 
[12:06:47.928450] EP IN  0x81 len=64 0912230000008587845948833800001e3343000c00f4636201182c050120af919747b8ff23f51a0080dd2a101b01000000000000000000000000000000000000
[12:06:47.930073] EP OUT 0x03 len=0 
[12:06:47.937260] EP OUT 0x03 len=0 
[12:06:47.940484] EP IN  0x81 len=64 0913230000008687845938833800001e3743000c006c646201ca2b050142af917106b8ffa5f81b0080dd28101b01000000000000000000000000000000000000
[12:06:47.942007] EP OUT 0x03 len=0 
[12:06:47.949249] EP OUT 0x03 len=0 
[12:06:47.952459] EP IN  0x81 len=64 0916230000008687845a58833800001e4343000c00d46362016a2a0501a8af917104b8ff457e1800e05d25102601000000000000000000000000000000000000
[12:06:47.954012] EP OUT 0x03 len=0 
[12:06:47.961392] EP OUT 0x03 len=0 
[12:06:47.964495] EP IN  0x81 len=64 0919230000008697845958833800001e4e43000c00c66662019428050109b0914cc2b9ffd9331300a09d28102201000000000000000000000000000000000000
[12:06:47.966231] EP OUT 0x03 len=0 
[12:06:47.973656] EP OUT 0x03 len=0 
[12:06:47.976441] EP IN  0x81 len=64 091e230000008587845948833800001e6143000c00d47a62019e25050100b091bf01c0ff2de31100e09e21102401000000000000000000000000000000000000
[12:06:47.978056] EP OUT 0x03 len=0 
[12:06:47.985377] EP OUT 0x03 len=0 
[12:06:47.988472] EP IN  0x81 len=64 091f230000008687845a38833800001e6543000c00f27e62017c25050100b0917504c0ff3a261200001f1e102401000000000000000000000000000000000000
[12:06:47.990159] EP OUT 0x03 len=0 
[12:06:47.997572] EP OUT 0x03 len=0 
[12:06:48.000446] EP IN  0x81 len=64 0924230000008687845a58833800001e7843000c00e8866201a426050125b091230bc2ffd7381b00c0a012102c01000000000000000000000000000000000000
[12:06:48.002179] EP OUT 0x03 len=0 
[12:06:48.004862] EP OUT 0x03 len=0 
[12:06:48.007054] EP OUT 0x03 len=0 
[12:06:48.012401] EP IN  0x81 len=64 0925230000008687845958833800001e7c43000c0090866201de2605012eb091d28bc1ffccbc1c00006113102901000000000000000000000000000000000000
[12:06:48.013725] EP OUT 0x03 len=0 
[12:06:48.016404] EP IN  0x81 len=64 0928230000008687845a48833800001e8843000c0074866201a626050148b0915607c0ffe37b1b0040a017102301000000000000000000000000000000000000
[12:06:48.018626] EP OUT 0x03 len=0 
[12:06:48.020876] EP OUT 0x03 len=0 
[12:06:48.024410] EP IN  0x81 len=64 0929230000008687845958833800001e8b33000c00f8866201782605014fb0914407c2ff0da51900604a18102301000000000000000000000000000000000000
[12:06:48.025803] EP OUT 0x03 len=0 
[12:06:48.033137] EP OUT 0x03 len=0 
[12:06:48.036471] EP IN  0x81 len=64 092b230000008587845a48833800001e9343000c00d08762011626050145b0917606c5ff78ba1800406016102301000000000000000000000000000000000000
[12:06:48.038022] EP OUT 0x03 len=0 
[12:06:48.045340] EP OUT 0x03 len=0 
[12:06:48.048422] EP IN  0x81 len=64 092e230000008687845948833800001e9f43000c0012856201e42505010ab091890ac7ff9204170040a017102301000000000000000000000000000000000000
[12:06:48.049831] EP OUT 0x03 len=0 
[12:06:48.052480] EP IN  0x81 len=64 0931230000008687845a48833800001eaa43000c00787f62014a260501e4af91f70ac6ffcc481400a01e21102301000000000000000000000000000000000000
[12:06:48.054685] EP OUT 0x03 len=0 
[12:06:48.056876] EP OUT 0x03 len=0 
[12:06:48.060451] EP IN  0x81 len=64 0932230000008687845938833800001eae43000c00467e62018c260501d5af91bf0cc6ff7a831200609e24102501000000000000000000000000000000000000
[12:06:48.062261] EP OUT 0x03 len=0 
[12:06:48.069820] EP OUT 0x03 len=0 
[12:06:48.072411] EP IN  0x81 len=64 0936230000008677845948833800001ebd33000c00d87c62019427050156af91bd0bc3ffe4500c0080f326102001000000000000000000000000000000000000
[12:06:48.073999] EP OUT 0x03 len=0 
[12:06:48.076473] EP OUT 0x03 len=0 
[12:06:48.079022] EP OUT 0x03 len=0 
[12:06:48.081154] EP OUT 0x03 len=0 
[12:06:48.084408] EP IN  0x81 len=64 0937230000008687845a58833800001ec143000c00907d62019a27050136af91ad4ac3ff24fa0c00009e26101d01000000000000000000000000000000000000
[12:06:48.085919] EP OUT 0x03 len=0 
[12:06:48.088417] EP IN  0x81 len=64 093a230000008687845948833800001ecd43000c0060816201d0260501b7ae91ba07bfff82351000001e25101f01000000000000000000000000000000000000
[12:06:48.090567] EP OUT 0x03 len=0 
[12:06:48.096431] EP IN  0x81 len=64 093b230000008687845948833800001ed143000c00908262018c2605019cae914c87beffa4371000201e24102201000000000000000000000000000000000000
[12:06:48.097980] EP OUT 0x03 len=0 
[12:06:48.105329] EP OUT 0x03 len=0 
[12:06:48.108469] EP IN  0x81 len=64 093d230000008787845a48833800001ed843000c00e6856201d825050160ae91cc04beffb4f30d00805e23102201000000000000000000000000000000000000
[12:06:48.110128] EP OUT 0x03 len=0 
[12:06:48.117684] EP OUT 0x03 len=0 
[12:06:48.120408] EP IN  0x81 len=64 0942230000008687845948833800001eeb33000c00f4946201502305019fad916c04beff0af30e0040f519102401000000000000000000000000000000000000
[12:06:48.121832] EP OUT 0x03 len=0 
[12:06:48.124100] EP OUT 0x03 len=0 
[12:06:48.126233] EP OUT 0x03 len=0 
[12:06:48.133334] EP OUT 0x03 len=0 
[12:06:48.136427] EP IN  0x81 len=64 0946230000008687845a48833800001efb43000c006c9a62018c21050100ad914307baff5afb1900e0a00f102301000000000000000000000000000000000000
[12:06:48.137932] EP OUT 0x03 len=0 
[12:06:48.140458] EP IN  0x81 len=64 0947230000008697845948833800001eff43000c00a099620166210501f0ac91504ab9ff35c01900a0a10f102801000000000000000000000000000000000000
[12:06:48.142739] EP OUT 0x03 len=0 
[12:06:48.145040] EP OUT 0x03 len=0 
[12:06:48.148446] EP IN  0x81 len=64 0948230000008687845a48833800001e0234000c00d098620150210501e2ac91bc5fbaff11ab180000a111102801000000000000000000000000000000000000
[12:06:48.150025] EP OUT 0x03 len=0 
[12:06:48.157514] EP OUT 0x03 len=0 
[12:06:48.160392] EP IN  0x81 len=64 094a230000008687845a48833800001e0a44000c001a98620138210501d0ac91ff0bbcff43ff1300c01f19102801000000000000000000000000000000000000
[12:06:48.161732] EP OUT 0x03 len=0 
[12:06:48.164482] EP IN  0x81 len=64 094d230000008687845958833800001e1644000c00e09b62019c21050181ac91644cb9ff3bf21000c09d28102101000000000000000000000000000000000000
[12:06:48.166614] EP OUT 0x03 len=0 
[12:06:48.169024] EP OUT 0x03 len=0 
[12:06:48.172490] EP IN  0x81 len=64 094e230000008697845948833800001e1934000c00dc9d6201d021050176ac91e90bb9ff0bf41000c0472d102101000000000000000000000000000000000000
[12:06:48.174134] EP OUT 0x03 len=0 
[12:06:48.181542] EP OUT 0x03 len=0 
[12:06:48.184424] EP IN  0x81 len=64 0950230000008487845948833800001e2144000c005ca76201b421050145ac91b7c6b7ff74601300409c32101f01000000000000000000000000000000000000
[12:06:48.186166] EP OUT 0x03 len=0 
[12:06:48.193814] EP OUT 0x03 len=0 
[12:06:48.201164] EP OUT 0x03 len=0 
[12:06:48.208128] EP OUT 0x03 len=0 
[12:06:48.212482] EP IN  0x81 len=64 0955230000008687845948833800001e3444000c00a6bf6201a6200501aeab91d906b7ff25661b00401e24102101000000000000000000000000000000000000
[12:06:48.213957] EP OUT 0x03 len=0 
[12:06:48.221258] EP OUT 0x03 len=0 
[12:06:48.224426] EP IN  0x81 len=64 095a230000008587845a58833800001e4844000c0030d26201b020050178ab912388bbffe6a51800a01f1b102601000000000000000000000000000000000000
[12:06:48.226028] EP OUT 0x03 len=0 
[12:06:48.233265] EP OUT 0x03 len=0 
[12:06:48.236480] EP IN  0x81 len=64 095d230000008587845958833800001e5344000c0000de6201dc21050111ab912acebbffb9651700a06018102a01000000000000000000000000000000000000
[12:06:48.237924] EP OUT 0x03 len=0 
[12:06:48.245281] EP OUT 0x03 len=0 
[12:06:48.248434] EP IN  0x81 len=64 0960230000008587845a48833800001e5f44000c0054ea62019824050107ab913552bcffb5e01800c01e25101b01000000000000000000000000000000000000
[12:06:48.250103] EP OUT 0x03 len=0 
[12:06:48.257996] EP OUT 0x03 len=0 
[12:06:48.265032] EP OUT 0x03 len=0 
[12:06:48.272144] EP OUT 0x03 len=0 
[12:06:48.276463] EP IN  0x81 len=64 0965230000008687845a58833800001e7244000c00ea0f63015228050115aa91880dc0ff6dcd1b00e09e23102401000000000000000000000000000000000000
[12:06:48.277935] EP OUT 0x03 len=0 
[12:06:48.285386] EP OUT 0x03 len=0 
[12:06:48.288450] EP IN  0x81 len=64 096a230000008587845958833800001e8544000c00ca426301ea260501d0a7916972c8ff4a2d2200209d2d102901000000000000000000000000000000000000
[12:06:48.289926] EP OUT 0x03 len=0 
[12:06:48.297348] EP OUT 0x03 len=0 
[12:06:48.300466] EP IN  0x81 len=64 096d230000008687845a48833800001e9034000c00cc7a6301141f0501c4a491f2ebc8ffe4582200e09b39102101000000000000000000000000000000000000
[12:06:48.302097] EP OUT 0x03 len=0 
[12:06:48.309718] EP OUT 0x03 len=0 
[12:06:48.312408] EP IN  0x81 len=64 0972230000008687845a58833800001ea444000c0084f663016e100501589d91aa5edcffe3ac1600a0165d102101000000000000000000000000000000000000
[12:06:48.313774] EP OUT 0x03 len=0 
[12:06:48.316433] EP OUT 0x03 len=0 
[12:06:48.318843] EP OUT 0x03 len=0 
[12:06:48.321022] EP OUT 0x03 len=0 
[12:06:48.324473] EP IN  0x81 len=64 0973230000008687845948833800001ea734000c00ec0d6401240e0501e39b91b592dfffe28f100060e86f102101000000000000000000000000000000000000
[12:06:48.326094] EP OUT 0x03 len=0 
[12:06:48.333463] EP OUT 0x03 len=0 
[12:06:48.336426] EP IN  0x81 len=64 0976230000008587845a48833800001eb344000c0076996401820105011094917dfadeffed920400e089ab102401000000000000000000000000000000000000
[12:06:48.337941] EP OUT 0x03 len=0 
[12:06:48.345326] EP OUT 0x03 len=0 
[12:06:48.348379] EP IN  0x81 len=64 0979230000008687845948833800001ebe34000c00e07665015cf30401a287913ebee0fff6c106006089af102201000000000000000000000000000000000000
[12:06:48.349634] EP OUT 0x03 len=0 
[12:06:48.352427] EP IN  0x81 len=64 097c230000008687845a48833800001eca44000c00ae81660164da04010079912afee2ff73142100c09381102201000000000000000000000000000000000000
[12:06:48.354688] EP OUT 0x03 len=0 
[12:06:48.356928] EP OUT 0x03 len=0 
[12:06:48.360479] EP IN  0x81 len=64 097d230000008687845a48833800001ece44000c00e8d8660102d204016f74911542e3ffefdc2d00205969102201000000000000000000000000000000000000
[12:06:48.362094] EP OUT 0x03 len=0 
[12:06:48.369455] EP OUT 0x03 len=0 
[12:06:48.372495] EP IN  0x81 len=64 097f230000008687845948833800001ed534000c00c66d670110c80401796c9191c9f9ff926b3600209e40102301000000000000000000000000000000000000
[12:06:48.374230] EP OUT 0x03 len=0 
[12:06:48.381599] EP OUT 0x03 len=0 
[12:06:48.384423] EP IN  0x81 len=64 0984230000008677845958833800001ee944000c007c2a6901b2b704013f559175e60f005f002600001583102601000000000000000000000000000000000000
[12:06:48.385843] EP OUT 0x03 len=0 
[12:06:48.388289] EP OUT 0x03 len=0 
[12:06:48.390713] EP OUT 0x03 len=0 
[12:06:48.396481] EP IN  0x81 len=64 0985230000008687845958833800001eed44000c0004886901fcb20401e15091f25e110052732800c0d298102301000000000000000000000000000000000000
[12:06:48.398070] EP OUT 0x03 len=0 
[12:06:48.405664] EP OUT 0x03 len=0 
[12:06:48.408412] EP IN  0x81 len=64 098a230000008587845a48833800001e0045000c0058a36b0100830401e44a911acf5a0095ab4d008011fb102301000000000000000000000000000000000000
[12:06:48.409997] EP OUT 0x03 len=0 
[12:06:48.412663] EP OUT 0x03 len=0 
[12:06:48.414857] EP OUT 0x03 len=0 
[12:06:48.417019] EP OUT 0x03 len=0 
[12:06:48.420401] EP IN  0x81 len=64 098b230000008687845948833800001e0445000c00862a6c01706c04016d4d9147816b00e80a4700a01206112301000000000000000000000000000000000000
[12:06:48.421792] EP OUT 0x03 len=0 
[12:06:48.424382] EP IN  0x81 len=64 098e230000008587845948833800001e0f45000c0058a46d018e0a0401bb5e91e3905f006acd39004055ff102601000000000000000000000000000000000000
[12:06:48.426465] EP OUT 0x03 len=0 
[12:06:48.432434] EP IN  0x81 len=64 098f230000008587845958833800001e1345000c00c02f6e018ce00301e76591f93963009c193200a09adb102601000000000000000000000000000000000000
[12:06:48.433768] EP OUT 0x03 len=0 
[12:06:48.436486] EP IN  0x81 len=64 0991230000008687845948833800001e1b45000c00043c6f0156810301a17391d5ee7600001424002062b5102601000000000000000000000000000000000000
[12:06:48.438680] EP OUT 0x03 len=0 
[12:06:48.444513] EP IN  0x81 len=64 0992230000008687845a58833800001e1e35000c00ce9d6f0188590301aa779156ab850000f5fcff60efa2102601000000000000000000000000000000000000
[12:06:48.446058] EP OUT 0x03 len=0 
[12:06:48.448427] EP IN  0x81 len=64 0994230000008687845948833800001e2645000c00e4bd7001760c0301df6991de8e9800f89801ff5023130f2601000000000000000000000000000000000000
[12:06:48.450666] EP OUT 0x03 len=0 
[12:06:48.456439] EP IN  0x81 len=64 0995230000008687845a58833800001e2a45000c00226a7101ba1c03010d4b91c22b9a00faf9eefee036c10d2601000000000000000000000000000000000000
[12:06:48.458015] EP OUT 0x03 len=0 
[12:06:48.465333] EP OUT 0x03 len=0 
[12:06:48.468480] EP IN  0x81 len=64 0997230000008587845948833800001e3245000c008eb1720148a10301570091269daa00ea4ba9ffc07f2a0c2601000000000000000000000000000000000000
[12:06:48.470124] EP OUT 0x03 len=0 
[12:06:48.477472] EP OUT 0x03 len=0 
[12:06:48.480423] EP IN  0x81 len=64 099a230000008587845948833800001e3d45000c00d88f730144a70401ee9d90243a2100b4919500b0412e0c1e01000000000000000000000000000000000000
[12:06:48.482028] EP OUT 0x03 len=0 
[12:06:48.489262] EP OUT 0x03 len=0 
[12:06:48.492468] EP IN  0x81 len=64 099d230000008687845948833800001e4945000c00586273017e9105015c5890fc9afffec021b301f020080e1701000000000000000000000000000000000000
[12:06:48.494086] EP OUT 0x03 len=0 
[12:06:48.501469] EP OUT 0x03 len=0 
[12:06:48.504398] EP IN  0x81 len=64 09a0230000008687845958833800001e5445000c000cd17201ca050601953f9042d316feecee2902007326102601000000000000000000000000000000000000
[12:06:48.506053] EP OUT 0x03 len=0 
[12:06:48.513344] EP OUT 0x03 len=0 
[12:06:48.516475] EP IN  0x81 len=64 09a3230000008787845948833800001e6045000c00a08672016c1c06010d3790905de1fdfcc20f02a097d1112101000000000000000000000000000000000000
[12:06:48.518199] EP OUT 0x03 len=0 
[12:06:48.525694] EP OUT 0x03 len=0 
[12:06:48.533056] EP OUT 0x03 len=0 
[12:06:48.540312] EP OUT 0x03 len=0 
[12:06:48.544434] EP IN  0x81 len=64 09a8230000008687845948833800001e7345000c00d0ce72018ecf0501fd3390a497b4fe52b8af01e0a184112b01000000000000000000000000000000000000
[12:06:48.545983] EP OUT 0x03 len=0 
[12:06:48.553353] EP OUT 0x03 len=0 
[12:06:48.556435] EP IN  0x81 len=64 09ad230000008677845948833800001e8645000c00c8b3720198b20501c4359032e98bff086f3201005154102301000000000000000000000000000000000000
[12:06:48.558108] EP OUT 0x03 len=0 
[12:06:48.565761] EP OUT 0x03 len=0 
[12:06:48.572891] EP OUT 0x03 len=0 
[12:06:48.579845] EP OUT 0x03 len=0 
[12:06:48.584423] EP IN  0x81 len=64 09b2230000008597845948833800001e9945000c00a05e7201e4d00501ec3390974df9ffbe68a600e01b24101f01000000000000000000000000000000000000
[12:06:48.586468] EP OUT 0x03 len=0 
[12:06:48.593796] EP OUT 0x03 len=0 
[12:06:48.601243] EP OUT 0x03 len=0 
[12:06:48.604473] EP IN  0x81 len=64 09b9230000008687845948833800001eb445000c00e2d3720170eb0501f51d90123ae6ffe6bccb0010b0e50f1e01000000000000000000000000000000000000
[12:06:48.606075] EP OUT 0x03 len=0 
[12:06:48.613576] EP OUT 0x03 len=0 
[12:06:48.616414] EP IN  0x81 len=64 09be230000008687845948833800001ec745000c00763273010efe0501a50c901845b0ffe4d22b0160f6aa0f2601000000000000000000000000000000000000
[12:06:48.617861] EP OUT 0x03 len=0 
[12:06:48.625587] EP OUT 0x03 len=0 
[12:06:48.628441] EP IN  0x81 len=64 09bf230000008687845948833800001ecb45000c00ce357301ca010601ca09901b08a7ffb6b23c013034a70f2601000000000000000000000000000000000000
[12:06:48.629932] EP OUT 0x03 len=0 
[12:06:48.637188] EP OUT 0x03 len=0 
[12:06:48.640435] EP IN  0x81 len=64 09c2230000008697845a58833800001ed745000c00401d7301fe0b06019303904e4896ff6a4b5c0170aab70f2901000000000000000000000000000000000000
[12:06:48.642129] EP OUT 0x03 len=0 
[12:06:48.649508] EP OUT 0x03 len=0 
[12:06:48.652483] EP IN  0x81 len=64 09c7230000008687845958833800001eea45000c0024a172019e110601defe8fdf6b9cffb67d5e013017f10f2301000000000000000000000000000000000000
[12:06:48.654123] EP OUT 0x03 len=0 
[12:06:48.661405] EP OUT 0x03 len=0 
[12:06:48.664444] EP IN  0x81 len=64 09c8230000008687845948833800001eee45000c0020807201b811060181fe8f1eea9fffbc035601409501102301000000000000000000000000000000000000
[12:06:48.666194] EP OUT 0x03 len=0 
[12:06:48.673718] EP OUT 0x03 len=0 
[12:06:48.676464] EP IN  0x81 len=64 09cd230000008587845948833800001e0146000c0044f471015e0f0601b3fd8f05d9b8ff486e1501c0d03f102301000000000000000000000000000000000000
[12:06:48.678275] EP OUT 0x03 len=0 
[12:06:48.680992] EP OUT 0x03 len=0 
[12:06:48.683275] EP OUT 0x03 len=0 
[12:06:48.688460] EP IN  0x81 len=64 09ce230000008677845958833800001e0546000c00d4db7101a60e060183fd8f6394befff6e30901c01044102301000000000000000000000000000000000000
[12:06:48.690007] EP OUT 0x03 len=0 
[12:06:48.692452] EP IN  0x81 len=64 09d1230000008697845948833800001e1046000c0072a07101de0c0601f9fc8f5611ccff02d0f60080933c102401000000000000000000000000000000000000
[12:06:48.694597] EP OUT 0x03 len=0 
[12:06:48.700413] EP IN  0x81 len=64 09d2230000008597845948833800001e1446000c00788c7101260d060186fc8f2d98cfff6e0bf30080d535102401000000000000000000000000000000000000
[12:06:48.701874] EP OUT 0x03 len=0 
[12:06:48.709595] EP OUT 0x03 len=0 
[12:06:48.712409] EP IN  0x81 len=64 09d4230000008587845948833800001e1c46000c00946871019012060176fb8fe8facdffd2b8ea0040582e102401000000000000000000000000000000000000
[12:06:48.713983] EP OUT 0x03 len=0 
[12:06:48.721356] EP OUT 0x03 len=0 
[12:06:48.724395] EP IN  0x81 len=64 09d7230000008587845948833800001e2746000c00e448710178210601d9f98f4fd2d3ff1049e800801d21102701000000000000000000000000000000000000
[12:06:48.725845] EP OUT 0x03 len=0 
[12:06:48.728441] EP IN  0x81 len=64 09da230000008587845948833800001e3346000c00b03371011c35060101f68f645bb3ffc436e200209f1f102301000000000000000000000000000000000000
[12:06:48.730513] EP OUT 0x03 len=0 
[12:06:48.736469] EP IN  0x81 len=64 09db230000008687845a48833800001e3746000c00f42f7101083a06019df48fdd11abff40eee500005f24102301000000000000000000000000000000000000
[12:06:48.738007] EP OUT 0x03 len=0 
[12:06:48.745212] EP OUT 0x03 len=0 
[12:06:48.748440] EP IN  0x81 len=64 09dd230000008687845a48833800001e3e46000c00aa3071017840060106f28fc9fe9eff5852f100001f29101f01000000000000000000000000000000000000
[12:06:48.749957] EP OUT 0x03 len=0 
[12:06:48.757469] EP OUT 0x03 len=0 
[12:06:48.760423] EP IN  0x81 len=64 09e0230000008687845948833800001e4a46000c00383d7101d04506015fed8f756685ff22befd00805f2c101e01000000000000000000000000000000000000
[12:06:48.762069] EP OUT 0x03 len=0 
[12:06:48.769188] EP OUT 0x03 len=0 
[12:06:48.772476] EP IN  0x81 len=64 09e3230000008587845948833800001e5546000c0098477101e8450601dae98f0a187dff7c870501e09f23102301000000000000000000000000000000000000
[12:06:48.773998] EP OUT 0x03 len=0 
[12:06:48.776423] EP IN  0x81 len=64 09e6230000008697845948833800001e6146000c00ec4771011c42060101e78fb8067dff4e64ff00209f1a102801000000000000000000000000000000000000
[12:06:48.778915] EP OUT 0x03 len=0 
[12:06:48.781008] EP OUT 0x03 len=0 
[12:06:48.784423] EP IN  0x81 len=64 09e7230000008577845948833800001e6546000c00b44571017e4006014fe68f66887dffc069fa0060de18102801000000000000000000000000000000000000
[12:06:48.786164] EP OUT 0x03 len=0 
[12:06:48.793866] EP OUT 0x03 len=0 
[12:06:48.800909] EP OUT 0x03 len=0 
[12:06:48.807900] EP OUT 0x03 len=0 
[12:06:48.812499] EP IN  0x81 len=64 09eb230000008587845948833800001e7446000c00d23c71017438060117e48fd1fc87ff442ef100405f13102301000000000000000000000000000000000000
[12:06:48.814151] EP OUT 0x03 len=0 
[12:06:48.821589] EP OUT 0x03 len=0 
[12:06:48.824388] EP IN  0x81 len=64 09f2230000008687845948833800001e8f46000c0002397101e631060178df8f7cd49dff3edfdf0080df1e102401000000000000000000000000000000000000
[12:06:48.826084] EP OUT 0x03 len=0 
[12:06:48.833709] EP OUT 0x03 len=0 
[12:06:48.836436] EP IN  0x81 len=64 09f5230000008687845948833800001e9a36000c008c3c71013e330601fbdc8fd1159fffe22bdc0020f51e102401000000000000000000000000000000000000
[12:06:48.837974] EP OUT 0x03 len=0 
[12:06:48.840446] EP OUT 0x03 len=0 
[12:06:48.842437] EP OUT 0x03 len=0 
[12:06:48.844518] EP OUT 0x03 len=0 
[12:06:48.848427] EP IN  0x81 len=64 09f6230000008687845948833800001e9e46000c006a3f7101b0330601d4db8fe7d99cff0a90dc0020601d102501000000000000000000000000000000000000
[12:06:48.849844] EP OUT 0x03 len=0 
[12:06:48.852568] EP IN  0x81 len=64 09f9230000008687845938833800001eaa46000c005c5071019c330601aed78f98928eff54bae200a0a212102601000000000000000000000000000000000000
[12:06:48.854838] EP OUT 0x03 len=0 
[12:06:48.856974] EP OUT 0x03 len=0 
[12:06:48.860475] EP IN  0x81 len=64 09fa230000008587845948833800001eae46000c00cc567101d232060133d68fc6d086ffecfae70040e40a102601000000000000000000000000000000000000
[12:06:48.862105] EP OUT 0x03 len=0 
[12:06:48.869676] EP OUT 0x03 len=0 
[12:06:48.872417] EP IN  0x81 len=64 09fe230000008587845a48833800001ebd46000c00645e7101202d06016fd18f520f64ff52e1060140a6e80f2801000000000000000000000000000000000000
[12:06:48.873807] EP OUT 0x03 len=0 
[12:06:48.876464] EP IN  0x81 len=64 09ff230000008687845958833800001ec146000c000c597101022c0601c1d08f98d45bffc8320e01c065e30f2a01000000000000000000000000000000000000
[12:06:48.878744] EP OUT 0x03 len=0 
[12:06:48.880834] EP OUT 0x03 len=0 
[12:06:48.884483] EP IN  0x81 len=64 0900230000008697845948833800001ec546000c0078507101382b060176d08f30d755ff6e04120110e5e30f2a01000000000000000000000000000000000000
[12:06:48.886118] EP OUT 0x03 len=0 
[12:06:48.893371] EP OUT 0x03 len=0 
[12:06:48.896424] EP IN  0x81 len=64 0902230000008677845a48833800001ecc46000c00ee3c7101042b0601b3d08f649f52ffd2d511017022ed0f2701000000000000000000000000000000000000
[12:06:48.897879] EP OUT 0x03 len=0 
[12:06:48.905182] EP OUT 0x03 len=0 
[12:06:48.908434] EP IN  0x81 len=64 0905230000008677845948833800001ed846000c00941a71016e280601ffd18fbc8e59ff0e9b0701009e04101f01000000000000000000000000000000000000
[12:06:48.910099] EP OUT 0x03 len=0 
[12:06:48.917007] EP OUT 0x03 len=0 
[12:06:48.920420] EP IN  0x81 len=64 0908230000008697845a48833800001ee346000c007cf67001cc23060163d48f46c862ff7a27fd00001c0f101c01000000000000000000000000000000000000
[12:06:48.922193] EP OUT 0x03 len=0 
[12:06:48.928400] EP IN  0x81 len=64 090b230000008697845948833800001eef46000c0008ca70015623060196d78f7cdf76ff1831fc0020dd0a102701000000000000000000000000000000000000
[12:06:48.930627] EP OUT 0x03 len=0 
[12:06:48.936449] EP IN  0x81 len=64 090d230000008677845948833800001ef636000c0028aa7001d62606018cd98f78286bffc41df100e09d12102701000000000000000000000000000000000000
[12:06:48.937999] EP OUT 0x03 len=0 
[12:06:48.945331] EP OUT 0x03 len=0 
[12:06:48.948419] EP IN  0x81 len=64 090f230000008587845a48833800001efe46000c007c887001ca2906012fdc8fc8646eff9034f300605924102401000000000000000000000000000000000000
[12:06:48.949935] EP OUT 0x03 len=0 
[12:06:48.957256] EP OUT 0x03 len=0 
[12:06:48.960468] EP IN  0x81 len=64 0912230000008687845a48833800001e0a47000c00fa5d70013a2b060107e08f42557aff16a7fb00209926102401000000000000000000000000000000000000
[12:06:48.962105] EP OUT 0x03 len=0 
[12:06:48.969475] EP OUT 0x03 len=0 
[12:06:48.972524] EP IN  0x81 len=64 0915230000008687845948833800001e1547000c00e02b7001102d0601c5e48f6ede77ff9247fd00c0d917101f01000000000000000000000000000000000000
[12:06:48.974095] EP OUT 0x03 len=0 
[12:06:48.981474] EP OUT 0x03 len=0 
[12:06:48.984407] EP IN  0x81 len=64 0918230000008687845938833800001e2147000c0060e46f016232060181eb8f906588ff14dff300a09a0f102101000000000000000000000000000000000000
[12:06:48.985810] EP OUT 0x03 len=0 
[12:06:48.988499] EP IN  0x81 len=64 091b230000008587845a58833800001e2c47000c0020a46f016e35060189f18f265996ff5e9bdd00805a12102001000000000000000000000000000000000000
[12:06:48.990752] EP OUT 0x03 len=0 
[12:06:48.996436] EP IN  0x81 len=64 091c230000008587845948833800001e3047000c007c8f6f013a3606019af38f0bd798ffc052d500205b13101f01000000000000000000000000000000000000
[12:06:48.997999] EP OUT 0x03 len=0 
[12:06:49.005715] EP OUT 0x03 len=0 
[12:06:49.012972] EP OUT 0x03 len=0 
[12:06:49.020288] EP OUT 0x03 len=0 
[12:06:49.024427] EP IN  0x81 len=64 0923230000008687845948833800001e4b47000c002c136f01b8400601930090332486ff184ac200c09d09102401000000000000000000000000000000000000
[12:06:49.025999] EP OUT 0x03 len=0 
[12:06:49.033440] EP OUT 0x03 len=0 
[12:06:49.036500] EP IN  0x81 len=64 0927230000008587845948833800001e5a47000c00eccd6e01d6430601c00a90c4ce86ffe0c3d100e0da17102101000000000000000000000000000000000000
[12:06:49.038362] EP OUT 0x03 len=0 
[12:06:49.045705] EP OUT 0x03 len=0 
[12:06:49.048431] EP IN  0x81 len=64 092a230000008597845948833800001e6647000c0078986e01a64606013b1490979189ff5680d900605923101f01000000000000000000000000000000000000
[12:06:49.050156] EP OUT 0x03 len=0 
[12:06:49.053052] EP OUT 0x03 len=0 
[12:06:49.056047] EP OUT 0x03 len=0 
[12:06:49.060422] EP IN  0x81 len=64 092b230000008687845948833800001e6a47000c0010876e0110480601851790df1290ff903eda00209925101f01000000000000000000000000000000000000
[12:06:49.061884] EP OUT 0x03 len=0 
[12:06:49.069260] EP OUT 0x03 len=0 
[12:06:49.072453] EP IN  0x81 len=64 092e230000008687845a48833800001e7547000c00a0596e01164c0601012090f510a5ff60f7d500c0982b102101000000000000000000000000000000000000
[12:06:49.074144] EP OUT 0x03 len=0 
[12:06:49.081161] EP OUT 0x03 len=0 
[12:06:49.084443] EP IN  0x81 len=64 0931230000008587845a48833800001e8147000c0080326e01b84d0601202790fa86b7ff4822d300801a26102401000000000000000000000000000000000000
[12:06:49.086181] EP OUT 0x03 len=0 
[12:06:49.093772] EP OUT 0x03 len=0 
[12:06:49.096425] EP IN  0x81 len=64 0936230000008687845a58833800001e9447000c00e4f86d01224a0601d72c90aa01bcff126bd900401e07102401000000000000000000000000000000000000
[12:06:49.097909] EP OUT 0x03 len=0 
[12:06:49.100172] EP OUT 0x03 len=0 
[12:06:49.102766] EP OUT 0x03 len=0 
[12:06:49.104811] EP OUT 0x03 len=0 
[12:06:49.108451] EP IN  0x81 len=64 0937230000008687845948833800001e9847000c0054ea6d01ee4806014f2d90be43bbff1031d900401e07102401000000000000000000000000000000000000
[12:06:49.109840] EP OUT 0x03 len=0 
[12:06:49.117215] EP OUT 0x03 len=0 
[12:06:49.120431] EP IN  0x81 len=64 093a230000008687845948833800001ea347000c0074c36d01d4430601562d90c0fdbaffd62fce00c09e06102101000000000000000000000000000000000000
[12:06:49.121967] EP OUT 0x03 len=0 
[12:06:49.129247] EP OUT 0x03 len=0 
[12:06:49.132413] EP IN  0x81 len=64 093d230000008687845a58833800001eaf47000c007e966d018e390601c82b906cb3b4ff76bfbf00d01ffa0f1b01000000000000000000000000000000000000
[12:06:49.133735] EP OUT 0x03 len=0 
[12:06:49.136436] EP IN  0x81 len=64 0940230000008587845948833800001eba47000c00b4646d01562f0601d129900278b1ffd8ceb400e0e0f00f1b01000000000000000000000000000000000000
[12:06:49.138531] EP OUT 0x03 len=0 
[12:06:49.140925] EP OUT 0x03 len=0 
[12:06:49.144440] EP IN  0x81 len=64 0941230000008597845a48833800001ebe47000c008a516d014a2c06011629903e3cb1ff0cd3b00010a1ef0f2301000000000000000000000000000000000000
[12:06:49.145996] EP OUT 0x03 len=0 
[12:06:49.153274] EP OUT 0x03 len=0 
[12:06:49.156485] EP IN  0x81 len=64 0943230000008697845a48833800001ec647000c00d8276d01ca2706016b2790ab49b3ffaa9dab0040e1ee0f2601000000000000000000000000000000000000
[12:06:49.158111] EP OUT 0x03 len=0 
[12:06:49.165747] EP OUT 0x03 len=0 
[12:06:49.168412] EP IN  0x81 len=64 0948230000008687845948833800001ed947000c0098b96c01142706011d2290bb30aeffe8dea200e09b1b102a01000000000000000000000000000000000000
[12:06:49.169967] EP OUT 0x03 len=0 
[12:06:49.172273] EP OUT 0x03 len=0 
[12:06:49.174748] EP OUT 0x03 len=0 
[12:06:49.180484] EP IN  0x81 len=64 0949230000008587845a48833800001edd47000c00f8a66c01cc2806019a209002f7acfffa8f9d00409a2a102701000000000000000000000000000000000000
[12:06:49.182067] EP OUT 0x03 len=0 
[12:06:49.189324] EP OUT 0x03 len=0 
[12:06:49.192421] EP IN  0x81 len=64 094c230000008587845a48833800001ee847000c00947e6c01602c0601ba1b90c2efadff6af38d00a05742102401000000000000000000000000000000000000
[12:06:49.194055] EP OUT 0x03 len=0 
[12:06:49.201483] EP OUT 0x03 len=0 
[12:06:49.204408] EP IN  0x81 len=64 094f230000008587845958833800001ef447000c0030626c01c62b0601a21490c41db0ff5ed98700005a3b102701000000000000000000000000000000000000
[12:06:49.205797] EP OUT 0x03 len=0 
[12:06:49.213374] EP OUT 0x03 len=0 
[12:06:49.216392] EP IN  0x81 len=64 0952230000008687845938833800001eff47000c00904f6c01fa270601960c904f55aaff70529200a01d21102001000000000000000000000000000000000000
[12:06:49.217934] EP OUT 0x03 len=0 
[12:06:49.225481] EP OUT 0x03 len=0 
[12:06:49.228457] EP IN  0x81 len=64 0955230000008697845958833800001e0b48000c00c2346c014a230601c50290509ca3ff969f9e0000a201102001000000000000000000000000000000000000
[12:06:49.230128] EP OUT 0x03 len=0 
[12:06:49.237675] EP OUT 0x03 len=0 
[12:06:49.240491] EP IN  0x81 len=64 095a230000008687845938833800001e1e48000c0086ed6b018a180601c0f18f5e5992ffc2caa00090e2ed0f2301000000000000000000000000000000000000
[12:06:49.242055] EP OUT 0x03 len=0 
[12:06:49.244659] EP OUT 0x03 len=0 
[12:06:49.246615] EP OUT 0x03 len=0 
[12:06:49.248954] EP OUT 0x03 len=0 
[12:06:49.252476] EP IN  0x81 len=64 095b230000008587845a38833800001e2248000c0034db6b01bc1506013bee8f0b188fffbecf9d00b062ed0f2301000000000000000000000000000000000000
[12:06:49.254079] EP OUT 0x03 len=0 
[12:06:49.261345] EP OUT 0x03 len=0 
[12:06:49.264425] EP IN  0x81 len=64 095e230000008697845948833800001e2d48000c00209f6b01c40d0601a0e48f82db8cffcc6c98008061ec0f2301000000000000000000000000000000000000
[12:06:49.265920] EP OUT 0x03 len=0 
[12:06:49.273202] EP OUT 0x03 len=0 
[12:06:49.276465] EP IN  0x81 len=64 0961230000008687845948833800001e3948000c009c4f6b01ac080601c9da8f1f2c8dffe040920010dfff0f2301000000000000000000000000000000000000
[12:06:49.278089] EP OUT 0x03 len=0 
[12:06:49.285423] EP OUT 0x03 len=0 
[12:06:49.288436] EP IN  0x81 len=64 0964230000008687845a58833800001e4438000c00500a6b01080606011bd28f8a798aff54468100609e14102601000000000000000000000000000000000000
[12:06:49.289962] EP OUT 0x03 len=0 
[12:06:49.292472] EP IN  0x81 len=64 0967230000008587845a58833800001e5048000c00dec56a01ea01060128c98f962584ffbe2d7600009d1b102801000000000000000000000000000000000000
[12:06:49.294883] EP OUT 0x03 len=0 
[12:06:49.297124] EP OUT 0x03 len=0 
[12:06:49.300479] EP IN  0x81 len=64 0968230000008697845a48833800001e5448000c001caf6a01160006014dc68f612284ff3bae7400c09c1a102801000000000000000000000000000000000000
[12:06:49.302096] EP OUT 0x03 len=0 
[12:06:49.309574] EP OUT 0x03 len=0 
[12:06:49.312416] EP IN  0x81 len=64 096c230000008687845948833800001e6348000c00c84c6a0166f8050181bc8f46e27cff5dd07200601d0f102001000000000000000000000000000000000000
[12:06:49.313885] EP OUT 0x03 len=0 
[12:06:49.321134] EP OUT 0x03 len=0 
[12:06:49.324445] EP IN  0x81 len=64 096d230000008677845958833800001e6748000c00c82c6a01a6f6050137ba8fc0657affbb9e740060dd0c102001000000000000000000000000000000000000
[12:06:49.325789] EP OUT 0x03 len=0 
[12:06:49.333218] EP OUT 0x03 len=0 
[12:06:49.336440] EP IN  0x81 len=64 0970230000008587845a48833800001e7238000c00acca690144f3050188b48fc47b74ff03767500c04715102a01000000000000000000000000000000000000
[12:06:49.338102] EP OUT 0x03 len=0 
[12:06:49.345457] EP OUT 0x03 len=0 
[12:06:49.348532] EP IN  0x81 len=64 0973230000008697845948833800001e7e48000c00da64690172f10501c7ae8f743272ff585f7400c0163b102501000000000000000000000000000000000000
[12:06:49.350125] EP OUT 0x03 len=0 
[12:06:49.357539] EP OUT 0x03 len=0 
[12:06:49.360409] EP IN  0x81 len=64 0976230000008677845958833800001e8938000c00842869012cef0501eba88fa8cb70ff8a8b6b00003f5d102401000000000000000000000000000000000000
[12:06:49.361719] EP OUT 0x03 len=0 
[12:06:49.364528] EP IN  0x81 len=64 0979230000008687845a48833800001e9548000c00f4006901aeea050135a28f4ed96cffd1f27300409366101d01000000000000000000000000000000000000
[12:06:49.366692] EP OUT 0x03 len=0 
[12:06:49.372497] EP IN  0x81 len=64 097a2300000086a7845958833800001e9948000c007cf868012ee90501fe9f8fc25a6affdd227900e05266101d01000000000000000000000000000000000000
[12:06:49.374164] EP OUT 0x03 len=0 
[12:06:49.381568] EP OUT 0x03 len=0 
[12:06:49.384437] EP IN  0x81 len=64 097e230000008597845948833800001ea848000c00a6e6680196e505012f998f3e5d60ffc4438a00a0574c102401000000000000000000000000000000000000
[12:06:49.386186] EP OUT 0x03 len=0 
[12:06:49.388763] EP OUT 0x03 len=0 
[12:06:49.390980] EP OUT 0x03 len=0 
[12:06:49.393355] EP OUT 0x03 len=0 
[12:06:49.396409] EP IN  0x81 len=64 097f230000008587845a48833800001eac48000c0094e1680136e50501fb978fcc5f5fff08878d00601940102301000000000000000000000000000000000000
[12:06:49.397842] EP OUT 0x03 len=0 
[12:06:49.400411] EP IN  0x81 len=64 0982230000008687845948833800001eb738000c00dcc86801e0e4050127968f08c861ffee129400e04917102301000000000000000000000000000000000000
[12:06:49.402498] EP OUT 0x03 len=0 
[12:06:49.408389] EP IN  0x81 len=64 0983230000008587845a58833800001ebb48000c0008bb6801fee40501fc958f84e262ff0e339400c05f0b102301000000000000000000000000000000000000
[12:06:49.409883] EP OUT 0x03 len=0 
[12:06:49.417103] EP OUT 0x03 len=0 
[12:06:49.420471] EP IN  0x81 len=64 0985230000008687845948833800001ec348000c007c96680118e5050180968fbca064ffe25196003062f20f2b01000000000000000000000000000000000000
[12:06:49.421992] EP OUT 0x03 len=0 
[12:06:49.429147] EP OUT 0x03 len=0 
[12:06:49.432446] EP IN  0x81 len=64 0988230000008687845958833800001ecf48000c00484a680170e6050116998fbc2969ff0c3b970080a2e90f2701000000000000000000000000000000000000
[12:06:49.433958] EP OUT 0x03 len=0 
[12:06:49.441207] EP OUT 0x03 len=0 
[12:06:49.444504] EP IN  0x81 len=64 098b230000008687845958833800001eda48000c00bcf8670128e90501839c8fd62a69ff744b9800a01ffa0f2701000000000000000000000000000000000000
[12:06:49.446009] EP OUT 0x03 len=0 
[12:06:49.453454] EP OUT 0x03 len=0 
[12:06:49.456414] EP IN  0x81 len=64 098e230000008587845948833800001ee648000c003c9d6701c0e9050153a18f985c6bffc00f9200805b11102601000000000000000000000000000000000000
[12:06:49.457954] EP OUT 0x03 len=0 
[12:06:49.465490] EP OUT 0x03 len=0 
[12:06:49.468415] EP IN  0x81 len=64 0991230000008687845a58833800001ef148000c00d64f6701fee60501f4a58fb08d73ffce848500c01825102b01000000000000000000000000000000000000
[12:06:49.469764] EP OUT 0x03 len=0 
[12:06:49.472468] EP IN  0x81 len=64 0994230000008687845958833800001efd48000c0068fb660146e10501b9aa8f82847dff970e7600605828102601000000000000000000000000000000000000
[12:06:49.474664] EP OUT 0x03 len=0 
[12:06:49.480415] EP IN  0x81 len=64 0995230000008687845958833800001e0039000c00b8e566019cdf0501dbab8f150880ff19067200404527102101000000000000000000000000000000000000
[12:06:49.482192] EP OUT 0x03 len=0 
[12:06:49.489766] EP OUT 0x03 len=0 
[12:06:49.497066] EP OUT 0x03 len=0 
[12:06:49.504328] EP OUT 0x03 len=0 
[12:06:49.508494] EP IN  0x81 len=64 0999230000008587845a48833800001e1049000c001073660164d6050158b18f7e028dff68135e00a05c12102801000000000000000000000000000000000000
[12:06:49.510277] EP OUT 0x03 len=0 
[12:06:49.517566] EP OUT 0x03 len=0 
[12:06:49.520406] EP IN  0x81 len=64 09a0230000008587845a48833800001e2b49000c0064896501f2d10501abba8f51a595ffc63c460050e2f50f2101000000000000000000000000000000000000
[12:06:49.521828] EP OUT 0x03 len=0 
[12:06:49.529375] EP OUT 0x03 len=0 
[12:06:49.532462] EP IN  0x81 len=64 09a1230000008587845a48833800001e2e39000c00d46d6501fcd205019dbb8fd02395ff0fcf4100f0a2fc0f1d01000000000000000000000000000000000000
[12:06:49.534072] EP OUT 0x03 len=0 
[12:06:49.541442] EP OUT 0x03 len=0 
[12:06:49.544423] EP IN  0x81 len=64 09a4230000008687845958833800001e3a49000c001c0b6501c8d90501f5be8f663996ff2a1c3700a01d21101d01000000000000000000000000000000000000
[12:06:49.546170] EP OUT 0x03 len=0 
[12:06:49.548708] EP OUT 0x03 len=0 
[12:06:49.550658] EP OUT 0x03 len=0 
[12:06:49.553053] EP OUT 0x03 len=0 
[12:06:49.556491] EP IN  0x81 len=64 09a7230000008587845948833800001e4539000c004cc564017cdf0501afc08f127c91ffad4d2d00609a3b101a01000000000000000000000000000000000000
[12:06:49.558138] EP OUT 0x03 len=0 
[12:06:49.565444] EP OUT 0x03 len=0 
[12:06:49.568421] EP IN  0x81 len=64 09aa230000008677845a48833800001e5149000c00da89640178e4050112c28f6aeb88ff07602900801a3d102001000000000000000000000000000000000000
[12:06:49.570054] EP OUT 0x03 len=0 
[12:06:49.577816] EP OUT 0x03 len=0 
[12:06:49.580406] EP IN  0x81 len=64 09af230000008687845a48833800001e6449000c001833640146ea0501c2c58f32267dffcc1c2d00e05d23102201000000000000000000000000000000000000
[12:06:49.581882] EP OUT 0x03 len=0 
[12:06:49.584270] EP OUT 0x03 len=0 
[12:06:49.586837] EP OUT 0x03 len=0 
[12:06:49.588995] EP OUT 0x03 len=0 
[12:06:49.592458] EP IN  0x81 len=64 09b0230000008587845a48833800001e6849000c001c206401e6ea0501e1c68f5a207cff805f2d00605e1e102201000000000000000000000000000000000000
[12:06:49.594031] EP OUT 0x03 len=0 
[12:06:49.601382] EP OUT 0x03 len=0 
[12:06:49.604481] EP IN  0x81 len=64 09b3230000008687845938833800001e7449000c00dedd630126ec050106cb8fae5f78ffd7ba2b00c05f14102101000000000000000000000000000000000000
[12:06:49.606069] EP OUT 0x03 len=0 
[12:06:49.613363] EP OUT 0x03 len=0 
[12:06:49.616414] EP IN  0x81 len=64 09b6230000008587845958833800001e7f49000c00dc976301ecec05016ccf8f4c9c7fff64042d00401d21101b01000000000000000000000000000000000000
[12:06:49.617974] EP OUT 0x03 len=0 
[12:06:49.625047] EP OUT 0x03 len=0 
[12:06:49.628424] EP IN  0x81 len=64 09b9230000008687845948833800001e8b49000c0054596301e0ea05019cd38f9f498bff68e1200080d93d101b01000000000000000000000000000000000000
[12:06:49.629893] EP OUT 0x03 len=0 
[12:06:49.637109] EP OUT 0x03 len=0 
[12:06:49.640438] EP IN  0x81 len=64 09bc230000008587845958833800001e9649000c002432630106e5050118d68fce769fff39cb120040d93f102501000000000000000000000000000000000000
[12:06:49.641980] EP OUT 0x03 len=0 
[12:06:49.649312] EP OUT 0x03 len=0 
[12:06:49.652530] EP IN  0x81 len=64 09bf230000008677845948833800001ea249000c00100b630126dc050180d68ffbf5acff2d480700009c2f102201000000000000000000000000000000000000
[12:06:49.654072] EP OUT 0x03 len=0 
[12:06:49.661180] EP OUT 0x03 len=0 
[12:06:49.664434] EP IN  0x81 len=64 09c2230000008697845a48833800001ead49000c00a8e362010cd30501ffd48f2c76afffcd560200602013102501000000000000000000000000000000000000
[12:06:49.665885] EP OUT 0x03 len=0 
[12:06:49.668488] EP IN  0x81 len=64 09c5230000008687845948833800001eb949000c0030a86201a4cc0501e7d18f7b92a3ff54b5040050e4fa0f2901000000000000000000000000000000000000
[12:06:49.670662] EP OUT 0x03 len=0 
[12:06:49.676479] EP IN  0x81 len=64 09c6230000008687845a58833800001ebc39000c003897620176cc0501fcd08f47c59fffda500600a0a4fc0f2601000000000000000000000000000000000000
[12:06:49.678040] EP OUT 0x03 len=0 
[12:06:49.685322] EP OUT 0x03 len=0 
[12:06:49.688424] EP IN  0x81 len=64 09c8230000008587845948833800001ec449000c00786a620146ce050146ce8f89b399ffe4760800402307102101000000000000000000000000000000000000
[12:06:49.689884] EP OUT 0x03 len=0 
[12:06:49.697212] EP OUT 0x03 len=0 
[12:06:49.700455] EP IN  0x81 len=64 09cb230000008687845a48833800001ed049000c00062f620192d40501a3c98f073e96ffee61010040a119102001000000000000000000000000000000000000
[12:06:49.702022] EP OUT 0x03 len=0 
[12:06:49.709714] EP OUT 0x03 len=0 
[12:06:49.712404] EP IN  0x81 len=64 09d0230000008687845948833800001ee349000c0086e961010edd050164c08fd93c8cff8302f9ffe01d2f102601000000000000000000000000000000000000
[12:06:49.713887] EP OUT 0x03 len=0 
[12:06:49.716717] EP OUT 0x03 len=0 
[12:06:49.718994] EP OUT 0x03 len=0 
[12:06:49.721226] EP OUT 0x03 len=0 
[12:06:49.724454] EP IN  0x81 len=64 09d1230000008687845958833800001ee749000c00f8de610158df05013fbe8f0f8089ffc57af7ff801d33102601000000000000000000000000000000000000
[12:06:49.725970] EP OUT 0x03 len=0 
[12:06:49.733259] EP OUT 0x03 len=0 
[12:06:49.736429] EP IN  0x81 len=64 09d4230000008687845a48833800001ef249000c005ac861010ce5050132b88f697b83ff8829f7ffa01d33102101000000000000000000000000000000000000
[12:06:49.738059] EP OUT 0x03 len=0 
[12:06:49.745474] EP OUT 0x03 len=0 
[12:06:49.748490] EP IN  0x81 len=64 09d7230000008687845948833800001efe49000c00bea8610176e80501f3b18f5a747aff4f800000c0df21102101000000000000000000000000000000000000
[12:06:49.750007] EP OUT 0x03 len=0 
[12:06:49.757698] EP OUT 0x03 len=0 
[12:06:49.760414] EP IN  0x81 len=64 09dc230000008587845948833800001e114a000c006e576101def0050179aa8f948275ff88e2190000e116102001000000000000000000000000000000000000
[12:06:49.761973] EP OUT 0x03 len=0 
[12:06:49.764581] EP OUT 0x03 len=0 
[12:06:49.766735] EP OUT 0x03 len=0 
[12:06:49.768821] EP OUT 0x03 len=0 
[12:06:49.772470] EP IN  0x81 len=64 09dd230000008687845a48833800001e154a000c0008446101c6f205012ea98fd07f76ff71631b00c02019102001000000000000000000000000000000000000
[12:06:49.773946] EP OUT 0x03 len=0 
[12:06:49.776432] EP IN  0x81 len=64 09e0230000008687845958833800001e204a000c0044146101acf505016aa58f6c707dffa3151500009f21102501000000000000000000000000000000000000
[12:06:49.778696] EP OUT 0x03 len=0 
[12:06:49.784477] EP IN  0x81 len=64 09e1230000008687845a58833800001e244a000c00b0046101daf50501e1a38f406a7fffcc521200009f22102501000000000000000000000000000000000000
[12:06:49.786128] EP OUT 0x03 len=0 
[12:06:49.793471] EP OUT 0x03 len=0 
[12:06:49.796460] EP IN  0x81 len=64 09e3230000008587845948833800001e2c4a000c007ae660012ef60501aba08f0d2983ff72cf0e00001f21102501000000000000000000000000000000000000
[12:06:49.798102] EP OUT 0x03 len=0 
[12:06:49.805420] EP OUT 0x03 len=0 
[12:06:49.808420] EP IN  0x81 len=64 09e6230000008697845958833800001e374a000c0088be6001faf60501089c8f3a698bffeb8b0b00c0e018102601000000000000000000000000000000000000
[12:06:49.809802] EP OUT 0x03 len=0 
[12:06:49.817338] EP OUT 0x03 len=0 
[12:06:49.820466] EP IN  0x81 len=64 09e9230000008587845948833800001e434a000c002892600138f80501ac968fbfac8bff5d50090020e20c102301000000000000000000000000000000000000
[12:06:49.822039] EP OUT 0x03 len=0 
[12:06:49.829423] EP OUT 0x03 len=0 
[12:06:49.832424] EP IN  0x81 len=64 09ec230000008687845a48833800001e4e4a000c007064600152fd0501ed918f648381ffc4570c00c0a113102101000000000000000000000000000000000000
[12:06:49.834105] EP OUT 0x03 len=0 
[12:06:49.841513] EP OUT 0x03 len=0 
[12:06:49.844477] EP IN  0x81 len=64 09f1230000008687845948833800001e613a000c00361a60014c0b0601508a8fa6de7aff4635fdff00a11b102301000000000000000000000000000000000000
[12:06:49.845968] EP OUT 0x03 len=0 
[12:06:49.848450] EP IN  0x81 len=64 09f2230000008687845a58833800001e654a000c00c20a6001a40d0601bd888f468278ff5591faff00a11b102301000000000000000000000000000000000000
[12:06:49.850490] EP OUT 0x03 len=0 
[12:06:49.856459] EP IN  0x81 len=64 09f3230000008697845948833800001e694a000c0008fb5f01441006011f878f188575ff8a52f8ff20211d102301000000000000000000000000000000000000
[12:06:49.858104] EP OUT 0x03 len=0 
[12:06:49.865508] EP OUT 0x03 len=0 
[12:06:49.868482] EP IN  0x81 len=64 09f5230000008687845a58833800001e714a000c0080dc5f013c160601ae838fa40b70ff1590f5ff80a024102101000000000000000000000000000000000000
[12:06:49.870227] EP OUT 0x03 len=0 
[12:06:49.877777] EP OUT 0x03 len=0 
[12:06:49.880430] EP IN  0x81 len=64 09fa230000008687845a58833800001e844a000c004ead5f01e42006011b7b8f3c7461ffde25e7ffa05e2d102701000000000000000000000000000000000000
[12:06:49.881844] EP OUT 0x03 len=0 
[12:06:49.884096] EP OUT 0x03 len=0 
[12:06:49.886028] EP OUT 0x03 len=0 
[12:06:49.893548] EP OUT 0x03 len=0 
[12:06:49.896419] EP IN  0x81 len=64 09fe230000008687845948833800001e933a000c00389c5f0182210601eb748f9ccc55ff9fc3deff409f22102901000000000000000000000000000000000000
[12:06:49.897815] EP OUT 0x03 len=0 
[12:06:49.900488] EP IN  0x81 len=64 09ff230000008687845a58833800001e974a000c000c965f018221060196738f842554ff94e6ddffe05e24102901000000000000000000000000000000000000
[12:06:49.903157] EP OUT 0x03 len=0 
[12:06:49.908481] EP IN  0x81 len=64 0900230000008687845958833800001e9b4a000c00748f5f01bc2106014b728f7ea852ff0729dcffa05e27102901000000000000000000000000000000000000
[12:06:49.910169] EP OUT 0x03 len=0 
[12:06:49.917698] EP OUT 0x03 len=0 
[12:06:49.920416] EP IN  0x81 len=64 0904230000008587845a48833800001eaa3a000c0066735f0102210601fb6d8fe8204eff1ed0d3ff409d30102601000000000000000000000000000000000000
[12:06:49.921885] EP OUT 0x03 len=0 
[12:06:49.924152] EP OUT 0x03 len=0 
[12:06:49.926940] EP OUT 0x03 len=0 
[12:06:49.929154] EP OUT 0x03 len=0 
[12:06:49.932476] EP IN  0x81 len=64 0905230000008587845948833800001eae4a000c00f2695f0192200601046d8f14624dffa4f9d1ff805d32102201000000000000000000000000000000000000
[12:06:49.934033] EP OUT 0x03 len=0 
[12:06:49.941525] EP OUT 0x03 len=0 
[12:06:49.944445] EP IN  0x81 len=64 0908230000008587845948833800001eba4a000c00a0495f01262006018f6a8f646848ffccc3cfff009c3b102101000000000000000000000000000000000000
[12:06:49.945952] EP OUT 0x03 len=0 
[12:06:49.953215] EP OUT 0x03 len=0 
[12:06:49.956410] EP IN  0x81 len=64 090b230000008687845a48833800001ec54a000c00a8305f01f4220601c8688fb07442ffa074c6ff001b45102701000000000000000000000000000000000000
[12:06:49.957712] EP OUT 0x03 len=0 
[12:06:49.960405] EP IN  0x81 len=64 090e230000008687845a48833800001ed14a000c009c1b5f014c26060168678f642e40fff8abbfffe0db3e102401000000000000000000000000000000000000
[12:06:49.962673] EP OUT 0x03 len=0 
[12:06:49.964844] EP OUT 0x03 len=0 
[12:06:49.968427] EP IN  0x81 len=64 090f230000008687845a58833800001ed54a000c0080155f01462706011b678f462e40ff182ac0ff409c38102401000000000000000000000000000000000000
[12:06:49.969951] EP OUT 0x03 len=0 
[12:06:49.977242] EP OUT 0x03 len=0 
[12:06:49.980466] EP IN  0x81 len=64 0911230000008687845948833800001edc4a000c00500b5f0190280601bb668fb02840ffa8e7c1ff609e2a102401000000000000000000000000000000000000
[12:06:49.981968] EP OUT 0x03 len=0 
[12:06:49.989286] EP OUT 0x03 len=0 
[12:06:49.992410] EP IN  0x81 len=64 0914230000008587845948833800001ee84a000c00f4f65e01e82b0601e9668f022d3cff046dc9ffa02117102601000000000000000000000000000000000000
[12:06:49.993783] EP OUT 0x03 len=0 
[12:06:49.996478] EP IN  0x81 len=64 0917230000008687845a48833800001ef34a000c00cce15e01ec2e06010c688fce2a38ff2faeccffa06115102701000000000000000000000000000000000000
[12:06:49.998856] EP OUT 0x03 len=0 
[12:06:50.004512] EP IN  0x81 len=64 0918230000008587845a48833800001ef74a000c00f0da5e01ee2f0601ad688f80e937ffc52acdffe0e015102701000000000000000000000000000000000000
[12:06:50.006072] EP OUT 0x03 len=0 
[12:06:50.013431] EP OUT 0x03 len=0 
[12:06:50.016444] EP IN  0x81 len=64 091a230000008677845948833800001eff4a000c00a4cd5e0106320601076a8fb2693bff88a8cfff00201f102301000000000000000000000000000000000000
[12:06:50.018131] EP OUT 0x03 len=0 
[12:06:50.025733] EP OUT 0x03 len=0 
[12:06:50.032763] EP OUT 0x03 len=0 
[12:06:50.039741] EP OUT 0x03 len=0 
[12:06:50.044476] EP IN  0x81 len=64 091f230000008587845948833800001e124b000c00ccb85e01c8340601b76c8fb4d649ffcd95d0ffc09d29102701000000000000000000000000000000000000
[12:06:50.045995] EP OUT 0x03 len=0 
[12:06:50.053332] EP OUT 0x03 len=0 
[12:06:50.056444] EP IN  0x81 len=64 0924230000008587845958833800001e254b000c00a2b25e0108310601226e8fb20f52ffb48bdaff605e21102201000000000000000000000000000000000000
[12:06:50.058079] EP OUT 0x03 len=0 
[12:06:50.065123] EP OUT 0x03 len=0 
[12:06:50.068477] EP IN  0x81 len=64 0927230000008697845948833800001e314b000c0024ae5e017a2f0601e56e8fe0d357ff49cfddffa05f1a102701000000000000000000000000000000000000
[12:06:50.069978] EP OUT 0x03 len=0 
[12:06:50.072422] EP IN  0x81 len=64 092a230000008577845858833800001e3c4b000c0098a65e01c22e0601bb6f8ffed45fff2515deff202016102601000000000000000000000000000000000000
[12:06:50.074470] EP OUT 0x03 len=0 
[12:06:50.081504] EP OUT 0x03 len=0 
[12:06:50.084483] EP IN  0x81 len=64 092d230000008587845a48833800001e484b000c00b09c5e012e300601de708fb81e66fff094ddff60201a102401000000000000000000000000000000000000
[12:06:50.086066] EP OUT 0x03 len=0 
[12:06:50.093483] EP OUT 0x03 len=0 
[12:06:50.096418] EP IN  0x81 len=64 092e230000008687845948833800001e4c4b000c0094995e01e63006016c718f7a9c68ffd514deffc01f1e102201000000000000000000000000000000000000
[12:06:50.098031] EP OUT 0x03 len=0 
[12:06:50.105327] EP OUT 0x03 len=0 
[12:06:50.108440] EP IN  0x81 len=64 0931230000008677845a58833800001e574b000c0038945e01dc320601ea728f209871ff980cdeff60de26101d01000000000000000000000000000000000000
[12:06:50.109888] EP OUT 0x03 len=0 
[12:06:50.117836] EP OUT 0x03 len=0 
[12:06:50.125191] EP OUT 0x03 len=0 
[12:06:50.132704] EP OUT 0x03 len=0 
[12:06:50.136443] EP IN  0x81 len=64 0936230000008687845948833800001e6a4b000c0064995e019e3006016a758f1ec677fff67de2ff209d28102501000000000000000000000000000000000000
[12:06:50.138127] EP OUT 0x03 len=0 
[12:06:50.145227] EP OUT 0x03 len=0 
[12:06:50.148481] EP IN  0x81 len=64 093b230000008587845948833800001e7d3b000c004ea35e01ee2a060128778f7d0486ff9b52e5ffa04728102801000000000000000000000000000000000000
[12:06:50.149859] EP OUT 0x03 len=0 
[12:06:50.152471] EP IN  0x81 len=64 093e230000008687845948833800001e894b000c006ca95e01f82406016e778f5f3890ffa7fed9ff40df18102c01000000000000000000000000000000000000
[12:06:50.154928] EP OUT 0x03 len=0 
[12:06:50.157355] EP OUT 0x03 len=0 
[12:06:50.160425] EP IN  0x81 len=64 093f230000008587845948833800001e8d4b000c000aaa5e012023060141778f09fc93ff70c4d8ffe09f15102801000000000000000000000000000000000000
[12:06:50.162088] EP OUT 0x03 len=0 
[12:06:50.169494] EP OUT 0x03 len=0 
[12:06:50.172470] EP IN  0x81 len=64 0941230000008587845a48833800001e943b000c001aaa5e01c2200601a7768fce0897ff445dd5ff60a110102401000000000000000000000000000000000000
[12:06:50.174182] EP OUT 0x03 len=0 
[12:06:50.181717] EP OUT 0x03 len=0 
[12:06:50.184423] EP IN  0x81 len=64 0946230000008687845948833800001ea84b000c0020a75e01421e0601b7738f2d958aff854dd1ff40a110102301000000000000000000000000000000000000
[12:06:50.186029] EP OUT 0x03 len=0 
[12:06:50.188397] EP OUT 0x03 len=0 
[12:06:50.190798] EP OUT 0x03 len=0 
[12:06:50.196495] EP IN  0x81 len=64 0947230000008687845a58833800001eac4b000c0014a55e010c1e060110738f6d1587ff4712d2ff40a112102201000000000000000000000000000000000000
[12:06:50.198007] EP OUT 0x03 len=0 
[12:06:50.205603] EP OUT 0x03 len=0 
[12:06:50.213053] EP OUT 0x03 len=0 
[12:06:50.220491] EP OUT 0x03 len=0 
[12:06:50.224441] EP IN  0x81 len=64 094f230000008587845948833800001eca4b000c00a8935e01b01c06013f6e8f74576dffde52d5ff80df1e102001000000000000000000000000000000000000
[12:06:50.225966] EP OUT 0x03 len=0 
[12:06:50.233170] EP OUT 0x03 len=0 
[12:06:50.236497] EP IN  0x81 len=64 0951230000008587845948833800001ed24b000c00b08d5e01bc1b0601166d8f5c9763ffd557d7ff409f1e102301000000000000000000000000000000000000
[12:06:50.238145] EP OUT 0x03 len=0 
[12:06:50.245585] EP OUT 0x03 len=0 
[12:06:50.248401] EP IN  0x81 len=64 0956230000008687845a48833800001ee54b000c00127b5e0120180601d66a8f949150ffa21bd9ff609f1b102401000000000000000000000000000000000000
[12:06:50.249989] EP OUT 0x03 len=0 
[12:06:50.257656] EP OUT 0x03 len=0 
[12:06:50.260460] EP IN  0x81 len=64 0959230000008587845a48833800001ef14b000c002c705e016a1506014f6a8fc0144cff3fd8d8ff609f1e102d01000000000000000000000000000000000000
[12:06:50.261943] EP OUT 0x03 len=0 
[12:06:50.269253] EP OUT 0x03 len=0 
[12:06:50.272419] EP IN  0x81 len=64 095a230000008687845948833800001ef43b000c00f86d5e0138150601246a8fae1a4bff4810dcff60f322102d01000000000000000000000000000000000000
[12:06:50.274135] EP OUT 0x03 len=0 
[12:06:50.281814] EP OUT 0x03 len=0 
[12:06:50.289096] EP OUT 0x03 len=0 
[12:06:50.296462] EP OUT 0x03 len=0 
[12:06:50.300493] EP IN  0x81 len=64 095f230000008787845958833800001e084c000c00e46c5e018a17060121698f489f4cff7a7adfff205c36102901000000000000000000000000000000000000
[12:06:50.301950] EP OUT 0x03 len=0 
[12:06:50.309132] EP OUT 0x03 len=0 
[12:06:50.312427] EP IN  0x81 len=64 0964230000008587845a58833800001e1b4c000c00ce745e01b214060105698f2cd046fff582edff20df19102101000000000000000000000000000000000000
[12:06:50.313951] EP OUT 0x03 len=0 
[12:06:50.321573] EP OUT 0x03 len=0 
[12:06:50.329231] EP OUT 0x03 len=0 
[12:06:50.336375] EP OUT 0x03 len=0 
[12:06:50.340495] EP IN  0x81 len=64 096c230000008687845958833800001e3a4c000c00484e5e0112060601946f8f703b43ffceece7ffa0a106102101000000000000000000000000000000000000
[12:06:50.341903] EP OUT 0x03 len=0 
[12:06:50.349411] EP OUT 0x03 len=0 
[12:06:50.352430] EP IN  0x81 len=64 096e230000008587845948833800001e414c000c0010415e019e00060112728fe8b349ffd331e2ff80a105102301000000000000000000000000000000000000
[12:06:50.354116] EP OUT 0x03 len=0 
[12:06:50.361641] EP OUT 0x03 len=0 
[12:06:50.364416] EP IN  0x81 len=64 0971230000008587845a48833800001e4d4c000c0084265e0100f605019f768f34ef55ff553bd7ff40a107102401000000000000000000000000000000000000
[12:06:50.365975] EP OUT 0x03 len=0 
[12:06:50.373358] EP OUT 0x03 len=0 
[12:06:50.376418] EP IN  0x81 len=64 0974230000008587845a48833800001e584c000c00900e5e011eef0501d37a8fa07b62ff3bb9cbff20df1a102601000000000000000000000000000000000000
[12:06:50.378055] EP OUT 0x03 len=0 
[12:06:50.385308] EP OUT 0x03 len=0 
[12:06:50.388511] EP IN  0x81 len=64 0977230000008587845958833800001e644c000c0072fb5d01e4eb0501ad7e8ffa876dff32a8c2ff009b38102601000000000000000000000000000000000000
[12:06:50.390252] EP OUT 0x03 len=0 
[12:06:50.397630] EP OUT 0x03 len=0 
[12:06:50.400434] EP IN  0x81 len=64 097c230000008687845958833800001e774c000c0054fc5d01ece805015f838fa24276ff207eb6ffc0d844102701000000000000000000000000000000000000
[12:06:50.402235] EP OUT 0x03 len=0 
[12:06:50.404970] EP OUT 0x03 len=0 
[12:06:50.407522] EP OUT 0x03 len=0 
[12:06:50.409799] EP OUT 0x03 len=0 
[12:06:50.412407] EP IN  0x81 len=64 097d230000008687845948833800001e7b4c000c0030ff5d012ce8050143848f528476ff363cb6ff80993e102701000000000000000000000000000000000000
[12:06:50.413695] EP OUT 0x03 len=0 
[12:06:50.416083] EP OUT 0x03 len=0 
[12:06:50.418133] EP OUT 0x03 len=0 
[12:06:50.425295] EP OUT 0x03 len=0 
[12:06:50.428480] EP IN  0x81 len=64 0983230000008587845948833800001e924c000c0006125e010ae3050157898f22c573ffe57abeff00df1b102801000000000000000000000000000000000000
[12:06:50.429977] EP OUT 0x03 len=0 
[12:06:50.437199] EP OUT 0x03 len=0 
[12:06:50.440448] EP IN  0x81 len=64 0984230000008687845958833800001e964c000c00f0135e0170e20501428a8fb04675ff21ffbfff801f18102801000000000000000000000000000000000000
[12:06:50.442031] EP OUT 0x03 len=0 
[12:06:50.449479] EP OUT 0x03 len=0 
[12:06:50.452482] EP IN  0x81 len=64 0987230000008587845a48833800001ea14c000c00be175e01c0e00501aa8c8fbc0779ff7303c3ff40a010102001000000000000000000000000000000000000
[12:06:50.454017] EP OUT 0x03 len=0 
[12:06:50.461532] EP OUT 0x03 len=0 
[12:06:50.464438] EP IN  0x81 len=64 098a230000008687845948833800001ead4c000c00f0165e0116de0501ed8e8f54047dff9f0bceff20a10d102201000000000000000000000000000000000000
[12:06:50.466152] EP OUT 0x03 len=0 
[12:06:50.473913] EP OUT 0x03 len=0 
[12:06:50.481123] EP OUT 0x03 len=0 
[12:06:50.488260] EP OUT 0x03 len=0 
[12:06:50.492488] EP IN  0x81 len=64 098f230000008687845a48833800001ec04c000c00cc215e01b4d805018d908f92827eff3b74d7ff405e1f102401000000000000000000000000000000000000
[12:06:50.494055] EP OUT 0x03 len=0 
[12:06:50.501151] EP OUT 0x03 len=0 
[12:06:50.504416] EP IN  0x81 len=64 0994230000008687845948833800001ed34c000c000e3d5e01ecd0050141908f2efd83ffe5aad7ffa01e1c102601000000000000000000000000000000000000
[12:06:50.505929] EP OUT 0x03 len=0 
[12:06:50.513398] EP OUT 0x03 len=0 
[12:06:50.516472] EP IN  0x81 len=64 0997230000008587845958833800001edf4c000c00324a5e0144ca05018f8f8f8df880ff8ef2daff406011102101000000000000000000000000000000000000
[12:06:50.518299] EP OUT 0x03 len=0 
[12:06:50.524425] EP IN  0x81 len=64 099a230000008587845948833800001eea4c000c0028525e018ec50501fb8e8fd0437fff4ff9dcffc0a00f102101000000000000000000000000000000000000
[12:06:50.526503] EP OUT 0x03 len=0 
[12:06:50.533330] EP OUT 0x03 len=0 
[12:06:50.536441] EP IN  0x81 len=64 099e230000008687845a58833800001ef93c000c0044565e01a6c20501538e8f48bb7cff7a59dfffe04a18102101000000000000000000000000000000000000
[12:06:50.538106] EP OUT 0x03 len=0 
[12:06:50.545701] EP OUT 0x03 len=0 
[12:06:50.548490] EP IN  0x81 len=64 09a1230000008687845948833800001e054d000c0096555e012ac20501d98d8fcc1379ff9ec3e7ffa05e1f102701000000000000000000000000000000000000
[12:06:50.550127] EP OUT 0x03 len=0 
[12:06:50.552956] EP OUT 0x03 len=0 
[12:06:50.555079] EP OUT 0x03 len=0 
[12:06:50.560430] EP IN  0x81 len=64 09a2230000008687845938833800001e094d000c00b0555e0110c20501ad8d8f3e1477ff7e03eaff009f20102701000000000000000000000000000000000000
[12:06:50.562026] EP OUT 0x03 len=0 
[12:06:50.569209] EP OUT 0x03 len=0 
[12:06:50.572479] EP IN  0x81 len=64 09a5230000008687845948833800001e144d000c0004555e016cc20501478d8fc2196effde44eeff40df1e101f01000000000000000000000000000000000000
[12:06:50.574044] EP OUT 0x03 len=0 
[12:06:50.576414] EP IN  0x81 len=64 09a8230000008787845a48833800001e204d000c00ee515e01d8c40501838d8f721f69ff2885edffe05e25102901000000000000000000000000000000000000
[12:06:50.578822] EP OUT 0x03 len=0 
[12:06:50.581112] EP OUT 0x03 len=0 
[12:06:50.584419] EP IN  0x81 len=64 09a9230000008687845958833800001e244d000c0088525e017cc50501bc8d8f161c69ffd57feaffa09d26102901000000000000000000000000000000000000
[12:06:50.585990] EP OUT 0x03 len=0 
[12:06:50.593221] EP OUT 0x03 len=0 
[12:06:50.596410] EP IN  0x81 len=64 09ab230000008587845948833800001e2b4d000c003c555e01c0c50501548e8f26d369ffd4fae2ff001e24102901000000000000000000000000000000000000
[12:06:50.597899] EP OUT 0x03 len=0 
[12:06:50.600426] EP IN  0x81 len=64 09ae230000008687845a48833800001e374d000c0006585e01b2c60501dc8f8fccd76eff4a83dbffe09f19102a01000000000000000000000000000000000000
[12:06:50.602759] EP OUT 0x03 len=0 
[12:06:50.604845] EP OUT 0x03 len=0 
[12:06:50.608405] EP IN  0x81 len=64 09af230000008587845a48833800001e3b4d000c0012585e0116c7050166908f461671ff5d05d9ff60e017102a01000000000000000000000000000000000000
[12:06:50.609935] EP OUT 0x03 len=0 
[12:06:50.617182] EP OUT 0x03 len=0 
[12:06:50.620468] EP IN  0x81 len=64 09b1230000008587845a58833800001e424d000c00545b5e0162c7050138918f9a1075ffe03ad3ff80df19102101000000000000000000000000000000000000
[12:06:50.621975] EP OUT 0x03 len=0 
[12:06:50.629194] EP OUT 0x03 len=0 
[12:06:50.632403] EP IN  0x81 len=64 09b4230000008687845a58833800001e4e4d000c00986a5e01c6c60501f3918f6c0c76ff8866d1ffa0de1d101a01000000000000000000000000000000000000
[12:06:50.633863] EP OUT 0x03 len=0 
[12:06:50.636390] EP IN  0x81 len=64 09b7230000008687845a58833800001e593d000c00c47b5e01d2c5050118928fca6473ffb5f0d8ff609f1b101801000000000000000000000000000000000000
[12:06:50.638656] EP OUT 0x03 len=0 
[12:06:50.640853] EP OUT 0x03 len=0 
[12:06:50.644500] EP IN  0x81 len=64 09b8230000008687845a48833800001e5d4d000c00ac805e0184c5050106928fdece71ff296adcff609f19101e01000000000000000000000000000000000000
[12:06:50.646049] EP OUT 0x03 len=0 
[12:06:50.653534] EP OUT 0x03 len=0 
[12:06:50.656440] EP IN  0x81 len=64 09ba230000008687845a48833800001e654d000c0004885e0104c50501c8918fd6116cff9d71e1ff801f19102401000000000000000000000000000000000000
[12:06:50.657895] EP OUT 0x03 len=0 
[12:06:50.665393] EP OUT 0x03 len=0 
[12:06:50.668499] EP IN  0x81 len=64 09bd230000008577845948833800001e703d000c009e8f5e0160c505019d918f62c364ffa4a6deff409f1d102401000000000000000000000000000000000000
[12:06:50.670162] EP OUT 0x03 len=0 
[12:06:50.677401] EP OUT 0x03 len=0 
[12:06:50.680445] EP IN  0x81 len=64 09c0230000008587845948833800001e7c4d000c00e6945e0126cb0501ca918fce3164ff44f9d8ffe0dd2e102201000000000000000000000000000000000000
[12:06:50.681972] EP OUT 0x03 len=0 
[12:06:50.689347] EP OUT 0x03 len=0 
[12:06:50.692508] EP IN  0x81 len=64 09c3230000008687845958833800001e873d000c00309e5e01d4d40501f3918f72da62ffccf1cdffe04540101f01000000000000000000000000000000000000
[12:06:50.694159] EP OUT 0x03 len=0 
[12:06:50.701794] EP OUT 0x03 len=0 
[12:06:50.709090] EP OUT 0x03 len=0 
[12:06:50.715870] EP OUT 0x03 len=0 
[12:06:50.720444] EP IN  0x81 len=64 09c8230000008687845a58833800001e9b4d000c0060cb5e018ee90501a7938f88395efffe09cbff00dd31102701000000000000000000000000000000000000
[12:06:50.722161] EP OUT 0x03 len=0 
[12:06:50.729496] EP OUT 0x03 len=0 
[12:06:50.732498] EP IN  0x81 len=64 09cf230000008687845948833800001eb53d000c00d6ed5e01480306013a9b8f982a53ffc24fe9ff60a308102401000000000000000000000000000000000000
[12:06:50.734113] EP OUT 0x03 len=0 
[12:06:50.736989] EP OUT 0x03 len=0 
[12:06:50.739153] EP OUT 0x03 len=0 
[12:06:50.744431] EP IN  0x81 len=64 09d0230000008597845948833800001eb94d000c0028ee5e0168060601ea9c8fca6f52ff6a3aebff80a308102401000000000000000000000000000000000000
[12:06:50.745898] EP OUT 0x03 len=0 
[12:06:50.748416] EP IN  0x81 len=64 09d3230000008587845938833800001ec54d000c009cec5e01580c060160a28f6a9c54ffe182ecff002113102601000000000000000000000000000000000000
[12:06:50.750446] EP OUT 0x03 len=0 
[12:06:50.756529] EP IN  0x81 len=64 09d4230000008687845b48833800001ec94d000c0038ec5e01280d06013aa48fb09657ff6a43eaff602017102601000000000000000000000000000000000000
[12:06:50.758014] EP OUT 0x03 len=0 
[12:06:50.760420] EP IN  0x81 len=64 09d6230000008587845948833800001ed04d000c00f6ec5e012a0d060131a78f9eca5effd940e3ff809e1f101b01000000000000000000000000000000000000
[12:06:50.762870] EP OUT 0x03 len=0 
[12:06:50.765309] EP OUT 0x03 len=0 
[12:06:50.768447] EP IN  0x81 len=64 09d7230000008687845948833800001ed44d000c0006ee5e016c0c0601caa88fea8463ffe0ffddffe05d21101b01000000000000000000000000000000000000
[12:06:50.770206] EP OUT 0x03 len=0 
[12:06:50.772471] EP IN  0x81 len=64 09d9230000008587845a48833800001edc4d000c0064ef5e01e4090601b6ab8f00fe6cff4885d5ffa01d24101d01000000000000000000000000000000000000
[12:06:50.774774] EP OUT 0x03 len=0 
[12:06:50.777348] EP OUT 0x03 len=0 
[12:06:50.780413] EP IN  0x81 len=64 09da230000008687845a58833800001ee04d000c0058ef5e010a09060107ad8ffe0172ff0d88d2ff001d26102401000000000000000000000000000000000000
[12:06:50.781783] EP OUT 0x03 len=0 
[12:06:50.784441] EP IN  0x81 len=64 09dc230000008687845948833800001ee73d000c0080f05e0162080601e4ae8f220d7bff5f5ac9ffa0472a102401000000000000000000000000000000000000
[12:06:50.786826] EP OUT 0x03 len=0 
[12:06:50.788879] EP OUT 0x03 len=0 
[12:06:50.792437] EP IN  0x81 len=64 09dd230000008687845938833800001eeb4d000c009ef25e016c080601b5af8f908b7effc77ec3ffe01c2d102401000000000000000000000000000000000000
[12:06:50.793956] EP OUT 0x03 len=0 
[12:06:50.801382] EP OUT 0x03 len=0 
[12:06:50.804469] EP IN  0x81 len=64 09df230000008587845a48833800001ef34d000c00a8fc5e0182090601c1b08f74d284ff0baab9ff609b33101f01000000000000000000000000000000000000
[12:06:50.806115] EP OUT 0x03 len=0 
[12:06:50.813744] EP OUT 0x03 len=0 
[12:06:50.816402] EP IN  0x81 len=64 09e4230000008687845a48833800001e064e000c00143c5f01380b060111af8f0a8e86ff30b3bdff009c28102001000000000000000000000000000000000000
[12:06:50.817900] EP OUT 0x03 len=0 
[12:06:50.820170] EP OUT 0x03 len=0 
[12:06:50.822246] EP OUT 0x03 len=0 
[12:06:50.829580] EP OUT 0x03 len=0 
[12:06:50.832427] EP IN  0x81 len=64 09e8230000008677845958833800001e153e000c0094745f01f00d0601a9ab8f041c6fffb17cd6ffa0a014102701000000000000000000000000000000000000
[12:06:50.833977] EP OUT 0x03 len=0 
[12:06:50.841239] EP OUT 0x03 len=0 
[12:06:50.844467] EP IN  0x81 len=64 09e9230000008577845a48833800001e194e000c00d0825f01000f0601b6aa8f4e1f6cff8f37daffc06013102701000000000000000000000000000000000000
[12:06:50.845985] EP OUT 0x03 len=0 
[12:06:50.853339] EP OUT 0x03 len=0 
[12:06:50.856416] EP IN  0x81 len=64 09ec230000008687845948833800001e254e000c0094ab5f01fe0e06017fa88f26905bff2e41e1ff80e107102f01000000000000000000000000000000000000
[12:06:50.857736] EP OUT 0x03 len=0 
[12:06:50.860448] EP IN  0x81 len=64 09ef230000008577845a38833800001e304e000c0092c25f01880f0601a1a78f5e9956ff021de9ff40e301102701000000000000000000000000000000000000
[12:06:50.862693] EP OUT 0x03 len=0 
[12:06:50.868461] EP IN  0x81 len=64 09f0230000008687845948833800001e344e000c001cc75f015a1006019ca78f845d59ff66a8eaff80a301102701000000000000000000000000000000000000
[12:06:50.870077] EP OUT 0x03 len=0 
[12:06:50.877402] EP OUT 0x03 len=0 
[12:06:50.880436] EP IN  0x81 len=64 09f2230000008687845948833800001e3c4e000c004ccd5f010a120601d9a78f821d61ff4bb3eaff00a303102601000000000000000000000000000000000000
[12:06:50.882090] EP OUT 0x03 len=0 
[12:06:50.889692] EP OUT 0x03 len=0 
[12:06:50.892421] EP IN  0x81 len=64 09f7230000008597845958833800001e4f4e000c000adf5f019a15060141a88f7ad870ffe762efff00601c101f01000000000000000000000000000000000000
[12:06:50.894043] EP OUT 0x03 len=0 
[12:06:50.896322] EP OUT 0x03 len=0 
[12:06:50.898784] EP OUT 0x03 len=0 
[12:06:50.904463] EP IN  0x81 len=64 09f8230000008687845a48833800001e534e000c005ce55f016a16060146a88fd65873ff23dff2ff80de21101f01000000000000000000000000000000000000
[12:06:50.906087] EP OUT 0x03 len=0 
[12:06:50.913215] EP OUT 0x03 len=0 
[12:06:50.916465] EP IN  0x81 len=64 09fb230000008687845a48833800001e5e4e000c00f0f75f013c19060111a88f081b79ffbe59ffffa05d29102501000000000000000000000000000000000000
[12:06:50.918107] EP OUT 0x03 len=0 
[12:06:50.925607] EP OUT 0x03 len=0 
[12:06:50.928385] EP IN  0x81 len=64 09fe230000008687845948833800001e6a4e000c0036056001121b0601c5a78fb0177bff042b0e00401f21102701000000000000000000000000000000000000
[12:06:50.929857] EP OUT 0x03 len=0 
[12:06:50.932441] EP IN  0x81 len=64 0901230000008687845948833800001e753e000c00ee0a6001e81b060170a78f78147cff2f9e1200a0f324102101000000000000000000000000000000000000
[12:06:50.934484] EP OUT 0x03 len=0 
[12:06:50.936951] EP OUT 0x03 len=0 
[12:06:50.940483] EP IN  0x81 len=64 0902230000008687845958833800001e794e000c00ce0f6001a01b06012da78fec0f7dffb5251000209d2b102101000000000000000000000000000000000000
[12:06:50.941830] EP OUT 0x03 len=0 
[12:06:50.944430] EP IN  0x81 len=64 0904230000008697845958833800001e814e000c009e1f6001621a060153a68f52c87fffa5100900a05a3c102101000000000000000000000000000000000000
[12:06:50.946542] EP OUT 0x03 len=0 
[12:06:50.949024] EP OUT 0x03 len=0 
[12:06:50.952442] EP IN  0x81 len=64 0905230000008687845948833800001e854e000c00622b60016a1906019ea58f4b8583ffc5430300c05844102101000000000000000000000000000000000000
[12:06:50.954183] EP OUT 0x03 len=0 
[12:06:50.961378] EP OUT 0x03 len=0 
[12:06:50.964434] EP IN  0x81 len=64 0907230000008687845a38833800001e8c3e000c00004660016017060110a48f3b0689ff9a72f8ffe0974b102001000000000000000000000000000000000000
[12:06:50.965748] EP OUT 0x03 len=0 
[12:06:50.968409] EP IN  0x81 len=64 090a230000008587845948833800001e984e000c00167d60019c11060104a18f63f58aff379fecffa0993c101e01000000000000000000000000000000000000
[12:06:50.970576] EP OUT 0x03 len=0 
[12:06:50.976464] EP IN  0x81 len=64 090b230000008587845948833800001e9c4e000c00848f6001bc0f0601ec9f8fbf358dff5460ecffe09a32101f01000000000000000000000000000000000000
[12:06:50.978153] EP OUT 0x03 len=0 
[12:06:50.985619] EP OUT 0x03 len=0 
[12:06:50.988487] EP IN  0x81 len=64 090d230000008687845a48833800001ea33e000c001cad6001c20d0601049e8f91078fffc71cecffe04820102301000000000000000000000000000000000000
[12:06:50.990109] EP OUT 0x03 len=0 
[12:06:50.992798] EP OUT 0x03 len=0 
[12:06:50.995200] EP OUT 0x03 len=0 
[12:06:51.000404] EP IN  0x81 len=64 0910230000008687845a48833800001eaf4e000c0054d66001b8110601e99a8fdaab81ff18b9ecff20de26102601000000000000000000000000000000000000
[12:06:51.001994] EP OUT 0x03 len=0 
[12:06:51.004480] EP IN  0x81 len=64 0913230000008687845948833800001eba3e000c00600d61018221060181978f3c3f81ff734de2ffc0917b102601000000000000000000000000000000000000
[12:06:51.006660] EP OUT 0x03 len=0 
[12:06:51.012530] EP IN  0x81 len=64 0914230000008587845a58833800001ebe4e000c005c30610194280601b0958f191783ff03c4d8ffa08c9d102201000000000000000000000000000000000000
[12:06:51.014116] EP OUT 0x03 len=0 
[12:06:51.021506] EP OUT 0x03 len=0 
[12:06:51.024418] EP IN  0x81 len=64 0918230000008687845958833800001ece4e000c0028346201423e0601e3888f81e08eff6171c0ffe07412112101000000000000000000000000000000000000
[12:06:51.026032] EP OUT 0x03 len=0 
[12:06:51.028858] EP OUT 0x03 len=0 
[12:06:51.031053] EP OUT 0x03 len=0 
[12:06:51.036514] EP IN  0x81 len=64 0919230000008677845948833800001ed13e000c0084786201ca40060183858fb26a8dff3facbfff60741f112101000000000000000000000000000000000000
[12:06:51.037974] EP OUT 0x03 len=0 
[12:06:51.045085] EP OUT 0x03 len=0 
[12:06:51.048435] EP IN  0x81 len=64 091c230000008687845948833800001edd4e000c000cb96301144f0601df758fdbeb81ff7beac4ffc0ab45112401000000000000000000000000000000000000
[12:06:51.049762] EP OUT 0x03 len=0 
[12:06:51.052495] EP IN  0x81 len=64 091f230000008697845a48833800001ee83e000c00fe156501d2650601b7648f34936fff1d99e7ffe01575112701000000000000000000000000000000000000
[12:06:51.054806] EP OUT 0x03 len=0 
[12:06:51.056950] EP OUT 0x03 len=0 
[12:06:51.060492] EP IN  0x81 len=64 0920230000008687845a58833800001eec4e000c00a2a565015c6f0601d55d8f1c1468ff14adecffe06886112501000000000000000000000000000000000000
[12:06:51.062151] EP OUT 0x03 len=0 
[12:06:51.069695] EP OUT 0x03 len=0 
[12:06:51.072415] EP IN  0x81 len=64 0924230000008587845a48833800001efc4e000c00305568018090060118408fb2a145ff7951020020a4b6112201000000000000000000000000000000000000
[12:06:51.073783] EP OUT 0x03 len=0 
[12:06:51.076463] EP IN  0x81 len=64 0925230000008597845948833800001e004f000c00c01b69010097060141388ff2d539ffac930a0000e6b6112301000000000000000000000000000000000000
[12:06:51.078852] EP OUT 0x03 len=0 
[12:06:51.080982] EP OUT 0x03 len=0 
[12:06:51.084480] EP IN  0x81 len=64 0926230000008587845a48833800001e033f000c00fab569012c9c06016a328fe61832ffdec1160060bdb2112301000000000000000000000000000000000000
[12:06:51.086121] EP OUT 0x03 len=0 
[12:06:51.093404] EP OUT 0x03 len=0 
[12:06:51.096420] EP IN  0x81 len=64 0928230000008687845938833800001e0b4f000c00b4616b01eeaa0601e0228fded825ff305d3600c075a7112301000000000000000000000000000000000000
[12:06:51.097837] EP OUT 0x03 len=0 
[12:06:51.105254] EP OUT 0x03 len=0 
[12:06:51.108384] EP IN  0x81 len=64 092b230000008697845958833800001e174f000c00b6126e0182c40601170c8feea308ff56e94e00e00191112101000000000000000000000000000000000000
[12:06:51.109953] EP OUT 0x03 len=0 
[12:06:51.112415] EP IN  0x81 len=64 092e230000008687845958833800001e224f000c00fc9e700154e70601dcf98eba11f3fe2e516600c01173112301000000000000000000000000000000000000
[12:06:51.114774] EP OUT 0x03 len=0 
[12:06:51.120429] EP IN  0x81 len=64 092f230000008687845a48833800001e264f000c00228e7101f6f40601c4f38e328ff2fe614a7100809765112301000000000000000000000000000000000000
[12:06:51.121921] EP OUT 0x03 len=0 
[12:06:51.129261] EP OUT 0x03 len=0 
[12:06:51.132491] EP IN  0x81 len=64 0931230000008587845a48833800001e2e4f000c00f46e7301a60e0701f3e78ed23ff4fe46078d0080653f112601000000000000000000000000000000000000
[12:06:51.134162] EP OUT 0x03 len=0 
[12:06:51.141671] EP OUT 0x03 len=0 
[12:06:51.144443] EP IN  0x81 len=64 0936230000008587845948833800001e414f000c00d8b87701fe3e07018fd08e8e9ddefeb8b2df00c0d382102401000000000000000000000000000000000000
[12:06:51.145968] EP OUT 0x03 len=0 
[12:06:51.148296] EP OUT 0x03 len=0 
[12:06:51.150730] EP OUT 0x03 len=0 
[12:06:51.152909] EP OUT 0x03 len=0 
[12:06:51.156476] EP IN  0x81 len=64 0937230000008687845948833800001e454f000c006c817801824a07017fcd8e6875d4fe5c0cf500405e54102401000000000000000000000000000000000000
[12:06:51.157919] EP OUT 0x03 len=0 
[12:06:51.160414] EP IN  0x81 len=64 093a230000008697845848833800001e504f000c00ce407a01c27b0701dac68e407fb5fea8fb270100ac0d102601000000000000000000000000000000000000
[12:06:51.162692] EP OUT 0x03 len=0 
[12:06:51.168429] EP IN  0x81 len=64 093b230000008687845a48833800001e544f000c00b2bd7a01fa950701ffc48e4601a4feea5f2f0140681e102601000000000000000000000000000000000000
[12:06:51.169979] EP OUT 0x03 len=0 
[12:06:51.177365] EP OUT 0x02 len=12 0a9100020004000000000000
[12:06:51.177807] EP OUT 0x03 len=0 
[12:06:51.184291] EP IN  0x82 len=8 0a01000200f80000
[12:06:51.186046] EP OUT 0x02 len=12 0a9100020004000000000000
[12:06:51.186419] EP OUT 0x03 len=0 
[12:06:51.192866] EP IN  0x82 len=8 0a01000200f80000
[12:06:51.194412] EP OUT 0x03 len=0 
[12:06:52.295725] CTRL IN  req=IN STANDARD request GET_DESCRIPTOR (0x06) to DEVICE [value=0x0100, index=0x0000, length=8] len=8 12010002ef020140
[12:06:52.299098] EP OUT 0x03 len=0 
